config_id,factor,value,task_id,seed,alpha,beta,evaporation,evaluation_budget,length_km,runtime_s,evaluations
alpha_0.5,alpha,0.5,1,0,0.5,2.0,0.5,7500,1.7739991125114165,6.450517676072195,7500
alpha_0.5,alpha,0.5,1,1,0.5,2.0,0.5,7500,1.7739991125114165,6.1942188900429755,7500
alpha_0.5,alpha,0.5,1,2,0.5,2.0,0.5,7500,1.7739991125114165,6.377764567965642,7500
alpha_0.5,alpha,0.5,1,3,0.5,2.0,0.5,7500,1.7739991125114165,6.280095055932179,7500
alpha_0.5,alpha,0.5,1,4,0.5,2.0,0.5,7500,1.7739991125114165,6.246509701944888,7500
alpha_0.5,alpha,0.5,1,5,0.5,2.0,0.5,7500,1.7739991125114165,6.578362384927459,7500
alpha_0.5,alpha,0.5,1,6,0.5,2.0,0.5,7500,1.7739991125114165,6.395704044029117,7500
alpha_0.5,alpha,0.5,1,7,0.5,2.0,0.5,7500,1.7739991125114165,6.397069311002269,7500
alpha_0.5,alpha,0.5,1,8,0.5,2.0,0.5,7500,1.7739991125114165,6.210677097085863,7500
alpha_0.5,alpha,0.5,1,9,0.5,2.0,0.5,7500,1.7739991125114165,6.486652717925608,7500
alpha_0.5,alpha,0.5,1,10,0.5,2.0,0.5,7500,1.7739991125114165,7.000068729976192,7500
alpha_0.5,alpha,0.5,1,11,0.5,2.0,0.5,7500,1.7739991125114165,6.910373914055526,7500
alpha_0.5,alpha,0.5,1,12,0.5,2.0,0.5,7500,1.7739991125114165,6.302623325027525,7500
alpha_0.5,alpha,0.5,1,13,0.5,2.0,0.5,7500,1.7739991125114165,6.274126491975039,7500
alpha_0.5,alpha,0.5,1,14,0.5,2.0,0.5,7500,1.7739991125114165,6.665536961052567,7500
alpha_0.5,alpha,0.5,1,15,0.5,2.0,0.5,7500,1.7739991125114165,6.265434458036907,7500
alpha_0.5,alpha,0.5,1,16,0.5,2.0,0.5,7500,1.7739991125114165,6.254003982059658,7500
alpha_0.5,alpha,0.5,1,17,0.5,2.0,0.5,7500,1.7739991125114165,6.1290175339672714,7500
alpha_0.5,alpha,0.5,1,18,0.5,2.0,0.5,7500,1.7739991125114165,6.265780010027811,7500
alpha_0.5,alpha,0.5,1,19,0.5,2.0,0.5,7500,1.7739991125114165,6.435076708905399,7500
alpha_0.5,alpha,0.5,2,0,0.5,2.0,0.5,7500,2.279975082456949,6.1642032930394635,7500
alpha_0.5,alpha,0.5,2,1,0.5,2.0,0.5,7500,2.279975082456949,6.253654508967884,7500
alpha_0.5,alpha,0.5,2,2,0.5,2.0,0.5,7500,2.279975082456949,6.250485180993564,7500
alpha_0.5,alpha,0.5,2,3,0.5,2.0,0.5,7500,2.279975082456949,6.300834235036746,7500
alpha_0.5,alpha,0.5,2,4,0.5,2.0,0.5,7500,2.279975082456949,6.166650344966911,7500
alpha_0.5,alpha,0.5,2,5,0.5,2.0,0.5,7500,2.279975082456949,6.2986683449707925,7500
alpha_0.5,alpha,0.5,2,6,0.5,2.0,0.5,7500,2.279975082456949,6.435809321934357,7500
alpha_0.5,alpha,0.5,2,7,0.5,2.0,0.5,7500,2.279975082456949,6.171092228963971,7500
alpha_0.5,alpha,0.5,2,8,0.5,2.0,0.5,7500,2.279975082456949,6.2488325940212235,7500
alpha_0.5,alpha,0.5,2,9,0.5,2.0,0.5,7500,2.279975082456949,6.237542512011714,7500
alpha_0.5,alpha,0.5,2,10,0.5,2.0,0.5,7500,2.279975082456949,6.377486453973688,7500
alpha_0.5,alpha,0.5,2,11,0.5,2.0,0.5,7500,2.279975082456949,6.392310961033218,7500
alpha_0.5,alpha,0.5,2,12,0.5,2.0,0.5,7500,2.279975082456949,6.2148133859736845,7500
alpha_0.5,alpha,0.5,2,13,0.5,2.0,0.5,7500,2.279975082456949,6.427125794929452,7500
alpha_0.5,alpha,0.5,2,14,0.5,2.0,0.5,7500,2.279975082456949,6.657024748972617,7500
alpha_0.5,alpha,0.5,2,15,0.5,2.0,0.5,7500,2.279975082456949,6.477176176034845,7500
alpha_0.5,alpha,0.5,2,16,0.5,2.0,0.5,7500,2.279975082456949,6.3917057699291036,7500
alpha_0.5,alpha,0.5,2,17,0.5,2.0,0.5,7500,2.279975082456949,6.241542748990469,7500
alpha_0.5,alpha,0.5,2,18,0.5,2.0,0.5,7500,2.279975082456949,6.408698654035106,7500
alpha_0.5,alpha,0.5,2,19,0.5,2.0,0.5,7500,2.279975082456949,6.372436495963484,7500
alpha_0.5,alpha,0.5,3,0,0.5,2.0,0.5,7500,2.5554615909469742,8.951490395935252,7500
alpha_0.5,alpha,0.5,3,1,0.5,2.0,0.5,7500,2.5773142587776494,9.064605243969709,7500
alpha_0.5,alpha,0.5,3,2,0.5,2.0,0.5,7500,2.5554615909469742,9.190255515044555,7500
alpha_0.5,alpha,0.5,3,3,0.5,2.0,0.5,7500,2.5554615909469742,9.061953413998708,7500
alpha_0.5,alpha,0.5,3,4,0.5,2.0,0.5,7500,2.5554615909469742,9.079221296939068,7500
alpha_0.5,alpha,0.5,3,5,0.5,2.0,0.5,7500,2.5554615909469742,9.146106297965162,7500
alpha_0.5,alpha,0.5,3,6,0.5,2.0,0.5,7500,2.5554615909469742,9.656167843029834,7500
alpha_0.5,alpha,0.5,3,7,0.5,2.0,0.5,7500,2.5773142587776494,9.672108232975006,7500
alpha_0.5,alpha,0.5,3,8,0.5,2.0,0.5,7500,2.579880460302812,9.190312003018335,7500
alpha_0.5,alpha,0.5,3,9,0.5,2.0,0.5,7500,2.5554615909469742,9.020976726082154,7500
alpha_0.5,alpha,0.5,3,10,0.5,2.0,0.5,7500,2.5554615909469742,9.311167472973466,7500
alpha_0.5,alpha,0.5,3,11,0.5,2.0,0.5,7500,2.5664198809726244,9.266144062043168,7500
alpha_0.5,alpha,0.5,3,12,0.5,2.0,0.5,7500,2.5554615909469742,9.282612631912343,7500
alpha_0.5,alpha,0.5,3,13,0.5,2.0,0.5,7500,2.5554615909469742,9.444159748964012,7500
alpha_0.5,alpha,0.5,3,14,0.5,2.0,0.5,7500,2.5554615909469742,9.044541405979544,7500
alpha_0.5,alpha,0.5,3,15,0.5,2.0,0.5,7500,2.5554615909469742,9.244353182031773,7500
alpha_0.5,alpha,0.5,3,16,0.5,2.0,0.5,7500,2.5554615909469742,9.311512864078395,7500
alpha_0.5,alpha,0.5,3,17,0.5,2.0,0.5,7500,2.5554615909469742,9.94733402307611,7500
alpha_0.5,alpha,0.5,3,18,0.5,2.0,0.5,7500,2.5554615909469742,9.323602878954262,7500
alpha_0.5,alpha,0.5,3,19,0.5,2.0,0.5,7500,2.5554615909469742,9.232254809932783,7500
alpha_0.5,alpha,0.5,4,0,0.5,2.0,0.5,7500,2.1335996845890683,6.722431074944325,7500
alpha_0.5,alpha,0.5,4,1,0.5,2.0,0.5,7500,2.1335996845890683,6.830093394964933,7500
alpha_0.5,alpha,0.5,4,2,0.5,2.0,0.5,7500,2.1335996845890683,6.690644284011796,7500
alpha_0.5,alpha,0.5,4,3,0.5,2.0,0.5,7500,2.1335996845890683,6.779207256971858,7500
alpha_0.5,alpha,0.5,4,4,0.5,2.0,0.5,7500,2.1335996845890683,6.89726736699231,7500
alpha_0.5,alpha,0.5,4,5,0.5,2.0,0.5,7500,2.1335996845890683,6.890272042015567,7500
alpha_0.5,alpha,0.5,4,6,0.5,2.0,0.5,7500,2.1335996845890683,6.911119099007919,7500
alpha_0.5,alpha,0.5,4,7,0.5,2.0,0.5,7500,2.1335996845890683,6.832688147900626,7500
alpha_0.5,alpha,0.5,4,8,0.5,2.0,0.5,7500,2.1335996845890683,6.8377444189973176,7500
alpha_0.5,alpha,0.5,4,9,0.5,2.0,0.5,7500,2.1335996845890683,7.069644040078856,7500
alpha_0.5,alpha,0.5,4,10,0.5,2.0,0.5,7500,2.1335996845890683,6.872229378088377,7500
alpha_0.5,alpha,0.5,4,11,0.5,2.0,0.5,7500,2.1335996845890683,7.030969238956459,7500
alpha_0.5,alpha,0.5,4,12,0.5,2.0,0.5,7500,2.1335996845890683,7.0027516999980435,7500
alpha_0.5,alpha,0.5,4,13,0.5,2.0,0.5,7500,2.1335996845890683,7.065467830980197,7500
alpha_0.5,alpha,0.5,4,14,0.5,2.0,0.5,7500,2.1335996845890683,6.852808895055205,7500
alpha_0.5,alpha,0.5,4,15,0.5,2.0,0.5,7500,2.1335996845890683,7.819418282946572,7500
alpha_0.5,alpha,0.5,4,16,0.5,2.0,0.5,7500,2.1335996845890683,8.211196432937868,7500
alpha_0.5,alpha,0.5,4,17,0.5,2.0,0.5,7500,2.1335996845890683,6.897532586939633,7500
alpha_0.5,alpha,0.5,4,18,0.5,2.0,0.5,7500,2.1335996845890683,7.032773558981717,7500
alpha_0.5,alpha,0.5,4,19,0.5,2.0,0.5,7500,2.1335996845890683,7.111224103951827,7500
alpha_0.5,alpha,0.5,5,0,0.5,2.0,0.5,7500,1.9095012742420303,6.81407088204287,7500
alpha_0.5,alpha,0.5,5,1,0.5,2.0,0.5,7500,1.865074221023855,6.816556998994201,7500
alpha_0.5,alpha,0.5,5,2,0.5,2.0,0.5,7500,1.9103679282974102,7.5730196660151705,7500
alpha_0.5,alpha,0.5,5,3,0.5,2.0,0.5,7500,1.91036792829741,6.780761696980335,7500
alpha_0.5,alpha,0.5,5,4,0.5,2.0,0.5,7500,1.8650742210238551,6.790267165983096,7500
alpha_0.5,alpha,0.5,5,5,0.5,2.0,0.5,7500,1.865074221023855,6.74987041996792,7500
alpha_0.5,alpha,0.5,5,6,0.5,2.0,0.5,7500,1.9095012742420299,6.999933220911771,7500
alpha_0.5,alpha,0.5,5,7,0.5,2.0,0.5,7500,1.8650742210238551,7.603711770963855,7500
alpha_0.5,alpha,0.5,5,8,0.5,2.0,0.5,7500,1.865074221023855,6.965637110057287,7500
alpha_0.5,alpha,0.5,5,9,0.5,2.0,0.5,7500,1.865074221023855,6.931600130046718,7500
alpha_0.5,alpha,0.5,5,10,0.5,2.0,0.5,7500,1.9151271816592492,6.94716876395978,7500
alpha_0.5,alpha,0.5,5,11,0.5,2.0,0.5,7500,1.9095012742420303,6.840459825005382,7500
alpha_0.5,alpha,0.5,5,12,0.5,2.0,0.5,7500,1.8650742210238551,7.114448558073491,7500
alpha_0.5,alpha,0.5,5,13,0.5,2.0,0.5,7500,1.9095012742420303,6.864154284005053,7500
alpha_0.5,alpha,0.5,5,14,0.5,2.0,0.5,7500,1.8650742210238551,7.267568422947079,7500
alpha_0.5,alpha,0.5,5,15,0.5,2.0,0.5,7500,1.865074221023855,6.81821551406756,7500
alpha_0.5,alpha,0.5,5,16,0.5,2.0,0.5,7500,1.865074221023855,7.011926237959415,7500
alpha_0.5,alpha,0.5,5,17,0.5,2.0,0.5,7500,1.865074221023855,7.774147758958861,7500
alpha_0.5,alpha,0.5,5,18,0.5,2.0,0.5,7500,1.8650742210238551,6.98556322499644,7500
alpha_0.5,alpha,0.5,5,19,0.5,2.0,0.5,7500,1.865074221023855,7.0986043909797445,7500
alpha_0.5,alpha,0.5,6,0,0.5,2.0,0.5,7500,1.756456461232624,6.223531478084624,7500
alpha_0.5,alpha,0.5,6,1,0.5,2.0,0.5,7500,1.756456461232624,6.178771898965351,7500
alpha_0.5,alpha,0.5,6,2,0.5,2.0,0.5,7500,1.756456461232624,6.3913224580464885,7500
alpha_0.5,alpha,0.5,6,3,0.5,2.0,0.5,7500,1.756456461232624,6.307817409047857,7500
alpha_0.5,alpha,0.5,6,4,0.5,2.0,0.5,7500,1.756456461232624,6.179029163904488,7500
alpha_0.5,alpha,0.5,6,5,0.5,2.0,0.5,7500,1.756456461232624,6.331281128921546,7500
alpha_0.5,alpha,0.5,6,6,0.5,2.0,0.5,7500,1.756456461232624,6.379906143993139,7500
alpha_0.5,alpha,0.5,6,7,0.5,2.0,0.5,7500,1.756456461232624,6.315181374084204,7500
alpha_0.5,alpha,0.5,6,8,0.5,2.0,0.5,7500,1.756456461232624,6.259753637947142,7500
alpha_0.5,alpha,0.5,6,9,0.5,2.0,0.5,7500,1.756456461232624,6.2208778510103,7500
alpha_0.5,alpha,0.5,6,10,0.5,2.0,0.5,7500,1.756456461232624,6.5516771010588855,7500
alpha_0.5,alpha,0.5,6,11,0.5,2.0,0.5,7500,1.756456461232624,6.288054091972299,7500
alpha_0.5,alpha,0.5,6,12,0.5,2.0,0.5,7500,1.756456461232624,6.3187363729812205,7500
alpha_0.5,alpha,0.5,6,13,0.5,2.0,0.5,7500,1.756456461232624,6.522539208992384,7500
alpha_0.5,alpha,0.5,6,14,0.5,2.0,0.5,7500,1.756456461232624,6.825499971979298,7500
alpha_0.5,alpha,0.5,6,15,0.5,2.0,0.5,7500,1.756456461232624,6.428975689923391,7500
alpha_0.5,alpha,0.5,6,16,0.5,2.0,0.5,7500,1.756456461232624,6.464127997052856,7500
alpha_0.5,alpha,0.5,6,17,0.5,2.0,0.5,7500,1.756456461232624,6.545603512902744,7500
alpha_0.5,alpha,0.5,6,18,0.5,2.0,0.5,7500,1.756456461232624,6.4753976900829,7500
alpha_0.5,alpha,0.5,6,19,0.5,2.0,0.5,7500,1.756456461232624,6.426184949930757,7500
alpha_0.5,alpha,0.5,7,0,0.5,2.0,0.5,7500,1.8418822070973002,4.464701686985791,7500
alpha_0.5,alpha,0.5,7,1,0.5,2.0,0.5,7500,1.8418822070973002,4.381758045987226,7500
alpha_0.5,alpha,0.5,7,2,0.5,2.0,0.5,7500,1.8418822070973002,4.419557993998751,7500
alpha_0.5,alpha,0.5,7,3,0.5,2.0,0.5,7500,1.8418822070973002,4.507288446067832,7500
alpha_0.5,alpha,0.5,7,4,0.5,2.0,0.5,7500,1.8418822070973002,4.4923377729719505,7500
alpha_0.5,alpha,0.5,7,5,0.5,2.0,0.5,7500,1.8418822070973002,4.529650547890924,7500
alpha_0.5,alpha,0.5,7,6,0.5,2.0,0.5,7500,1.8418822070973002,4.383855941938236,7500
alpha_0.5,alpha,0.5,7,7,0.5,2.0,0.5,7500,1.8418822070973002,4.440440877922811,7500
alpha_0.5,alpha,0.5,7,8,0.5,2.0,0.5,7500,1.8418822070973002,4.420399780967273,7500
alpha_0.5,alpha,0.5,7,9,0.5,2.0,0.5,7500,1.8418822070973002,4.49091028701514,7500
alpha_0.5,alpha,0.5,7,10,0.5,2.0,0.5,7500,1.8418822070973002,4.448448850074783,7500
alpha_0.5,alpha,0.5,7,11,0.5,2.0,0.5,7500,1.8418822070973002,4.382628299063072,7500
alpha_0.5,alpha,0.5,7,12,0.5,2.0,0.5,7500,1.8418822070973002,4.460580301005393,7500
alpha_0.5,alpha,0.5,7,13,0.5,2.0,0.5,7500,1.8418822070973002,4.593200835981406,7500
alpha_0.5,alpha,0.5,7,14,0.5,2.0,0.5,7500,1.8418822070973002,4.903312963084318,7500
alpha_0.5,alpha,0.5,7,15,0.5,2.0,0.5,7500,1.8418822070973002,4.973603725084104,7500
alpha_0.5,alpha,0.5,7,16,0.5,2.0,0.5,7500,1.8418822070973002,4.484667704906315,7500
alpha_0.5,alpha,0.5,7,17,0.5,2.0,0.5,7500,1.8418822070973002,4.59302019898314,7500
alpha_0.5,alpha,0.5,7,18,0.5,2.0,0.5,7500,1.8418822070973002,4.568828794988804,7500
alpha_0.5,alpha,0.5,7,19,0.5,2.0,0.5,7500,1.8418822070973002,4.598283361992799,7500
alpha_0.5,alpha,0.5,8,0,0.5,2.0,0.5,7500,2.435258572417939,10.700983093935065,7500
alpha_0.5,alpha,0.5,8,1,0.5,2.0,0.5,7500,2.476530843043769,12.293532697018236,7500
alpha_0.5,alpha,0.5,8,2,0.5,2.0,0.5,7500,2.445032142859417,10.788008242030628,7500
alpha_0.5,alpha,0.5,8,3,0.5,2.0,0.5,7500,2.445032142859417,11.223514987970702,7500
alpha_0.5,alpha,0.5,8,4,0.5,2.0,0.5,7500,2.479402661785345,10.614335665013641,7500
alpha_0.5,alpha,0.5,8,5,0.5,2.0,0.5,7500,2.50179530649089,11.062593206064776,7500
alpha_0.5,alpha,0.5,8,6,0.5,2.0,0.5,7500,2.4314289960780373,10.702361920033582,7500
alpha_0.5,alpha,0.5,8,7,0.5,2.0,0.5,7500,2.4488617191993187,10.653240924002603,7500
alpha_0.5,alpha,0.5,8,8,0.5,2.0,0.5,7500,2.4314289960780373,10.669057657942176,7500
alpha_0.5,alpha,0.5,8,9,0.5,2.0,0.5,7500,2.4314289960780373,10.825559217017144,7500
alpha_0.5,alpha,0.5,8,10,0.5,2.0,0.5,7500,2.4488617191993183,11.060749104944989,7500
alpha_0.5,alpha,0.5,8,11,0.5,2.0,0.5,7500,2.4662082011160247,10.574603369925171,7500
alpha_0.5,alpha,0.5,8,12,0.5,2.0,0.5,7500,2.435258572417939,11.046632125042379,7500
alpha_0.5,alpha,0.5,8,13,0.5,2.0,0.5,7500,2.4314289960780373,11.182733125984669,7500
alpha_0.5,alpha,0.5,8,14,0.5,2.0,0.5,7500,2.4488617191993183,11.045094884932041,7500
alpha_0.5,alpha,0.5,8,15,0.5,2.0,0.5,7500,2.4488617191993183,10.926039662095718,7500
alpha_0.5,alpha,0.5,8,16,0.5,2.0,0.5,7500,2.4314289960780373,11.315102971042506,7500
alpha_0.5,alpha,0.5,8,17,0.5,2.0,0.5,7500,2.4352585724179385,11.166831702925265,7500
alpha_0.5,alpha,0.5,8,18,0.5,2.0,0.5,7500,2.4314289960780373,11.094365346012637,7500
alpha_0.5,alpha,0.5,8,19,0.5,2.0,0.5,7500,2.4703466817297675,11.00403844495304,7500
alpha_0.5,alpha,0.5,9,0,0.5,2.0,0.5,7500,2.4122006554120246,7.273028136929497,7500
alpha_0.5,alpha,0.5,9,1,0.5,2.0,0.5,7500,2.4122006554120246,7.332360539003275,7500
alpha_0.5,alpha,0.5,9,2,0.5,2.0,0.5,7500,2.4122006554120246,7.281763158040121,7500
alpha_0.5,alpha,0.5,9,3,0.5,2.0,0.5,7500,2.4122006554120246,7.264513221918605,7500
alpha_0.5,alpha,0.5,9,4,0.5,2.0,0.5,7500,2.4122006554120246,7.36182386893779,7500
alpha_0.5,alpha,0.5,9,5,0.5,2.0,0.5,7500,2.4122006554120246,7.304551415028982,7500
alpha_0.5,alpha,0.5,9,6,0.5,2.0,0.5,7500,2.4122006554120246,7.236978263943456,7500
alpha_0.5,alpha,0.5,9,7,0.5,2.0,0.5,7500,2.4122006554120246,7.342202294035815,7500
alpha_0.5,alpha,0.5,9,8,0.5,2.0,0.5,7500,2.4122006554120246,7.3155384690035135,7500
alpha_0.5,alpha,0.5,9,9,0.5,2.0,0.5,7500,2.4122006554120246,7.668190736905672,7500
alpha_0.5,alpha,0.5,9,10,0.5,2.0,0.5,7500,2.4122006554120246,7.393137792008929,7500
alpha_0.5,alpha,0.5,9,11,0.5,2.0,0.5,7500,2.4122006554120246,7.313203649013303,7500
alpha_0.5,alpha,0.5,9,12,0.5,2.0,0.5,7500,2.4122006554120246,7.428702826029621,7500
alpha_0.5,alpha,0.5,9,13,0.5,2.0,0.5,7500,2.4122006554120246,7.599517669994384,7500
alpha_0.5,alpha,0.5,9,14,0.5,2.0,0.5,7500,2.4122006554120246,7.616046777926385,7500
alpha_0.5,alpha,0.5,9,15,0.5,2.0,0.5,7500,2.4122006554120246,7.490040678996593,7500
alpha_0.5,alpha,0.5,9,16,0.5,2.0,0.5,7500,2.4122006554120246,7.534913728013635,7500
alpha_0.5,alpha,0.5,9,17,0.5,2.0,0.5,7500,2.4122006554120246,7.695854902965948,7500
alpha_0.5,alpha,0.5,9,18,0.5,2.0,0.5,7500,2.4122006554120246,7.542835989966989,7500
alpha_0.5,alpha,0.5,9,19,0.5,2.0,0.5,7500,2.4122006554120246,7.595099169993773,7500
alpha_0.5,alpha,0.5,10,0,0.5,2.0,0.5,7500,2.2847926646599612,6.153527817921713,7500
alpha_0.5,alpha,0.5,10,1,0.5,2.0,0.5,7500,2.2847926646599612,6.228860151022673,7500
alpha_0.5,alpha,0.5,10,2,0.5,2.0,0.5,7500,2.3140252728719384,6.489088314003311,7500
alpha_0.5,alpha,0.5,10,3,0.5,2.0,0.5,7500,2.3140252728719384,6.207864635041915,7500
alpha_0.5,alpha,0.5,10,4,0.5,2.0,0.5,7500,2.2847926646599612,6.180517069064081,7500
alpha_0.5,alpha,0.5,10,5,0.5,2.0,0.5,7500,2.3140252728719384,6.187432642909698,7500
alpha_0.5,alpha,0.5,10,6,0.5,2.0,0.5,7500,2.2847926646599612,6.117637087940238,7500
alpha_0.5,alpha,0.5,10,7,0.5,2.0,0.5,7500,2.2847926646599612,6.071539998985827,7500
alpha_0.5,alpha,0.5,10,8,0.5,2.0,0.5,7500,2.2847926646599612,6.310946832993068,7500
alpha_0.5,alpha,0.5,10,9,0.5,2.0,0.5,7500,2.2847926646599612,6.389223202015273,7500
alpha_0.5,alpha,0.5,10,10,0.5,2.0,0.5,7500,2.2847926646599612,6.144311905023642,7500
alpha_0.5,alpha,0.5,10,11,0.5,2.0,0.5,7500,2.2847926646599612,6.242664163000882,7500
alpha_0.5,alpha,0.5,10,12,0.5,2.0,0.5,7500,2.2847926646599612,6.264545585028827,7500
alpha_0.5,alpha,0.5,10,13,0.5,2.0,0.5,7500,2.2847926646599612,6.389710544026457,7500
alpha_0.5,alpha,0.5,10,14,0.5,2.0,0.5,7500,2.2847926646599612,6.670418058987707,7500
alpha_0.5,alpha,0.5,10,15,0.5,2.0,0.5,7500,2.3140252728719384,6.358560267020948,7500
alpha_0.5,alpha,0.5,10,16,0.5,2.0,0.5,7500,2.2847926646599612,6.9598251020070165,7500
alpha_0.5,alpha,0.5,10,17,0.5,2.0,0.5,7500,2.3140252728719384,6.307018804945983,7500
alpha_0.5,alpha,0.5,10,18,0.5,2.0,0.5,7500,2.2847926646599612,6.338305359939113,7500
alpha_0.5,alpha,0.5,10,19,0.5,2.0,0.5,7500,2.2847926646599612,6.318776957923546,7500
alpha_0.5,alpha,0.5,11,0,0.5,2.0,0.5,7500,2.6881673361169907,6.129893906996585,7500
alpha_0.5,alpha,0.5,11,1,0.5,2.0,0.5,7500,2.6881673361169907,6.1679652989842,7500
alpha_0.5,alpha,0.5,11,2,0.5,2.0,0.5,7500,2.6881673361169907,6.330508179962635,7500
alpha_0.5,alpha,0.5,11,3,0.5,2.0,0.5,7500,2.694971670426138,6.164122579037212,7500
alpha_0.5,alpha,0.5,11,4,0.5,2.0,0.5,7500,2.6881673361169907,6.150838033063337,7500
alpha_0.5,alpha,0.5,11,5,0.5,2.0,0.5,7500,2.6881673361169907,6.154437017044984,7500
alpha_0.5,alpha,0.5,11,6,0.5,2.0,0.5,7500,2.6881673361169907,6.098940382013097,7500
alpha_0.5,alpha,0.5,11,7,0.5,2.0,0.5,7500,2.6881673361169907,6.180049978080206,7500
alpha_0.5,alpha,0.5,11,8,0.5,2.0,0.5,7500,2.6881673361169907,6.253004072001204,7500
alpha_0.5,alpha,0.5,11,9,0.5,2.0,0.5,7500,2.6881673361169907,6.088293469976634,7500
alpha_0.5,alpha,0.5,11,10,0.5,2.0,0.5,7500,2.6881673361169907,6.194088862976059,7500
alpha_0.5,alpha,0.5,11,11,0.5,2.0,0.5,7500,2.6881673361169907,6.454311654902995,7500
alpha_0.5,alpha,0.5,11,12,0.5,2.0,0.5,7500,2.6881673361169907,6.279967520036735,7500
alpha_0.5,alpha,0.5,11,13,0.5,2.0,0.5,7500,2.694971670426138,6.476703300955705,7500
alpha_0.5,alpha,0.5,11,14,0.5,2.0,0.5,7500,2.694971670426138,6.379000799963251,7500
alpha_0.5,alpha,0.5,11,15,0.5,2.0,0.5,7500,2.6881673361169907,6.379707162966952,7500
alpha_0.5,alpha,0.5,11,16,0.5,2.0,0.5,7500,2.6881673361169907,6.453761291923001,7500
alpha_0.5,alpha,0.5,11,17,0.5,2.0,0.5,7500,2.694971670426138,6.378802269115113,7500
alpha_0.5,alpha,0.5,11,18,0.5,2.0,0.5,7500,2.6881673361169907,6.6899189880350605,7500
alpha_0.5,alpha,0.5,11,19,0.5,2.0,0.5,7500,2.6881673361169907,6.819812759989873,7500
alpha_0.5,alpha,0.5,12,0,0.5,2.0,0.5,7500,1.439743516359057,8.402999317040667,7500
alpha_0.5,alpha,0.5,12,1,0.5,2.0,0.5,7500,1.4260236853528467,8.41663241700735,7500
alpha_0.5,alpha,0.5,12,2,0.5,2.0,0.5,7500,1.4260236853528467,8.436863471986726,7500
alpha_0.5,alpha,0.5,12,3,0.5,2.0,0.5,7500,1.4263484665422361,8.42561230796855,7500
alpha_0.5,alpha,0.5,12,4,0.5,2.0,0.5,7500,1.4260236853528467,8.41465952899307,7500
alpha_0.5,alpha,0.5,12,5,0.5,2.0,0.5,7500,1.4452053511123155,8.396502971998416,7500
alpha_0.5,alpha,0.5,12,6,0.5,2.0,0.5,7500,1.4400682975484465,8.429738739039749,7500
alpha_0.5,alpha,0.5,12,7,0.5,2.0,0.5,7500,1.4263484665422361,8.327547973021865,7500
alpha_0.5,alpha,0.5,12,8,0.5,2.0,0.5,7500,1.4263484665422361,8.570586031069979,7500
alpha_0.5,alpha,0.5,12,9,0.5,2.0,0.5,7500,1.4263484665422361,8.334891596925445,7500
alpha_0.5,alpha,0.5,12,10,0.5,2.0,0.5,7500,1.4263484665422361,8.361579337040894,7500
alpha_0.5,alpha,0.5,12,11,0.5,2.0,0.5,7500,1.439743516359057,8.654327281052247,7500
alpha_0.5,alpha,0.5,12,12,0.5,2.0,0.5,7500,1.4260236853528467,8.530415027984418,7500
alpha_0.5,alpha,0.5,12,13,0.5,2.0,0.5,7500,1.4263484665422361,8.768608069047332,7500
alpha_0.5,alpha,0.5,12,14,0.5,2.0,0.5,7500,1.4263484665422361,8.666163097019307,7500
alpha_0.5,alpha,0.5,12,15,0.5,2.0,0.5,7500,1.4263484665422361,8.53962179098744,7500
alpha_0.5,alpha,0.5,12,16,0.5,2.0,0.5,7500,1.4260236853528467,8.596284633968025,7500
alpha_0.5,alpha,0.5,12,17,0.5,2.0,0.5,7500,1.4263484665422361,8.633261487004347,7500
alpha_0.5,alpha,0.5,12,18,0.5,2.0,0.5,7500,1.4263484665422361,8.64435636100825,7500
alpha_0.5,alpha,0.5,12,19,0.5,2.0,0.5,7500,1.4263484665422361,8.787856858922169,7500
alpha_0.5,alpha,0.5,13,0,0.5,2.0,0.5,7500,2.026911186852802,6.17175916605629,7500
alpha_0.5,alpha,0.5,13,1,0.5,2.0,0.5,7500,2.026911186852802,6.170406476943754,7500
alpha_0.5,alpha,0.5,13,2,0.5,2.0,0.5,7500,2.026911186852802,6.1603768391069025,7500
alpha_0.5,alpha,0.5,13,3,0.5,2.0,0.5,7500,2.026911186852802,6.14628657605499,7500
alpha_0.5,alpha,0.5,13,4,0.5,2.0,0.5,7500,2.026911186852802,6.125295854988508,7500
alpha_0.5,alpha,0.5,13,5,0.5,2.0,0.5,7500,2.026911186852802,6.262670399970375,7500
alpha_0.5,alpha,0.5,13,6,0.5,2.0,0.5,7500,2.026911186852802,6.216104093007743,7500
alpha_0.5,alpha,0.5,13,7,0.5,2.0,0.5,7500,2.026911186852802,6.133553990977816,7500
alpha_0.5,alpha,0.5,13,8,0.5,2.0,0.5,7500,2.026911186852802,6.133742685080506,7500
alpha_0.5,alpha,0.5,13,9,0.5,2.0,0.5,7500,2.026911186852802,6.323590242071077,7500
alpha_0.5,alpha,0.5,13,10,0.5,2.0,0.5,7500,2.026911186852802,6.145506338914856,7500
alpha_0.5,alpha,0.5,13,11,0.5,2.0,0.5,7500,2.026911186852802,6.372000373085029,7500
alpha_0.5,alpha,0.5,13,12,0.5,2.0,0.5,7500,2.026911186852802,6.39681563002523,7500
alpha_0.5,alpha,0.5,13,13,0.5,2.0,0.5,7500,2.026911186852802,6.394716181093827,7500
alpha_0.5,alpha,0.5,13,14,0.5,2.0,0.5,7500,2.026911186852802,6.477385526057333,7500
alpha_0.5,alpha,0.5,13,15,0.5,2.0,0.5,7500,2.026911186852802,6.246632023015991,7500
alpha_0.5,alpha,0.5,13,16,0.5,2.0,0.5,7500,2.026911186852802,6.427302542026155,7500
alpha_0.5,alpha,0.5,13,17,0.5,2.0,0.5,7500,2.026911186852802,6.417368513997644,7500
alpha_0.5,alpha,0.5,13,18,0.5,2.0,0.5,7500,2.026911186852802,6.404911366989836,7500
alpha_0.5,alpha,0.5,13,19,0.5,2.0,0.5,7500,2.026911186852802,6.30997723096516,7500
alpha_0.5,alpha,0.5,14,0,0.5,2.0,0.5,7500,1.067134550587395,2.7779679669765756,7500
alpha_0.5,alpha,0.5,14,1,0.5,2.0,0.5,7500,1.067134550587395,2.800364903989248,7500
alpha_0.5,alpha,0.5,14,2,0.5,2.0,0.5,7500,1.067134550587395,2.782288706046529,7500
alpha_0.5,alpha,0.5,14,3,0.5,2.0,0.5,7500,1.067134550587395,2.7699953760020435,7500
alpha_0.5,alpha,0.5,14,4,0.5,2.0,0.5,7500,1.067134550587395,2.7706768569769338,7500
alpha_0.5,alpha,0.5,14,5,0.5,2.0,0.5,7500,1.067134550587395,2.7181600249605253,7500
alpha_0.5,alpha,0.5,14,6,0.5,2.0,0.5,7500,1.067134550587395,2.760051841964014,7500
alpha_0.5,alpha,0.5,14,7,0.5,2.0,0.5,7500,1.067134550587395,2.836625266005285,7500
alpha_0.5,alpha,0.5,14,8,0.5,2.0,0.5,7500,1.067134550587395,2.798456338001415,7500
alpha_0.5,alpha,0.5,14,9,0.5,2.0,0.5,7500,1.067134550587395,2.787752705044113,7500
alpha_0.5,alpha,0.5,14,10,0.5,2.0,0.5,7500,1.067134550587395,2.869618059019558,7500
alpha_0.5,alpha,0.5,14,11,0.5,2.0,0.5,7500,1.067134550587395,2.851308695040643,7500
alpha_0.5,alpha,0.5,14,12,0.5,2.0,0.5,7500,1.067134550587395,2.886136865010485,7500
alpha_0.5,alpha,0.5,14,13,0.5,2.0,0.5,7500,1.067134550587395,2.764887275057845,7500
alpha_0.5,alpha,0.5,14,14,0.5,2.0,0.5,7500,1.067134550587395,2.8273047279799357,7500
alpha_0.5,alpha,0.5,14,15,0.5,2.0,0.5,7500,1.067134550587395,2.8637392360251397,7500
alpha_0.5,alpha,0.5,14,16,0.5,2.0,0.5,7500,1.067134550587395,2.855810943990946,7500
alpha_0.5,alpha,0.5,14,17,0.5,2.0,0.5,7500,1.067134550587395,2.783709258073941,7500
alpha_0.5,alpha,0.5,14,18,0.5,2.0,0.5,7500,1.067134550587395,2.8059844890376553,7500
alpha_0.5,alpha,0.5,14,19,0.5,2.0,0.5,7500,1.067134550587395,2.7590699259890243,7500
alpha_0.5,alpha,0.5,15,0,0.5,2.0,0.5,7500,2.112602871122433,5.058390215039253,7500
alpha_0.5,alpha,0.5,15,1,0.5,2.0,0.5,7500,2.112602871122433,5.259061833960004,7500
alpha_0.5,alpha,0.5,15,2,0.5,2.0,0.5,7500,2.112602871122433,5.04179080191534,7500
alpha_0.5,alpha,0.5,15,3,0.5,2.0,0.5,7500,2.112602871122433,5.109228195971809,7500
alpha_0.5,alpha,0.5,15,4,0.5,2.0,0.5,7500,2.112602871122433,5.011841877014376,7500
alpha_0.5,alpha,0.5,15,5,0.5,2.0,0.5,7500,2.112602871122433,5.178236624924466,7500
alpha_0.5,alpha,0.5,15,6,0.5,2.0,0.5,7500,2.112602871122433,5.071148771094158,7500
alpha_0.5,alpha,0.5,15,7,0.5,2.0,0.5,7500,2.112602871122433,5.214650055975653,7500
alpha_0.5,alpha,0.5,15,8,0.5,2.0,0.5,7500,2.112602871122433,5.4004205610835925,7500
alpha_0.5,alpha,0.5,15,9,0.5,2.0,0.5,7500,2.112602871122433,5.238982698065229,7500
alpha_0.5,alpha,0.5,15,10,0.5,2.0,0.5,7500,2.112602871122433,5.266002147109248,7500
alpha_0.5,alpha,0.5,15,11,0.5,2.0,0.5,7500,2.112602871122433,5.1414160470012575,7500
alpha_0.5,alpha,0.5,15,12,0.5,2.0,0.5,7500,2.112602871122433,5.265844894107431,7500
alpha_0.5,alpha,0.5,15,13,0.5,2.0,0.5,7500,2.112602871122433,5.293037522002123,7500
alpha_0.5,alpha,0.5,15,14,0.5,2.0,0.5,7500,2.112602871122433,5.036065525957383,7500
alpha_0.5,alpha,0.5,15,15,0.5,2.0,0.5,7500,2.112602871122433,5.185009427019395,7500
alpha_0.5,alpha,0.5,15,16,0.5,2.0,0.5,7500,2.112602871122433,5.073292052024044,7500
alpha_0.5,alpha,0.5,15,17,0.5,2.0,0.5,7500,2.112602871122433,5.459606758086011,7500
alpha_0.5,alpha,0.5,15,18,0.5,2.0,0.5,7500,2.112602871122433,5.000964708975516,7500
alpha_0.5,alpha,0.5,15,19,0.5,2.0,0.5,7500,2.112602871122433,5.247318738955073,7500
alpha_0.5,alpha,0.5,16,0,0.5,2.0,0.5,7500,2.177455765655046,9.472093127900735,7500
alpha_0.5,alpha,0.5,16,1,0.5,2.0,0.5,7500,2.165852252724251,9.567856497014873,7500
alpha_0.5,alpha,0.5,16,2,0.5,2.0,0.5,7500,2.159640501700675,9.496107092010789,7500
alpha_0.5,alpha,0.5,16,3,0.5,2.0,0.5,7500,2.159640501700675,9.923777377000079,7500
alpha_0.5,alpha,0.5,16,4,0.5,2.0,0.5,7500,2.159640501700675,9.484725874033757,7500
alpha_0.5,alpha,0.5,16,5,0.5,2.0,0.5,7500,2.1636030884234545,9.453969308990054,7500
alpha_0.5,alpha,0.5,16,6,0.5,2.0,0.5,7500,2.1636030884234545,9.77144744596444,7500
alpha_0.5,alpha,0.5,16,7,0.5,2.0,0.5,7500,2.1596405017006752,9.84451211092528,7500
alpha_0.5,alpha,0.5,16,8,0.5,2.0,0.5,7500,2.165852252724251,9.720422387938015,7500
alpha_0.5,alpha,0.5,16,9,0.5,2.0,0.5,7500,2.159640501700675,9.745684857014567,7500
alpha_0.5,alpha,0.5,16,10,0.5,2.0,0.5,7500,2.1636030884234545,9.474380687926896,7500
alpha_0.5,alpha,0.5,16,11,0.5,2.0,0.5,7500,2.1632901501485526,9.95384022698272,7500
alpha_0.5,alpha,0.5,16,12,0.5,2.0,0.5,7500,2.1658522527242514,9.874876994988881,7500
alpha_0.5,alpha,0.5,16,13,0.5,2.0,0.5,7500,2.1596405017006752,9.899728981079534,7500
alpha_0.5,alpha,0.5,16,14,0.5,2.0,0.5,7500,2.1596405017006752,9.442496606963687,7500
alpha_0.5,alpha,0.5,16,15,0.5,2.0,0.5,7500,2.165852252724251,9.42135583201889,7500
alpha_0.5,alpha,0.5,16,16,0.5,2.0,0.5,7500,2.159640501700675,9.811143524944782,7500
alpha_0.5,alpha,0.5,16,17,0.5,2.0,0.5,7500,2.163290150148553,9.589509645942599,7500
alpha_0.5,alpha,0.5,16,18,0.5,2.0,0.5,7500,2.1596405017006752,9.642505664960481,7500
alpha_0.5,alpha,0.5,16,19,0.5,2.0,0.5,7500,2.163290150148553,9.799946180079132,7500
alpha_0.5,alpha,0.5,17,0,0.5,2.0,0.5,7500,2.0100547196305705,3.8565821659285575,7500
alpha_0.5,alpha,0.5,17,1,0.5,2.0,0.5,7500,2.0100547196305705,3.8823366509750485,7500
alpha_0.5,alpha,0.5,17,2,0.5,2.0,0.5,7500,2.0100547196305705,3.874963100068271,7500
alpha_0.5,alpha,0.5,17,3,0.5,2.0,0.5,7500,2.0100547196305705,3.814404118922539,7500
alpha_0.5,alpha,0.5,17,4,0.5,2.0,0.5,7500,2.0100547196305705,3.991363847046159,7500
alpha_0.5,alpha,0.5,17,5,0.5,2.0,0.5,7500,2.0100547196305705,3.823994996957481,7500
alpha_0.5,alpha,0.5,17,6,0.5,2.0,0.5,7500,2.0100547196305705,3.9784739919705316,7500
alpha_0.5,alpha,0.5,17,7,0.5,2.0,0.5,7500,2.0100547196305705,4.062564980005845,7500
alpha_0.5,alpha,0.5,17,8,0.5,2.0,0.5,7500,2.0100547196305705,3.891702336957678,7500
alpha_0.5,alpha,0.5,17,9,0.5,2.0,0.5,7500,2.0100547196305705,3.8325182270491496,7500
alpha_0.5,alpha,0.5,17,10,0.5,2.0,0.5,7500,2.0100547196305705,4.009061141987331,7500
alpha_0.5,alpha,0.5,17,11,0.5,2.0,0.5,7500,2.0100547196305705,4.0266194340074435,7500
alpha_0.5,alpha,0.5,17,12,0.5,2.0,0.5,7500,2.0100547196305705,3.9757402749964967,7500
alpha_0.5,alpha,0.5,17,13,0.5,2.0,0.5,7500,2.0100547196305705,3.8221870380220935,7500
alpha_0.5,alpha,0.5,17,14,0.5,2.0,0.5,7500,2.0100547196305705,4.046601364039816,7500
alpha_0.5,alpha,0.5,17,15,0.5,2.0,0.5,7500,2.0100547196305705,3.8115080130519345,7500
alpha_0.5,alpha,0.5,17,16,0.5,2.0,0.5,7500,2.0100547196305705,3.929456853074953,7500
alpha_0.5,alpha,0.5,17,17,0.5,2.0,0.5,7500,2.0100547196305705,3.9586295580957085,7500
alpha_0.5,alpha,0.5,17,18,0.5,2.0,0.5,7500,2.0100547196305705,3.8379348890157416,7500
alpha_0.5,alpha,0.5,17,19,0.5,2.0,0.5,7500,2.0100547196305705,4.0182733059627935,7500
alpha_0.5,alpha,0.5,18,0,0.5,2.0,0.5,7500,2.7052757751641314,9.683079369016923,7500
alpha_0.5,alpha,0.5,18,1,0.5,2.0,0.5,7500,2.7191881704255225,9.560977570014074,7500
alpha_0.5,alpha,0.5,18,2,0.5,2.0,0.5,7500,2.7191881704255225,9.56807945703622,7500
alpha_0.5,alpha,0.5,18,3,0.5,2.0,0.5,7500,2.7052757751641314,9.41762467904482,7500
alpha_0.5,alpha,0.5,18,4,0.5,2.0,0.5,7500,2.7052757751641314,9.700432326062582,7500
alpha_0.5,alpha,0.5,18,5,0.5,2.0,0.5,7500,2.7052757751641314,9.982116521918215,7500
alpha_0.5,alpha,0.5,18,6,0.5,2.0,0.5,7500,2.7052757751641314,9.79380891600158,7500
alpha_0.5,alpha,0.5,18,7,0.5,2.0,0.5,7500,2.7052757751641314,9.677244663937017,7500
alpha_0.5,alpha,0.5,18,8,0.5,2.0,0.5,7500,2.7191881704255225,9.899213379016146,7500
alpha_0.5,alpha,0.5,18,9,0.5,2.0,0.5,7500,2.7191881704255225,9.529471936984919,7500
alpha_0.5,alpha,0.5,18,10,0.5,2.0,0.5,7500,2.7052757751641314,9.893184689921327,7500
alpha_0.5,alpha,0.5,18,11,0.5,2.0,0.5,7500,2.7052757751641314,9.417984956991859,7500
alpha_0.5,alpha,0.5,18,12,0.5,2.0,0.5,7500,2.7052757751641314,9.700969943078235,7500
alpha_0.5,alpha,0.5,18,13,0.5,2.0,0.5,7500,2.7052757751641314,9.86621553299483,7500
alpha_0.5,alpha,0.5,18,14,0.5,2.0,0.5,7500,2.7191881704255225,9.970196468057111,7500
alpha_0.5,alpha,0.5,18,15,0.5,2.0,0.5,7500,2.7191881704255225,9.42773287196178,7500
alpha_0.5,alpha,0.5,18,16,0.5,2.0,0.5,7500,2.7191881704255225,9.455375169985928,7500
alpha_0.5,alpha,0.5,18,17,0.5,2.0,0.5,7500,2.7052757751641314,10.848305811989121,7500
alpha_0.5,alpha,0.5,18,18,0.5,2.0,0.5,7500,2.7052757751641314,9.881216458044946,7500
alpha_0.5,alpha,0.5,18,19,0.5,2.0,0.5,7500,2.7052757751641314,9.865926745929755,7500
alpha_0.5,alpha,0.5,19,0,0.5,2.0,0.5,7500,1.908463713665149,3.3004388390108943,7500
alpha_0.5,alpha,0.5,19,1,0.5,2.0,0.5,7500,1.908463713665149,3.2723846909357235,7500
alpha_0.5,alpha,0.5,19,2,0.5,2.0,0.5,7500,1.908463713665149,3.301015288918279,7500
alpha_0.5,alpha,0.5,19,3,0.5,2.0,0.5,7500,1.908463713665149,3.2843698100186884,7500
alpha_0.5,alpha,0.5,19,4,0.5,2.0,0.5,7500,1.908463713665149,3.2435862040147185,7500
alpha_0.5,alpha,0.5,19,5,0.5,2.0,0.5,7500,1.908463713665149,3.673114620964043,7500
alpha_0.5,alpha,0.5,19,6,0.5,2.0,0.5,7500,1.908463713665149,3.407712626038119,7500
alpha_0.5,alpha,0.5,19,7,0.5,2.0,0.5,7500,1.908463713665149,3.3748936319025233,7500
alpha_0.5,alpha,0.5,19,8,0.5,2.0,0.5,7500,1.908463713665149,3.279751525959,7500
alpha_0.5,alpha,0.5,19,9,0.5,2.0,0.5,7500,1.908463713665149,3.3959086230024695,7500
alpha_0.5,alpha,0.5,19,10,0.5,2.0,0.5,7500,1.908463713665149,3.2704094640212134,7500
alpha_0.5,alpha,0.5,19,11,0.5,2.0,0.5,7500,1.908463713665149,3.3534666129853576,7500
alpha_0.5,alpha,0.5,19,12,0.5,2.0,0.5,7500,1.908463713665149,3.311633188975975,7500
alpha_0.5,alpha,0.5,19,13,0.5,2.0,0.5,7500,1.908463713665149,3.3640741310082376,7500
alpha_0.5,alpha,0.5,19,14,0.5,2.0,0.5,7500,1.908463713665149,3.3836934739956632,7500
alpha_0.5,alpha,0.5,19,15,0.5,2.0,0.5,7500,1.908463713665149,3.2636751069221646,7500
alpha_0.5,alpha,0.5,19,16,0.5,2.0,0.5,7500,1.908463713665149,3.465386939002201,7500
alpha_0.5,alpha,0.5,19,17,0.5,2.0,0.5,7500,1.908463713665149,3.292313674930483,7500
alpha_0.5,alpha,0.5,19,18,0.5,2.0,0.5,7500,1.908463713665149,3.2704439850058407,7500
alpha_0.5,alpha,0.5,19,19,0.5,2.0,0.5,7500,1.908463713665149,3.3446934910025448,7500
alpha_0.5,alpha,0.5,20,0,0.5,2.0,0.5,7500,2.1697468439523346,5.494602996041067,7500
alpha_0.5,alpha,0.5,20,1,0.5,2.0,0.5,7500,2.1697468439523346,5.5743250149535015,7500
alpha_0.5,alpha,0.5,20,2,0.5,2.0,0.5,7500,2.1697468439523346,5.825356203946285,7500
alpha_0.5,alpha,0.5,20,3,0.5,2.0,0.5,7500,2.1697468439523346,5.616615156061016,7500
alpha_0.5,alpha,0.5,20,4,0.5,2.0,0.5,7500,2.1697468439523346,6.639826821046881,7500
alpha_0.5,alpha,0.5,20,5,0.5,2.0,0.5,7500,2.1697468439523346,6.73121016100049,7500
alpha_0.5,alpha,0.5,20,6,0.5,2.0,0.5,7500,2.1697468439523346,5.676284687011503,7500
alpha_0.5,alpha,0.5,20,7,0.5,2.0,0.5,7500,2.1697468439523346,5.622566096950322,7500
alpha_0.5,alpha,0.5,20,8,0.5,2.0,0.5,7500,2.1697468439523346,6.245794694055803,7500
alpha_0.5,alpha,0.5,20,9,0.5,2.0,0.5,7500,2.1697468439523346,5.764581925002858,7500
alpha_0.5,alpha,0.5,20,10,0.5,2.0,0.5,7500,2.1697468439523346,5.575920178089291,7500
alpha_0.5,alpha,0.5,20,11,0.5,2.0,0.5,7500,2.1697468439523346,5.799060272984207,7500
alpha_0.5,alpha,0.5,20,12,0.5,2.0,0.5,7500,2.1697468439523346,5.536898987949826,7500
alpha_0.5,alpha,0.5,20,13,0.5,2.0,0.5,7500,2.1697468439523346,5.786024066968821,7500
alpha_0.5,alpha,0.5,20,14,0.5,2.0,0.5,7500,2.1697468439523346,5.7873413120396435,7500
alpha_0.5,alpha,0.5,20,15,0.5,2.0,0.5,7500,2.1697468439523346,5.569457738893107,7500
alpha_0.5,alpha,0.5,20,16,0.5,2.0,0.5,7500,2.1697468439523346,5.866172899026424,7500
alpha_0.5,alpha,0.5,20,17,0.5,2.0,0.5,7500,2.1697468439523346,5.601098741986789,7500
alpha_0.5,alpha,0.5,20,18,0.5,2.0,0.5,7500,2.1697468439523346,5.6024823288898915,7500
alpha_0.5,alpha,0.5,20,19,0.5,2.0,0.5,7500,2.1697468439523346,5.726200388977304,7500
alpha_0.5,alpha,0.5,21,0,0.5,2.0,0.5,7500,2.207342884706021,3.7980505840387195,7500
alpha_0.5,alpha,0.5,21,1,0.5,2.0,0.5,7500,2.207342884706021,3.894429598003626,7500
alpha_0.5,alpha,0.5,21,2,0.5,2.0,0.5,7500,2.207342884706021,3.8847077540121973,7500
alpha_0.5,alpha,0.5,21,3,0.5,2.0,0.5,7500,2.207342884706021,3.9273455659858882,7500
alpha_0.5,alpha,0.5,21,4,0.5,2.0,0.5,7500,2.207342884706021,3.894229141995311,7500
alpha_0.5,alpha,0.5,21,5,0.5,2.0,0.5,7500,2.207342884706021,3.9912206429289654,7500
alpha_0.5,alpha,0.5,21,6,0.5,2.0,0.5,7500,2.207342884706021,3.8079064030898735,7500
alpha_0.5,alpha,0.5,21,7,0.5,2.0,0.5,7500,2.207342884706021,3.8103995790006593,7500
alpha_0.5,alpha,0.5,21,8,0.5,2.0,0.5,7500,2.207342884706021,4.067670842050575,7500
alpha_0.5,alpha,0.5,21,9,0.5,2.0,0.5,7500,2.207342884706021,5.327590947970748,7500
alpha_0.5,alpha,0.5,21,10,0.5,2.0,0.5,7500,2.207342884706021,3.779999383026734,7500
alpha_0.5,alpha,0.5,21,11,0.5,2.0,0.5,7500,2.207342884706021,3.9813307269942015,7500
alpha_0.5,alpha,0.5,21,12,0.5,2.0,0.5,7500,2.207342884706021,4.503217087942176,7500
alpha_0.5,alpha,0.5,21,13,0.5,2.0,0.5,7500,2.207342884706021,3.9878086580429226,7500
alpha_0.5,alpha,0.5,21,14,0.5,2.0,0.5,7500,2.207342884706021,3.859228761983104,7500
alpha_0.5,alpha,0.5,21,15,0.5,2.0,0.5,7500,2.207342884706021,3.9745902800932527,7500
alpha_0.5,alpha,0.5,21,16,0.5,2.0,0.5,7500,2.207342884706021,3.9031071030767635,7500
alpha_0.5,alpha,0.5,21,17,0.5,2.0,0.5,7500,2.207342884706021,3.9236956159584224,7500
alpha_0.5,alpha,0.5,21,18,0.5,2.0,0.5,7500,2.207342884706021,4.026163956033997,7500
alpha_0.5,alpha,0.5,21,19,0.5,2.0,0.5,7500,2.207342884706021,3.975177710992284,7500
alpha_0.5,alpha,0.5,22,0,0.5,2.0,0.5,7500,0.6495626464756479,23.86979477503337,7500
alpha_0.5,alpha,0.5,22,1,0.5,2.0,0.5,7500,0.6495626464756479,24.26480988401454,7500
alpha_0.5,alpha,0.5,22,2,0.5,2.0,0.5,7500,0.6495626477727782,25.331801243009977,7500
alpha_0.5,alpha,0.5,22,3,0.5,2.0,0.5,7500,0.6495626464756479,24.531760027981363,7500
alpha_0.5,alpha,0.5,22,4,0.5,2.0,0.5,7500,0.6495626464756479,24.25216690194793,7500
alpha_0.5,alpha,0.5,22,5,0.5,2.0,0.5,7500,0.6495626464756479,23.896211075014435,7500
alpha_0.5,alpha,0.5,22,6,0.5,2.0,0.5,7500,0.6495626464756479,24.34170696500223,7500
alpha_0.5,alpha,0.5,22,7,0.5,2.0,0.5,7500,0.6495626464756479,23.658752672025003,7500
alpha_0.5,alpha,0.5,22,8,0.5,2.0,0.5,7500,0.6495626464756479,24.00530569208786,7500
alpha_0.5,alpha,0.5,22,9,0.5,2.0,0.5,7500,0.6495626464756479,24.420782825094648,7500
alpha_0.5,alpha,0.5,22,10,0.5,2.0,0.5,7500,0.6495626464756479,24.974704634048976,7500
alpha_0.5,alpha,0.5,22,11,0.5,2.0,0.5,7500,0.6495626464756479,23.844818221987225,7500
alpha_0.5,alpha,0.5,22,12,0.5,2.0,0.5,7500,0.6495626464756479,24.53791573503986,7500
alpha_0.5,alpha,0.5,22,13,0.5,2.0,0.5,7500,0.6495626464756479,24.40544477000367,7500
alpha_0.5,alpha,0.5,22,14,0.5,2.0,0.5,7500,0.6495626464756479,24.84925868595019,7500
alpha_0.5,alpha,0.5,22,15,0.5,2.0,0.5,7500,0.6495626464756479,23.875939945923164,7500
alpha_0.5,alpha,0.5,22,16,0.5,2.0,0.5,7500,0.6495626464756479,23.562550776056014,7500
alpha_0.5,alpha,0.5,22,17,0.5,2.0,0.5,7500,0.6495626477727782,24.49201740906574,7500
alpha_0.5,alpha,0.5,22,18,0.5,2.0,0.5,7500,0.6495626464756479,24.36336926696822,7500
alpha_0.5,alpha,0.5,22,19,0.5,2.0,0.5,7500,0.6495626477727782,24.048149712965824,7500
alpha_0.5,alpha,0.5,23,0,0.5,2.0,0.5,7500,2.01067302300028,2.2128199469298124,7500
alpha_0.5,alpha,0.5,23,1,0.5,2.0,0.5,7500,2.01067302300028,2.2207107150461525,7500
alpha_0.5,alpha,0.5,23,2,0.5,2.0,0.5,7500,2.01067302300028,2.2967478529317304,7500
alpha_0.5,alpha,0.5,23,3,0.5,2.0,0.5,7500,2.01067302300028,2.1831966169411317,7500
alpha_0.5,alpha,0.5,23,4,0.5,2.0,0.5,7500,2.01067302300028,2.255327079910785,7500
alpha_0.5,alpha,0.5,23,5,0.5,2.0,0.5,7500,2.01067302300028,2.233178462018259,7500
alpha_0.5,alpha,0.5,23,6,0.5,2.0,0.5,7500,2.01067302300028,2.2907808530144393,7500
alpha_0.5,alpha,0.5,23,7,0.5,2.0,0.5,7500,2.01067302300028,2.3161483069416136,7500
alpha_0.5,alpha,0.5,23,8,0.5,2.0,0.5,7500,2.01067302300028,2.262778545031324,7500
alpha_0.5,alpha,0.5,23,9,0.5,2.0,0.5,7500,2.01067302300028,2.207113528973423,7500
alpha_0.5,alpha,0.5,23,10,0.5,2.0,0.5,7500,2.01067302300028,2.2184832859784365,7500
alpha_0.5,alpha,0.5,23,11,0.5,2.0,0.5,7500,2.01067302300028,2.244356484967284,7500
alpha_0.5,alpha,0.5,23,12,0.5,2.0,0.5,7500,2.01067302300028,2.2981644299579784,7500
alpha_0.5,alpha,0.5,23,13,0.5,2.0,0.5,7500,2.01067302300028,2.2198277509305626,7500
alpha_0.5,alpha,0.5,23,14,0.5,2.0,0.5,7500,2.01067302300028,2.2346021949779242,7500
alpha_0.5,alpha,0.5,23,15,0.5,2.0,0.5,7500,2.01067302300028,2.274464276037179,7500
alpha_0.5,alpha,0.5,23,16,0.5,2.0,0.5,7500,2.01067302300028,2.3148108900059015,7500
alpha_0.5,alpha,0.5,23,17,0.5,2.0,0.5,7500,2.01067302300028,2.298490739078261,7500
alpha_0.5,alpha,0.5,23,18,0.5,2.0,0.5,7500,2.01067302300028,2.295154073042795,7500
alpha_0.5,alpha,0.5,23,19,0.5,2.0,0.5,7500,2.01067302300028,2.245616442989558,7500
alpha_0.5,alpha,0.5,24,0,0.5,2.0,0.5,7500,1.3508272334785483,2.2562870449619368,7500
alpha_0.5,alpha,0.5,24,1,0.5,2.0,0.5,7500,1.3508272334785483,2.246852488955483,7500
alpha_0.5,alpha,0.5,24,2,0.5,2.0,0.5,7500,1.3508272334785483,2.316243949928321,7500
alpha_0.5,alpha,0.5,24,3,0.5,2.0,0.5,7500,1.3508272334785483,2.2702173000434414,7500
alpha_0.5,alpha,0.5,24,4,0.5,2.0,0.5,7500,1.3508272334785483,2.317229215055704,7500
alpha_0.5,alpha,0.5,24,5,0.5,2.0,0.5,7500,1.3508272334785483,2.2302228739717975,7500
alpha_0.5,alpha,0.5,24,6,0.5,2.0,0.5,7500,1.3508272334785483,2.302753920084797,7500
alpha_0.5,alpha,0.5,24,7,0.5,2.0,0.5,7500,1.3508272334785483,2.2090506890090182,7500
alpha_0.5,alpha,0.5,24,8,0.5,2.0,0.5,7500,1.3508272334785483,2.2193384510464966,7500
alpha_0.5,alpha,0.5,24,9,0.5,2.0,0.5,7500,1.3508272334785483,2.270513859926723,7500
alpha_0.5,alpha,0.5,24,10,0.5,2.0,0.5,7500,1.3508272334785483,2.2138739959336817,7500
alpha_0.5,alpha,0.5,24,11,0.5,2.0,0.5,7500,1.3508272334785483,2.271869297954254,7500
alpha_0.5,alpha,0.5,24,12,0.5,2.0,0.5,7500,1.3508272334785483,2.350611294968985,7500
alpha_0.5,alpha,0.5,24,13,0.5,2.0,0.5,7500,1.3508272334785483,2.216057430021465,7500
alpha_0.5,alpha,0.5,24,14,0.5,2.0,0.5,7500,1.3508272334785483,2.2473395399283618,7500
alpha_0.5,alpha,0.5,24,15,0.5,2.0,0.5,7500,1.3508272334785483,2.288321919972077,7500
alpha_0.5,alpha,0.5,24,16,0.5,2.0,0.5,7500,1.3508272334785483,2.2796645930502564,7500
alpha_0.5,alpha,0.5,24,17,0.5,2.0,0.5,7500,1.3508272334785483,2.2705854900414124,7500
alpha_0.5,alpha,0.5,24,18,0.5,2.0,0.5,7500,1.3508272334785483,2.302072016056627,7500
alpha_0.5,alpha,0.5,24,19,0.5,2.0,0.5,7500,1.3508272334785483,2.2753426680574194,7500
alpha_0.5,alpha,0.5,25,0,0.5,2.0,0.5,7500,1.9406169918137253,3.3196112039731815,7500
alpha_0.5,alpha,0.5,25,1,0.5,2.0,0.5,7500,1.9406169918137253,3.2765379230258986,7500
alpha_0.5,alpha,0.5,25,2,0.5,2.0,0.5,7500,1.9406169918137253,3.453485200065188,7500
alpha_0.5,alpha,0.5,25,3,0.5,2.0,0.5,7500,1.9406169918137253,3.3307436070172116,7500
alpha_0.5,alpha,0.5,25,4,0.5,2.0,0.5,7500,1.9406169918137253,3.263569755014032,7500
alpha_0.5,alpha,0.5,25,5,0.5,2.0,0.5,7500,1.9406169918137253,3.2727344930171967,7500
alpha_0.5,alpha,0.5,25,6,0.5,2.0,0.5,7500,1.9406169918137253,3.259748973068781,7500
alpha_0.5,alpha,0.5,25,7,0.5,2.0,0.5,7500,1.9406169918137253,3.3861693950602785,7500
alpha_0.5,alpha,0.5,25,8,0.5,2.0,0.5,7500,1.9406169918137253,3.283531208988279,7500
alpha_0.5,alpha,0.5,25,9,0.5,2.0,0.5,7500,1.9406169918137253,3.3405587900197133,7500
alpha_0.5,alpha,0.5,25,10,0.5,2.0,0.5,7500,1.9406169918137253,3.2799513050122187,7500
alpha_0.5,alpha,0.5,25,11,0.5,2.0,0.5,7500,1.9406169918137253,3.3084110020427033,7500
alpha_0.5,alpha,0.5,25,12,0.5,2.0,0.5,7500,1.9406169918137253,3.463280966039747,7500
alpha_0.5,alpha,0.5,25,13,0.5,2.0,0.5,7500,1.9406169918137253,3.2869874719763175,7500
alpha_0.5,alpha,0.5,25,14,0.5,2.0,0.5,7500,1.9406169918137253,3.2889229910215363,7500
alpha_0.5,alpha,0.5,25,15,0.5,2.0,0.5,7500,1.9406169918137253,3.399472299963236,7500
alpha_0.5,alpha,0.5,25,16,0.5,2.0,0.5,7500,1.9406169918137253,3.439333795919083,7500
alpha_0.5,alpha,0.5,25,17,0.5,2.0,0.5,7500,1.9406169918137253,3.424049173016101,7500
alpha_0.5,alpha,0.5,25,18,0.5,2.0,0.5,7500,1.9406169918137253,3.391713879071176,7500
alpha_0.5,alpha,0.5,25,19,0.5,2.0,0.5,7500,1.9406169918137253,3.269377012969926,7500
alpha_0.5,alpha,0.5,26,0,0.5,2.0,0.5,7500,2.218200980928021,5.647829147987068,7500
alpha_0.5,alpha,0.5,26,1,0.5,2.0,0.5,7500,2.218200980928021,5.569320761947893,7500
alpha_0.5,alpha,0.5,26,2,0.5,2.0,0.5,7500,2.218200980928021,5.584717217949219,7500
alpha_0.5,alpha,0.5,26,3,0.5,2.0,0.5,7500,2.218200980928021,5.71072642900981,7500
alpha_0.5,alpha,0.5,26,4,0.5,2.0,0.5,7500,2.218200980928021,5.684312996920198,7500
alpha_0.5,alpha,0.5,26,5,0.5,2.0,0.5,7500,2.218200980928021,5.848895007977262,7500
alpha_0.5,alpha,0.5,26,6,0.5,2.0,0.5,7500,2.218200980928021,5.560144247021526,7500
alpha_0.5,alpha,0.5,26,7,0.5,2.0,0.5,7500,2.218200980928021,5.540439152973704,7500
alpha_0.5,alpha,0.5,26,8,0.5,2.0,0.5,7500,2.218200980928021,6.332284100935794,7500
alpha_0.5,alpha,0.5,26,9,0.5,2.0,0.5,7500,2.218200980928021,5.758854145067744,7500
alpha_0.5,alpha,0.5,26,10,0.5,2.0,0.5,7500,2.218200980928021,5.6182576100109145,7500
alpha_0.5,alpha,0.5,26,11,0.5,2.0,0.5,7500,2.218200980928021,5.591904186992906,7500
alpha_0.5,alpha,0.5,26,12,0.5,2.0,0.5,7500,2.218200980928021,5.596997962915339,7500
alpha_0.5,alpha,0.5,26,13,0.5,2.0,0.5,7500,2.218200980928021,5.820238965097815,7500
alpha_0.5,alpha,0.5,26,14,0.5,2.0,0.5,7500,2.218200980928021,5.827278584009036,7500
alpha_0.5,alpha,0.5,26,15,0.5,2.0,0.5,7500,2.218200980928021,5.749187625013292,7500
alpha_0.5,alpha,0.5,26,16,0.5,2.0,0.5,7500,2.218200980928021,5.886104737990536,7500
alpha_0.5,alpha,0.5,26,17,0.5,2.0,0.5,7500,2.218200980928021,5.850099193979986,7500
alpha_0.5,alpha,0.5,26,18,0.5,2.0,0.5,7500,2.218200980928021,5.566019406891428,7500
alpha_0.5,alpha,0.5,26,19,0.5,2.0,0.5,7500,2.218200980928021,5.765723816002719,7500
alpha_0.5,alpha,0.5,27,0,0.5,2.0,0.5,7500,1.9000621512377234,2.7876546781044453,7500
alpha_0.5,alpha,0.5,27,1,0.5,2.0,0.5,7500,1.9000621512377234,2.85157436307054,7500
alpha_0.5,alpha,0.5,27,2,0.5,2.0,0.5,7500,1.9000621512377234,2.9274074969580397,7500
alpha_0.5,alpha,0.5,27,3,0.5,2.0,0.5,7500,1.9000621512377234,2.919821185991168,7500
alpha_0.5,alpha,0.5,27,4,0.5,2.0,0.5,7500,1.9000621512377234,2.939107825048268,7500
alpha_0.5,alpha,0.5,27,5,0.5,2.0,0.5,7500,1.9000621512377234,2.7822351820068434,7500
alpha_0.5,alpha,0.5,27,6,0.5,2.0,0.5,7500,1.9000621512377234,2.7886539130704477,7500
alpha_0.5,alpha,0.5,27,7,0.5,2.0,0.5,7500,1.9000621512377234,2.8913271899800748,7500
alpha_0.5,alpha,0.5,27,8,0.5,2.0,0.5,7500,1.9000621512377234,2.8790991980349645,7500
alpha_0.5,alpha,0.5,27,9,0.5,2.0,0.5,7500,1.9000621512377234,2.782074905000627,7500
alpha_0.5,alpha,0.5,27,10,0.5,2.0,0.5,7500,1.9000621512377234,2.830840270034969,7500
alpha_0.5,alpha,0.5,27,11,0.5,2.0,0.5,7500,1.9000621512377234,2.761798129999079,7500
alpha_0.5,alpha,0.5,27,12,0.5,2.0,0.5,7500,1.9000621512377234,2.8812183450208977,7500
alpha_0.5,alpha,0.5,27,13,0.5,2.0,0.5,7500,1.9000621512377234,2.8899087510071695,7500
alpha_0.5,alpha,0.5,27,14,0.5,2.0,0.5,7500,1.9000621512377234,2.7862741120625287,7500
alpha_0.5,alpha,0.5,27,15,0.5,2.0,0.5,7500,1.9000621512377234,2.867359064053744,7500
alpha_0.5,alpha,0.5,27,16,0.5,2.0,0.5,7500,1.9000621512377234,2.7655306149972603,7500
alpha_0.5,alpha,0.5,27,17,0.5,2.0,0.5,7500,1.9000621512377234,2.9093147850362584,7500
alpha_0.5,alpha,0.5,27,18,0.5,2.0,0.5,7500,1.9000621512377234,2.879873464931734,7500
alpha_0.5,alpha,0.5,27,19,0.5,2.0,0.5,7500,1.9000621512377234,2.9061780910706148,7500
alpha_0.5,alpha,0.5,28,0,0.5,2.0,0.5,7500,2.025980418950708,5.656941107939929,7500
alpha_0.5,alpha,0.5,28,1,0.5,2.0,0.5,7500,2.025980418950708,5.7506693340837955,7500
alpha_0.5,alpha,0.5,28,2,0.5,2.0,0.5,7500,2.025980418950708,5.5886228929739445,7500
alpha_0.5,alpha,0.5,28,3,0.5,2.0,0.5,7500,2.025980418950708,5.569901459966786,7500
alpha_0.5,alpha,0.5,28,4,0.5,2.0,0.5,7500,2.025980418950708,5.573358702007681,7500
alpha_0.5,alpha,0.5,28,5,0.5,2.0,0.5,7500,2.025980418950708,5.688385379035026,7500
alpha_0.5,alpha,0.5,28,6,0.5,2.0,0.5,7500,2.025980418950708,5.613302335026674,7500
alpha_0.5,alpha,0.5,28,7,0.5,2.0,0.5,7500,2.025980418950708,5.802293583983555,7500
alpha_0.5,alpha,0.5,28,8,0.5,2.0,0.5,7500,2.025980418950708,5.63896496896632,7500
alpha_0.5,alpha,0.5,28,9,0.5,2.0,0.5,7500,2.025980418950708,5.717909445054829,7500
alpha_0.5,alpha,0.5,28,10,0.5,2.0,0.5,7500,2.025980418950708,5.683171165990643,7500
alpha_0.5,alpha,0.5,28,11,0.5,2.0,0.5,7500,2.025980418950708,5.628796629025601,7500
alpha_0.5,alpha,0.5,28,12,0.5,2.0,0.5,7500,2.025980418950708,5.720800240058452,7500
alpha_0.5,alpha,0.5,28,13,0.5,2.0,0.5,7500,2.025980418950708,5.944873129948974,7500
alpha_0.5,alpha,0.5,28,14,0.5,2.0,0.5,7500,2.025980418950708,5.590476137935184,7500
alpha_0.5,alpha,0.5,28,15,0.5,2.0,0.5,7500,2.025980418950708,5.554751652991399,7500
alpha_0.5,alpha,0.5,28,16,0.5,2.0,0.5,7500,2.025980418950708,5.879206162993796,7500
alpha_0.5,alpha,0.5,28,17,0.5,2.0,0.5,7500,2.025980418950708,5.815182780963369,7500
alpha_0.5,alpha,0.5,28,18,0.5,2.0,0.5,7500,2.025980418950708,5.764540959964506,7500
alpha_0.5,alpha,0.5,28,19,0.5,2.0,0.5,7500,2.025980418950708,5.793443887960166,7500
alpha_0.5,alpha,0.5,29,0,0.5,2.0,0.5,7500,2.4917912704064307,11.335403786040843,7500
alpha_0.5,alpha,0.5,29,1,0.5,2.0,0.5,7500,2.4917912704064307,11.44929110002704,7500
alpha_0.5,alpha,0.5,29,2,0.5,2.0,0.5,7500,2.5194549767303167,11.2057729390217,7500
alpha_0.5,alpha,0.5,29,3,0.5,2.0,0.5,7500,2.528211564545008,11.206828695023432,7500
alpha_0.5,alpha,0.5,29,4,0.5,2.0,0.5,7500,2.4917912704064307,11.364934319048189,7500
alpha_0.5,alpha,0.5,29,5,0.5,2.0,0.5,7500,2.5550862287280474,11.355835944064893,7500
alpha_0.5,alpha,0.5,29,6,0.5,2.0,0.5,7500,2.5194549767303167,11.420132357045077,7500
alpha_0.5,alpha,0.5,29,7,0.5,2.0,0.5,7500,2.536710985030414,11.691623315098695,7500
alpha_0.5,alpha,0.5,29,8,0.5,2.0,0.5,7500,2.5325215326013946,11.299572346964851,7500
alpha_0.5,alpha,0.5,29,9,0.5,2.0,0.5,7500,2.536155031966655,11.508375713019632,7500
alpha_0.5,alpha,0.5,29,10,0.5,2.0,0.5,7500,2.5194549767303167,11.539837051997893,7500
alpha_0.5,alpha,0.5,29,11,0.5,2.0,0.5,7500,2.5194549767303167,11.39302193291951,7500
alpha_0.5,alpha,0.5,29,12,0.5,2.0,0.5,7500,2.528211564545008,11.80396568402648,7500
alpha_0.5,alpha,0.5,29,13,0.5,2.0,0.5,7500,2.5325215326013946,11.282975270063616,7500
alpha_0.5,alpha,0.5,29,14,0.5,2.0,0.5,7500,2.527046339802911,11.30541190202348,7500
alpha_0.5,alpha,0.5,29,15,0.5,2.0,0.5,7500,2.545758569134448,11.59316526108887,7500
alpha_0.5,alpha,0.5,29,16,0.5,2.0,0.5,7500,2.5185469193175045,11.6712405300932,7500
alpha_0.5,alpha,0.5,29,17,0.5,2.0,0.5,7500,2.5440717774131736,11.587415713933297,7500
alpha_0.5,alpha,0.5,29,18,0.5,2.0,0.5,7500,2.516005552577852,11.745419563958421,7500
alpha_0.5,alpha,0.5,29,19,0.5,2.0,0.5,7500,2.5194549767303167,11.735732288099825,7500
alpha_0.5,alpha,0.5,30,0,0.5,2.0,0.5,7500,1.9298467885369193,6.8970045240130275,7500
alpha_0.5,alpha,0.5,30,1,0.5,2.0,0.5,7500,1.9298467885369193,6.8489452509675175,7500
alpha_0.5,alpha,0.5,30,2,0.5,2.0,0.5,7500,1.9298467885369193,6.8733077180804685,7500
alpha_0.5,alpha,0.5,30,3,0.5,2.0,0.5,7500,1.9298467885369193,6.984895205008797,7500
alpha_0.5,alpha,0.5,30,4,0.5,2.0,0.5,7500,1.9298467885369193,6.742386344005354,7500
alpha_0.5,alpha,0.5,30,5,0.5,2.0,0.5,7500,1.9298467885369193,6.738059525960125,7500
alpha_0.5,alpha,0.5,30,6,0.5,2.0,0.5,7500,1.9298467885369193,6.879670038935728,7500
alpha_0.5,alpha,0.5,30,7,0.5,2.0,0.5,7500,1.9298467885369195,6.730568298953585,7500
alpha_0.5,alpha,0.5,30,8,0.5,2.0,0.5,7500,1.9298467885369193,7.147774940938689,7500
alpha_0.5,alpha,0.5,30,9,0.5,2.0,0.5,7500,1.9298467885369195,7.025599492015317,7500
alpha_0.5,alpha,0.5,30,10,0.5,2.0,0.5,7500,1.9298467885369195,6.778097764006816,7500
alpha_0.5,alpha,0.5,30,11,0.5,2.0,0.5,7500,1.9298467885369193,6.6951705439714715,7500
alpha_0.5,alpha,0.5,30,12,0.5,2.0,0.5,7500,1.9298467885369195,6.818985415040515,7500
alpha_0.5,alpha,0.5,30,13,0.5,2.0,0.5,7500,1.9298467885369195,6.778349093976431,7500
alpha_0.5,alpha,0.5,30,14,0.5,2.0,0.5,7500,1.9298467885369193,6.98867066798266,7500
alpha_0.5,alpha,0.5,30,15,0.5,2.0,0.5,7500,1.9298467885369195,6.895033181994222,7500
alpha_0.5,alpha,0.5,30,16,0.5,2.0,0.5,7500,1.9298467885369193,6.905455374973826,7500
alpha_0.5,alpha,0.5,30,17,0.5,2.0,0.5,7500,1.9298467885369193,6.934433393063955,7500
alpha_0.5,alpha,0.5,30,18,0.5,2.0,0.5,7500,1.9298467885369193,7.038622563937679,7500
alpha_0.5,alpha,0.5,30,19,0.5,2.0,0.5,7500,1.9298467885369193,7.0237447689287364,7500
alpha_2.0,alpha,2.0,1,0,2.0,2.0,0.5,7500,1.7739991125114165,6.358590341056697,7500
alpha_2.0,alpha,2.0,1,1,2.0,2.0,0.5,7500,1.7851835857089084,6.334430877002887,7500
alpha_2.0,alpha,2.0,1,2,2.0,2.0,0.5,7500,1.7851835857089084,6.296866269083694,7500
alpha_2.0,alpha,2.0,1,3,2.0,2.0,0.5,7500,1.7739991125114167,6.1519160229945555,7500
alpha_2.0,alpha,2.0,1,4,2.0,2.0,0.5,7500,1.7739991125114165,6.27575404511299,7500
alpha_2.0,alpha,2.0,1,5,2.0,2.0,0.5,7500,1.7739991125114165,6.260014447034337,7500
alpha_2.0,alpha,2.0,1,6,2.0,2.0,0.5,7500,1.7851835857089084,6.591968227992766,7500
alpha_2.0,alpha,2.0,1,7,2.0,2.0,0.5,7500,1.7739991125114165,6.163416999974288,7500
alpha_2.0,alpha,2.0,1,8,2.0,2.0,0.5,7500,1.7739991125114167,6.285996446036734,7500
alpha_2.0,alpha,2.0,1,9,2.0,2.0,0.5,7500,1.7739991125114165,6.213624275056645,7500
alpha_2.0,alpha,2.0,1,10,2.0,2.0,0.5,7500,1.7739991125114165,6.392172420048155,7500
alpha_2.0,alpha,2.0,1,11,2.0,2.0,0.5,7500,1.7739991125114165,7.011580493999645,7500
alpha_2.0,alpha,2.0,1,12,2.0,2.0,0.5,7500,1.7739991125114165,6.15184035000857,7500
alpha_2.0,alpha,2.0,1,13,2.0,2.0,0.5,7500,1.7851835857089084,6.203992308001034,7500
alpha_2.0,alpha,2.0,1,14,2.0,2.0,0.5,7500,1.7739991125114165,6.833815005025826,7500
alpha_2.0,alpha,2.0,1,15,2.0,2.0,0.5,7500,1.7739991125114165,6.571277225972153,7500
alpha_2.0,alpha,2.0,1,16,2.0,2.0,0.5,7500,1.7739991125114167,6.509878392913379,7500
alpha_2.0,alpha,2.0,1,17,2.0,2.0,0.5,7500,1.7851835857089084,6.422841525985859,7500
alpha_2.0,alpha,2.0,1,18,2.0,2.0,0.5,7500,1.7739991125114165,7.136008681030944,7500
alpha_2.0,alpha,2.0,1,19,2.0,2.0,0.5,7500,1.7739991125114165,6.5463229099987075,7500
alpha_2.0,alpha,2.0,2,0,2.0,2.0,0.5,7500,2.279975082456949,6.678607092006132,7500
alpha_2.0,alpha,2.0,2,1,2.0,2.0,0.5,7500,2.298706688532233,6.332726108026691,7500
alpha_2.0,alpha,2.0,2,2,2.0,2.0,0.5,7500,2.319151101961984,6.206125132972375,7500
alpha_2.0,alpha,2.0,2,3,2.0,2.0,0.5,7500,2.298706688532233,6.286403732956387,7500
alpha_2.0,alpha,2.0,2,4,2.0,2.0,0.5,7500,2.3191511019619835,6.20784178096801,7500
alpha_2.0,alpha,2.0,2,5,2.0,2.0,0.5,7500,2.279975082456949,6.348343727062456,7500
alpha_2.0,alpha,2.0,2,6,2.0,2.0,0.5,7500,2.298706688532233,6.199585861992091,7500
alpha_2.0,alpha,2.0,2,7,2.0,2.0,0.5,7500,2.298706688532233,6.606359129073098,7500
alpha_2.0,alpha,2.0,2,8,2.0,2.0,0.5,7500,2.279975082456949,6.228886815952137,7500
alpha_2.0,alpha,2.0,2,9,2.0,2.0,0.5,7500,2.279975082456949,6.3372998900013044,7500
alpha_2.0,alpha,2.0,2,10,2.0,2.0,0.5,7500,2.298706688532233,6.494550667935982,7500
alpha_2.0,alpha,2.0,2,11,2.0,2.0,0.5,7500,2.279975082456949,6.234002985991538,7500
alpha_2.0,alpha,2.0,2,12,2.0,2.0,0.5,7500,2.319151101961984,6.259711528080516,7500
alpha_2.0,alpha,2.0,2,13,2.0,2.0,0.5,7500,2.337882708037268,6.472437573946081,7500
alpha_2.0,alpha,2.0,2,14,2.0,2.0,0.5,7500,2.279975082456949,6.359294519992545,7500
alpha_2.0,alpha,2.0,2,15,2.0,2.0,0.5,7500,2.298706688532233,6.523192717926577,7500
alpha_2.0,alpha,2.0,2,16,2.0,2.0,0.5,7500,2.298706688532233,6.409922574064694,7500
alpha_2.0,alpha,2.0,2,17,2.0,2.0,0.5,7500,2.298706688532233,6.397974665043876,7500
alpha_2.0,alpha,2.0,2,18,2.0,2.0,0.5,7500,2.3316393906398276,6.484229309018701,7500
alpha_2.0,alpha,2.0,2,19,2.0,2.0,0.5,7500,2.366547817855487,6.333608953980729,7500
alpha_2.0,alpha,2.0,3,0,2.0,2.0,0.5,7500,2.6438775677617086,9.319090632954612,7500
alpha_2.0,alpha,2.0,3,1,2.0,2.0,0.5,7500,2.589072221752102,9.054834367940202,7500
alpha_2.0,alpha,2.0,3,2,2.0,2.0,0.5,7500,2.5798804603028125,9.17843454098329,7500
alpha_2.0,alpha,2.0,3,3,2.0,2.0,0.5,7500,2.588546798607599,8.988311692024581,7500
alpha_2.0,alpha,2.0,3,4,2.0,2.0,0.5,7500,2.6181852602614395,9.128804999985732,7500
alpha_2.0,alpha,2.0,3,5,2.0,2.0,0.5,7500,2.5773142587776494,9.031303385039791,7500
alpha_2.0,alpha,2.0,3,6,2.0,2.0,0.5,7500,2.5554615909469742,9.17744399199728,7500
alpha_2.0,alpha,2.0,3,7,2.0,2.0,0.5,7500,2.592703639995734,9.079364189063199,7500
alpha_2.0,alpha,2.0,3,8,2.0,2.0,0.5,7500,2.6181852602614395,9.02757826691959,7500
alpha_2.0,alpha,2.0,3,9,2.0,2.0,0.5,7500,2.6165172636559895,9.180493887048215,7500
alpha_2.0,alpha,2.0,3,10,2.0,2.0,0.5,7500,2.589072221752102,9.114313484053127,7500
alpha_2.0,alpha,2.0,3,11,2.0,2.0,0.5,7500,2.589072221752102,9.315101259970106,7500
alpha_2.0,alpha,2.0,3,12,2.0,2.0,0.5,7500,2.5773142587776494,8.995319547015242,7500
alpha_2.0,alpha,2.0,3,13,2.0,2.0,0.5,7500,2.5554615909469742,9.43456722307019,7500
alpha_2.0,alpha,2.0,3,14,2.0,2.0,0.5,7500,2.6151937079435585,9.309786097961478,7500
alpha_2.0,alpha,2.0,3,15,2.0,2.0,0.5,7500,2.63261408853829,9.277190193999559,7500
alpha_2.0,alpha,2.0,3,16,2.0,2.0,0.5,7500,2.566419880972624,9.22822225803975,7500
alpha_2.0,alpha,2.0,3,17,2.0,2.0,0.5,7500,2.590202469213719,9.19567783398088,7500
alpha_2.0,alpha,2.0,3,18,2.0,2.0,0.5,7500,2.592703639995734,9.214548613061197,7500
alpha_2.0,alpha,2.0,3,19,2.0,2.0,0.5,7500,2.566419880972624,9.045750043005683,7500
alpha_2.0,alpha,2.0,4,0,2.0,2.0,0.5,7500,2.1385399346185148,6.680978309013881,7500
alpha_2.0,alpha,2.0,4,1,2.0,2.0,0.5,7500,2.138539934618515,6.619338738964871,7500
alpha_2.0,alpha,2.0,4,2,2.0,2.0,0.5,7500,2.1335996845890683,6.692540074931458,7500
alpha_2.0,alpha,2.0,4,3,2.0,2.0,0.5,7500,2.1335996845890683,6.872701145941392,7500
alpha_2.0,alpha,2.0,4,4,2.0,2.0,0.5,7500,2.1790962917052332,6.780165052972734,7500
alpha_2.0,alpha,2.0,4,5,2.0,2.0,0.5,7500,2.1385399346185148,6.8247675149468705,7500
alpha_2.0,alpha,2.0,4,6,2.0,2.0,0.5,7500,2.2047966114947997,6.6959493739996105,7500
alpha_2.0,alpha,2.0,4,7,2.0,2.0,0.5,7500,2.1385399346185148,6.709384654066525,7500
alpha_2.0,alpha,2.0,4,8,2.0,2.0,0.5,7500,2.150724202999455,6.841875349055044,7500
alpha_2.0,alpha,2.0,4,9,2.0,2.0,0.5,7500,2.1385399346185148,6.869348637992516,7500
alpha_2.0,alpha,2.0,4,10,2.0,2.0,0.5,7500,2.1684080727398065,7.030003038002178,7500
alpha_2.0,alpha,2.0,4,11,2.0,2.0,0.5,7500,2.150724202999455,6.763042456936091,7500
alpha_2.0,alpha,2.0,4,12,2.0,2.0,0.5,7500,2.1385399346185148,7.044578875997104,7500
alpha_2.0,alpha,2.0,4,13,2.0,2.0,0.5,7500,2.150724202999455,6.864390276023187,7500
alpha_2.0,alpha,2.0,4,14,2.0,2.0,0.5,7500,2.150724202999455,6.946797849028371,7500
alpha_2.0,alpha,2.0,4,15,2.0,2.0,0.5,7500,2.1335996845890683,6.97636217798572,7500
alpha_2.0,alpha,2.0,4,16,2.0,2.0,0.5,7500,2.1385399346185148,6.898419932927936,7500
alpha_2.0,alpha,2.0,4,17,2.0,2.0,0.5,7500,2.1385399346185148,6.906859226990491,7500
alpha_2.0,alpha,2.0,4,18,2.0,2.0,0.5,7500,2.1385399346185148,7.068350046989508,7500
alpha_2.0,alpha,2.0,4,19,2.0,2.0,0.5,7500,2.1385399346185148,6.6872758499812335,7500
alpha_2.0,alpha,2.0,5,0,2.0,2.0,0.5,7500,1.9095012742420303,6.887770125991665,7500
alpha_2.0,alpha,2.0,5,1,2.0,2.0,0.5,7500,1.8650742210238551,6.690408881055191,7500
alpha_2.0,alpha,2.0,5,2,2.0,2.0,0.5,7500,1.9417414427117135,6.896075441036373,7500
alpha_2.0,alpha,2.0,5,3,2.0,2.0,0.5,7500,1.9095012742420303,6.8400547709316015,7500
alpha_2.0,alpha,2.0,5,4,2.0,2.0,0.5,7500,1.9095012742420303,6.703803205047734,7500
alpha_2.0,alpha,2.0,5,5,2.0,2.0,0.5,7500,1.9151271816592492,6.809465338010341,7500
alpha_2.0,alpha,2.0,5,6,2.0,2.0,0.5,7500,2.0461836422244133,6.800996372010559,7500
alpha_2.0,alpha,2.0,5,7,2.0,2.0,0.5,7500,1.9796272727684319,6.800587352016009,7500
alpha_2.0,alpha,2.0,5,8,2.0,2.0,0.5,7500,1.9796272727684319,6.678762443014421,7500
alpha_2.0,alpha,2.0,5,9,2.0,2.0,0.5,7500,1.9095012742420303,7.018898901063949,7500
alpha_2.0,alpha,2.0,5,10,2.0,2.0,0.5,7500,1.9103679282974102,6.76842636091169,7500
alpha_2.0,alpha,2.0,5,11,2.0,2.0,0.5,7500,1.9796272727684319,6.822411817964166,7500
alpha_2.0,alpha,2.0,5,12,2.0,2.0,0.5,7500,1.9796272727684319,7.024585539940745,7500
alpha_2.0,alpha,2.0,5,13,2.0,2.0,0.5,7500,1.9796272727684319,6.911476752022281,7500
alpha_2.0,alpha,2.0,5,14,2.0,2.0,0.5,7500,1.9151271816592492,6.888833919074386,7500
alpha_2.0,alpha,2.0,5,15,2.0,2.0,0.5,7500,1.865074221023855,6.923435305943713,7500
alpha_2.0,alpha,2.0,5,16,2.0,2.0,0.5,7500,1.9151271816592492,6.858643200015649,7500
alpha_2.0,alpha,2.0,5,17,2.0,2.0,0.5,7500,1.9095012742420303,6.965872555971146,7500
alpha_2.0,alpha,2.0,5,18,2.0,2.0,0.5,7500,1.9151271816592492,6.704671526094899,7500
alpha_2.0,alpha,2.0,5,19,2.0,2.0,0.5,7500,1.9796272727684319,6.913298929925077,7500
alpha_2.0,alpha,2.0,6,0,2.0,2.0,0.5,7500,1.756456461232624,6.15349295292981,7500
alpha_2.0,alpha,2.0,6,1,2.0,2.0,0.5,7500,1.756456461232624,6.203470418928191,7500
alpha_2.0,alpha,2.0,6,2,2.0,2.0,0.5,7500,1.756456461232624,6.252827225951478,7500
alpha_2.0,alpha,2.0,6,3,2.0,2.0,0.5,7500,1.756456461232624,6.1575435569975525,7500
alpha_2.0,alpha,2.0,6,4,2.0,2.0,0.5,7500,1.756456461232624,6.331365419086069,7500
alpha_2.0,alpha,2.0,6,5,2.0,2.0,0.5,7500,1.756456461232624,6.210387735045515,7500
alpha_2.0,alpha,2.0,6,6,2.0,2.0,0.5,7500,1.756456461232624,6.266327386954799,7500
alpha_2.0,alpha,2.0,6,7,2.0,2.0,0.5,7500,1.756456461232624,6.177644993993454,7500
alpha_2.0,alpha,2.0,6,8,2.0,2.0,0.5,7500,1.756456461232624,6.135806606966071,7500
alpha_2.0,alpha,2.0,6,9,2.0,2.0,0.5,7500,1.756456461232624,6.196694670012221,7500
alpha_2.0,alpha,2.0,6,10,2.0,2.0,0.5,7500,1.756456461232624,6.235354574979283,7500
alpha_2.0,alpha,2.0,6,11,2.0,2.0,0.5,7500,1.756456461232624,6.278264277963899,7500
alpha_2.0,alpha,2.0,6,12,2.0,2.0,0.5,7500,1.756456461232624,6.437167575000785,7500
alpha_2.0,alpha,2.0,6,13,2.0,2.0,0.5,7500,1.756456461232624,6.307997880037874,7500
alpha_2.0,alpha,2.0,6,14,2.0,2.0,0.5,7500,1.756456461232624,6.160439376020804,7500
alpha_2.0,alpha,2.0,6,15,2.0,2.0,0.5,7500,1.756456461232624,6.415186889003962,7500
alpha_2.0,alpha,2.0,6,16,2.0,2.0,0.5,7500,1.756456461232624,6.345522970077582,7500
alpha_2.0,alpha,2.0,6,17,2.0,2.0,0.5,7500,1.756456461232624,6.390525592956692,7500
alpha_2.0,alpha,2.0,6,18,2.0,2.0,0.5,7500,1.756456461232624,6.146134653012268,7500
alpha_2.0,alpha,2.0,6,19,2.0,2.0,0.5,7500,1.756456461232624,6.386047497973777,7500
alpha_2.0,alpha,2.0,7,0,2.0,2.0,0.5,7500,1.843822480588136,4.377186959958635,7500
alpha_2.0,alpha,2.0,7,1,2.0,2.0,0.5,7500,1.8497609275944118,4.4434497320326045,7500
alpha_2.0,alpha,2.0,7,2,2.0,2.0,0.5,7500,1.8418822070973002,4.505418184911832,7500
alpha_2.0,alpha,2.0,7,3,2.0,2.0,0.5,7500,1.8418822070973002,4.382299475953914,7500
alpha_2.0,alpha,2.0,7,4,2.0,2.0,0.5,7500,1.8418822070973002,4.441502448986284,7500
alpha_2.0,alpha,2.0,7,5,2.0,2.0,0.5,7500,1.8418822070973002,4.4753604519646615,7500
alpha_2.0,alpha,2.0,7,6,2.0,2.0,0.5,7500,1.8418822070973002,4.433963813004084,7500
alpha_2.0,alpha,2.0,7,7,2.0,2.0,0.5,7500,1.8438224805881362,4.4341262499801815,7500
alpha_2.0,alpha,2.0,7,8,2.0,2.0,0.5,7500,1.8418822070973002,4.370094140991569,7500
alpha_2.0,alpha,2.0,7,9,2.0,2.0,0.5,7500,1.8418822070973002,4.395380896981806,7500
alpha_2.0,alpha,2.0,7,10,2.0,2.0,0.5,7500,1.8418822070973002,4.425258030067198,7500
alpha_2.0,alpha,2.0,7,11,2.0,2.0,0.5,7500,1.8418822070973002,4.392043950036168,7500
alpha_2.0,alpha,2.0,7,12,2.0,2.0,0.5,7500,1.8418822070973002,4.539348575985059,7500
alpha_2.0,alpha,2.0,7,13,2.0,2.0,0.5,7500,1.8438224805881362,4.558330237050541,7500
alpha_2.0,alpha,2.0,7,14,2.0,2.0,0.5,7500,1.8418822070973002,4.4382776690181345,7500
alpha_2.0,alpha,2.0,7,15,2.0,2.0,0.5,7500,1.8418822070973002,4.551559310988523,7500
alpha_2.0,alpha,2.0,7,16,2.0,2.0,0.5,7500,1.843822480588136,4.571741758962162,7500
alpha_2.0,alpha,2.0,7,17,2.0,2.0,0.5,7500,1.8651936904129385,4.505863435915671,7500
alpha_2.0,alpha,2.0,7,18,2.0,2.0,0.5,7500,1.8418822070973002,4.3571521629346535,7500
alpha_2.0,alpha,2.0,7,19,2.0,2.0,0.5,7500,1.8418822070973002,4.351559282047674,7500
alpha_2.0,alpha,2.0,8,0,2.0,2.0,0.5,7500,2.6172951397644755,11.05420856794808,7500
alpha_2.0,alpha,2.0,8,1,2.0,2.0,0.5,7500,2.609061753265464,10.933823199011385,7500
alpha_2.0,alpha,2.0,8,2,2.0,2.0,0.5,7500,2.476530843043769,10.699907978996634,7500
alpha_2.0,alpha,2.0,8,3,2.0,2.0,0.5,7500,2.4314289960780373,10.814141103066504,7500
alpha_2.0,alpha,2.0,8,4,2.0,2.0,0.5,7500,2.6604608477049405,10.927878260030411,7500
alpha_2.0,alpha,2.0,8,5,2.0,2.0,0.5,7500,2.505276307700717,10.799710116931237,7500
alpha_2.0,alpha,2.0,8,6,2.0,2.0,0.5,7500,2.435258572417939,10.955163154983893,7500
alpha_2.0,alpha,2.0,8,7,2.0,2.0,0.5,7500,2.6366345132288638,10.979059374891222,7500
alpha_2.0,alpha,2.0,8,8,2.0,2.0,0.5,7500,2.5064510119253547,10.663064208929427,7500
alpha_2.0,alpha,2.0,8,9,2.0,2.0,0.5,7500,2.4314289960780373,10.663029931019992,7500
alpha_2.0,alpha,2.0,8,10,2.0,2.0,0.5,7500,2.4352585724179385,10.934067843016237,7500
alpha_2.0,alpha,2.0,8,11,2.0,2.0,0.5,7500,2.505276307700717,10.77084522403311,7500
alpha_2.0,alpha,2.0,8,12,2.0,2.0,0.5,7500,2.6740639944863203,11.14892852702178,7500
alpha_2.0,alpha,2.0,8,13,2.0,2.0,0.5,7500,2.435258572417939,10.843901031999849,7500
alpha_2.0,alpha,2.0,8,14,2.0,2.0,0.5,7500,2.4352585724179385,11.058685850002803,7500
alpha_2.0,alpha,2.0,8,15,2.0,2.0,0.5,7500,2.4314289960780373,10.956862263032235,7500
alpha_2.0,alpha,2.0,8,16,2.0,2.0,0.5,7500,2.56036655376498,10.643981027067639,7500
alpha_2.0,alpha,2.0,8,17,2.0,2.0,0.5,7500,2.6604608477049405,11.098778541083448,7500
alpha_2.0,alpha,2.0,8,18,2.0,2.0,0.5,7500,2.580818773419426,11.161242568050511,7500
alpha_2.0,alpha,2.0,8,19,2.0,2.0,0.5,7500,2.5064510119253547,10.682566912961192,7500
alpha_2.0,alpha,2.0,9,0,2.0,2.0,0.5,7500,2.4122006554120246,7.621551374904811,7500
alpha_2.0,alpha,2.0,9,1,2.0,2.0,0.5,7500,2.4122006554120246,7.332187880994752,7500
alpha_2.0,alpha,2.0,9,2,2.0,2.0,0.5,7500,2.4122006554120246,7.483188773039728,7500
alpha_2.0,alpha,2.0,9,3,2.0,2.0,0.5,7500,2.4122006554120246,7.3923712719697505,7500
alpha_2.0,alpha,2.0,9,4,2.0,2.0,0.5,7500,2.4122006554120246,7.539340439019725,7500
alpha_2.0,alpha,2.0,9,5,2.0,2.0,0.5,7500,2.4122006554120246,7.326884765992872,7500
alpha_2.0,alpha,2.0,9,6,2.0,2.0,0.5,7500,2.4122006554120246,7.502853399026208,7500
alpha_2.0,alpha,2.0,9,7,2.0,2.0,0.5,7500,2.4633065800168175,7.3137627120595425,7500
alpha_2.0,alpha,2.0,9,8,2.0,2.0,0.5,7500,2.470378420663633,7.4378857859410346,7500
alpha_2.0,alpha,2.0,9,9,2.0,2.0,0.5,7500,2.4122006554120246,7.340682117966935,7500
alpha_2.0,alpha,2.0,9,10,2.0,2.0,0.5,7500,2.4407967218462767,7.355896826018579,7500
alpha_2.0,alpha,2.0,9,11,2.0,2.0,0.5,7500,2.4122006554120246,7.458521598950028,7500
alpha_2.0,alpha,2.0,9,12,2.0,2.0,0.5,7500,2.4122006554120246,7.636159044923261,7500
alpha_2.0,alpha,2.0,9,13,2.0,2.0,0.5,7500,2.4122006554120246,7.874908001045696,7500
alpha_2.0,alpha,2.0,9,14,2.0,2.0,0.5,7500,2.4122006554120246,7.531740272999741,7500
alpha_2.0,alpha,2.0,9,15,2.0,2.0,0.5,7500,2.4633065800168175,7.38284359802492,7500
alpha_2.0,alpha,2.0,9,16,2.0,2.0,0.5,7500,2.455755660373887,8.189210507902317,7500
alpha_2.0,alpha,2.0,9,17,2.0,2.0,0.5,7500,2.4122006554120246,7.553043324034661,7500
alpha_2.0,alpha,2.0,9,18,2.0,2.0,0.5,7500,2.4122006554120246,7.35292340698652,7500
alpha_2.0,alpha,2.0,9,19,2.0,2.0,0.5,7500,2.4122006554120246,7.564054394955747,7500
alpha_2.0,alpha,2.0,10,0,2.0,2.0,0.5,7500,2.3148178967915585,6.1911237459862605,7500
alpha_2.0,alpha,2.0,10,1,2.0,2.0,0.5,7500,2.3140252728719384,6.445092554087751,7500
alpha_2.0,alpha,2.0,10,2,2.0,2.0,0.5,7500,2.335488636909776,6.306800457066856,7500
alpha_2.0,alpha,2.0,10,3,2.0,2.0,0.5,7500,2.335488636909776,6.352957007940859,7500
alpha_2.0,alpha,2.0,10,4,2.0,2.0,0.5,7500,2.3245474686418053,6.223301299964078,7500
alpha_2.0,alpha,2.0,10,5,2.0,2.0,0.5,7500,2.3245474686418053,6.0894648869289085,7500
alpha_2.0,alpha,2.0,10,6,2.0,2.0,0.5,7500,2.3140252728719384,6.271835819934495,7500
alpha_2.0,alpha,2.0,10,7,2.0,2.0,0.5,7500,2.3245474686418053,6.344201393076219,7500
alpha_2.0,alpha,2.0,10,8,2.0,2.0,0.5,7500,2.3140252728719384,6.2255225740373135,7500
alpha_2.0,alpha,2.0,10,9,2.0,2.0,0.5,7500,2.3140252728719384,6.127765613957308,7500
alpha_2.0,alpha,2.0,10,10,2.0,2.0,0.5,7500,2.3140252728719384,6.233274492900819,7500
alpha_2.0,alpha,2.0,10,11,2.0,2.0,0.5,7500,2.3245474686418053,6.232913592015393,7500
alpha_2.0,alpha,2.0,10,12,2.0,2.0,0.5,7500,2.3245474686418053,6.46301394503098,7500
alpha_2.0,alpha,2.0,10,13,2.0,2.0,0.5,7500,2.3140252728719384,6.126206452026963,7500
alpha_2.0,alpha,2.0,10,14,2.0,2.0,0.5,7500,2.3140252728719384,6.3600637699710205,7500
alpha_2.0,alpha,2.0,10,15,2.0,2.0,0.5,7500,2.314817896791558,6.18475889810361,7500
alpha_2.0,alpha,2.0,10,16,2.0,2.0,0.5,7500,2.3245474686418053,6.2700512210140005,7500
alpha_2.0,alpha,2.0,10,17,2.0,2.0,0.5,7500,2.3140252728719384,6.40917966410052,7500
alpha_2.0,alpha,2.0,10,18,2.0,2.0,0.5,7500,2.3140252728719384,6.409626031992957,7500
alpha_2.0,alpha,2.0,10,19,2.0,2.0,0.5,7500,2.3245474686418053,6.359002353972755,7500
alpha_2.0,alpha,2.0,11,0,2.0,2.0,0.5,7500,2.8210526565615557,6.173178827040829,7500
alpha_2.0,alpha,2.0,11,1,2.0,2.0,0.5,7500,2.9001661773245435,6.177937826956622,7500
alpha_2.0,alpha,2.0,11,2,2.0,2.0,0.5,7500,2.866604229159078,6.309465280035511,7500
alpha_2.0,alpha,2.0,11,3,2.0,2.0,0.5,7500,2.866604229159078,6.43313876609318,7500
alpha_2.0,alpha,2.0,11,4,2.0,2.0,0.5,7500,2.8589286493928547,6.161986694904044,7500
alpha_2.0,alpha,2.0,11,5,2.0,2.0,0.5,7500,2.8278569908707025,6.180168645107187,7500
alpha_2.0,alpha,2.0,11,6,2.0,2.0,0.5,7500,2.866604229159078,6.253653556923382,7500
alpha_2.0,alpha,2.0,11,7,2.0,2.0,0.5,7500,2.7178088886007057,6.371597436023876,7500
alpha_2.0,alpha,2.0,11,8,2.0,2.0,0.5,7500,2.943351598637353,6.166383953997865,7500
alpha_2.0,alpha,2.0,11,9,2.0,2.0,0.5,7500,2.8278569908707025,6.168270205962472,7500
alpha_2.0,alpha,2.0,11,10,2.0,2.0,0.5,7500,2.7982154383869875,6.151977155939676,7500
alpha_2.0,alpha,2.0,11,11,2.0,2.0,0.5,7500,2.7982154383869875,6.263073573005386,7500
alpha_2.0,alpha,2.0,11,12,2.0,2.0,0.5,7500,2.866604229159078,6.086472442024387,7500
alpha_2.0,alpha,2.0,11,13,2.0,2.0,0.5,7500,2.9001661773245435,6.411044192034751,7500
alpha_2.0,alpha,2.0,11,14,2.0,2.0,0.5,7500,2.9001661773245435,6.189245952991769,7500
alpha_2.0,alpha,2.0,11,15,2.0,2.0,0.5,7500,2.866604229159078,6.387295280001126,7500
alpha_2.0,alpha,2.0,11,16,2.0,2.0,0.5,7500,2.879457445660654,6.153270927956328,7500
alpha_2.0,alpha,2.0,11,17,2.0,2.0,0.5,7500,2.9001661773245435,6.341917214915156,7500
alpha_2.0,alpha,2.0,11,18,2.0,2.0,0.5,7500,2.9001661773245435,6.336794340051711,7500
alpha_2.0,alpha,2.0,11,19,2.0,2.0,0.5,7500,2.7982154383869875,6.384074877016246,7500
alpha_2.0,alpha,2.0,12,0,2.0,2.0,0.5,7500,1.4629409667745168,8.372176297940314,7500
alpha_2.0,alpha,2.0,12,1,2.0,2.0,0.5,7500,1.4766607977807271,8.391903701005504,7500
alpha_2.0,alpha,2.0,12,2,2.0,2.0,0.5,7500,1.5262219010050329,8.40577769302763,7500
alpha_2.0,alpha,2.0,12,3,2.0,2.0,0.5,7500,1.4400682975484465,8.492353177978657,7500
alpha_2.0,alpha,2.0,12,4,2.0,2.0,0.5,7500,1.4263484665422361,8.490112623083405,7500
alpha_2.0,alpha,2.0,12,5,2.0,2.0,0.5,7500,1.4629409667745168,8.66285830095876,7500
alpha_2.0,alpha,2.0,12,6,2.0,2.0,0.5,7500,1.4766607977807271,8.648332869983278,7500
alpha_2.0,alpha,2.0,12,7,2.0,2.0,0.5,7500,1.4400682975484465,8.522167488001287,7500
alpha_2.0,alpha,2.0,12,8,2.0,2.0,0.5,7500,1.4400682975484465,8.626013888046145,7500
alpha_2.0,alpha,2.0,12,9,2.0,2.0,0.5,7500,1.4263484665422361,8.443094889051281,7500
alpha_2.0,alpha,2.0,12,10,2.0,2.0,0.5,7500,1.5215662912545516,8.431301265023649,7500
alpha_2.0,alpha,2.0,12,11,2.0,2.0,0.5,7500,1.4400682975484465,8.446227791020647,7500
alpha_2.0,alpha,2.0,12,12,2.0,2.0,0.5,7500,1.4263484665422361,8.385472958092578,7500
alpha_2.0,alpha,2.0,12,13,2.0,2.0,0.5,7500,1.4629409667745168,8.449246963020414,7500
alpha_2.0,alpha,2.0,12,14,2.0,2.0,0.5,7500,1.4400682975484465,8.809638771926984,7500
alpha_2.0,alpha,2.0,12,15,2.0,2.0,0.5,7500,1.4263484665422361,8.645078468020074,7500
alpha_2.0,alpha,2.0,12,16,2.0,2.0,0.5,7500,1.439743516359057,8.306926387012936,7500
alpha_2.0,alpha,2.0,12,17,2.0,2.0,0.5,7500,1.4400682975484465,8.672946127015166,7500
alpha_2.0,alpha,2.0,12,18,2.0,2.0,0.5,7500,1.4400682975484465,8.656119124032557,7500
alpha_2.0,alpha,2.0,12,19,2.0,2.0,0.5,7500,1.4837655475322191,8.59775144001469,7500
alpha_2.0,alpha,2.0,13,0,2.0,2.0,0.5,7500,2.080079610501402,6.140900774043985,7500
alpha_2.0,alpha,2.0,13,1,2.0,2.0,0.5,7500,2.080079610501402,6.193760911002755,7500
alpha_2.0,alpha,2.0,13,2,2.0,2.0,0.5,7500,2.080079610501402,6.473940177005716,7500
alpha_2.0,alpha,2.0,13,3,2.0,2.0,0.5,7500,2.080079610501402,6.295033611939289,7500
alpha_2.0,alpha,2.0,13,4,2.0,2.0,0.5,7500,2.0726502832263325,6.350927704945207,7500
alpha_2.0,alpha,2.0,13,5,2.0,2.0,0.5,7500,2.0726502832263325,6.348981122020632,7500
alpha_2.0,alpha,2.0,13,6,2.0,2.0,0.5,7500,2.1181396961057644,6.327751848031767,7500
alpha_2.0,alpha,2.0,13,7,2.0,2.0,0.5,7500,2.080079610501402,6.274434825987555,7500
alpha_2.0,alpha,2.0,13,8,2.0,2.0,0.5,7500,2.080079610501402,6.127461461932398,7500
alpha_2.0,alpha,2.0,13,9,2.0,2.0,0.5,7500,2.064340106337574,6.28222338098567,7500
alpha_2.0,alpha,2.0,13,10,2.0,2.0,0.5,7500,2.0726502832263334,6.161658570053987,7500
alpha_2.0,alpha,2.0,13,11,2.0,2.0,0.5,7500,2.064340106337574,6.298032370978035,7500
alpha_2.0,alpha,2.0,13,12,2.0,2.0,0.5,7500,2.080079610501402,6.180044381995685,7500
alpha_2.0,alpha,2.0,13,13,2.0,2.0,0.5,7500,2.080079610501402,6.172999656992033,7500
alpha_2.0,alpha,2.0,13,14,2.0,2.0,0.5,7500,2.080079610501402,6.103508052998222,7500
alpha_2.0,alpha,2.0,13,15,2.0,2.0,0.5,7500,2.080079610501402,6.405385642894544,7500
alpha_2.0,alpha,2.0,13,16,2.0,2.0,0.5,7500,2.0726502832263325,6.484590081032366,7500
alpha_2.0,alpha,2.0,13,17,2.0,2.0,0.5,7500,2.080079610501402,6.368395376950502,7500
alpha_2.0,alpha,2.0,13,18,2.0,2.0,0.5,7500,2.064340106337574,8.15700004203245,7500
alpha_2.0,alpha,2.0,13,19,2.0,2.0,0.5,7500,2.0726502832263325,6.222969579976052,7500
alpha_2.0,alpha,2.0,14,0,2.0,2.0,0.5,7500,1.067134550587395,2.7503794910153374,7500
alpha_2.0,alpha,2.0,14,1,2.0,2.0,0.5,7500,1.067134550587395,2.800986864953302,7500
alpha_2.0,alpha,2.0,14,2,2.0,2.0,0.5,7500,1.067134550587395,2.800410904106684,7500
alpha_2.0,alpha,2.0,14,3,2.0,2.0,0.5,7500,1.067134550587395,3.8581303920364007,7500
alpha_2.0,alpha,2.0,14,4,2.0,2.0,0.5,7500,1.067134550587395,2.8596439770190045,7500
alpha_2.0,alpha,2.0,14,5,2.0,2.0,0.5,7500,1.067134550587395,2.829018704011105,7500
alpha_2.0,alpha,2.0,14,6,2.0,2.0,0.5,7500,1.067134550587395,2.8354380800155923,7500
alpha_2.0,alpha,2.0,14,7,2.0,2.0,0.5,7500,1.067134550587395,2.7709310969803482,7500
alpha_2.0,alpha,2.0,14,8,2.0,2.0,0.5,7500,1.067134550587395,2.78168271004688,7500
alpha_2.0,alpha,2.0,14,9,2.0,2.0,0.5,7500,1.067134550587395,2.8523256769403815,7500
alpha_2.0,alpha,2.0,14,10,2.0,2.0,0.5,7500,1.067134550587395,2.7932411920046434,7500
alpha_2.0,alpha,2.0,14,11,2.0,2.0,0.5,7500,1.067134550587395,2.824041193933226,7500
alpha_2.0,alpha,2.0,14,12,2.0,2.0,0.5,7500,1.067134550587395,2.757673630025238,7500
alpha_2.0,alpha,2.0,14,13,2.0,2.0,0.5,7500,1.067134550587395,2.8968577360501513,7500
alpha_2.0,alpha,2.0,14,14,2.0,2.0,0.5,7500,1.067134550587395,2.804641966940835,7500
alpha_2.0,alpha,2.0,14,15,2.0,2.0,0.5,7500,1.067134550587395,2.749933255952783,7500
alpha_2.0,alpha,2.0,14,16,2.0,2.0,0.5,7500,1.067134550587395,2.7738410220481455,7500
alpha_2.0,alpha,2.0,14,17,2.0,2.0,0.5,7500,1.067134550587395,2.868756382027641,7500
alpha_2.0,alpha,2.0,14,18,2.0,2.0,0.5,7500,1.067134550587395,2.7691941210068762,7500
alpha_2.0,alpha,2.0,14,19,2.0,2.0,0.5,7500,1.067134550587395,2.784864207962528,7500
alpha_2.0,alpha,2.0,15,0,2.0,2.0,0.5,7500,2.1148327769950863,5.154630620032549,7500
alpha_2.0,alpha,2.0,15,1,2.0,2.0,0.5,7500,2.1177134803020645,5.161417550989427,7500
alpha_2.0,alpha,2.0,15,2,2.0,2.0,0.5,7500,2.1451464251262786,5.034775960026309,7500
alpha_2.0,alpha,2.0,15,3,2.0,2.0,0.5,7500,2.112602871122433,5.103695600992069,7500
alpha_2.0,alpha,2.0,15,4,2.0,2.0,0.5,7500,2.1177134803020645,5.152756636962295,7500
alpha_2.0,alpha,2.0,15,5,2.0,2.0,0.5,7500,2.1244369232978877,5.042758837924339,7500
alpha_2.0,alpha,2.0,15,6,2.0,2.0,0.5,7500,2.1201527161838993,5.209090752992779,7500
alpha_2.0,alpha,2.0,15,7,2.0,2.0,0.5,7500,2.1244369232978877,6.598201044951566,7500
alpha_2.0,alpha,2.0,15,8,2.0,2.0,0.5,7500,2.149538842821502,5.108683019061573,7500
alpha_2.0,alpha,2.0,15,9,2.0,2.0,0.5,7500,2.1201527161838993,5.201136037940159,7500
alpha_2.0,alpha,2.0,15,10,2.0,2.0,0.5,7500,2.112602871122433,5.13904817099683,7500
alpha_2.0,alpha,2.0,15,11,2.0,2.0,0.5,7500,2.1177134803020645,5.093892553006299,7500
alpha_2.0,alpha,2.0,15,12,2.0,2.0,0.5,7500,2.1177134803020645,5.03859777294565,7500
alpha_2.0,alpha,2.0,15,13,2.0,2.0,0.5,7500,2.1148327769950863,5.190666260081343,7500
alpha_2.0,alpha,2.0,15,14,2.0,2.0,0.5,7500,2.1148327769950863,5.0430999820819125,7500
alpha_2.0,alpha,2.0,15,15,2.0,2.0,0.5,7500,2.1201527161838993,5.1262729479931295,7500
alpha_2.0,alpha,2.0,15,16,2.0,2.0,0.5,7500,2.1148327769950863,5.031321245012805,7500
alpha_2.0,alpha,2.0,15,17,2.0,2.0,0.5,7500,2.112602871122433,5.243227856000885,7500
alpha_2.0,alpha,2.0,15,18,2.0,2.0,0.5,7500,2.1148327769950863,5.113156336941756,7500
alpha_2.0,alpha,2.0,15,19,2.0,2.0,0.5,7500,2.1201527161838998,5.549844346009195,7500
alpha_2.0,alpha,2.0,16,0,2.0,2.0,0.5,7500,2.1632901501485526,9.632827505003661,7500
alpha_2.0,alpha,2.0,16,1,2.0,2.0,0.5,7500,2.163603088423454,9.753319090930745,7500
alpha_2.0,alpha,2.0,16,2,2.0,2.0,0.5,7500,2.173540964426512,9.706071958993562,7500
alpha_2.0,alpha,2.0,16,3,2.0,2.0,0.5,7500,2.1838028319145852,9.893221792997792,7500
alpha_2.0,alpha,2.0,16,4,2.0,2.0,0.5,7500,2.163603088423454,9.769638771074824,7500
alpha_2.0,alpha,2.0,16,5,2.0,2.0,0.5,7500,2.159640501700675,9.605420186999254,7500
alpha_2.0,alpha,2.0,16,6,2.0,2.0,0.5,7500,2.186311948292573,10.096001713071018,7500
alpha_2.0,alpha,2.0,16,7,2.0,2.0,0.5,7500,2.159640501700675,9.651626135106198,7500
alpha_2.0,alpha,2.0,16,8,2.0,2.0,0.5,7500,2.1837220973983404,9.846550989081152,7500
alpha_2.0,alpha,2.0,16,9,2.0,2.0,0.5,7500,2.159640501700675,9.818160619935952,7500
alpha_2.0,alpha,2.0,16,10,2.0,2.0,0.5,7500,2.163603088423454,9.508725302061066,7500
alpha_2.0,alpha,2.0,16,11,2.0,2.0,0.5,7500,2.159640501700675,9.537254357011989,7500
alpha_2.0,alpha,2.0,16,12,2.0,2.0,0.5,7500,2.159640501700675,10.04178647394292,7500
alpha_2.0,alpha,2.0,16,13,2.0,2.0,0.5,7500,2.163603088423454,9.528678282047622,7500
alpha_2.0,alpha,2.0,16,14,2.0,2.0,0.5,7500,2.159640501700675,9.779674486955628,7500
alpha_2.0,alpha,2.0,16,15,2.0,2.0,0.5,7500,2.165852252724251,9.687614461989142,7500
alpha_2.0,alpha,2.0,16,16,2.0,2.0,0.5,7500,2.17124401463147,9.561262174975127,7500
alpha_2.0,alpha,2.0,16,17,2.0,2.0,0.5,7500,2.177455765655046,10.036597548983991,7500
alpha_2.0,alpha,2.0,16,18,2.0,2.0,0.5,7500,2.1632901501485526,9.556712485966273,7500
alpha_2.0,alpha,2.0,16,19,2.0,2.0,0.5,7500,2.165852252724251,9.454855434945785,7500
alpha_2.0,alpha,2.0,17,0,2.0,2.0,0.5,7500,2.0100547196305705,3.9431114729959518,7500
alpha_2.0,alpha,2.0,17,1,2.0,2.0,0.5,7500,2.0100547196305705,4.139172968105413,7500
alpha_2.0,alpha,2.0,17,2,2.0,2.0,0.5,7500,2.0100547196305705,4.0771244909847155,7500
alpha_2.0,alpha,2.0,17,3,2.0,2.0,0.5,7500,2.0100547196305705,3.8956047750543803,7500
alpha_2.0,alpha,2.0,17,4,2.0,2.0,0.5,7500,2.0100547196305705,4.045361110940576,7500
alpha_2.0,alpha,2.0,17,5,2.0,2.0,0.5,7500,2.0100547196305705,4.024244305910543,7500
alpha_2.0,alpha,2.0,17,6,2.0,2.0,0.5,7500,2.0100547196305705,3.9437962640076876,7500
alpha_2.0,alpha,2.0,17,7,2.0,2.0,0.5,7500,2.0100547196305705,3.98514513799455,7500
alpha_2.0,alpha,2.0,17,8,2.0,2.0,0.5,7500,2.0100547196305705,3.998609254951589,7500
alpha_2.0,alpha,2.0,17,9,2.0,2.0,0.5,7500,2.0100547196305705,4.025442197918892,7500
alpha_2.0,alpha,2.0,17,10,2.0,2.0,0.5,7500,2.0100547196305705,3.8516210379311815,7500
alpha_2.0,alpha,2.0,17,11,2.0,2.0,0.5,7500,2.0100547196305705,4.714320846018381,7500
alpha_2.0,alpha,2.0,17,12,2.0,2.0,0.5,7500,2.0100547196305705,3.895597037044354,7500
alpha_2.0,alpha,2.0,17,13,2.0,2.0,0.5,7500,2.0100547196305705,3.9323507280787453,7500
alpha_2.0,alpha,2.0,17,14,2.0,2.0,0.5,7500,2.0100547196305705,3.8515704839956015,7500
alpha_2.0,alpha,2.0,17,15,2.0,2.0,0.5,7500,2.0100547196305705,3.8806280069984496,7500
alpha_2.0,alpha,2.0,17,16,2.0,2.0,0.5,7500,2.0100547196305705,3.9574738719966263,7500
alpha_2.0,alpha,2.0,17,17,2.0,2.0,0.5,7500,2.0100547196305705,3.862366825924255,7500
alpha_2.0,alpha,2.0,17,18,2.0,2.0,0.5,7500,2.0100547196305705,3.903056144947186,7500
alpha_2.0,alpha,2.0,17,19,2.0,2.0,0.5,7500,2.0100547196305705,3.9294454919872805,7500
alpha_2.0,alpha,2.0,18,0,2.0,2.0,0.5,7500,2.761131209664624,9.881247763056308,7500
alpha_2.0,alpha,2.0,18,1,2.0,2.0,0.5,7500,2.7584189226538123,9.478246357990429,7500
alpha_2.0,alpha,2.0,18,2,2.0,2.0,0.5,7500,2.7191881704255225,9.759257401921786,7500
alpha_2.0,alpha,2.0,18,3,2.0,2.0,0.5,7500,2.747122509293753,9.67158224794548,7500
alpha_2.0,alpha,2.0,18,4,2.0,2.0,0.5,7500,2.761131209664624,9.674690579995513,7500
alpha_2.0,alpha,2.0,18,5,2.0,2.0,0.5,7500,2.7052757751641314,9.95256587001495,7500
alpha_2.0,alpha,2.0,18,6,2.0,2.0,0.5,7500,2.761131209664624,9.607811608002521,7500
alpha_2.0,alpha,2.0,18,7,2.0,2.0,0.5,7500,2.758334902633783,9.961717400001362,7500
alpha_2.0,alpha,2.0,18,8,2.0,2.0,0.5,7500,2.7191881704255225,9.448653694009408,7500
alpha_2.0,alpha,2.0,18,9,2.0,2.0,0.5,7500,2.7191881704255225,9.825309957028367,7500
alpha_2.0,alpha,2.0,18,10,2.0,2.0,0.5,7500,2.744422507372392,10.170527889975347,7500
alpha_2.0,alpha,2.0,18,11,2.0,2.0,0.5,7500,2.761131209664624,9.56421116902493,7500
alpha_2.0,alpha,2.0,18,12,2.0,2.0,0.5,7500,2.7052757751641314,9.611990503035486,7500
alpha_2.0,alpha,2.0,18,13,2.0,2.0,0.5,7500,2.7542536778644156,10.675640760106035,7500
alpha_2.0,alpha,2.0,18,14,2.0,2.0,0.5,7500,2.761131209664624,10.695397848961875,7500
alpha_2.0,alpha,2.0,18,15,2.0,2.0,0.5,7500,2.761131209664624,9.870455034077168,7500
alpha_2.0,alpha,2.0,18,16,2.0,2.0,0.5,7500,2.7197545697170673,9.524293099995703,7500
alpha_2.0,alpha,2.0,18,17,2.0,2.0,0.5,7500,2.761131209664624,9.652224284945987,7500
alpha_2.0,alpha,2.0,18,18,2.0,2.0,0.5,7500,2.7052757751641314,9.432395393028855,7500
alpha_2.0,alpha,2.0,18,19,2.0,2.0,0.5,7500,2.7052757751641314,9.682536231935956,7500
alpha_2.0,alpha,2.0,19,0,2.0,2.0,0.5,7500,1.908463713665149,3.3696116500068456,7500
alpha_2.0,alpha,2.0,19,1,2.0,2.0,0.5,7500,1.908463713665149,3.3056278279982507,7500
alpha_2.0,alpha,2.0,19,2,2.0,2.0,0.5,7500,1.908463713665149,3.348622906021774,7500
alpha_2.0,alpha,2.0,19,3,2.0,2.0,0.5,7500,1.908463713665149,3.380669620935805,7500
alpha_2.0,alpha,2.0,19,4,2.0,2.0,0.5,7500,1.908463713665149,3.406520630000159,7500
alpha_2.0,alpha,2.0,19,5,2.0,2.0,0.5,7500,1.9441477849616287,3.379555228049867,7500
alpha_2.0,alpha,2.0,19,6,2.0,2.0,0.5,7500,1.908463713665149,3.340675646904856,7500
alpha_2.0,alpha,2.0,19,7,2.0,2.0,0.5,7500,1.908463713665149,3.289070702972822,7500
alpha_2.0,alpha,2.0,19,8,2.0,2.0,0.5,7500,1.908463713665149,3.3973182539921254,7500
alpha_2.0,alpha,2.0,19,9,2.0,2.0,0.5,7500,1.908463713665149,3.399023092002608,7500
alpha_2.0,alpha,2.0,19,10,2.0,2.0,0.5,7500,1.908463713665149,3.3092718170955777,7500
alpha_2.0,alpha,2.0,19,11,2.0,2.0,0.5,7500,1.908463713665149,3.4485164990182966,7500
alpha_2.0,alpha,2.0,19,12,2.0,2.0,0.5,7500,1.908463713665149,3.2771234629908577,7500
alpha_2.0,alpha,2.0,19,13,2.0,2.0,0.5,7500,1.908463713665149,3.30982976895757,7500
alpha_2.0,alpha,2.0,19,14,2.0,2.0,0.5,7500,1.908463713665149,3.2498021100182086,7500
alpha_2.0,alpha,2.0,19,15,2.0,2.0,0.5,7500,1.908463713665149,3.438298266963102,7500
alpha_2.0,alpha,2.0,19,16,2.0,2.0,0.5,7500,1.908463713665149,3.452366336947307,7500
alpha_2.0,alpha,2.0,19,17,2.0,2.0,0.5,7500,1.908463713665149,3.368876710999757,7500
alpha_2.0,alpha,2.0,19,18,2.0,2.0,0.5,7500,1.908463713665149,3.3049421759787947,7500
alpha_2.0,alpha,2.0,19,19,2.0,2.0,0.5,7500,1.908463713665149,3.293372352956794,7500
alpha_2.0,alpha,2.0,20,0,2.0,2.0,0.5,7500,2.1697468439523346,5.586632900987752,7500
alpha_2.0,alpha,2.0,20,1,2.0,2.0,0.5,7500,2.1697468439523346,5.593439346062951,7500
alpha_2.0,alpha,2.0,20,2,2.0,2.0,0.5,7500,2.1697468439523346,6.0013798819854856,7500
alpha_2.0,alpha,2.0,20,3,2.0,2.0,0.5,7500,2.1697468439523346,5.776520485989749,7500
alpha_2.0,alpha,2.0,20,4,2.0,2.0,0.5,7500,2.1697468439523346,5.878883379045874,7500
alpha_2.0,alpha,2.0,20,5,2.0,2.0,0.5,7500,2.1697468439523346,5.636114905006252,7500
alpha_2.0,alpha,2.0,20,6,2.0,2.0,0.5,7500,2.1697468439523346,5.731754974927753,7500
alpha_2.0,alpha,2.0,20,7,2.0,2.0,0.5,7500,2.1697468439523346,5.568964312900789,7500
alpha_2.0,alpha,2.0,20,8,2.0,2.0,0.5,7500,2.1697468439523346,5.759412679006346,7500
alpha_2.0,alpha,2.0,20,9,2.0,2.0,0.5,7500,2.1878895963527194,5.778157114982605,7500
alpha_2.0,alpha,2.0,20,10,2.0,2.0,0.5,7500,2.1697468439523346,5.647101673064753,7500
alpha_2.0,alpha,2.0,20,11,2.0,2.0,0.5,7500,2.1697468439523346,5.899954280932434,7500
alpha_2.0,alpha,2.0,20,12,2.0,2.0,0.5,7500,2.1697468439523346,5.639568093931302,7500
alpha_2.0,alpha,2.0,20,13,2.0,2.0,0.5,7500,2.1697468439523346,5.5670175169361755,7500
alpha_2.0,alpha,2.0,20,14,2.0,2.0,0.5,7500,2.1697468439523346,5.517951337969862,7500
alpha_2.0,alpha,2.0,20,15,2.0,2.0,0.5,7500,2.1697468439523346,5.8839944479987025,7500
alpha_2.0,alpha,2.0,20,16,2.0,2.0,0.5,7500,2.1697468439523346,5.573397071100771,7500
alpha_2.0,alpha,2.0,20,17,2.0,2.0,0.5,7500,2.1769846879087407,5.725603656028397,7500
alpha_2.0,alpha,2.0,20,18,2.0,2.0,0.5,7500,2.1697468439523346,5.932883602916263,7500
alpha_2.0,alpha,2.0,20,19,2.0,2.0,0.5,7500,2.1769846879087407,5.602638487936929,7500
alpha_2.0,alpha,2.0,21,0,2.0,2.0,0.5,7500,2.258046035865393,3.8999052530853078,7500
alpha_2.0,alpha,2.0,21,1,2.0,2.0,0.5,7500,2.2510560286151544,3.8621695679612458,7500
alpha_2.0,alpha,2.0,21,2,2.0,2.0,0.5,7500,2.2492424803186104,3.9380086309975013,7500
alpha_2.0,alpha,2.0,21,3,2.0,2.0,0.5,7500,2.2510560286151544,4.043893140042201,7500
alpha_2.0,alpha,2.0,21,4,2.0,2.0,0.5,7500,2.207342884706021,3.8982670640107244,7500
alpha_2.0,alpha,2.0,21,5,2.0,2.0,0.5,7500,2.258046035865393,3.949684099992737,7500
alpha_2.0,alpha,2.0,21,6,2.0,2.0,0.5,7500,2.242375979735251,3.80722474004142,7500
alpha_2.0,alpha,2.0,21,7,2.0,2.0,0.5,7500,2.207342884706021,3.949472283013165,7500
alpha_2.0,alpha,2.0,21,8,2.0,2.0,0.5,7500,2.207342884706021,3.970762531971559,7500
alpha_2.0,alpha,2.0,21,9,2.0,2.0,0.5,7500,2.207342884706021,3.9648308570031077,7500
alpha_2.0,alpha,2.0,21,10,2.0,2.0,0.5,7500,2.2492424803186104,3.90554984100163,7500
alpha_2.0,alpha,2.0,21,11,2.0,2.0,0.5,7500,2.2492424803186104,3.8264469110872597,7500
alpha_2.0,alpha,2.0,21,12,2.0,2.0,0.5,7500,2.207342884706021,3.9851732079405338,7500
alpha_2.0,alpha,2.0,21,13,2.0,2.0,0.5,7500,2.2510560286151544,3.8520057320129126,7500
alpha_2.0,alpha,2.0,21,14,2.0,2.0,0.5,7500,2.2492424803186104,3.864961916930042,7500
alpha_2.0,alpha,2.0,21,15,2.0,2.0,0.5,7500,2.207342884706021,3.845812072046101,7500
alpha_2.0,alpha,2.0,21,16,2.0,2.0,0.5,7500,2.207342884706021,3.950171916047111,7500
alpha_2.0,alpha,2.0,21,17,2.0,2.0,0.5,7500,2.207342884706021,5.45686230994761,7500
alpha_2.0,alpha,2.0,21,18,2.0,2.0,0.5,7500,2.207342884706021,3.902762574958615,7500
alpha_2.0,alpha,2.0,21,19,2.0,2.0,0.5,7500,2.2492424803186104,3.792546369950287,7500
alpha_2.0,alpha,2.0,22,0,2.0,2.0,0.5,7500,0.6495626464756479,23.98062156199012,7500
alpha_2.0,alpha,2.0,22,1,2.0,2.0,0.5,7500,0.6495626464756479,24.067480257013813,7500
alpha_2.0,alpha,2.0,22,2,2.0,2.0,0.5,7500,0.6495626464756479,25.79908859997522,7500
alpha_2.0,alpha,2.0,22,3,2.0,2.0,0.5,7500,0.6495626464756479,24.109054139000364,7500
alpha_2.0,alpha,2.0,22,4,2.0,2.0,0.5,7500,0.6495626464756479,24.481664458056912,7500
alpha_2.0,alpha,2.0,22,5,2.0,2.0,0.5,7500,0.6495626464756479,24.227311543072574,7500
alpha_2.0,alpha,2.0,22,6,2.0,2.0,0.5,7500,0.6495626464756479,24.018912544008344,7500
alpha_2.0,alpha,2.0,22,7,2.0,2.0,0.5,7500,0.6495626464756479,24.400699303019792,7500
alpha_2.0,alpha,2.0,22,8,2.0,2.0,0.5,7500,0.6495626464756479,24.802942231995985,7500
alpha_2.0,alpha,2.0,22,9,2.0,2.0,0.5,7500,0.6495626464756479,24.47994019195903,7500
alpha_2.0,alpha,2.0,22,10,2.0,2.0,0.5,7500,0.6495626464756479,24.317795358016156,7500
alpha_2.0,alpha,2.0,22,11,2.0,2.0,0.5,7500,0.6495626464756479,23.987437107949518,7500
alpha_2.0,alpha,2.0,22,12,2.0,2.0,0.5,7500,0.6495626464756479,25.340478776954114,7500
alpha_2.0,alpha,2.0,22,13,2.0,2.0,0.5,7500,0.6495626464756479,24.325665045995265,7500
alpha_2.0,alpha,2.0,22,14,2.0,2.0,0.5,7500,0.6495626464756479,23.794433766976,7500
alpha_2.0,alpha,2.0,22,15,2.0,2.0,0.5,7500,0.6495626464756479,23.935140344081447,7500
alpha_2.0,alpha,2.0,22,16,2.0,2.0,0.5,7500,0.6495626464756479,25.467881008051336,7500
alpha_2.0,alpha,2.0,22,17,2.0,2.0,0.5,7500,0.6495626464756479,23.780274329008535,7500
alpha_2.0,alpha,2.0,22,18,2.0,2.0,0.5,7500,0.6495626464756479,23.729855787009,7500
alpha_2.0,alpha,2.0,22,19,2.0,2.0,0.5,7500,0.6495626464756479,24.0313778759446,7500
alpha_2.0,alpha,2.0,23,0,2.0,2.0,0.5,7500,2.01067302300028,2.2488833920797333,7500
alpha_2.0,alpha,2.0,23,1,2.0,2.0,0.5,7500,2.01067302300028,2.2434261550661176,7500
alpha_2.0,alpha,2.0,23,2,2.0,2.0,0.5,7500,2.01067302300028,2.3356677839765325,7500
alpha_2.0,alpha,2.0,23,3,2.0,2.0,0.5,7500,2.01067302300028,2.230613091029227,7500
alpha_2.0,alpha,2.0,23,4,2.0,2.0,0.5,7500,2.01067302300028,2.278801909997128,7500
alpha_2.0,alpha,2.0,23,5,2.0,2.0,0.5,7500,2.01067302300028,2.3147981790825725,7500
alpha_2.0,alpha,2.0,23,6,2.0,2.0,0.5,7500,2.01067302300028,2.327898679068312,7500
alpha_2.0,alpha,2.0,23,7,2.0,2.0,0.5,7500,2.01067302300028,2.241641805972904,7500
alpha_2.0,alpha,2.0,23,8,2.0,2.0,0.5,7500,2.01067302300028,2.29612958105281,7500
alpha_2.0,alpha,2.0,23,9,2.0,2.0,0.5,7500,2.01067302300028,2.239189795101993,7500
alpha_2.0,alpha,2.0,23,10,2.0,2.0,0.5,7500,2.01067302300028,2.228999088983983,7500
alpha_2.0,alpha,2.0,23,11,2.0,2.0,0.5,7500,2.01067302300028,2.2506924639455974,7500
alpha_2.0,alpha,2.0,23,12,2.0,2.0,0.5,7500,2.01067302300028,2.3364436220144853,7500
alpha_2.0,alpha,2.0,23,13,2.0,2.0,0.5,7500,2.01067302300028,2.241722348961048,7500
alpha_2.0,alpha,2.0,23,14,2.0,2.0,0.5,7500,2.01067302300028,2.286210321006365,7500
alpha_2.0,alpha,2.0,23,15,2.0,2.0,0.5,7500,2.01067302300028,2.2833706359378994,7500
alpha_2.0,alpha,2.0,23,16,2.0,2.0,0.5,7500,2.01067302300028,2.236203644075431,7500
alpha_2.0,alpha,2.0,23,17,2.0,2.0,0.5,7500,2.01067302300028,2.2377950960071757,7500
alpha_2.0,alpha,2.0,23,18,2.0,2.0,0.5,7500,2.01067302300028,2.225646115024574,7500
alpha_2.0,alpha,2.0,23,19,2.0,2.0,0.5,7500,2.01067302300028,2.249901583069004,7500
alpha_2.0,alpha,2.0,24,0,2.0,2.0,0.5,7500,1.3508272334785483,2.685082864947617,7500
alpha_2.0,alpha,2.0,24,1,2.0,2.0,0.5,7500,1.3508272334785483,2.2640846060821787,7500
alpha_2.0,alpha,2.0,24,2,2.0,2.0,0.5,7500,1.3508272334785483,2.4699671970447525,7500
alpha_2.0,alpha,2.0,24,3,2.0,2.0,0.5,7500,1.3508272334785483,2.6341729069827124,7500
alpha_2.0,alpha,2.0,24,4,2.0,2.0,0.5,7500,1.3508272334785483,2.2882517570396885,7500
alpha_2.0,alpha,2.0,24,5,2.0,2.0,0.5,7500,1.3508272334785483,2.24568089004606,7500
alpha_2.0,alpha,2.0,24,6,2.0,2.0,0.5,7500,1.3508272334785483,2.240133394021541,7500
alpha_2.0,alpha,2.0,24,7,2.0,2.0,0.5,7500,1.3508272334785483,2.23836099402979,7500
alpha_2.0,alpha,2.0,24,8,2.0,2.0,0.5,7500,1.3508272334785483,2.2883128609973937,7500
alpha_2.0,alpha,2.0,24,9,2.0,2.0,0.5,7500,1.3508272334785483,2.312724036979489,7500
alpha_2.0,alpha,2.0,24,10,2.0,2.0,0.5,7500,1.3508272334785483,2.2919723329832777,7500
alpha_2.0,alpha,2.0,24,11,2.0,2.0,0.5,7500,1.3508272334785483,2.2300717919133604,7500
alpha_2.0,alpha,2.0,24,12,2.0,2.0,0.5,7500,1.3508272334785483,2.3030138809699565,7500
alpha_2.0,alpha,2.0,24,13,2.0,2.0,0.5,7500,1.3508272334785483,2.33649473299738,7500
alpha_2.0,alpha,2.0,24,14,2.0,2.0,0.5,7500,1.3508272334785483,2.2487322299275547,7500
alpha_2.0,alpha,2.0,24,15,2.0,2.0,0.5,7500,1.3508272334785483,2.2326466570375487,7500
alpha_2.0,alpha,2.0,24,16,2.0,2.0,0.5,7500,1.3508272334785483,2.2847450299886987,7500
alpha_2.0,alpha,2.0,24,17,2.0,2.0,0.5,7500,1.3508272334785483,2.2087231050245464,7500
alpha_2.0,alpha,2.0,24,18,2.0,2.0,0.5,7500,1.3508272334785483,2.2378474649740383,7500
alpha_2.0,alpha,2.0,24,19,2.0,2.0,0.5,7500,1.3508272334785483,2.235361405997537,7500
alpha_2.0,alpha,2.0,25,0,2.0,2.0,0.5,7500,1.9406169918137253,3.3430467779980972,7500
alpha_2.0,alpha,2.0,25,1,2.0,2.0,0.5,7500,1.9406169918137253,3.5347968341084197,7500
alpha_2.0,alpha,2.0,25,2,2.0,2.0,0.5,7500,1.9406169918137253,3.5204853849718347,7500
alpha_2.0,alpha,2.0,25,3,2.0,2.0,0.5,7500,1.9406169918137253,3.4088668830227107,7500
alpha_2.0,alpha,2.0,25,4,2.0,2.0,0.5,7500,1.9406169918137253,3.352937077987008,7500
alpha_2.0,alpha,2.0,25,5,2.0,2.0,0.5,7500,1.9406169918137253,3.309517710004002,7500
alpha_2.0,alpha,2.0,25,6,2.0,2.0,0.5,7500,1.9406169918137253,3.3045945699559525,7500
alpha_2.0,alpha,2.0,25,7,2.0,2.0,0.5,7500,1.9406169918137253,3.2768871940206736,7500
alpha_2.0,alpha,2.0,25,8,2.0,2.0,0.5,7500,1.9406169918137253,3.3860641890205443,7500
alpha_2.0,alpha,2.0,25,9,2.0,2.0,0.5,7500,1.9406169918137253,3.3182609759969637,7500
alpha_2.0,alpha,2.0,25,10,2.0,2.0,0.5,7500,1.9406169918137253,3.337907158071175,7500
alpha_2.0,alpha,2.0,25,11,2.0,2.0,0.5,7500,1.9406169918137253,3.3823007490718737,7500
alpha_2.0,alpha,2.0,25,12,2.0,2.0,0.5,7500,1.9406169918137253,3.371304559055716,7500
alpha_2.0,alpha,2.0,25,13,2.0,2.0,0.5,7500,1.9406169918137253,3.5178934489376843,7500
alpha_2.0,alpha,2.0,25,14,2.0,2.0,0.5,7500,1.9406169918137253,3.298039607005194,7500
alpha_2.0,alpha,2.0,25,15,2.0,2.0,0.5,7500,1.9406169918137253,3.2939910179702565,7500
alpha_2.0,alpha,2.0,25,16,2.0,2.0,0.5,7500,1.9406169918137253,3.3825247370405123,7500
alpha_2.0,alpha,2.0,25,17,2.0,2.0,0.5,7500,1.9406169918137253,3.321660624933429,7500
alpha_2.0,alpha,2.0,25,18,2.0,2.0,0.5,7500,1.9406169918137253,3.26644501904957,7500
alpha_2.0,alpha,2.0,25,19,2.0,2.0,0.5,7500,1.9406169918137253,3.251873073983006,7500
alpha_2.0,alpha,2.0,26,0,2.0,2.0,0.5,7500,2.2337418668032214,5.668768350034952,7500
alpha_2.0,alpha,2.0,26,1,2.0,2.0,0.5,7500,2.218200980928021,5.759567998000421,7500
alpha_2.0,alpha,2.0,26,2,2.0,2.0,0.5,7500,2.218200980928021,5.880770277930424,7500
alpha_2.0,alpha,2.0,26,3,2.0,2.0,0.5,7500,2.218200980928021,5.754604083951563,7500
alpha_2.0,alpha,2.0,26,4,2.0,2.0,0.5,7500,2.218200980928021,5.668203904060647,7500
alpha_2.0,alpha,2.0,26,5,2.0,2.0,0.5,7500,2.218200980928021,5.6481091160094365,7500
alpha_2.0,alpha,2.0,26,6,2.0,2.0,0.5,7500,2.218200980928021,5.675543292076327,7500
alpha_2.0,alpha,2.0,26,7,2.0,2.0,0.5,7500,2.26273690211922,5.622736335033551,7500
alpha_2.0,alpha,2.0,26,8,2.0,2.0,0.5,7500,2.2337418668032214,5.776624012039974,7500
alpha_2.0,alpha,2.0,26,9,2.0,2.0,0.5,7500,2.218200980928021,5.710519427084364,7500
alpha_2.0,alpha,2.0,26,10,2.0,2.0,0.5,7500,2.218200980928021,5.666379960021004,7500
alpha_2.0,alpha,2.0,26,11,2.0,2.0,0.5,7500,2.218200980928021,5.770455278106965,7500
alpha_2.0,alpha,2.0,26,12,2.0,2.0,0.5,7500,2.2337418668032214,5.866732480935752,7500
alpha_2.0,alpha,2.0,26,13,2.0,2.0,0.5,7500,2.2337418668032214,5.519504452007823,7500
alpha_2.0,alpha,2.0,26,14,2.0,2.0,0.5,7500,2.218200980928021,5.626149903051555,7500
alpha_2.0,alpha,2.0,26,15,2.0,2.0,0.5,7500,2.218200980928021,5.748932845075615,7500
alpha_2.0,alpha,2.0,26,16,2.0,2.0,0.5,7500,2.218200980928021,5.757901609991677,7500
alpha_2.0,alpha,2.0,26,17,2.0,2.0,0.5,7500,2.218200980928021,5.661877136910334,7500
alpha_2.0,alpha,2.0,26,18,2.0,2.0,0.5,7500,2.218200980928021,5.608072175993584,7500
alpha_2.0,alpha,2.0,26,19,2.0,2.0,0.5,7500,2.218200980928021,5.548388628987595,7500
alpha_2.0,alpha,2.0,27,0,2.0,2.0,0.5,7500,1.9000621512377234,2.8449536790139973,7500
alpha_2.0,alpha,2.0,27,1,2.0,2.0,0.5,7500,1.9000621512377234,2.9483746570767835,7500
alpha_2.0,alpha,2.0,27,2,2.0,2.0,0.5,7500,1.9000621512377234,2.8571719579631463,7500
alpha_2.0,alpha,2.0,27,3,2.0,2.0,0.5,7500,1.928774443119894,2.8752297369064763,7500
alpha_2.0,alpha,2.0,27,4,2.0,2.0,0.5,7500,1.9000621512377234,2.931739810970612,7500
alpha_2.0,alpha,2.0,27,5,2.0,2.0,0.5,7500,1.9000621512377234,2.814184885006398,7500
alpha_2.0,alpha,2.0,27,6,2.0,2.0,0.5,7500,1.9000621512377234,2.776005379972048,7500
alpha_2.0,alpha,2.0,27,7,2.0,2.0,0.5,7500,1.9000621512377234,3.122023759991862,7500
alpha_2.0,alpha,2.0,27,8,2.0,2.0,0.5,7500,1.9000621512377234,2.830901921959594,7500
alpha_2.0,alpha,2.0,27,9,2.0,2.0,0.5,7500,1.9000621512377234,2.782245369045995,7500
alpha_2.0,alpha,2.0,27,10,2.0,2.0,0.5,7500,1.9000621512377234,3.0706739459419623,7500
alpha_2.0,alpha,2.0,27,11,2.0,2.0,0.5,7500,1.9000621512377234,2.898078675963916,7500
alpha_2.0,alpha,2.0,27,12,2.0,2.0,0.5,7500,1.9000621512377234,2.9162332720588893,7500
alpha_2.0,alpha,2.0,27,13,2.0,2.0,0.5,7500,1.9000621512377234,2.806905179983005,7500
alpha_2.0,alpha,2.0,27,14,2.0,2.0,0.5,7500,1.9000621512377234,2.8294578089844435,7500
alpha_2.0,alpha,2.0,27,15,2.0,2.0,0.5,7500,1.9000621512377234,2.8909878130070865,7500
alpha_2.0,alpha,2.0,27,16,2.0,2.0,0.5,7500,1.9000621512377234,2.8523108360823244,7500
alpha_2.0,alpha,2.0,27,17,2.0,2.0,0.5,7500,1.928774443119894,2.764647861942649,7500
alpha_2.0,alpha,2.0,27,18,2.0,2.0,0.5,7500,1.9000621512377234,2.9140543029643595,7500
alpha_2.0,alpha,2.0,27,19,2.0,2.0,0.5,7500,1.9000621512377234,2.7829360640607774,7500
alpha_2.0,alpha,2.0,28,0,2.0,2.0,0.5,7500,2.075186983843156,5.6406307419529185,7500
alpha_2.0,alpha,2.0,28,1,2.0,2.0,0.5,7500,2.0477446793319563,5.685146042029373,7500
alpha_2.0,alpha,2.0,28,2,2.0,2.0,0.5,7500,2.075186983843156,5.8384018200449646,7500
alpha_2.0,alpha,2.0,28,3,2.0,2.0,0.5,7500,2.047735168367851,5.767637284006923,7500
alpha_2.0,alpha,2.0,28,4,2.0,2.0,0.5,7500,2.047735168367851,5.869077885057777,7500
alpha_2.0,alpha,2.0,28,5,2.0,2.0,0.5,7500,2.025980418950708,5.742528801900335,7500
alpha_2.0,alpha,2.0,28,6,2.0,2.0,0.5,7500,2.025989929914813,5.616359121981077,7500
alpha_2.0,alpha,2.0,28,7,2.0,2.0,0.5,7500,2.025980418950708,5.539213337004185,7500
alpha_2.0,alpha,2.0,28,8,2.0,2.0,0.5,7500,2.0810571994065388,5.586627578013577,7500
alpha_2.0,alpha,2.0,28,9,2.0,2.0,0.5,7500,2.047735168367851,5.585176285007037,7500
alpha_2.0,alpha,2.0,28,10,2.0,2.0,0.5,7500,2.025980418950708,5.77258735394571,7500
alpha_2.0,alpha,2.0,28,11,2.0,2.0,0.5,7500,2.075186983843156,5.666276624077,7500
alpha_2.0,alpha,2.0,28,12,2.0,2.0,0.5,7500,2.025980418950708,5.543244272004813,7500
alpha_2.0,alpha,2.0,28,13,2.0,2.0,0.5,7500,2.025989929914813,5.79434265405871,7500
alpha_2.0,alpha,2.0,28,14,2.0,2.0,0.5,7500,2.025989929914813,5.792492824955843,7500
alpha_2.0,alpha,2.0,28,15,2.0,2.0,0.5,7500,2.075186983843156,5.829970790073276,7500
alpha_2.0,alpha,2.0,28,16,2.0,2.0,0.5,7500,2.025980418950708,5.814088696963154,7500
alpha_2.0,alpha,2.0,28,17,2.0,2.0,0.5,7500,2.025980418950708,5.554632329964079,7500
alpha_2.0,alpha,2.0,28,18,2.0,2.0,0.5,7500,2.025989929914813,5.590530204004608,7500
alpha_2.0,alpha,2.0,28,19,2.0,2.0,0.5,7500,2.0810571994065388,5.574267230927944,7500
alpha_2.0,alpha,2.0,29,0,2.0,2.0,0.5,7500,2.5089433821497114,11.345989271998405,7500
alpha_2.0,alpha,2.0,29,1,2.0,2.0,0.5,7500,2.5194549767303167,11.254245289950632,7500
alpha_2.0,alpha,2.0,29,2,2.0,2.0,0.5,7500,2.528211564545008,11.967828414984979,7500
alpha_2.0,alpha,2.0,29,3,2.0,2.0,0.5,7500,2.5185469193175045,11.324260546010919,7500
alpha_2.0,alpha,2.0,29,4,2.0,2.0,0.5,7500,2.516005552577852,11.625396364950575,7500
alpha_2.0,alpha,2.0,29,5,2.0,2.0,0.5,7500,2.517757877176658,11.486746225971729,7500
alpha_2.0,alpha,2.0,29,6,2.0,2.0,0.5,7500,2.5279543972157237,11.625776252010837,7500
alpha_2.0,alpha,2.0,29,7,2.0,2.0,0.5,7500,2.4917912704064307,11.307675910065882,7500
alpha_2.0,alpha,2.0,29,8,2.0,2.0,0.5,7500,2.5185469193175045,11.248880582046695,7500
alpha_2.0,alpha,2.0,29,9,2.0,2.0,0.5,7500,2.5554232143619515,11.389124333043583,7500
alpha_2.0,alpha,2.0,29,10,2.0,2.0,0.5,7500,2.5185469193175045,11.227056402014568,7500
alpha_2.0,alpha,2.0,29,11,2.0,2.0,0.5,7500,2.557891310750666,11.162729485076852,7500
alpha_2.0,alpha,2.0,29,12,2.0,2.0,0.5,7500,2.5185469193175045,11.606712089036591,7500
alpha_2.0,alpha,2.0,29,13,2.0,2.0,0.5,7500,2.536710985030414,11.644135954091325,7500
alpha_2.0,alpha,2.0,29,14,2.0,2.0,0.5,7500,2.5466666265472604,11.169662715983577,7500
alpha_2.0,alpha,2.0,29,15,2.0,2.0,0.5,7500,2.554178171315235,11.58788610692136,7500
alpha_2.0,alpha,2.0,29,16,2.0,2.0,0.5,7500,2.528211564545008,11.744493603007868,7500
alpha_2.0,alpha,2.0,29,17,2.0,2.0,0.5,7500,2.563585649213454,11.2255860370351,7500
alpha_2.0,alpha,2.0,29,18,2.0,2.0,0.5,7500,2.528211564545008,11.938713185023516,7500
alpha_2.0,alpha,2.0,29,19,2.0,2.0,0.5,7500,2.4917912704064307,11.499581890995614,7500
alpha_2.0,alpha,2.0,30,0,2.0,2.0,0.5,7500,1.955778070372509,6.847332627046853,7500
alpha_2.0,alpha,2.0,30,1,2.0,2.0,0.5,7500,1.9953091523008641,6.80785946897231,7500
alpha_2.0,alpha,2.0,30,2,2.0,2.0,0.5,7500,1.9361459895210615,6.70072943600826,7500
alpha_2.0,alpha,2.0,30,3,2.0,2.0,0.5,7500,1.9654791468987833,6.729619732010178,7500
alpha_2.0,alpha,2.0,30,4,2.0,2.0,0.5,7500,1.9732727629810076,7.025585809955373,7500
alpha_2.0,alpha,2.0,30,5,2.0,2.0,0.5,7500,1.964636982675153,6.663192312000319,7500
alpha_2.0,alpha,2.0,30,6,2.0,2.0,0.5,7500,1.9654791468987833,6.899289209977724,7500
alpha_2.0,alpha,2.0,30,7,2.0,2.0,0.5,7500,1.9654791468987833,6.8843984679551795,7500
alpha_2.0,alpha,2.0,30,8,2.0,2.0,0.5,7500,2.05669965406705,7.718279638909735,7500
alpha_2.0,alpha,2.0,30,9,2.0,2.0,0.5,7500,1.955778070372509,6.74460673192516,7500
alpha_2.0,alpha,2.0,30,10,2.0,2.0,0.5,7500,1.990144428327388,6.954655478009954,7500
alpha_2.0,alpha,2.0,30,11,2.0,2.0,0.5,7500,1.9578827361912485,6.837453582906164,7500
alpha_2.0,alpha,2.0,30,12,2.0,2.0,0.5,7500,1.9678300454616937,6.656311969971284,7500
alpha_2.0,alpha,2.0,30,13,2.0,2.0,0.5,7500,1.9337416810526524,6.704494562000036,7500
alpha_2.0,alpha,2.0,30,14,2.0,2.0,0.5,7500,1.9578827361912485,6.6743058799766,7500
alpha_2.0,alpha,2.0,30,15,2.0,2.0,0.5,7500,1.9578827361912485,6.928425935097039,7500
alpha_2.0,alpha,2.0,30,16,2.0,2.0,0.5,7500,2.0191849709747984,6.905108031933196,7500
alpha_2.0,alpha,2.0,30,17,2.0,2.0,0.5,7500,2.018145835577509,7.716655800002627,7500
alpha_2.0,alpha,2.0,30,18,2.0,2.0,0.5,7500,1.935846346871392,6.939080092939548,7500
alpha_2.0,alpha,2.0,30,19,2.0,2.0,0.5,7500,1.9470845427134211,7.003259500022978,7500
base,base,0.0,1,0,1.0,2.0,0.5,7500,1.7739991125114165,4.39603781607002,7500
base,base,0.0,1,1,1.0,2.0,0.5,7500,1.7739991125114165,4.897118189954199,7500
base,base,0.0,1,2,1.0,2.0,0.5,7500,1.7739991125114165,4.876475248020142,7500
base,base,0.0,1,3,1.0,2.0,0.5,7500,1.7739991125114165,4.517676535062492,7500
base,base,0.0,1,4,1.0,2.0,0.5,7500,1.7739991125114165,4.532786210998893,7500
base,base,0.0,1,5,1.0,2.0,0.5,7500,1.7739991125114165,4.480949553078972,7500
base,base,0.0,1,6,1.0,2.0,0.5,7500,1.7739991125114165,5.080699522048235,7500
base,base,0.0,1,7,1.0,2.0,0.5,7500,1.7739991125114165,4.529642862966284,7500
base,base,0.0,1,8,1.0,2.0,0.5,7500,1.7739991125114165,4.579080061987042,7500
base,base,0.0,1,9,1.0,2.0,0.5,7500,1.7739991125114165,4.540340070030652,7500
base,base,0.0,1,10,1.0,2.0,0.5,7500,1.7739991125114165,4.424753985018469,7500
base,base,0.0,1,11,1.0,2.0,0.5,7500,1.7739991125114165,5.06676255306229,7500
base,base,0.0,1,12,1.0,2.0,0.5,7500,1.7739991125114165,4.511032014037482,7500
base,base,0.0,1,13,1.0,2.0,0.5,7500,1.7739991125114165,4.494678949937224,7500
base,base,0.0,1,14,1.0,2.0,0.5,7500,1.7739991125114165,4.487390007008798,7500
base,base,0.0,1,15,1.0,2.0,0.5,7500,1.7739991125114165,4.499046274926513,7500
base,base,0.0,1,16,1.0,2.0,0.5,7500,1.7739991125114165,4.5621969369240105,7500
base,base,0.0,1,17,1.0,2.0,0.5,7500,1.7739991125114165,4.520234992960468,7500
base,base,0.0,1,18,1.0,2.0,0.5,7500,1.7739991125114165,4.549034953932278,7500
base,base,0.0,1,19,1.0,2.0,0.5,7500,1.7739991125114165,4.50378452707082,7500
base,base,0.0,2,0,1.0,2.0,0.5,7500,2.279975082456949,4.478369219927117,7500
base,base,0.0,2,1,1.0,2.0,0.5,7500,2.279975082456949,4.41089510906022,7500
base,base,0.0,2,2,1.0,2.0,0.5,7500,2.279975082456949,4.444522772915661,7500
base,base,0.0,2,3,1.0,2.0,0.5,7500,2.279975082456949,4.473859440069646,7500
base,base,0.0,2,4,1.0,2.0,0.5,7500,2.279975082456949,4.388594259973615,7500
base,base,0.0,2,5,1.0,2.0,0.5,7500,2.279975082456949,4.600497980020009,7500
base,base,0.0,2,6,1.0,2.0,0.5,7500,2.279975082456949,4.551850894931704,7500
base,base,0.0,2,7,1.0,2.0,0.5,7500,2.279975082456949,4.46897267003078,7500
base,base,0.0,2,8,1.0,2.0,0.5,7500,2.279975082456949,4.635548688005656,7500
base,base,0.0,2,9,1.0,2.0,0.5,7500,2.279975082456949,4.657331169000827,7500
base,base,0.0,2,10,1.0,2.0,0.5,7500,2.279975082456949,4.55322897201404,7500
base,base,0.0,2,11,1.0,2.0,0.5,7500,2.279975082456949,4.549202847993001,7500
base,base,0.0,2,12,1.0,2.0,0.5,7500,2.279975082456949,4.563090740935877,7500
base,base,0.0,2,13,1.0,2.0,0.5,7500,2.279975082456949,4.410261417971924,7500
base,base,0.0,2,14,1.0,2.0,0.5,7500,2.279975082456949,4.396825929987244,7500
base,base,0.0,2,15,1.0,2.0,0.5,7500,2.279975082456949,4.566503238049336,7500
base,base,0.0,2,16,1.0,2.0,0.5,7500,2.279975082456949,4.435014356044121,7500
base,base,0.0,2,17,1.0,2.0,0.5,7500,2.279975082456949,4.419130823109299,7500
base,base,0.0,2,18,1.0,2.0,0.5,7500,2.279975082456949,4.572275307029486,7500
base,base,0.0,2,19,1.0,2.0,0.5,7500,2.279975082456949,4.564441450987943,7500
base,base,0.0,3,0,1.0,2.0,0.5,7500,2.5554615909469742,6.521409777924418,7500
base,base,0.0,3,1,1.0,2.0,0.5,7500,2.5554615909469742,6.376245141029358,7500
base,base,0.0,3,2,1.0,2.0,0.5,7500,2.5554615909469742,6.626174264936708,7500
base,base,0.0,3,3,1.0,2.0,0.5,7500,2.5554615909469742,6.422752226004377,7500
base,base,0.0,3,4,1.0,2.0,0.5,7500,2.5554615909469742,6.422465465031564,7500
base,base,0.0,3,5,1.0,2.0,0.5,7500,2.5554615909469742,6.374087590025738,7500
base,base,0.0,3,6,1.0,2.0,0.5,7500,2.5554615909469742,6.439850192982704,7500
base,base,0.0,3,7,1.0,2.0,0.5,7500,2.5554615909469742,6.509355681948364,7500
base,base,0.0,3,8,1.0,2.0,0.5,7500,2.5773142587776494,6.488474839949049,7500
base,base,0.0,3,9,1.0,2.0,0.5,7500,2.5554615909469742,6.563311427948065,7500
base,base,0.0,3,10,1.0,2.0,0.5,7500,2.5554615909469742,6.719198981998488,7500
base,base,0.0,3,11,1.0,2.0,0.5,7500,2.5554615909469742,6.605729302042164,7500
base,base,0.0,3,12,1.0,2.0,0.5,7500,2.5554615909469742,6.409616113989614,7500
base,base,0.0,3,13,1.0,2.0,0.5,7500,2.5554615909469742,6.630471577052958,7500
base,base,0.0,3,14,1.0,2.0,0.5,7500,2.566419880972624,6.574538420070894,7500
base,base,0.0,3,15,1.0,2.0,0.5,7500,2.5554615909469742,6.423969716997817,7500
base,base,0.0,3,16,1.0,2.0,0.5,7500,2.5773142587776494,6.545997924986295,7500
base,base,0.0,3,17,1.0,2.0,0.5,7500,2.5554615909469742,6.710637571988627,7500
base,base,0.0,3,18,1.0,2.0,0.5,7500,2.5554615909469742,6.739418695913628,7500
base,base,0.0,3,19,1.0,2.0,0.5,7500,2.5554615909469742,6.589255220955238,7500
base,base,0.0,4,0,1.0,2.0,0.5,7500,2.1335996845890683,4.743722921935841,7500
base,base,0.0,4,1,1.0,2.0,0.5,7500,2.1336449325725337,4.838730301009491,7500
base,base,0.0,4,2,1.0,2.0,0.5,7500,2.1335996845890683,4.881800599046983,7500
base,base,0.0,4,3,1.0,2.0,0.5,7500,2.1335996845890683,5.111421213950962,7500
base,base,0.0,4,4,1.0,2.0,0.5,7500,2.1336449325725337,5.287393587990664,7500
base,base,0.0,4,5,1.0,2.0,0.5,7500,2.1335996845890683,4.790126488893293,7500
base,base,0.0,4,6,1.0,2.0,0.5,7500,2.1335996845890683,4.767063637962565,7500
base,base,0.0,4,7,1.0,2.0,0.5,7500,2.1336449325725337,4.763917917036451,7500
base,base,0.0,4,8,1.0,2.0,0.5,7500,2.1336449325725337,4.929095918894745,7500
base,base,0.0,4,9,1.0,2.0,0.5,7500,2.1335996845890683,4.885572404949926,7500
base,base,0.0,4,10,1.0,2.0,0.5,7500,2.1335996845890683,5.054549693013541,7500
base,base,0.0,4,11,1.0,2.0,0.5,7500,2.1336449325725337,4.927584399934858,7500
base,base,0.0,4,12,1.0,2.0,0.5,7500,2.1335996845890683,5.127869095071219,7500
base,base,0.0,4,13,1.0,2.0,0.5,7500,2.1335996845890683,4.980792267946526,7500
base,base,0.0,4,14,1.0,2.0,0.5,7500,2.1336449325725337,5.143981018918566,7500
base,base,0.0,4,15,1.0,2.0,0.5,7500,2.1335996845890683,5.081137284985744,7500
base,base,0.0,4,16,1.0,2.0,0.5,7500,2.1335996845890683,5.062520188977942,7500
base,base,0.0,4,17,1.0,2.0,0.5,7500,2.1335996845890683,4.988400179077871,7500
base,base,0.0,4,18,1.0,2.0,0.5,7500,2.1336449325725337,5.054741300060414,7500
base,base,0.0,4,19,1.0,2.0,0.5,7500,2.1336449325725337,5.038447423954494,7500
base,base,0.0,5,0,1.0,2.0,0.5,7500,1.865074221023855,4.834023901959881,7500
base,base,0.0,5,1,1.0,2.0,0.5,7500,1.865074221023855,4.8550745700486,7500
base,base,0.0,5,2,1.0,2.0,0.5,7500,1.865074221023855,4.863370176986791,7500
base,base,0.0,5,3,1.0,2.0,0.5,7500,1.865074221023855,4.828452041954733,7500
base,base,0.0,5,4,1.0,2.0,0.5,7500,1.865074221023855,4.818308523972519,7500
base,base,0.0,5,5,1.0,2.0,0.5,7500,1.865074221023855,4.815984367043711,7500
base,base,0.0,5,6,1.0,2.0,0.5,7500,1.865074221023855,4.783933249069378,7500
base,base,0.0,5,7,1.0,2.0,0.5,7500,1.865074221023855,4.88263938203454,7500
base,base,0.0,5,8,1.0,2.0,0.5,7500,1.865074221023855,4.869598987977952,7500
base,base,0.0,5,9,1.0,2.0,0.5,7500,1.865074221023855,4.841766480007209,7500
base,base,0.0,5,10,1.0,2.0,0.5,7500,1.865074221023855,4.924054156988859,7500
base,base,0.0,5,11,1.0,2.0,0.5,7500,1.865074221023855,4.918655030080117,7500
base,base,0.0,5,12,1.0,2.0,0.5,7500,1.865074221023855,4.966181779978797,7500
base,base,0.0,5,13,1.0,2.0,0.5,7500,1.865074221023855,5.023826515069231,7500
base,base,0.0,5,14,1.0,2.0,0.5,7500,1.865074221023855,5.008427954046056,7500
base,base,0.0,5,15,1.0,2.0,0.5,7500,1.865074221023855,5.002840602886863,7500
base,base,0.0,5,16,1.0,2.0,0.5,7500,1.865074221023855,4.963990597985685,7500
base,base,0.0,5,17,1.0,2.0,0.5,7500,1.865074221023855,5.006043229019269,7500
base,base,0.0,5,18,1.0,2.0,0.5,7500,1.865074221023855,5.155265187029727,7500
base,base,0.0,5,19,1.0,2.0,0.5,7500,1.865074221023855,5.022390056983568,7500
base,base,0.0,6,0,1.0,2.0,0.5,7500,1.756456461232624,4.438740213983692,7500
base,base,0.0,6,1,1.0,2.0,0.5,7500,1.756456461232624,4.392178424983285,7500
base,base,0.0,6,2,1.0,2.0,0.5,7500,1.756456461232624,4.455521194031462,7500
base,base,0.0,6,3,1.0,2.0,0.5,7500,1.756456461232624,4.483727202983573,7500
base,base,0.0,6,4,1.0,2.0,0.5,7500,1.756456461232624,4.39327940705698,7500
base,base,0.0,6,5,1.0,2.0,0.5,7500,1.756456461232624,4.584872879902832,7500
base,base,0.0,6,6,1.0,2.0,0.5,7500,1.756456461232624,4.428697020048276,7500
base,base,0.0,6,7,1.0,2.0,0.5,7500,1.756456461232624,4.365121740032919,7500
base,base,0.0,6,8,1.0,2.0,0.5,7500,1.756456461232624,4.764644486014731,7500
base,base,0.0,6,9,1.0,2.0,0.5,7500,1.756456461232624,5.156784042948857,7500
base,base,0.0,6,10,1.0,2.0,0.5,7500,1.756456461232624,4.55466815805994,7500
base,base,0.0,6,11,1.0,2.0,0.5,7500,1.756456461232624,4.707256093039177,7500
base,base,0.0,6,12,1.0,2.0,0.5,7500,1.756456461232624,4.572401719982736,7500
base,base,0.0,6,13,1.0,2.0,0.5,7500,1.756456461232624,4.583176312968135,7500
base,base,0.0,6,14,1.0,2.0,0.5,7500,1.756456461232624,4.626974258921109,7500
base,base,0.0,6,15,1.0,2.0,0.5,7500,1.756456461232624,6.378402204951271,7500
base,base,0.0,6,16,1.0,2.0,0.5,7500,1.756456461232624,4.637458786019124,7500
base,base,0.0,6,17,1.0,2.0,0.5,7500,1.756456461232624,4.708197238971479,7500
base,base,0.0,6,18,1.0,2.0,0.5,7500,1.756456461232624,4.517080338089727,7500
base,base,0.0,6,19,1.0,2.0,0.5,7500,1.756456461232624,4.647126811090857,7500
base,base,0.0,7,0,1.0,2.0,0.5,7500,1.8418822070973,3.1261746949749067,7500
base,base,0.0,7,1,1.0,2.0,0.5,7500,1.8418822070973,3.1267896499484777,7500
base,base,0.0,7,2,1.0,2.0,0.5,7500,1.8418822070973,3.080352102057077,7500
base,base,0.0,7,3,1.0,2.0,0.5,7500,1.8418822070973,3.1230219430290163,7500
base,base,0.0,7,4,1.0,2.0,0.5,7500,1.8418822070973,3.197170880972408,7500
base,base,0.0,7,5,1.0,2.0,0.5,7500,1.8418822070973,3.0969619400566444,7500
base,base,0.0,7,6,1.0,2.0,0.5,7500,1.8418822070973,3.123847901006229,7500
base,base,0.0,7,7,1.0,2.0,0.5,7500,1.8418822070973,3.217932887026109,7500
base,base,0.0,7,8,1.0,2.0,0.5,7500,1.8418822070973,3.3038953139912337,7500
base,base,0.0,7,9,1.0,2.0,0.5,7500,1.8418822070973,3.2174180370057,7500
base,base,0.0,7,10,1.0,2.0,0.5,7500,1.8418822070973,3.363199523999356,7500
base,base,0.0,7,11,1.0,2.0,0.5,7500,1.8418822070973,3.0978182120015845,7500
base,base,0.0,7,12,1.0,2.0,0.5,7500,1.8418822070973,3.359673677943647,7500
base,base,0.0,7,13,1.0,2.0,0.5,7500,1.8418822070973,3.351088537951,7500
base,base,0.0,7,14,1.0,2.0,0.5,7500,1.8418822070973,3.3165276310173795,7500
base,base,0.0,7,15,1.0,2.0,0.5,7500,1.8418822070973,3.3393215250689536,7500
base,base,0.0,7,16,1.0,2.0,0.5,7500,1.8418822070973,3.383355031022802,7500
base,base,0.0,7,17,1.0,2.0,0.5,7500,1.8418822070973,3.2493984199827537,7500
base,base,0.0,7,18,1.0,2.0,0.5,7500,1.8418822070973,3.27491082099732,7500
base,base,0.0,7,19,1.0,2.0,0.5,7500,1.8418822070973,3.115650371997617,7500
base,base,0.0,8,0,1.0,2.0,0.5,7500,2.4314289960780373,7.541380319045857,7500
base,base,0.0,8,1,1.0,2.0,0.5,7500,2.4314289960780373,7.655722921015695,7500
base,base,0.0,8,2,1.0,2.0,0.5,7500,2.4314289960780373,7.611615953035653,7500
base,base,0.0,8,3,1.0,2.0,0.5,7500,2.4314289960780373,7.527751018060371,7500
base,base,0.0,8,4,1.0,2.0,0.5,7500,2.4314289960780373,7.544560458976775,7500
base,base,0.0,8,5,1.0,2.0,0.5,7500,2.4314289960780373,7.630894253961742,7500
base,base,0.0,8,6,1.0,2.0,0.5,7500,2.4314289960780373,7.501560332020745,7500
base,base,0.0,8,7,1.0,2.0,0.5,7500,2.4314289960780373,7.75690176396165,7500
base,base,0.0,8,8,1.0,2.0,0.5,7500,2.4314289960780373,7.737829504068941,7500
base,base,0.0,8,9,1.0,2.0,0.5,7500,2.4314289960780373,7.710210644989274,7500
base,base,0.0,8,10,1.0,2.0,0.5,7500,2.4352585724179385,7.518872680957429,7500
base,base,0.0,8,11,1.0,2.0,0.5,7500,2.4314289960780373,7.821877917973325,7500
base,base,0.0,8,12,1.0,2.0,0.5,7500,2.4314289960780373,7.873846611939371,7500
base,base,0.0,8,13,1.0,2.0,0.5,7500,2.4314289960780373,7.784849438001402,7500
base,base,0.0,8,14,1.0,2.0,0.5,7500,2.4314289960780373,7.898619093000889,7500
base,base,0.0,8,15,1.0,2.0,0.5,7500,2.4314289960780373,7.864441058016382,7500
base,base,0.0,8,16,1.0,2.0,0.5,7500,2.4314289960780373,7.778456886066124,7500
base,base,0.0,8,17,1.0,2.0,0.5,7500,2.4314289960780373,7.757044726982713,7500
base,base,0.0,8,18,1.0,2.0,0.5,7500,2.4314289960780373,7.901567275053821,7500
base,base,0.0,8,19,1.0,2.0,0.5,7500,2.4314289960780373,7.507823783904314,7500
base,base,0.0,9,0,1.0,2.0,0.5,7500,2.412200655412025,5.241623214096762,7500
base,base,0.0,9,1,1.0,2.0,0.5,7500,2.412200655412025,5.189091759035364,7500
base,base,0.0,9,2,1.0,2.0,0.5,7500,2.412200655412025,5.2368073869729415,7500
base,base,0.0,9,3,1.0,2.0,0.5,7500,2.412200655412025,5.218710800050758,7500
base,base,0.0,9,4,1.0,2.0,0.5,7500,2.412200655412025,5.2001782869920135,7500
base,base,0.0,9,5,1.0,2.0,0.5,7500,2.412200655412025,5.173700912040658,7500
base,base,0.0,9,6,1.0,2.0,0.5,7500,2.412200655412025,5.090684005990624,7500
base,base,0.0,9,7,1.0,2.0,0.5,7500,2.412200655412025,5.275731556001119,7500
base,base,0.0,9,8,1.0,2.0,0.5,7500,2.412200655412025,5.233264248003252,7500
base,base,0.0,9,9,1.0,2.0,0.5,7500,2.412200655412025,5.340082212002017,7500
base,base,0.0,9,10,1.0,2.0,0.5,7500,2.412200655412025,5.162787784007378,7500
base,base,0.0,9,11,1.0,2.0,0.5,7500,2.412200655412025,5.36453924595844,7500
base,base,0.0,9,12,1.0,2.0,0.5,7500,2.412200655412025,5.339987995917909,7500
base,base,0.0,9,13,1.0,2.0,0.5,7500,2.412200655412025,5.301262330962345,7500
base,base,0.0,9,14,1.0,2.0,0.5,7500,2.412200655412025,5.29195558198262,7500
base,base,0.0,9,15,1.0,2.0,0.5,7500,2.412200655412025,5.362922803964466,7500
base,base,0.0,9,16,1.0,2.0,0.5,7500,2.412200655412025,5.331410818034783,7500
base,base,0.0,9,17,1.0,2.0,0.5,7500,2.412200655412025,5.3370470139198005,7500
base,base,0.0,9,18,1.0,2.0,0.5,7500,2.412200655412025,5.119874297990464,7500
base,base,0.0,9,19,1.0,2.0,0.5,7500,2.412200655412025,5.345894983038306,7500
base,base,0.0,10,0,1.0,2.0,0.5,7500,2.284792664659961,4.921947716968134,7500
base,base,0.0,10,1,1.0,2.0,0.5,7500,2.3140252728719384,4.376083430019207,7500
base,base,0.0,10,2,1.0,2.0,0.5,7500,2.284792664659961,4.474586938042194,7500
base,base,0.0,10,3,1.0,2.0,0.5,7500,2.3140252728719384,4.460929748951457,7500
base,base,0.0,10,4,1.0,2.0,0.5,7500,2.3140252728719384,4.480029069003649,7500
base,base,0.0,10,5,1.0,2.0,0.5,7500,2.284792664659961,4.406301834038459,7500
base,base,0.0,10,6,1.0,2.0,0.5,7500,2.3140252728719384,4.802967356983572,7500
base,base,0.0,10,7,1.0,2.0,0.5,7500,2.3140252728719384,5.014308240031824,7500
base,base,0.0,10,8,1.0,2.0,0.5,7500,2.284792664659961,4.663482696982101,7500
base,base,0.0,10,9,1.0,2.0,0.5,7500,2.284792664659961,4.4849943080917,7500
base,base,0.0,10,10,1.0,2.0,0.5,7500,2.284792664659961,4.616626193979755,7500
base,base,0.0,10,11,1.0,2.0,0.5,7500,2.284792664659961,4.673281410941854,7500
base,base,0.0,10,12,1.0,2.0,0.5,7500,2.3140252728719384,4.772051410051063,7500
base,base,0.0,10,13,1.0,2.0,0.5,7500,2.284792664659961,5.255120287998579,7500
base,base,0.0,10,14,1.0,2.0,0.5,7500,2.284792664659961,4.539880088996142,7500
base,base,0.0,10,15,1.0,2.0,0.5,7500,2.284792664659961,4.6949896269943565,7500
base,base,0.0,10,16,1.0,2.0,0.5,7500,2.284792664659961,4.695118848001584,7500
base,base,0.0,10,17,1.0,2.0,0.5,7500,2.3140252728719384,5.161592137999833,7500
base,base,0.0,10,18,1.0,2.0,0.5,7500,2.284792664659961,4.713842579047196,7500
base,base,0.0,10,19,1.0,2.0,0.5,7500,2.3140252728719384,4.687462217058055,7500
base,base,0.0,11,0,1.0,2.0,0.5,7500,2.724613222909853,4.560142231988721,7500
base,base,0.0,11,1,1.0,2.0,0.5,7500,2.8321930686067613,4.445767611963674,7500
base,base,0.0,11,2,1.0,2.0,0.5,7500,2.6881673361169907,4.3527196870418265,7500
base,base,0.0,11,3,1.0,2.0,0.5,7500,2.782425103851911,4.438822429976426,7500
base,base,0.0,11,4,1.0,2.0,0.5,7500,2.6881673361169907,4.429056201945059,7500
base,base,0.0,11,5,1.0,2.0,0.5,7500,2.694971670426138,4.611882264027372,7500
base,base,0.0,11,6,1.0,2.0,0.5,7500,2.8321930686067613,4.35801381804049,7500
base,base,0.0,11,7,1.0,2.0,0.5,7500,2.7982154383869875,4.522136184968986,7500
base,base,0.0,11,8,1.0,2.0,0.5,7500,2.782425103851911,4.348063461948186,7500
base,base,0.0,11,9,1.0,2.0,0.5,7500,2.694971670426138,4.452961659990251,7500
base,base,0.0,11,10,1.0,2.0,0.5,7500,2.866604229159078,4.552730806986801,7500
base,base,0.0,11,11,1.0,2.0,0.5,7500,2.7982154383869875,4.524473602999933,7500
base,base,0.0,11,12,1.0,2.0,0.5,7500,2.694971670426138,4.510171917034313,7500
base,base,0.0,11,13,1.0,2.0,0.5,7500,2.724613222909853,4.509262453997508,7500
base,base,0.0,11,14,1.0,2.0,0.5,7500,2.694971670426138,4.490514038014226,7500
base,base,0.0,11,15,1.0,2.0,0.5,7500,2.7982154383869875,4.512113531003706,7500
base,base,0.0,11,16,1.0,2.0,0.5,7500,2.7982154383869875,4.536892683012411,7500
base,base,0.0,11,17,1.0,2.0,0.5,7500,2.7982154383869875,4.546468844055198,7500
base,base,0.0,11,18,1.0,2.0,0.5,7500,2.694971670426138,4.537257918040268,7500
base,base,0.0,11,19,1.0,2.0,0.5,7500,2.821052656561556,4.539086180971935,7500
base,base,0.0,12,0,1.0,2.0,0.5,7500,1.426348466542236,5.958153699990362,7500
base,base,0.0,12,1,1.0,2.0,0.5,7500,1.426348466542236,5.841108214925043,7500
base,base,0.0,12,2,1.0,2.0,0.5,7500,1.426348466542236,5.959127963986248,7500
base,base,0.0,12,3,1.0,2.0,0.5,7500,1.439743516359057,5.917925218935125,7500
base,base,0.0,12,4,1.0,2.0,0.5,7500,1.4400682975484465,5.995472562033683,7500
base,base,0.0,12,5,1.0,2.0,0.5,7500,1.4629409667745168,5.968971905997023,7500
base,base,0.0,12,6,1.0,2.0,0.5,7500,1.426348466542236,5.928068977897056,7500
base,base,0.0,12,7,1.0,2.0,0.5,7500,1.4260236853528467,5.881809982005507,7500
base,base,0.0,12,8,1.0,2.0,0.5,7500,1.426348466542236,5.979348834021948,7500
base,base,0.0,12,9,1.0,2.0,0.5,7500,1.426348466542236,6.046824406948872,7500
base,base,0.0,12,10,1.0,2.0,0.5,7500,1.4629409667745168,6.086153317941353,7500
base,base,0.0,12,11,1.0,2.0,0.5,7500,1.4400682975484465,5.968004185939208,7500
base,base,0.0,12,12,1.0,2.0,0.5,7500,1.426348466542236,6.16566080506891,7500
base,base,0.0,12,13,1.0,2.0,0.5,7500,1.426348466542236,6.179422326036729,7500
base,base,0.0,12,14,1.0,2.0,0.5,7500,1.4400682975484465,6.127443111967295,7500
base,base,0.0,12,15,1.0,2.0,0.5,7500,1.4629409667745168,6.16854553995654,7500
base,base,0.0,12,16,1.0,2.0,0.5,7500,1.426348466542236,6.129199391929433,7500
base,base,0.0,12,17,1.0,2.0,0.5,7500,1.4400682975484465,6.029474626062438,7500
base,base,0.0,12,18,1.0,2.0,0.5,7500,1.4400682975484465,6.243313315906562,7500
base,base,0.0,12,19,1.0,2.0,0.5,7500,1.4260236853528467,6.183595974114724,7500
base,base,0.0,13,0,1.0,2.0,0.5,7500,2.026911186852802,4.390054763061926,7500
base,base,0.0,13,1,1.0,2.0,0.5,7500,2.064340106337574,4.368926921044476,7500
base,base,0.0,13,2,1.0,2.0,0.5,7500,2.026911186852802,4.563994314987212,7500
base,base,0.0,13,3,1.0,2.0,0.5,7500,2.026911186852802,4.396573459962383,7500
base,base,0.0,13,4,1.0,2.0,0.5,7500,2.026911186852802,4.412055080989376,7500
base,base,0.0,13,5,1.0,2.0,0.5,7500,2.026911186852802,4.30625875107944,7500
base,base,0.0,13,6,1.0,2.0,0.5,7500,2.026911186852802,4.391158403945155,7500
base,base,0.0,13,7,1.0,2.0,0.5,7500,2.026911186852802,4.374288193997927,7500
base,base,0.0,13,8,1.0,2.0,0.5,7500,2.026911186852802,4.426870465045795,7500
base,base,0.0,13,9,1.0,2.0,0.5,7500,2.026911186852802,4.471482034074143,7500
base,base,0.0,13,10,1.0,2.0,0.5,7500,2.026911186852802,4.478246983955614,7500
base,base,0.0,13,11,1.0,2.0,0.5,7500,2.064340106337574,4.387163827079348,7500
base,base,0.0,13,12,1.0,2.0,0.5,7500,2.026911186852802,4.976298946072348,7500
base,base,0.0,13,13,1.0,2.0,0.5,7500,2.064340106337574,4.513380421092734,7500
base,base,0.0,13,14,1.0,2.0,0.5,7500,2.026911186852802,4.503168627037667,7500
base,base,0.0,13,15,1.0,2.0,0.5,7500,2.026911186852802,4.609549149987288,7500
base,base,0.0,13,16,1.0,2.0,0.5,7500,2.064340106337574,4.888224318972789,7500
base,base,0.0,13,17,1.0,2.0,0.5,7500,2.064340106337574,4.545039574964903,7500
base,base,0.0,13,18,1.0,2.0,0.5,7500,2.026911186852802,4.517991789034568,7500
base,base,0.0,13,19,1.0,2.0,0.5,7500,2.064340106337574,4.520554770948365,7500
base,base,0.0,14,0,1.0,2.0,0.5,7500,1.067134550587395,1.9697203889954835,7500
base,base,0.0,14,1,1.0,2.0,0.5,7500,1.067134550587395,1.9934613660443572,7500
base,base,0.0,14,2,1.0,2.0,0.5,7500,1.067134550587395,1.978273981017992,7500
base,base,0.0,14,3,1.0,2.0,0.5,7500,1.067134550587395,2.05789433803875,7500
base,base,0.0,14,4,1.0,2.0,0.5,7500,1.067134550587395,1.9697409749496728,7500
base,base,0.0,14,5,1.0,2.0,0.5,7500,1.067134550587395,1.9961617939407008,7500
base,base,0.0,14,6,1.0,2.0,0.5,7500,1.067134550587395,2.042342350934632,7500
base,base,0.0,14,7,1.0,2.0,0.5,7500,1.067134550587395,2.0064709979342297,7500
base,base,0.0,14,8,1.0,2.0,0.5,7500,1.067134550587395,2.0062470469856635,7500
base,base,0.0,14,9,1.0,2.0,0.5,7500,1.067134550587395,2.093483450007625,7500
base,base,0.0,14,10,1.0,2.0,0.5,7500,1.067134550587395,2.1045063530327752,7500
base,base,0.0,14,11,1.0,2.0,0.5,7500,1.067134550587395,2.029215138987638,7500
base,base,0.0,14,12,1.0,2.0,0.5,7500,1.067134550587395,2.004624034045264,7500
base,base,0.0,14,13,1.0,2.0,0.5,7500,1.067134550587395,1.9349718060111627,7500
base,base,0.0,14,14,1.0,2.0,0.5,7500,1.067134550587395,2.028667491977103,7500
base,base,0.0,14,15,1.0,2.0,0.5,7500,1.067134550587395,1.972082757973112,7500
base,base,0.0,14,16,1.0,2.0,0.5,7500,1.067134550587395,2.0481957220472395,7500
base,base,0.0,14,17,1.0,2.0,0.5,7500,1.067134550587395,1.9778164809104053,7500
base,base,0.0,14,18,1.0,2.0,0.5,7500,1.067134550587395,2.042880862019956,7500
base,base,0.0,14,19,1.0,2.0,0.5,7500,1.067134550587395,2.017177164903842,7500
base,base,0.0,15,0,1.0,2.0,0.5,7500,2.112602871122433,3.64006545196753,7500
base,base,0.0,15,1,1.0,2.0,0.5,7500,2.112602871122433,3.6600496280007055,7500
base,base,0.0,15,2,1.0,2.0,0.5,7500,2.112602871122433,3.575179422972724,7500
base,base,0.0,15,3,1.0,2.0,0.5,7500,2.112602871122433,3.7319831179920575,7500
base,base,0.0,15,4,1.0,2.0,0.5,7500,2.112602871122433,3.713730196934194,7500
base,base,0.0,15,5,1.0,2.0,0.5,7500,2.112602871122433,3.7605433720164,7500
base,base,0.0,15,6,1.0,2.0,0.5,7500,2.112602871122433,3.6131413700059056,7500
base,base,0.0,15,7,1.0,2.0,0.5,7500,2.112602871122433,3.628645441960544,7500
base,base,0.0,15,8,1.0,2.0,0.5,7500,2.112602871122433,3.68395994999446,7500
base,base,0.0,15,9,1.0,2.0,0.5,7500,2.112602871122433,3.6273317120503634,7500
base,base,0.0,15,10,1.0,2.0,0.5,7500,2.112602871122433,3.707887017051689,7500
base,base,0.0,15,11,1.0,2.0,0.5,7500,2.112602871122433,3.61867611494381,7500
base,base,0.0,15,12,1.0,2.0,0.5,7500,2.112602871122433,3.6280521920416495,7500
base,base,0.0,15,13,1.0,2.0,0.5,7500,2.112602871122433,3.6333887089276686,7500
base,base,0.0,15,14,1.0,2.0,0.5,7500,2.112602871122433,3.761899899924174,7500
base,base,0.0,15,15,1.0,2.0,0.5,7500,2.112602871122433,3.644985552062281,7500
base,base,0.0,15,16,1.0,2.0,0.5,7500,2.112602871122433,3.741876848973334,7500
base,base,0.0,15,17,1.0,2.0,0.5,7500,2.112602871122433,3.829625566024333,7500
base,base,0.0,15,18,1.0,2.0,0.5,7500,2.112602871122433,3.630138500011526,7500
base,base,0.0,15,19,1.0,2.0,0.5,7500,2.112602871122433,3.739951184950769,7500
base,base,0.0,16,0,1.0,2.0,0.5,7500,2.159640501700675,6.730535285081714,7500
base,base,0.0,16,1,1.0,2.0,0.5,7500,2.159640501700675,7.143567083054222,7500
base,base,0.0,16,2,1.0,2.0,0.5,7500,2.159640501700675,7.012657902087085,7500
base,base,0.0,16,3,1.0,2.0,0.5,7500,2.159640501700675,7.060128231998533,7500
base,base,0.0,16,4,1.0,2.0,0.5,7500,2.163603088423454,7.021156933973543,7500
base,base,0.0,16,5,1.0,2.0,0.5,7500,2.159640501700675,6.756260794005357,7500
base,base,0.0,16,6,1.0,2.0,0.5,7500,2.159640501700675,7.250156708993018,7500
base,base,0.0,16,7,1.0,2.0,0.5,7500,2.163603088423454,6.808134788065217,7500
base,base,0.0,16,8,1.0,2.0,0.5,7500,2.159640501700675,6.776770471013151,7500
base,base,0.0,16,9,1.0,2.0,0.5,7500,2.1632901501485526,6.91219289903529,7500
base,base,0.0,16,10,1.0,2.0,0.5,7500,2.163603088423454,6.7497067409567535,7500
base,base,0.0,16,11,1.0,2.0,0.5,7500,2.159640501700675,7.125555793987587,7500
base,base,0.0,16,12,1.0,2.0,0.5,7500,2.159640501700675,6.892349218949676,7500
base,base,0.0,16,13,1.0,2.0,0.5,7500,2.1636030884234545,6.782245487091132,7500
base,base,0.0,16,14,1.0,2.0,0.5,7500,2.159640501700675,6.8957243979675695,7500
base,base,0.0,16,15,1.0,2.0,0.5,7500,2.159640501700675,6.804660063004121,7500
base,base,0.0,16,16,1.0,2.0,0.5,7500,2.159640501700675,6.847791314008646,7500
base,base,0.0,16,17,1.0,2.0,0.5,7500,2.159640501700675,7.026593709015288,7500
base,base,0.0,16,18,1.0,2.0,0.5,7500,2.1636030884234545,6.94557549606543,7500
base,base,0.0,16,19,1.0,2.0,0.5,7500,2.159640501700675,7.150803226977587,7500
base,base,0.0,17,0,1.0,2.0,0.5,7500,2.0100547196305705,2.7313358680112287,7500
base,base,0.0,17,1,1.0,2.0,0.5,7500,2.0100547196305705,2.7619694940513,7500
base,base,0.0,17,2,1.0,2.0,0.5,7500,2.0100547196305705,2.8802873239619657,7500
base,base,0.0,17,3,1.0,2.0,0.5,7500,2.0100547196305705,3.126135113998316,7500
base,base,0.0,17,4,1.0,2.0,0.5,7500,2.0100547196305705,2.934815458022058,7500
base,base,0.0,17,5,1.0,2.0,0.5,7500,2.0100547196305705,2.9911755939247087,7500
base,base,0.0,17,6,1.0,2.0,0.5,7500,2.0100547196305705,2.875550662050955,7500
base,base,0.0,17,7,1.0,2.0,0.5,7500,2.0100547196305705,2.837135631940328,7500
base,base,0.0,17,8,1.0,2.0,0.5,7500,2.0100547196305705,3.072437359020114,7500
base,base,0.0,17,9,1.0,2.0,0.5,7500,2.0100547196305705,2.8596139600267634,7500
base,base,0.0,17,10,1.0,2.0,0.5,7500,2.0100547196305705,2.803522718022577,7500
base,base,0.0,17,11,1.0,2.0,0.5,7500,2.0100547196305705,2.8997338889166717,7500
base,base,0.0,17,12,1.0,2.0,0.5,7500,2.0100547196305705,2.872283932985738,7500
base,base,0.0,17,13,1.0,2.0,0.5,7500,2.0100547196305705,2.8796833540545776,7500
base,base,0.0,17,14,1.0,2.0,0.5,7500,2.0100547196305705,2.846294749993831,7500
base,base,0.0,17,15,1.0,2.0,0.5,7500,2.0100547196305705,2.885992789058946,7500
base,base,0.0,17,16,1.0,2.0,0.5,7500,2.0100547196305705,2.900243178009987,7500
base,base,0.0,17,17,1.0,2.0,0.5,7500,2.0100547196305705,2.847945512970909,7500
base,base,0.0,17,18,1.0,2.0,0.5,7500,2.0100547196305705,2.9162506220163777,7500
base,base,0.0,17,19,1.0,2.0,0.5,7500,2.0100547196305705,3.330238395021297,7500
base,base,0.0,18,0,1.0,2.0,0.5,7500,2.7052757751641314,6.82556334300898,7500
base,base,0.0,18,1,1.0,2.0,0.5,7500,2.7052757751641314,6.774855399038643,7500
base,base,0.0,18,2,1.0,2.0,0.5,7500,2.7052757751641314,7.078291823971085,7500
base,base,0.0,18,3,1.0,2.0,0.5,7500,2.7052757751641314,7.425715187913738,7500
base,base,0.0,18,4,1.0,2.0,0.5,7500,2.7052757751641314,7.0597884360468015,7500
base,base,0.0,18,5,1.0,2.0,0.5,7500,2.7052757751641314,7.1096996100386605,7500
base,base,0.0,18,6,1.0,2.0,0.5,7500,2.7052757751641314,7.1052703119348735,7500
base,base,0.0,18,7,1.0,2.0,0.5,7500,2.7052757751641314,6.981630566995591,7500
base,base,0.0,18,8,1.0,2.0,0.5,7500,2.7052757751641314,6.926569232949987,7500
base,base,0.0,18,9,1.0,2.0,0.5,7500,2.7052757751641314,7.209529206040315,7500
base,base,0.0,18,10,1.0,2.0,0.5,7500,2.7052757751641314,6.859294971101917,7500
base,base,0.0,18,11,1.0,2.0,0.5,7500,2.7052757751641314,6.748009455041029,7500
base,base,0.0,18,12,1.0,2.0,0.5,7500,2.7052757751641314,6.794956983067095,7500
base,base,0.0,18,13,1.0,2.0,0.5,7500,2.7052757751641314,6.806707285926677,7500
base,base,0.0,18,14,1.0,2.0,0.5,7500,2.7052757751641314,6.848234074073844,7500
base,base,0.0,18,15,1.0,2.0,0.5,7500,2.7052757751641314,6.787599720992148,7500
base,base,0.0,18,16,1.0,2.0,0.5,7500,2.7052757751641314,6.864475390990265,7500
base,base,0.0,18,17,1.0,2.0,0.5,7500,2.7052757751641314,6.7803618079051375,7500
base,base,0.0,18,18,1.0,2.0,0.5,7500,2.7052757751641314,7.117664196994156,7500
base,base,0.0,18,19,1.0,2.0,0.5,7500,2.7052757751641314,7.111158041050658,7500
base,base,0.0,19,0,1.0,2.0,0.5,7500,1.908463713665149,2.3733922579558566,7500
base,base,0.0,19,1,1.0,2.0,0.5,7500,1.908463713665149,2.434221987030469,7500
base,base,0.0,19,2,1.0,2.0,0.5,7500,1.908463713665149,2.4065366549184546,7500
base,base,0.0,19,3,1.0,2.0,0.5,7500,1.908463713665149,2.43822867795825,7500
base,base,0.0,19,4,1.0,2.0,0.5,7500,1.908463713665149,2.4899151470744982,7500
base,base,0.0,19,5,1.0,2.0,0.5,7500,1.908463713665149,2.451299409964122,7500
base,base,0.0,19,6,1.0,2.0,0.5,7500,1.908463713665149,2.480695814010687,7500
base,base,0.0,19,7,1.0,2.0,0.5,7500,1.908463713665149,2.426818648003973,7500
base,base,0.0,19,8,1.0,2.0,0.5,7500,1.908463713665149,2.4484377100598067,7500
base,base,0.0,19,9,1.0,2.0,0.5,7500,1.908463713665149,2.434035785961896,7500
base,base,0.0,19,10,1.0,2.0,0.5,7500,1.908463713665149,2.4824508340097964,7500
base,base,0.0,19,11,1.0,2.0,0.5,7500,1.908463713665149,2.400347554939799,7500
base,base,0.0,19,12,1.0,2.0,0.5,7500,1.908463713665149,2.3748221640707925,7500
base,base,0.0,19,13,1.0,2.0,0.5,7500,1.908463713665149,2.347718605073169,7500
base,base,0.0,19,14,1.0,2.0,0.5,7500,1.908463713665149,2.368709791917354,7500
base,base,0.0,19,15,1.0,2.0,0.5,7500,1.908463713665149,2.43474427703768,7500
base,base,0.0,19,16,1.0,2.0,0.5,7500,1.908463713665149,2.3734792548930272,7500
base,base,0.0,19,17,1.0,2.0,0.5,7500,1.908463713665149,2.428495263098739,7500
base,base,0.0,19,18,1.0,2.0,0.5,7500,1.908463713665149,2.385416318080388,7500
base,base,0.0,19,19,1.0,2.0,0.5,7500,1.908463713665149,2.4830208639614284,7500
base,base,0.0,20,0,1.0,2.0,0.5,7500,2.169746843952334,4.215110103948973,7500
base,base,0.0,20,1,1.0,2.0,0.5,7500,2.169746843952334,4.982980647939257,7500
base,base,0.0,20,2,1.0,2.0,0.5,7500,2.169746843952334,4.111141137080267,7500
base,base,0.0,20,3,1.0,2.0,0.5,7500,2.169746843952334,4.195874458993785,7500
base,base,0.0,20,4,1.0,2.0,0.5,7500,2.169746843952334,4.526249426999129,7500
base,base,0.0,20,5,1.0,2.0,0.5,7500,2.169746843952334,4.187154088984244,7500
base,base,0.0,20,6,1.0,2.0,0.5,7500,2.169746843952334,4.245840633986518,7500
base,base,0.0,20,7,1.0,2.0,0.5,7500,2.169746843952334,4.161095065996051,7500
base,base,0.0,20,8,1.0,2.0,0.5,7500,2.169746843952334,4.105758872930892,7500
base,base,0.0,20,9,1.0,2.0,0.5,7500,2.169746843952334,4.186517226975411,7500
base,base,0.0,20,10,1.0,2.0,0.5,7500,2.169746843952334,4.053215411026031,7500
base,base,0.0,20,11,1.0,2.0,0.5,7500,2.169746843952334,4.397015908034518,7500
base,base,0.0,20,12,1.0,2.0,0.5,7500,2.169746843952334,4.043417580076493,7500
base,base,0.0,20,13,1.0,2.0,0.5,7500,2.169746843952334,4.06009850895498,7500
base,base,0.0,20,14,1.0,2.0,0.5,7500,2.169746843952334,3.9860208510654047,7500
base,base,0.0,20,15,1.0,2.0,0.5,7500,2.169746843952334,4.103564728982747,7500
base,base,0.0,20,16,1.0,2.0,0.5,7500,2.169746843952334,4.033051869948395,7500
base,base,0.0,20,17,1.0,2.0,0.5,7500,2.169746843952334,4.097386226989329,7500
base,base,0.0,20,18,1.0,2.0,0.5,7500,2.169746843952334,4.8476394090102986,7500
base,base,0.0,20,19,1.0,2.0,0.5,7500,2.169746843952334,4.084043830982409,7500
base,base,0.0,21,0,1.0,2.0,0.5,7500,2.207342884706021,2.9176520340843126,7500
base,base,0.0,21,1,1.0,2.0,0.5,7500,2.207342884706021,2.81030464801006,7500
base,base,0.0,21,2,1.0,2.0,0.5,7500,2.207342884706021,2.891708556911908,7500
base,base,0.0,21,3,1.0,2.0,0.5,7500,2.207342884706021,2.851063039037399,7500
base,base,0.0,21,4,1.0,2.0,0.5,7500,2.207342884706021,2.8701683760154992,7500
base,base,0.0,21,5,1.0,2.0,0.5,7500,2.207342884706021,2.8929544030688703,7500
base,base,0.0,21,6,1.0,2.0,0.5,7500,2.207342884706021,3.0403217650018632,7500
base,base,0.0,21,7,1.0,2.0,0.5,7500,2.207342884706021,2.850064566009678,7500
base,base,0.0,21,8,1.0,2.0,0.5,7500,2.207342884706021,3.115965101984329,7500
base,base,0.0,21,9,1.0,2.0,0.5,7500,2.207342884706021,3.08011771296151,7500
base,base,0.0,21,10,1.0,2.0,0.5,7500,2.207342884706021,2.7767752760555595,7500
base,base,0.0,21,11,1.0,2.0,0.5,7500,2.207342884706021,2.828234578948468,7500
base,base,0.0,21,12,1.0,2.0,0.5,7500,2.207342884706021,2.79226949706208,7500
base,base,0.0,21,13,1.0,2.0,0.5,7500,2.207342884706021,2.8680163179524243,7500
base,base,0.0,21,14,1.0,2.0,0.5,7500,2.207342884706021,2.8940591339487582,7500
base,base,0.0,21,15,1.0,2.0,0.5,7500,2.207342884706021,2.8566983120981604,7500
base,base,0.0,21,16,1.0,2.0,0.5,7500,2.207342884706021,2.9127167420228943,7500
base,base,0.0,21,17,1.0,2.0,0.5,7500,2.207342884706021,2.7668442559661344,7500
base,base,0.0,21,18,1.0,2.0,0.5,7500,2.207342884706021,2.757344712968916,7500
base,base,0.0,21,19,1.0,2.0,0.5,7500,2.207342884706021,2.819168689078652,7500
base,base,0.0,22,0,1.0,2.0,0.5,7500,0.6495626464756479,18.06479510408826,7500
base,base,0.0,22,1,1.0,2.0,0.5,7500,0.6495626464756479,17.584517342038453,7500
base,base,0.0,22,2,1.0,2.0,0.5,7500,0.6495626464756479,18.28015593998134,7500
base,base,0.0,22,3,1.0,2.0,0.5,7500,0.6495626464756479,17.911749257938936,7500
base,base,0.0,22,4,1.0,2.0,0.5,7500,0.6495626464756479,17.957571811042726,7500
base,base,0.0,22,5,1.0,2.0,0.5,7500,0.6495626464756479,17.97254595893901,7500
base,base,0.0,22,6,1.0,2.0,0.5,7500,0.6495626464756479,17.50432639301289,7500
base,base,0.0,22,7,1.0,2.0,0.5,7500,0.6495626464756479,18.312582098995332,7500
base,base,0.0,22,8,1.0,2.0,0.5,7500,0.6495626464756479,18.096459030988623,7500
base,base,0.0,22,9,1.0,2.0,0.5,7500,0.6495626464756479,17.512507133069448,7500
base,base,0.0,22,10,1.0,2.0,0.5,7500,0.6495626464756479,17.260265709017403,7500
base,base,0.0,22,11,1.0,2.0,0.5,7500,0.6495626464756479,18.033959463005885,7500
base,base,0.0,22,12,1.0,2.0,0.5,7500,0.6495626464756479,17.49260683497414,7500
base,base,0.0,22,13,1.0,2.0,0.5,7500,0.6495626464756479,17.512111584073864,7500
base,base,0.0,22,14,1.0,2.0,0.5,7500,0.6495626464756479,17.423789405962452,7500
base,base,0.0,22,15,1.0,2.0,0.5,7500,0.6495626464756479,17.769677581032738,7500
base,base,0.0,22,16,1.0,2.0,0.5,7500,0.6495626464756479,17.276760887005366,7500
base,base,0.0,22,17,1.0,2.0,0.5,7500,0.6495626464756479,17.329753660946153,7500
base,base,0.0,22,18,1.0,2.0,0.5,7500,0.6495626464756479,17.473763828049414,7500
base,base,0.0,22,19,1.0,2.0,0.5,7500,0.6495626464756479,17.70655230502598,7500
base,base,0.0,23,0,1.0,2.0,0.5,7500,2.01067302300028,1.8705342889297756,7500
base,base,0.0,23,1,1.0,2.0,0.5,7500,2.01067302300028,1.6663840499240905,7500
base,base,0.0,23,2,1.0,2.0,0.5,7500,2.01067302300028,1.6779464851133523,7500
base,base,0.0,23,3,1.0,2.0,0.5,7500,2.01067302300028,1.6106162959476933,7500
base,base,0.0,23,4,1.0,2.0,0.5,7500,2.01067302300028,1.860435289912857,7500
base,base,0.0,23,5,1.0,2.0,0.5,7500,2.01067302300028,1.724110801005736,7500
base,base,0.0,23,6,1.0,2.0,0.5,7500,2.01067302300028,1.594186263973825,7500
base,base,0.0,23,7,1.0,2.0,0.5,7500,2.01067302300028,1.6812557009980085,7500
base,base,0.0,23,8,1.0,2.0,0.5,7500,2.01067302300028,1.615997169050388,7500
base,base,0.0,23,9,1.0,2.0,0.5,7500,2.01067302300028,1.638858612976037,7500
base,base,0.0,23,10,1.0,2.0,0.5,7500,2.01067302300028,1.6841543139889836,7500
base,base,0.0,23,11,1.0,2.0,0.5,7500,2.01067302300028,1.6747086239047348,7500
base,base,0.0,23,12,1.0,2.0,0.5,7500,2.01067302300028,1.8526772980112585,7500
base,base,0.0,23,13,1.0,2.0,0.5,7500,2.01067302300028,1.786485317046754,7500
base,base,0.0,23,14,1.0,2.0,0.5,7500,2.01067302300028,1.7072020940249786,7500
base,base,0.0,23,15,1.0,2.0,0.5,7500,2.01067302300028,1.607550399028696,7500
base,base,0.0,23,16,1.0,2.0,0.5,7500,2.01067302300028,1.6326944549800828,7500
base,base,0.0,23,17,1.0,2.0,0.5,7500,2.01067302300028,1.735816122032702,7500
base,base,0.0,23,18,1.0,2.0,0.5,7500,2.01067302300028,1.624143796041608,7500
base,base,0.0,23,19,1.0,2.0,0.5,7500,2.01067302300028,1.6870341439498588,7500
base,base,0.0,24,0,1.0,2.0,0.5,7500,1.3508272334785485,1.7006794840563089,7500
base,base,0.0,24,1,1.0,2.0,0.5,7500,1.3508272334785485,1.7122060909168797,7500
base,base,0.0,24,2,1.0,2.0,0.5,7500,1.3508272334785485,1.736822490929626,7500
base,base,0.0,24,3,1.0,2.0,0.5,7500,1.3508272334785485,1.6661067550303414,7500
base,base,0.0,24,4,1.0,2.0,0.5,7500,1.3508272334785485,1.6800762169295922,7500
base,base,0.0,24,5,1.0,2.0,0.5,7500,1.3508272334785485,1.6656556339003146,7500
base,base,0.0,24,6,1.0,2.0,0.5,7500,1.3508272334785485,1.72744385804981,7500
base,base,0.0,24,7,1.0,2.0,0.5,7500,1.3508272334785485,1.7310533149866387,7500
base,base,0.0,24,8,1.0,2.0,0.5,7500,1.3508272334785485,1.807202882017009,7500
base,base,0.0,24,9,1.0,2.0,0.5,7500,1.3508272334785485,1.6465076740132645,7500
base,base,0.0,24,10,1.0,2.0,0.5,7500,1.3508272334785485,1.6553727589780465,7500
base,base,0.0,24,11,1.0,2.0,0.5,7500,1.3508272334785485,1.731283180997707,7500
base,base,0.0,24,12,1.0,2.0,0.5,7500,1.3508272334785485,1.757933680084534,7500
base,base,0.0,24,13,1.0,2.0,0.5,7500,1.3508272334785485,1.7277884379727766,7500
base,base,0.0,24,14,1.0,2.0,0.5,7500,1.3508272334785485,1.7094252760289237,7500
base,base,0.0,24,15,1.0,2.0,0.5,7500,1.3508272334785485,1.720955118071288,7500
base,base,0.0,24,16,1.0,2.0,0.5,7500,1.3508272334785485,1.6588175219949337,7500
base,base,0.0,24,17,1.0,2.0,0.5,7500,1.3508272334785485,1.910078692017123,7500
base,base,0.0,24,18,1.0,2.0,0.5,7500,1.3508272334785485,1.6750535890460014,7500
base,base,0.0,24,19,1.0,2.0,0.5,7500,1.3508272334785485,1.701639120001346,7500
base,base,0.0,25,0,1.0,2.0,0.5,7500,1.9406169918137253,2.507561599020846,7500
base,base,0.0,25,1,1.0,2.0,0.5,7500,1.9406169918137253,2.531458362005651,7500
base,base,0.0,25,2,1.0,2.0,0.5,7500,1.9406169918137253,2.502950442954898,7500
base,base,0.0,25,3,1.0,2.0,0.5,7500,1.9406169918137253,2.413598282961175,7500
base,base,0.0,25,4,1.0,2.0,0.5,7500,1.9406169918137253,2.450882792007178,7500
base,base,0.0,25,5,1.0,2.0,0.5,7500,1.9406169918137253,2.4017687391024083,7500
base,base,0.0,25,6,1.0,2.0,0.5,7500,1.9406169918137253,2.512930382974446,7500
base,base,0.0,25,7,1.0,2.0,0.5,7500,1.9406169918137253,2.4223807390080765,7500
base,base,0.0,25,8,1.0,2.0,0.5,7500,1.9406169918137253,2.463686952018179,7500
base,base,0.0,25,9,1.0,2.0,0.5,7500,1.9406169918137253,2.517952732043341,7500
base,base,0.0,25,10,1.0,2.0,0.5,7500,1.9406169918137253,2.449658417957835,7500
base,base,0.0,25,11,1.0,2.0,0.5,7500,1.9406169918137253,2.392045845044777,7500
base,base,0.0,25,12,1.0,2.0,0.5,7500,1.9406169918137253,2.461510010994971,7500
base,base,0.0,25,13,1.0,2.0,0.5,7500,1.9406169918137253,2.4091183410491794,7500
base,base,0.0,25,14,1.0,2.0,0.5,7500,1.9406169918137253,2.433421995025128,7500
base,base,0.0,25,15,1.0,2.0,0.5,7500,1.9406169918137253,2.590585155994632,7500
base,base,0.0,25,16,1.0,2.0,0.5,7500,1.9406169918137253,2.445784114068374,7500
base,base,0.0,25,17,1.0,2.0,0.5,7500,1.9406169918137253,2.484288781997748,7500
base,base,0.0,25,18,1.0,2.0,0.5,7500,1.9406169918137253,2.4418189979624003,7500
base,base,0.0,25,19,1.0,2.0,0.5,7500,1.9406169918137253,2.53666810807772,7500
base,base,0.0,26,0,1.0,2.0,0.5,7500,2.218200980928021,4.1310380139620975,7500
base,base,0.0,26,1,1.0,2.0,0.5,7500,2.218200980928021,4.142820242093876,7500
base,base,0.0,26,2,1.0,2.0,0.5,7500,2.218200980928021,4.30639796401374,7500
base,base,0.0,26,3,1.0,2.0,0.5,7500,2.218200980928021,4.206870200927369,7500
base,base,0.0,26,4,1.0,2.0,0.5,7500,2.218200980928021,4.01539454201702,7500
base,base,0.0,26,5,1.0,2.0,0.5,7500,2.218200980928021,4.185039639938623,7500
base,base,0.0,26,6,1.0,2.0,0.5,7500,2.218200980928021,4.181222078972496,7500
base,base,0.0,26,7,1.0,2.0,0.5,7500,2.218200980928021,4.19950693694409,7500
base,base,0.0,26,8,1.0,2.0,0.5,7500,2.218200980928021,4.386503007961437,7500
base,base,0.0,26,9,1.0,2.0,0.5,7500,2.218200980928021,4.403760764980689,7500
base,base,0.0,26,10,1.0,2.0,0.5,7500,2.218200980928021,4.240804993081838,7500
base,base,0.0,26,11,1.0,2.0,0.5,7500,2.218200980928021,4.22863764106296,7500
base,base,0.0,26,12,1.0,2.0,0.5,7500,2.218200980928021,4.084056535968557,7500
base,base,0.0,26,13,1.0,2.0,0.5,7500,2.218200980928021,4.253510706010275,7500
base,base,0.0,26,14,1.0,2.0,0.5,7500,2.218200980928021,4.197849668911658,7500
base,base,0.0,26,15,1.0,2.0,0.5,7500,2.218200980928021,4.062031944980845,7500
base,base,0.0,26,16,1.0,2.0,0.5,7500,2.218200980928021,4.33082732395269,7500
base,base,0.0,26,17,1.0,2.0,0.5,7500,2.218200980928021,4.026236423989758,7500
base,base,0.0,26,18,1.0,2.0,0.5,7500,2.218200980928021,5.416623972938396,7500
base,base,0.0,26,19,1.0,2.0,0.5,7500,2.218200980928021,4.30942254094407,7500
base,base,0.0,27,0,1.0,2.0,0.5,7500,1.9000621512377236,2.0855423810426146,7500
base,base,0.0,27,1,1.0,2.0,0.5,7500,1.9000621512377236,2.174415262066759,7500
base,base,0.0,27,2,1.0,2.0,0.5,7500,1.9000621512377236,2.001949205994606,7500
base,base,0.0,27,3,1.0,2.0,0.5,7500,1.9000621512377236,2.01262133999262,7500
base,base,0.0,27,4,1.0,2.0,0.5,7500,1.9000621512377236,2.0633818119531497,7500
base,base,0.0,27,5,1.0,2.0,0.5,7500,1.9000621512377236,2.0117049599066377,7500
base,base,0.0,27,6,1.0,2.0,0.5,7500,1.9000621512377236,2.1122617159271613,7500
base,base,0.0,27,7,1.0,2.0,0.5,7500,1.9000621512377236,2.021665040985681,7500
base,base,0.0,27,8,1.0,2.0,0.5,7500,1.9000621512377236,1.9994318190729248,7500
base,base,0.0,27,9,1.0,2.0,0.5,7500,1.9000621512377236,2.076806032913737,7500
base,base,0.0,27,10,1.0,2.0,0.5,7500,1.9000621512377236,2.054502582992427,7500
base,base,0.0,27,11,1.0,2.0,0.5,7500,1.9000621512377236,2.0710913999937475,7500
base,base,0.0,27,12,1.0,2.0,0.5,7500,1.9000621512377236,2.100200123968534,7500
base,base,0.0,27,13,1.0,2.0,0.5,7500,1.9000621512377236,2.0558235340286046,7500
base,base,0.0,27,14,1.0,2.0,0.5,7500,1.9000621512377236,2.1555209109792486,7500
base,base,0.0,27,15,1.0,2.0,0.5,7500,1.9000621512377236,2.1347677119774744,7500
base,base,0.0,27,16,1.0,2.0,0.5,7500,1.9000621512377236,2.1100555760785937,7500
base,base,0.0,27,17,1.0,2.0,0.5,7500,1.9000621512377236,2.0161988670006394,7500
base,base,0.0,27,18,1.0,2.0,0.5,7500,1.9000621512377236,1.9993233199929816,7500
base,base,0.0,27,19,1.0,2.0,0.5,7500,1.9000621512377236,2.1306072250008583,7500
base,base,0.0,28,0,1.0,2.0,0.5,7500,2.0477446793319563,4.087085103965364,7500
base,base,0.0,28,1,1.0,2.0,0.5,7500,2.025980418950708,4.214990690932609,7500
base,base,0.0,28,2,1.0,2.0,0.5,7500,2.025980418950708,4.039654828025959,7500
base,base,0.0,28,3,1.0,2.0,0.5,7500,2.025980418950708,4.106769692967646,7500
base,base,0.0,28,4,1.0,2.0,0.5,7500,2.025980418950708,4.050074118888006,7500
base,base,0.0,28,5,1.0,2.0,0.5,7500,2.025989929914813,4.152198939002119,7500
base,base,0.0,28,6,1.0,2.0,0.5,7500,2.025989929914813,4.178807193995453,7500
base,base,0.0,28,7,1.0,2.0,0.5,7500,2.025980418950708,4.153697166941129,7500
base,base,0.0,28,8,1.0,2.0,0.5,7500,2.025980418950708,4.122092547942884,7500
base,base,0.0,28,9,1.0,2.0,0.5,7500,2.025980418950708,4.265026389039122,7500
base,base,0.0,28,10,1.0,2.0,0.5,7500,2.025980418950708,4.641075880033895,7500
base,base,0.0,28,11,1.0,2.0,0.5,7500,2.025980418950708,4.127907395013608,7500
base,base,0.0,28,12,1.0,2.0,0.5,7500,2.025989929914813,4.266664916998707,7500
base,base,0.0,28,13,1.0,2.0,0.5,7500,2.025980418950708,4.190850986982696,7500
base,base,0.0,28,14,1.0,2.0,0.5,7500,2.025980418950708,3.994355689967051,7500
base,base,0.0,28,15,1.0,2.0,0.5,7500,2.025989929914813,4.241719666984864,7500
base,base,0.0,28,16,1.0,2.0,0.5,7500,2.025989929914813,4.157750896061771,7500
base,base,0.0,28,17,1.0,2.0,0.5,7500,2.025980418950708,4.293049158994108,7500
base,base,0.0,28,18,1.0,2.0,0.5,7500,2.025980418950708,3.9025921310530975,7500
base,base,0.0,28,19,1.0,2.0,0.5,7500,2.025989929914813,4.115346072008833,7500
base,base,0.0,29,0,1.0,2.0,0.5,7500,2.4917912704064307,8.33612528804224,7500
base,base,0.0,29,1,1.0,2.0,0.5,7500,2.5080353247368983,8.028056739945896,7500
base,base,0.0,29,2,1.0,2.0,0.5,7500,2.4908832129936185,8.136220487067476,7500
base,base,0.0,29,3,1.0,2.0,0.5,7500,2.508943382149712,9.010549805010667,7500
base,base,0.0,29,4,1.0,2.0,0.5,7500,2.511038097295691,8.203023735899478,7500
base,base,0.0,29,5,1.0,2.0,0.5,7500,2.4917912704064307,8.499070867081173,7500
base,base,0.0,29,6,1.0,2.0,0.5,7500,2.5080353247368983,8.534761981922202,7500
base,base,0.0,29,7,1.0,2.0,0.5,7500,2.4917912704064307,8.216766763944179,7500
base,base,0.0,29,8,1.0,2.0,0.5,7500,2.511038097295691,8.039308756007813,7500
base,base,0.0,29,9,1.0,2.0,0.5,7500,2.5185469193175045,8.324542590067722,7500
base,base,0.0,29,10,1.0,2.0,0.5,7500,2.5185469193175045,8.163773925974965,7500
base,base,0.0,29,11,1.0,2.0,0.5,7500,2.4917912704064307,8.533554341993295,7500
base,base,0.0,29,12,1.0,2.0,0.5,7500,2.5185469193175045,8.083846595021896,7500
base,base,0.0,29,13,1.0,2.0,0.5,7500,2.4917912704064307,8.476901309913956,7500
base,base,0.0,29,14,1.0,2.0,0.5,7500,2.4908832129936185,8.438628041069023,7500
base,base,0.0,29,15,1.0,2.0,0.5,7500,2.5185469193175045,8.154237624024972,7500
base,base,0.0,29,16,1.0,2.0,0.5,7500,2.508943382149712,8.41765437705908,7500
base,base,0.0,29,17,1.0,2.0,0.5,7500,2.5185469193175045,8.372307682060637,7500
base,base,0.0,29,18,1.0,2.0,0.5,7500,2.4917912704064307,8.210667500970885,7500
base,base,0.0,29,19,1.0,2.0,0.5,7500,2.4917912704064307,8.601613970007747,7500
base,base,0.0,30,0,1.0,2.0,0.5,7500,1.9337416810526524,4.946715144906193,7500
base,base,0.0,30,1,1.0,2.0,0.5,7500,1.9298467885369197,4.873825726099312,7500
base,base,0.0,30,2,1.0,2.0,0.5,7500,1.9337416810526524,5.915319132967852,7500
base,base,0.0,30,3,1.0,2.0,0.5,7500,1.935846346871392,5.026787912007421,7500
base,base,0.0,30,4,1.0,2.0,0.5,7500,1.936145989521061,4.975308337947354,7500
base,base,0.0,30,5,1.0,2.0,0.5,7500,1.9298467885369197,4.804974848055281,7500
base,base,0.0,30,6,1.0,2.0,0.5,7500,1.9337416810526524,4.844835438998416,7500
base,base,0.0,30,7,1.0,2.0,0.5,7500,1.9337416810526524,4.84387606207747,7500
base,base,0.0,30,8,1.0,2.0,0.5,7500,1.936145989521061,4.832036889041774,7500
base,base,0.0,30,9,1.0,2.0,0.5,7500,1.9298467885369197,4.960194236948155,7500
base,base,0.0,30,10,1.0,2.0,0.5,7500,1.936145989521061,4.853175001917407,7500
base,base,0.0,30,11,1.0,2.0,0.5,7500,1.9337416810526524,4.999680397915654,7500
base,base,0.0,30,12,1.0,2.0,0.5,7500,1.955778070372509,4.918076299945824,7500
base,base,0.0,30,13,1.0,2.0,0.5,7500,1.9298467885369197,5.135270123952068,7500
base,base,0.0,30,14,1.0,2.0,0.5,7500,1.936145989521061,5.180763712036423,7500
base,base,0.0,30,15,1.0,2.0,0.5,7500,1.936145989521061,5.117349811014719,7500
base,base,0.0,30,16,1.0,2.0,0.5,7500,1.936145989521061,5.097417378099635,7500
base,base,0.0,30,17,1.0,2.0,0.5,7500,1.9298467885369197,6.704177124076523,7500
base,base,0.0,30,18,1.0,2.0,0.5,7500,1.9298467885369197,5.039449671050534,7500
base,base,0.0,30,19,1.0,2.0,0.5,7500,1.9337416810526524,5.115674710017629,7500
beta_1.0,beta,1.0,1,0,1.0,1.0,0.5,7500,1.7739991125114165,6.245737610035576,7500
beta_1.0,beta,1.0,1,1,1.0,1.0,0.5,7500,1.7739991125114165,6.1133633750723675,7500
beta_1.0,beta,1.0,1,2,1.0,1.0,0.5,7500,1.7739991125114165,6.151093160035089,7500
beta_1.0,beta,1.0,1,3,1.0,1.0,0.5,7500,1.7739991125114165,6.144364555948414,7500
beta_1.0,beta,1.0,1,4,1.0,1.0,0.5,7500,1.7739991125114165,6.177942798938602,7500
beta_1.0,beta,1.0,1,5,1.0,1.0,0.5,7500,1.7739991125114165,6.126973096048459,7500
beta_1.0,beta,1.0,1,6,1.0,1.0,0.5,7500,1.7739991125114165,6.612179949064739,7500
beta_1.0,beta,1.0,1,7,1.0,1.0,0.5,7500,1.7739991125114165,6.274550440022722,7500
beta_1.0,beta,1.0,1,8,1.0,1.0,0.5,7500,1.7739991125114165,6.317808697000146,7500
beta_1.0,beta,1.0,1,9,1.0,1.0,0.5,7500,1.7739991125114165,6.096367288962938,7500
beta_1.0,beta,1.0,1,10,1.0,1.0,0.5,7500,1.7739991125114165,6.276517863036133,7500
beta_1.0,beta,1.0,1,11,1.0,1.0,0.5,7500,1.7739991125114165,6.129231511964463,7500
beta_1.0,beta,1.0,1,12,1.0,1.0,0.5,7500,1.7739991125114165,6.066534011042677,7500
beta_1.0,beta,1.0,1,13,1.0,1.0,0.5,7500,1.7739991125114165,6.138953484012745,7500
beta_1.0,beta,1.0,1,14,1.0,1.0,0.5,7500,1.7739991125114165,6.275884254020639,7500
beta_1.0,beta,1.0,1,15,1.0,1.0,0.5,7500,1.7739991125114165,7.61408708197996,7500
beta_1.0,beta,1.0,1,16,1.0,1.0,0.5,7500,1.7739991125114165,6.128729882999323,7500
beta_1.0,beta,1.0,1,17,1.0,1.0,0.5,7500,1.7739991125114165,6.305293194018304,7500
beta_1.0,beta,1.0,1,18,1.0,1.0,0.5,7500,1.7739991125114165,6.355781594989821,7500
beta_1.0,beta,1.0,1,19,1.0,1.0,0.5,7500,1.7739991125114165,6.1945658889599144,7500
beta_1.0,beta,1.0,2,0,1.0,1.0,0.5,7500,2.279975082456949,6.624848830979317,7500
beta_1.0,beta,1.0,2,1,1.0,1.0,0.5,7500,2.279975082456949,6.177678399020806,7500
beta_1.0,beta,1.0,2,2,1.0,1.0,0.5,7500,2.279975082456949,6.1736343370284885,7500
beta_1.0,beta,1.0,2,3,1.0,1.0,0.5,7500,2.279975082456949,6.214521536952816,7500
beta_1.0,beta,1.0,2,4,1.0,1.0,0.5,7500,2.279975082456949,6.2412211059127,7500
beta_1.0,beta,1.0,2,5,1.0,1.0,0.5,7500,2.279975082456949,6.1938091040356085,7500
beta_1.0,beta,1.0,2,6,1.0,1.0,0.5,7500,2.279975082456949,6.219565097009763,7500
beta_1.0,beta,1.0,2,7,1.0,1.0,0.5,7500,2.279975082456949,6.3462569549446926,7500
beta_1.0,beta,1.0,2,8,1.0,1.0,0.5,7500,2.279975082456949,6.438338348991238,7500
beta_1.0,beta,1.0,2,9,1.0,1.0,0.5,7500,2.279975082456949,6.350405146018602,7500
beta_1.0,beta,1.0,2,10,1.0,1.0,0.5,7500,2.279975082456949,6.427969540003687,7500
beta_1.0,beta,1.0,2,11,1.0,1.0,0.5,7500,2.279975082456949,6.1835128490347415,7500
beta_1.0,beta,1.0,2,12,1.0,1.0,0.5,7500,2.279975082456949,6.590017126989551,7500
beta_1.0,beta,1.0,2,13,1.0,1.0,0.5,7500,2.279975082456949,6.288715393980965,7500
beta_1.0,beta,1.0,2,14,1.0,1.0,0.5,7500,2.279975082456949,6.195706393918954,7500
beta_1.0,beta,1.0,2,15,1.0,1.0,0.5,7500,2.279975082456949,6.596529012895189,7500
beta_1.0,beta,1.0,2,16,1.0,1.0,0.5,7500,2.279975082456949,6.466405146988109,7500
beta_1.0,beta,1.0,2,17,1.0,1.0,0.5,7500,2.279975082456949,6.391109023010358,7500
beta_1.0,beta,1.0,2,18,1.0,1.0,0.5,7500,2.279975082456949,6.195453924010508,7500
beta_1.0,beta,1.0,2,19,1.0,1.0,0.5,7500,2.279975082456949,6.312008189968765,7500
beta_1.0,beta,1.0,3,0,1.0,1.0,0.5,7500,2.5554615909469742,8.990366945043206,7500
beta_1.0,beta,1.0,3,1,1.0,1.0,0.5,7500,2.5554615909469742,8.989566799951717,7500
beta_1.0,beta,1.0,3,2,1.0,1.0,0.5,7500,2.584574629456312,8.915287886979058,7500
beta_1.0,beta,1.0,3,3,1.0,1.0,0.5,7500,2.5554615909469742,8.886796999024227,7500
beta_1.0,beta,1.0,3,4,1.0,1.0,0.5,7500,2.5554615909469742,8.954422135953791,7500
beta_1.0,beta,1.0,3,5,1.0,1.0,0.5,7500,2.5554615909469742,8.915390715003014,7500
beta_1.0,beta,1.0,3,6,1.0,1.0,0.5,7500,2.5554615909469742,8.880341439973563,7500
beta_1.0,beta,1.0,3,7,1.0,1.0,0.5,7500,2.5554615909469742,9.162596905021928,7500
beta_1.0,beta,1.0,3,8,1.0,1.0,0.5,7500,2.5554615909469742,8.909932638984174,7500
beta_1.0,beta,1.0,3,9,1.0,1.0,0.5,7500,2.5554615909469742,9.060565960942768,7500
beta_1.0,beta,1.0,3,10,1.0,1.0,0.5,7500,2.5554615909469742,9.043208123999648,7500
beta_1.0,beta,1.0,3,11,1.0,1.0,0.5,7500,2.5554615909469742,8.961534175090492,7500
beta_1.0,beta,1.0,3,12,1.0,1.0,0.5,7500,2.5554615909469742,9.15139487804845,7500
beta_1.0,beta,1.0,3,13,1.0,1.0,0.5,7500,2.5554615909469742,9.238109260099009,7500
beta_1.0,beta,1.0,3,14,1.0,1.0,0.5,7500,2.5554615909469742,8.918819740996696,7500
beta_1.0,beta,1.0,3,15,1.0,1.0,0.5,7500,2.5554615909469742,9.318340340047143,7500
beta_1.0,beta,1.0,3,16,1.0,1.0,0.5,7500,2.584574629456312,9.243847778066993,7500
beta_1.0,beta,1.0,3,17,1.0,1.0,0.5,7500,2.5554615909469742,8.98580610298086,7500
beta_1.0,beta,1.0,3,18,1.0,1.0,0.5,7500,2.5554615909469742,9.238350154017098,7500
beta_1.0,beta,1.0,3,19,1.0,1.0,0.5,7500,2.5554615909469742,9.203158503980376,7500
beta_1.0,beta,1.0,4,0,1.0,1.0,0.5,7500,2.1335996845890683,6.669917504070327,7500
beta_1.0,beta,1.0,4,1,1.0,1.0,0.5,7500,2.1336449325725337,6.729412116925232,7500
beta_1.0,beta,1.0,4,2,1.0,1.0,0.5,7500,2.1335996845890683,6.7766387509182096,7500
beta_1.0,beta,1.0,4,3,1.0,1.0,0.5,7500,2.1335996845890683,6.680757725960575,7500
beta_1.0,beta,1.0,4,4,1.0,1.0,0.5,7500,2.1335996845890683,6.7033796209143475,7500
beta_1.0,beta,1.0,4,5,1.0,1.0,0.5,7500,2.1335996845890683,6.624462842009962,7500
beta_1.0,beta,1.0,4,6,1.0,1.0,0.5,7500,2.1335996845890683,6.637757105985656,7500
beta_1.0,beta,1.0,4,7,1.0,1.0,0.5,7500,2.1335996845890683,6.683714908896945,7500
beta_1.0,beta,1.0,4,8,1.0,1.0,0.5,7500,2.1335996845890683,6.7899312630761415,7500
beta_1.0,beta,1.0,4,9,1.0,1.0,0.5,7500,2.1335996845890683,6.898487629019655,7500
beta_1.0,beta,1.0,4,10,1.0,1.0,0.5,7500,2.1335996845890683,6.672679579933174,7500
beta_1.0,beta,1.0,4,11,1.0,1.0,0.5,7500,2.1335996845890683,7.368201822973788,7500
beta_1.0,beta,1.0,4,12,1.0,1.0,0.5,7500,2.1335996845890683,6.846841290942393,7500
beta_1.0,beta,1.0,4,13,1.0,1.0,0.5,7500,2.1335996845890683,6.573134239995852,7500
beta_1.0,beta,1.0,4,14,1.0,1.0,0.5,7500,2.1335996845890683,6.936899701016955,7500
beta_1.0,beta,1.0,4,15,1.0,1.0,0.5,7500,2.1335996845890683,6.875249449978583,7500
beta_1.0,beta,1.0,4,16,1.0,1.0,0.5,7500,2.1335996845890683,6.907393601024523,7500
beta_1.0,beta,1.0,4,17,1.0,1.0,0.5,7500,2.1335996845890683,6.623880525003187,7500
beta_1.0,beta,1.0,4,18,1.0,1.0,0.5,7500,2.1335996845890683,6.925645107985474,7500
beta_1.0,beta,1.0,4,19,1.0,1.0,0.5,7500,2.1335996845890683,6.9289353099884465,7500
beta_1.0,beta,1.0,5,0,1.0,1.0,0.5,7500,1.865074221023855,6.820109489024617,7500
beta_1.0,beta,1.0,5,1,1.0,1.0,0.5,7500,1.865074221023855,6.8552034290041775,7500
beta_1.0,beta,1.0,5,2,1.0,1.0,0.5,7500,1.8650742210238551,6.788217896944843,7500
beta_1.0,beta,1.0,5,3,1.0,1.0,0.5,7500,1.865074221023855,6.725366433034651,7500
beta_1.0,beta,1.0,5,4,1.0,1.0,0.5,7500,1.865074221023855,7.13347323006019,7500
beta_1.0,beta,1.0,5,5,1.0,1.0,0.5,7500,1.865074221023855,7.191290784976445,7500
beta_1.0,beta,1.0,5,6,1.0,1.0,0.5,7500,1.865074221023855,6.688744889921509,7500
beta_1.0,beta,1.0,5,7,1.0,1.0,0.5,7500,1.865074221023855,6.706164757953957,7500
beta_1.0,beta,1.0,5,8,1.0,1.0,0.5,7500,1.865074221023855,6.664296324015595,7500
beta_1.0,beta,1.0,5,9,1.0,1.0,0.5,7500,1.865074221023855,6.869618500000797,7500
beta_1.0,beta,1.0,5,10,1.0,1.0,0.5,7500,1.865074221023855,6.899316407972947,7500
beta_1.0,beta,1.0,5,11,1.0,1.0,0.5,7500,1.865074221023855,6.710686359088868,7500
beta_1.0,beta,1.0,5,12,1.0,1.0,0.5,7500,1.865074221023855,6.975726397009566,7500
beta_1.0,beta,1.0,5,13,1.0,1.0,0.5,7500,1.865074221023855,6.792608384042978,7500
beta_1.0,beta,1.0,5,14,1.0,1.0,0.5,7500,1.865074221023855,6.939753261045553,7500
beta_1.0,beta,1.0,5,15,1.0,1.0,0.5,7500,1.865074221023855,6.751830572029576,7500
beta_1.0,beta,1.0,5,16,1.0,1.0,0.5,7500,1.865074221023855,6.869681837968528,7500
beta_1.0,beta,1.0,5,17,1.0,1.0,0.5,7500,1.865074221023855,6.972987012006342,7500
beta_1.0,beta,1.0,5,18,1.0,1.0,0.5,7500,1.865074221023855,6.966893939068541,7500
beta_1.0,beta,1.0,5,19,1.0,1.0,0.5,7500,1.865074221023855,6.930109148030169,7500
beta_1.0,beta,1.0,6,0,1.0,1.0,0.5,7500,1.756456461232624,6.245480948011391,7500
beta_1.0,beta,1.0,6,1,1.0,1.0,0.5,7500,1.756456461232624,6.205597487045452,7500
beta_1.0,beta,1.0,6,2,1.0,1.0,0.5,7500,1.756456461232624,6.134093157015741,7500
beta_1.0,beta,1.0,6,3,1.0,1.0,0.5,7500,1.756456461232624,6.104139839997515,7500
beta_1.0,beta,1.0,6,4,1.0,1.0,0.5,7500,1.756456461232624,6.1025798610644415,7500
beta_1.0,beta,1.0,6,5,1.0,1.0,0.5,7500,1.756456461232624,6.110101769096218,7500
beta_1.0,beta,1.0,6,6,1.0,1.0,0.5,7500,1.756456461232624,6.094586799037643,7500
beta_1.0,beta,1.0,6,7,1.0,1.0,0.5,7500,1.756456461232624,6.200906154001132,7500
beta_1.0,beta,1.0,6,8,1.0,1.0,0.5,7500,1.756456461232624,6.173410504939966,7500
beta_1.0,beta,1.0,6,9,1.0,1.0,0.5,7500,1.756456461232624,6.159417640999891,7500
beta_1.0,beta,1.0,6,10,1.0,1.0,0.5,7500,1.756456461232624,6.283831748994999,7500
beta_1.0,beta,1.0,6,11,1.0,1.0,0.5,7500,1.756456461232624,6.352613465045579,7500
beta_1.0,beta,1.0,6,12,1.0,1.0,0.5,7500,1.756456461232624,6.385266092023812,7500
beta_1.0,beta,1.0,6,13,1.0,1.0,0.5,7500,1.756456461232624,6.240142749040388,7500
beta_1.0,beta,1.0,6,14,1.0,1.0,0.5,7500,1.756456461232624,6.392040588078089,7500
beta_1.0,beta,1.0,6,15,1.0,1.0,0.5,7500,1.756456461232624,6.24387806688901,7500
beta_1.0,beta,1.0,6,16,1.0,1.0,0.5,7500,1.756456461232624,6.288040813058615,7500
beta_1.0,beta,1.0,6,17,1.0,1.0,0.5,7500,1.756456461232624,6.354933161055669,7500
beta_1.0,beta,1.0,6,18,1.0,1.0,0.5,7500,1.756456461232624,6.379142501973547,7500
beta_1.0,beta,1.0,6,19,1.0,1.0,0.5,7500,1.756456461232624,6.373168190941215,7500
beta_1.0,beta,1.0,7,0,1.0,1.0,0.5,7500,1.8418822070973002,4.405765267089009,7500
beta_1.0,beta,1.0,7,1,1.0,1.0,0.5,7500,1.8418822070973002,4.337861884036101,7500
beta_1.0,beta,1.0,7,2,1.0,1.0,0.5,7500,1.8418822070973002,4.435767808929086,7500
beta_1.0,beta,1.0,7,3,1.0,1.0,0.5,7500,1.8418822070973002,4.372223907033913,7500
beta_1.0,beta,1.0,7,4,1.0,1.0,0.5,7500,1.8418822070973002,4.327235648990609,7500
beta_1.0,beta,1.0,7,5,1.0,1.0,0.5,7500,1.8418822070973002,4.340311159030534,7500
beta_1.0,beta,1.0,7,6,1.0,1.0,0.5,7500,1.8418822070973002,4.3337870800169185,7500
beta_1.0,beta,1.0,7,7,1.0,1.0,0.5,7500,1.8418822070973002,4.437377298949286,7500
beta_1.0,beta,1.0,7,8,1.0,1.0,0.5,7500,1.8418822070973002,4.45876478694845,7500
beta_1.0,beta,1.0,7,9,1.0,1.0,0.5,7500,1.8418822070973002,4.349677165970206,7500
beta_1.0,beta,1.0,7,10,1.0,1.0,0.5,7500,1.8418822070973002,4.533713340060785,7500
beta_1.0,beta,1.0,7,11,1.0,1.0,0.5,7500,1.8418822070973002,4.464684271020815,7500
beta_1.0,beta,1.0,7,12,1.0,1.0,0.5,7500,1.8418822070973002,4.3836049609817564,7500
beta_1.0,beta,1.0,7,13,1.0,1.0,0.5,7500,1.8418822070973002,4.473790933960117,7500
beta_1.0,beta,1.0,7,14,1.0,1.0,0.5,7500,1.8418822070973002,4.482066350989044,7500
beta_1.0,beta,1.0,7,15,1.0,1.0,0.5,7500,1.8418822070973002,4.472226145095192,7500
beta_1.0,beta,1.0,7,16,1.0,1.0,0.5,7500,1.8418822070973002,4.5077668310841545,7500
beta_1.0,beta,1.0,7,17,1.0,1.0,0.5,7500,1.8418822070973002,4.485029169009067,7500
beta_1.0,beta,1.0,7,18,1.0,1.0,0.5,7500,1.8418822070973002,4.511924203950912,7500
beta_1.0,beta,1.0,7,19,1.0,1.0,0.5,7500,1.8418822070973002,4.462469774065539,7500
beta_1.0,beta,1.0,8,0,1.0,1.0,0.5,7500,2.4314289960780373,10.72520693903789,7500
beta_1.0,beta,1.0,8,1,1.0,1.0,0.5,7500,2.4314289960780373,10.658464969019406,7500
beta_1.0,beta,1.0,8,2,1.0,1.0,0.5,7500,2.4314289960780373,10.704052514978684,7500
beta_1.0,beta,1.0,8,3,1.0,1.0,0.5,7500,2.4314289960780373,10.80915877292864,7500
beta_1.0,beta,1.0,8,4,1.0,1.0,0.5,7500,2.4314289960780373,10.84170319000259,7500
beta_1.0,beta,1.0,8,5,1.0,1.0,0.5,7500,2.4314289960780373,10.922740501933731,7500
beta_1.0,beta,1.0,8,6,1.0,1.0,0.5,7500,2.4314289960780373,10.718000901048072,7500
beta_1.0,beta,1.0,8,7,1.0,1.0,0.5,7500,2.445032142859417,10.718944700085558,7500
beta_1.0,beta,1.0,8,8,1.0,1.0,0.5,7500,2.4314289960780373,10.867831986979581,7500
beta_1.0,beta,1.0,8,9,1.0,1.0,0.5,7500,2.4314289960780373,10.827424373943359,7500
beta_1.0,beta,1.0,8,10,1.0,1.0,0.5,7500,2.435258572417939,11.306472945027053,7500
beta_1.0,beta,1.0,8,11,1.0,1.0,0.5,7500,2.4314289960780373,10.964576864033006,7500
beta_1.0,beta,1.0,8,12,1.0,1.0,0.5,7500,2.4314289960780373,10.75849846098572,7500
beta_1.0,beta,1.0,8,13,1.0,1.0,0.5,7500,2.4314289960780373,10.990978237008676,7500
beta_1.0,beta,1.0,8,14,1.0,1.0,0.5,7500,2.4352585724179385,11.147951785009354,7500
beta_1.0,beta,1.0,8,15,1.0,1.0,0.5,7500,2.4314289960780373,11.07739243505057,7500
beta_1.0,beta,1.0,8,16,1.0,1.0,0.5,7500,2.4314289960780373,10.998938617995009,7500
beta_1.0,beta,1.0,8,17,1.0,1.0,0.5,7500,2.4314289960780373,11.11157298902981,7500
beta_1.0,beta,1.0,8,18,1.0,1.0,0.5,7500,2.4314289960780373,11.196621734998189,7500
beta_1.0,beta,1.0,8,19,1.0,1.0,0.5,7500,2.4314289960780373,10.976234951987863,7500
beta_1.0,beta,1.0,9,0,1.0,1.0,0.5,7500,2.4122006554120246,7.35441366606392,7500
beta_1.0,beta,1.0,9,1,1.0,1.0,0.5,7500,2.4122006554120246,7.293728288961574,7500
beta_1.0,beta,1.0,9,2,1.0,1.0,0.5,7500,2.4122006554120246,7.209732556017116,7500
beta_1.0,beta,1.0,9,3,1.0,1.0,0.5,7500,2.4122006554120246,7.364672057097778,7500
beta_1.0,beta,1.0,9,4,1.0,1.0,0.5,7500,2.4122006554120246,7.21637710405048,7500
beta_1.0,beta,1.0,9,5,1.0,1.0,0.5,7500,2.4122006554120246,7.235613047028892,7500
beta_1.0,beta,1.0,9,6,1.0,1.0,0.5,7500,2.4122006554120246,7.524986532051116,7500
beta_1.0,beta,1.0,9,7,1.0,1.0,0.5,7500,2.4122006554120246,7.2883885990595445,7500
beta_1.0,beta,1.0,9,8,1.0,1.0,0.5,7500,2.4122006554120246,7.3197449169820175,7500
beta_1.0,beta,1.0,9,9,1.0,1.0,0.5,7500,2.4122006554120246,7.3193299669073895,7500
beta_1.0,beta,1.0,9,10,1.0,1.0,0.5,7500,2.4122006554120246,7.495809257030487,7500
beta_1.0,beta,1.0,9,11,1.0,1.0,0.5,7500,2.4122006554120246,7.3429352371022105,7500
beta_1.0,beta,1.0,9,12,1.0,1.0,0.5,7500,2.4122006554120246,7.2388516020728275,7500
beta_1.0,beta,1.0,9,13,1.0,1.0,0.5,7500,2.4122006554120246,7.561595920007676,7500
beta_1.0,beta,1.0,9,14,1.0,1.0,0.5,7500,2.4122006554120246,7.564117504982278,7500
beta_1.0,beta,1.0,9,15,1.0,1.0,0.5,7500,2.4122006554120246,7.394705857965164,7500
beta_1.0,beta,1.0,9,16,1.0,1.0,0.5,7500,2.4122006554120246,7.566426172037609,7500
beta_1.0,beta,1.0,9,17,1.0,1.0,0.5,7500,2.4122006554120246,7.531864212010987,7500
beta_1.0,beta,1.0,9,18,1.0,1.0,0.5,7500,2.4122006554120246,7.6527989290189,7500
beta_1.0,beta,1.0,9,19,1.0,1.0,0.5,7500,2.4122006554120246,7.55472619808279,7500
beta_1.0,beta,1.0,10,0,1.0,1.0,0.5,7500,2.2847926646599612,6.185462674009614,7500
beta_1.0,beta,1.0,10,1,1.0,1.0,0.5,7500,2.3140252728719384,6.451583915972151,7500
beta_1.0,beta,1.0,10,2,1.0,1.0,0.5,7500,2.2847926646599612,6.2129146290244535,7500
beta_1.0,beta,1.0,10,3,1.0,1.0,0.5,7500,2.2847926646599612,6.262968229944818,7500
beta_1.0,beta,1.0,10,4,1.0,1.0,0.5,7500,2.2847926646599612,6.1923317949986085,7500
beta_1.0,beta,1.0,10,5,1.0,1.0,0.5,7500,2.2847926646599612,6.19441255601123,7500
beta_1.0,beta,1.0,10,6,1.0,1.0,0.5,7500,2.2847926646599612,6.126599763054401,7500
beta_1.0,beta,1.0,10,7,1.0,1.0,0.5,7500,2.2847926646599612,6.401937282993458,7500
beta_1.0,beta,1.0,10,8,1.0,1.0,0.5,7500,2.2847926646599612,6.121702957898378,7500
beta_1.0,beta,1.0,10,9,1.0,1.0,0.5,7500,2.2847926646599612,6.624921605922282,7500
beta_1.0,beta,1.0,10,10,1.0,1.0,0.5,7500,2.2847926646599612,6.232760993996635,7500
beta_1.0,beta,1.0,10,11,1.0,1.0,0.5,7500,2.2847926646599612,6.190404974040575,7500
beta_1.0,beta,1.0,10,12,1.0,1.0,0.5,7500,2.2847926646599612,7.987013403093442,7500
beta_1.0,beta,1.0,10,13,1.0,1.0,0.5,7500,2.2847926646599612,6.342364588053897,7500
beta_1.0,beta,1.0,10,14,1.0,1.0,0.5,7500,2.2847926646599612,6.884431296028197,7500
beta_1.0,beta,1.0,10,15,1.0,1.0,0.5,7500,2.2847926646599612,6.422807306051254,7500
beta_1.0,beta,1.0,10,16,1.0,1.0,0.5,7500,2.2847926646599612,6.420957347028889,7500
beta_1.0,beta,1.0,10,17,1.0,1.0,0.5,7500,2.2847926646599612,6.426528476993553,7500
beta_1.0,beta,1.0,10,18,1.0,1.0,0.5,7500,2.2847926646599612,6.3983870019437745,7500
beta_1.0,beta,1.0,10,19,1.0,1.0,0.5,7500,2.2847926646599612,6.415403615101241,7500
beta_1.0,beta,1.0,11,0,1.0,1.0,0.5,7500,2.694971670426138,6.193548328010365,7500
beta_1.0,beta,1.0,11,1,1.0,1.0,0.5,7500,2.6881673361169907,6.21635735896416,7500
beta_1.0,beta,1.0,11,2,1.0,1.0,0.5,7500,2.6881673361169907,6.148516032961197,7500
beta_1.0,beta,1.0,11,3,1.0,1.0,0.5,7500,2.694971670426138,6.360176619957201,7500
beta_1.0,beta,1.0,11,4,1.0,1.0,0.5,7500,2.6881673361169907,6.123864508932456,7500
beta_1.0,beta,1.0,11,5,1.0,1.0,0.5,7500,2.694971670426138,6.201673907926306,7500
beta_1.0,beta,1.0,11,6,1.0,1.0,0.5,7500,2.694971670426138,6.59389558294788,7500
beta_1.0,beta,1.0,11,7,1.0,1.0,0.5,7500,2.7178088886007057,6.186175792012364,7500
beta_1.0,beta,1.0,11,8,1.0,1.0,0.5,7500,2.6881673361169907,6.4854737389832735,7500
beta_1.0,beta,1.0,11,9,1.0,1.0,0.5,7500,2.6881673361169907,6.1780510999960825,7500
beta_1.0,beta,1.0,11,10,1.0,1.0,0.5,7500,2.694971670426138,6.183260013000108,7500
beta_1.0,beta,1.0,11,11,1.0,1.0,0.5,7500,2.694971670426138,6.153309373999946,7500
beta_1.0,beta,1.0,11,12,1.0,1.0,0.5,7500,2.6881673361169907,6.31896137597505,7500
beta_1.0,beta,1.0,11,13,1.0,1.0,0.5,7500,2.6881673361169907,6.362978891003877,7500
beta_1.0,beta,1.0,11,14,1.0,1.0,0.5,7500,2.6881673361169907,6.403559330035932,7500
beta_1.0,beta,1.0,11,15,1.0,1.0,0.5,7500,2.6881673361169907,6.222456251038238,7500
beta_1.0,beta,1.0,11,16,1.0,1.0,0.5,7500,2.694971670426138,6.456697268993594,7500
beta_1.0,beta,1.0,11,17,1.0,1.0,0.5,7500,2.694971670426138,6.274379396927543,7500
beta_1.0,beta,1.0,11,18,1.0,1.0,0.5,7500,2.6881673361169907,6.601620831992477,7500
beta_1.0,beta,1.0,11,19,1.0,1.0,0.5,7500,2.6881673361169907,6.4022381629329175,7500
beta_1.0,beta,1.0,12,0,1.0,1.0,0.5,7500,1.4260236853528467,8.583447898039594,7500
beta_1.0,beta,1.0,12,1,1.0,1.0,0.5,7500,1.4260236853528467,8.878579537034966,7500
beta_1.0,beta,1.0,12,2,1.0,1.0,0.5,7500,1.4263484665422361,8.59121033293195,7500
beta_1.0,beta,1.0,12,3,1.0,1.0,0.5,7500,1.428135312838,8.473453061073087,7500
beta_1.0,beta,1.0,12,4,1.0,1.0,0.5,7500,1.4260236853528467,8.700136278988793,7500
beta_1.0,beta,1.0,12,5,1.0,1.0,0.5,7500,1.4260236853528467,8.431055499007925,7500
beta_1.0,beta,1.0,12,6,1.0,1.0,0.5,7500,1.4260236853528467,8.594020869000815,7500
beta_1.0,beta,1.0,12,7,1.0,1.0,0.5,7500,1.4260236853528467,8.476618658052757,7500
beta_1.0,beta,1.0,12,8,1.0,1.0,0.5,7500,1.4260236853528467,8.78271013207268,7500
beta_1.0,beta,1.0,12,9,1.0,1.0,0.5,7500,1.4263484665422361,8.489867318072356,7500
beta_1.0,beta,1.0,12,10,1.0,1.0,0.5,7500,1.439743516359057,8.372227048035711,7500
beta_1.0,beta,1.0,12,11,1.0,1.0,0.5,7500,1.4263484665422361,8.557912820018828,7500
beta_1.0,beta,1.0,12,12,1.0,1.0,0.5,7500,1.4263484665422361,9.6690039440291,7500
beta_1.0,beta,1.0,12,13,1.0,1.0,0.5,7500,1.4260236853528467,8.425123359076679,7500
beta_1.0,beta,1.0,12,14,1.0,1.0,0.5,7500,1.4263484665422361,8.800330367055722,7500
beta_1.0,beta,1.0,12,15,1.0,1.0,0.5,7500,1.4263484665422361,8.616933029028587,7500
beta_1.0,beta,1.0,12,16,1.0,1.0,0.5,7500,1.4260236853528467,8.612094896961935,7500
beta_1.0,beta,1.0,12,17,1.0,1.0,0.5,7500,1.4400682975484465,8.760501328972168,7500
beta_1.0,beta,1.0,12,18,1.0,1.0,0.5,7500,1.4260236853528467,8.714663802064024,7500
beta_1.0,beta,1.0,12,19,1.0,1.0,0.5,7500,1.426348466542236,8.963020736933686,7500
beta_1.0,beta,1.0,13,0,1.0,1.0,0.5,7500,2.026911186852802,6.170499817002565,7500
beta_1.0,beta,1.0,13,1,1.0,1.0,0.5,7500,2.026911186852802,6.199339837068692,7500
beta_1.0,beta,1.0,13,2,1.0,1.0,0.5,7500,2.026911186852802,6.195640790974721,7500
beta_1.0,beta,1.0,13,3,1.0,1.0,0.5,7500,2.026911186852802,6.366870491066948,7500
beta_1.0,beta,1.0,13,4,1.0,1.0,0.5,7500,2.026911186852802,6.093835726962425,7500
beta_1.0,beta,1.0,13,5,1.0,1.0,0.5,7500,2.026911186852802,6.386911542969756,7500
beta_1.0,beta,1.0,13,6,1.0,1.0,0.5,7500,2.026911186852802,6.319876987952739,7500
beta_1.0,beta,1.0,13,7,1.0,1.0,0.5,7500,2.026911186852802,6.170761633082293,7500
beta_1.0,beta,1.0,13,8,1.0,1.0,0.5,7500,2.026911186852802,6.143299657967873,7500
beta_1.0,beta,1.0,13,9,1.0,1.0,0.5,7500,2.026911186852802,6.437655035988428,7500
beta_1.0,beta,1.0,13,10,1.0,1.0,0.5,7500,2.026911186852802,6.207281513954513,7500
beta_1.0,beta,1.0,13,11,1.0,1.0,0.5,7500,2.026911186852802,6.253143919981085,7500
beta_1.0,beta,1.0,13,12,1.0,1.0,0.5,7500,2.026911186852802,6.232409144984558,7500
beta_1.0,beta,1.0,13,13,1.0,1.0,0.5,7500,2.026911186852802,6.538512210012414,7500
beta_1.0,beta,1.0,13,14,1.0,1.0,0.5,7500,2.026911186852802,6.294783990946598,7500
beta_1.0,beta,1.0,13,15,1.0,1.0,0.5,7500,2.026911186852802,6.831121766939759,7500
beta_1.0,beta,1.0,13,16,1.0,1.0,0.5,7500,2.026911186852802,6.3312389850616455,7500
beta_1.0,beta,1.0,13,17,1.0,1.0,0.5,7500,2.026911186852802,6.3616797720314935,7500
beta_1.0,beta,1.0,13,18,1.0,1.0,0.5,7500,2.026911186852802,6.435388804995455,7500
beta_1.0,beta,1.0,13,19,1.0,1.0,0.5,7500,2.026911186852802,6.424581434926949,7500
beta_1.0,beta,1.0,14,0,1.0,1.0,0.5,7500,1.067134550587395,2.838442662032321,7500
beta_1.0,beta,1.0,14,1,1.0,1.0,0.5,7500,1.067134550587395,2.8478260789997876,7500
beta_1.0,beta,1.0,14,2,1.0,1.0,0.5,7500,1.067134550587395,2.8418185600312427,7500
beta_1.0,beta,1.0,14,3,1.0,1.0,0.5,7500,1.067134550587395,2.811829166021198,7500
beta_1.0,beta,1.0,14,4,1.0,1.0,0.5,7500,1.067134550587395,2.8723113290034235,7500
beta_1.0,beta,1.0,14,5,1.0,1.0,0.5,7500,1.067134550587395,2.8835938150295988,7500
beta_1.0,beta,1.0,14,6,1.0,1.0,0.5,7500,1.067134550587395,2.8161544080358,7500
beta_1.0,beta,1.0,14,7,1.0,1.0,0.5,7500,1.067134550587395,2.784127414925024,7500
beta_1.0,beta,1.0,14,8,1.0,1.0,0.5,7500,1.067134550587395,2.808808397036046,7500
beta_1.0,beta,1.0,14,9,1.0,1.0,0.5,7500,1.067134550587395,2.90949631400872,7500
beta_1.0,beta,1.0,14,10,1.0,1.0,0.5,7500,1.067134550587395,2.906606895965524,7500
beta_1.0,beta,1.0,14,11,1.0,1.0,0.5,7500,1.067134550587395,2.7885380199877545,7500
beta_1.0,beta,1.0,14,12,1.0,1.0,0.5,7500,1.067134550587395,2.82927893998567,7500
beta_1.0,beta,1.0,14,13,1.0,1.0,0.5,7500,1.067134550587395,2.8171964610228315,7500
beta_1.0,beta,1.0,14,14,1.0,1.0,0.5,7500,1.067134550587395,2.78917950601317,7500
beta_1.0,beta,1.0,14,15,1.0,1.0,0.5,7500,1.067134550587395,2.7886018720455468,7500
beta_1.0,beta,1.0,14,16,1.0,1.0,0.5,7500,1.067134550587395,2.802466860972345,7500
beta_1.0,beta,1.0,14,17,1.0,1.0,0.5,7500,1.067134550587395,2.8998314639320597,7500
beta_1.0,beta,1.0,14,18,1.0,1.0,0.5,7500,1.067134550587395,2.888414593995549,7500
beta_1.0,beta,1.0,14,19,1.0,1.0,0.5,7500,1.067134550587395,2.8865050460444763,7500
beta_1.0,beta,1.0,15,0,1.0,1.0,0.5,7500,2.112602871122433,5.292570801102556,7500
beta_1.0,beta,1.0,15,1,1.0,1.0,0.5,7500,2.112602871122433,5.075543646002188,7500
beta_1.0,beta,1.0,15,2,1.0,1.0,0.5,7500,2.112602871122433,5.28428568597883,7500
beta_1.0,beta,1.0,15,3,1.0,1.0,0.5,7500,2.112602871122433,5.2040368660818785,7500
beta_1.0,beta,1.0,15,4,1.0,1.0,0.5,7500,2.112602871122433,5.277367664966732,7500
beta_1.0,beta,1.0,15,5,1.0,1.0,0.5,7500,2.112602871122433,5.668614128953777,7500
beta_1.0,beta,1.0,15,6,1.0,1.0,0.5,7500,2.112602871122433,5.786258967011236,7500
beta_1.0,beta,1.0,15,7,1.0,1.0,0.5,7500,2.112602871122433,5.106724236044101,7500
beta_1.0,beta,1.0,15,8,1.0,1.0,0.5,7500,2.112602871122433,5.175345859955996,7500
beta_1.0,beta,1.0,15,9,1.0,1.0,0.5,7500,2.112602871122433,5.27579997794237,7500
beta_1.0,beta,1.0,15,10,1.0,1.0,0.5,7500,2.112602871122433,5.307292037992738,7500
beta_1.0,beta,1.0,15,11,1.0,1.0,0.5,7500,2.112602871122433,5.345638425089419,7500
beta_1.0,beta,1.0,15,12,1.0,1.0,0.5,7500,2.112602871122433,5.1606025180080906,7500
beta_1.0,beta,1.0,15,13,1.0,1.0,0.5,7500,2.112602871122433,5.0578050159383565,7500
beta_1.0,beta,1.0,15,14,1.0,1.0,0.5,7500,2.112602871122433,5.150887375930324,7500
beta_1.0,beta,1.0,15,15,1.0,1.0,0.5,7500,2.112602871122433,5.69668320089113,7500
beta_1.0,beta,1.0,15,16,1.0,1.0,0.5,7500,2.112602871122433,5.142411643988453,7500
beta_1.0,beta,1.0,15,17,1.0,1.0,0.5,7500,2.112602871122433,5.262031127000228,7500
beta_1.0,beta,1.0,15,18,1.0,1.0,0.5,7500,2.112602871122433,5.204823337029666,7500
beta_1.0,beta,1.0,15,19,1.0,1.0,0.5,7500,2.112602871122433,5.133748545078561,7500
beta_1.0,beta,1.0,16,0,1.0,1.0,0.5,7500,2.163603088423454,9.615502825938165,7500
beta_1.0,beta,1.0,16,1,1.0,1.0,0.5,7500,2.163603088423454,9.632939226925373,7500
beta_1.0,beta,1.0,16,2,1.0,1.0,0.5,7500,2.159640501700675,9.72961189597845,7500
beta_1.0,beta,1.0,16,3,1.0,1.0,0.5,7500,2.163603088423454,9.91494072007481,7500
beta_1.0,beta,1.0,16,4,1.0,1.0,0.5,7500,2.1632901501485526,9.567676563980058,7500
beta_1.0,beta,1.0,16,5,1.0,1.0,0.5,7500,2.163603088423454,9.925313162966631,7500
beta_1.0,beta,1.0,16,6,1.0,1.0,0.5,7500,2.163290150148553,9.638394545996562,7500
beta_1.0,beta,1.0,16,7,1.0,1.0,0.5,7500,2.159640501700675,9.949476354988292,7500
beta_1.0,beta,1.0,16,8,1.0,1.0,0.5,7500,2.159640501700675,9.972061992040835,7500
beta_1.0,beta,1.0,16,9,1.0,1.0,0.5,7500,2.159640501700675,9.669467144994996,7500
beta_1.0,beta,1.0,16,10,1.0,1.0,0.5,7500,2.163603088423454,9.908788776025176,7500
beta_1.0,beta,1.0,16,11,1.0,1.0,0.5,7500,2.1596405017006752,9.66944385401439,7500
beta_1.0,beta,1.0,16,12,1.0,1.0,0.5,7500,2.163603088423454,10.107207680935971,7500
beta_1.0,beta,1.0,16,13,1.0,1.0,0.5,7500,2.163290150148553,9.5266050969949,7500
beta_1.0,beta,1.0,16,14,1.0,1.0,0.5,7500,2.159640501700675,9.859422778012231,7500
beta_1.0,beta,1.0,16,15,1.0,1.0,0.5,7500,2.163603088423454,9.783531659981236,7500
beta_1.0,beta,1.0,16,16,1.0,1.0,0.5,7500,2.165852252724251,9.974044325994328,7500
beta_1.0,beta,1.0,16,17,1.0,1.0,0.5,7500,2.163603088423454,9.909915508003905,7500
beta_1.0,beta,1.0,16,18,1.0,1.0,0.5,7500,2.159640501700675,9.87359250697773,7500
beta_1.0,beta,1.0,16,19,1.0,1.0,0.5,7500,2.159640501700675,9.829026472056285,7500
beta_1.0,beta,1.0,17,0,1.0,1.0,0.5,7500,2.0100547196305705,3.8784646339481696,7500
beta_1.0,beta,1.0,17,1,1.0,1.0,0.5,7500,2.0100547196305705,4.002636785968207,7500
beta_1.0,beta,1.0,17,2,1.0,1.0,0.5,7500,2.0100547196305705,3.9952770359814167,7500
beta_1.0,beta,1.0,17,3,1.0,1.0,0.5,7500,2.0100547196305705,3.8485669170040637,7500
beta_1.0,beta,1.0,17,4,1.0,1.0,0.5,7500,2.0100547196305705,4.005128631950356,7500
beta_1.0,beta,1.0,17,5,1.0,1.0,0.5,7500,2.0100547196305705,3.879328223061748,7500
beta_1.0,beta,1.0,17,6,1.0,1.0,0.5,7500,2.0100547196305705,3.9274250969756395,7500
beta_1.0,beta,1.0,17,7,1.0,1.0,0.5,7500,2.0100547196305705,3.8962218450615183,7500
beta_1.0,beta,1.0,17,8,1.0,1.0,0.5,7500,2.0100547196305705,3.9806341419462115,7500
beta_1.0,beta,1.0,17,9,1.0,1.0,0.5,7500,2.0100547196305705,3.9858784179668874,7500
beta_1.0,beta,1.0,17,10,1.0,1.0,0.5,7500,2.0100547196305705,3.9828698959900066,7500
beta_1.0,beta,1.0,17,11,1.0,1.0,0.5,7500,2.0100547196305705,3.845569593948312,7500
beta_1.0,beta,1.0,17,12,1.0,1.0,0.5,7500,2.0100547196305705,3.888786306953989,7500
beta_1.0,beta,1.0,17,13,1.0,1.0,0.5,7500,2.0100547196305705,3.842402272974141,7500
beta_1.0,beta,1.0,17,14,1.0,1.0,0.5,7500,2.0100547196305705,4.095980548067018,7500
beta_1.0,beta,1.0,17,15,1.0,1.0,0.5,7500,2.0100547196305705,4.040284030023031,7500
beta_1.0,beta,1.0,17,16,1.0,1.0,0.5,7500,2.0100547196305705,4.002120068995282,7500
beta_1.0,beta,1.0,17,17,1.0,1.0,0.5,7500,2.0100547196305705,4.069476112024859,7500
beta_1.0,beta,1.0,17,18,1.0,1.0,0.5,7500,2.0100547196305705,3.9779285780387,7500
beta_1.0,beta,1.0,17,19,1.0,1.0,0.5,7500,2.0100547196305705,3.939710082951933,7500
beta_1.0,beta,1.0,18,0,1.0,1.0,0.5,7500,2.7052757751641314,9.551035603974015,7500
beta_1.0,beta,1.0,18,1,1.0,1.0,0.5,7500,2.7052757751641314,9.55736626603175,7500
beta_1.0,beta,1.0,18,2,1.0,1.0,0.5,7500,2.7052757751641314,9.882968179997988,7500
beta_1.0,beta,1.0,18,3,1.0,1.0,0.5,7500,2.7052757751641314,9.549307167064399,7500
beta_1.0,beta,1.0,18,4,1.0,1.0,0.5,7500,2.7052757751641314,10.002883964101784,7500
beta_1.0,beta,1.0,18,5,1.0,1.0,0.5,7500,2.7052757751641314,9.563201805925928,7500
beta_1.0,beta,1.0,18,6,1.0,1.0,0.5,7500,2.7052757751641314,9.425605225027539,7500
beta_1.0,beta,1.0,18,7,1.0,1.0,0.5,7500,2.7052757751641314,9.497045235941187,7500
beta_1.0,beta,1.0,18,8,1.0,1.0,0.5,7500,2.7052757751641314,9.95469334104564,7500
beta_1.0,beta,1.0,18,9,1.0,1.0,0.5,7500,2.7052757751641314,10.029221844975837,7500
beta_1.0,beta,1.0,18,10,1.0,1.0,0.5,7500,2.7052757751641314,9.725240088999271,7500
beta_1.0,beta,1.0,18,11,1.0,1.0,0.5,7500,2.7052757751641314,9.590909276972525,7500
beta_1.0,beta,1.0,18,12,1.0,1.0,0.5,7500,2.7052757751641314,9.89577265502885,7500
beta_1.0,beta,1.0,18,13,1.0,1.0,0.5,7500,2.7052757751641314,9.512051936006173,7500
beta_1.0,beta,1.0,18,14,1.0,1.0,0.5,7500,2.7052757751641314,9.680347694084048,7500
beta_1.0,beta,1.0,18,15,1.0,1.0,0.5,7500,2.7052757751641314,10.018308799015358,7500
beta_1.0,beta,1.0,18,16,1.0,1.0,0.5,7500,2.7052757751641314,9.946301478077658,7500
beta_1.0,beta,1.0,18,17,1.0,1.0,0.5,7500,2.7052757751641314,9.831363884964958,7500
beta_1.0,beta,1.0,18,18,1.0,1.0,0.5,7500,2.7052757751641314,9.831388936960138,7500
beta_1.0,beta,1.0,18,19,1.0,1.0,0.5,7500,2.7052757751641314,9.790227091987617,7500
beta_1.0,beta,1.0,19,0,1.0,1.0,0.5,7500,1.908463713665149,3.3058494679862633,7500
beta_1.0,beta,1.0,19,1,1.0,1.0,0.5,7500,1.908463713665149,3.3148448079591617,7500
beta_1.0,beta,1.0,19,2,1.0,1.0,0.5,7500,1.908463713665149,3.3698778990656137,7500
beta_1.0,beta,1.0,19,3,1.0,1.0,0.5,7500,1.908463713665149,3.504603740060702,7500
beta_1.0,beta,1.0,19,4,1.0,1.0,0.5,7500,1.908463713665149,3.343531953985803,7500
beta_1.0,beta,1.0,19,5,1.0,1.0,0.5,7500,1.908463713665149,3.3069367550779134,7500
beta_1.0,beta,1.0,19,6,1.0,1.0,0.5,7500,1.908463713665149,3.400476239970885,7500
beta_1.0,beta,1.0,19,7,1.0,1.0,0.5,7500,1.908463713665149,3.266005755052902,7500
beta_1.0,beta,1.0,19,8,1.0,1.0,0.5,7500,1.908463713665149,3.408636478940025,7500
beta_1.0,beta,1.0,19,9,1.0,1.0,0.5,7500,1.908463713665149,3.482947767013684,7500
beta_1.0,beta,1.0,19,10,1.0,1.0,0.5,7500,1.908463713665149,3.4390097219729796,7500
beta_1.0,beta,1.0,19,11,1.0,1.0,0.5,7500,1.908463713665149,3.544197742943652,7500
beta_1.0,beta,1.0,19,12,1.0,1.0,0.5,7500,1.908463713665149,3.3376151350094005,7500
beta_1.0,beta,1.0,19,13,1.0,1.0,0.5,7500,1.908463713665149,3.4133215959882364,7500
beta_1.0,beta,1.0,19,14,1.0,1.0,0.5,7500,1.908463713665149,3.3138827100628987,7500
beta_1.0,beta,1.0,19,15,1.0,1.0,0.5,7500,1.908463713665149,3.3964047910412773,7500
beta_1.0,beta,1.0,19,16,1.0,1.0,0.5,7500,1.908463713665149,3.371663735015318,7500
beta_1.0,beta,1.0,19,17,1.0,1.0,0.5,7500,1.908463713665149,3.4336282460717484,7500
beta_1.0,beta,1.0,19,18,1.0,1.0,0.5,7500,1.908463713665149,3.406380212982185,7500
beta_1.0,beta,1.0,19,19,1.0,1.0,0.5,7500,1.908463713665149,3.397124408977106,7500
beta_1.0,beta,1.0,20,0,1.0,1.0,0.5,7500,2.1697468439523346,5.651764618000016,7500
beta_1.0,beta,1.0,20,1,1.0,1.0,0.5,7500,2.1697468439523346,5.545789487077855,7500
beta_1.0,beta,1.0,20,2,1.0,1.0,0.5,7500,2.1697468439523346,5.600684689008631,7500
beta_1.0,beta,1.0,20,3,1.0,1.0,0.5,7500,2.1697468439523346,5.540932392003015,7500
beta_1.0,beta,1.0,20,4,1.0,1.0,0.5,7500,2.1697468439523346,5.609291328000836,7500
beta_1.0,beta,1.0,20,5,1.0,1.0,0.5,7500,2.1697468439523346,7.420491638942622,7500
beta_1.0,beta,1.0,20,6,1.0,1.0,0.5,7500,2.1697468439523346,5.52917576499749,7500
beta_1.0,beta,1.0,20,7,1.0,1.0,0.5,7500,2.1697468439523346,5.819978293962777,7500
beta_1.0,beta,1.0,20,8,1.0,1.0,0.5,7500,2.1697468439523346,5.988427367992699,7500
beta_1.0,beta,1.0,20,9,1.0,1.0,0.5,7500,2.1697468439523346,5.73054807994049,7500
beta_1.0,beta,1.0,20,10,1.0,1.0,0.5,7500,2.1697468439523346,6.017141539021395,7500
beta_1.0,beta,1.0,20,11,1.0,1.0,0.5,7500,2.1697468439523346,5.556913875974715,7500
beta_1.0,beta,1.0,20,12,1.0,1.0,0.5,7500,2.1697468439523346,5.776172896032222,7500
beta_1.0,beta,1.0,20,13,1.0,1.0,0.5,7500,2.1697468439523346,5.755973774008453,7500
beta_1.0,beta,1.0,20,14,1.0,1.0,0.5,7500,2.1697468439523346,5.830858431989327,7500
beta_1.0,beta,1.0,20,15,1.0,1.0,0.5,7500,2.1697468439523346,5.780573411961086,7500
beta_1.0,beta,1.0,20,16,1.0,1.0,0.5,7500,2.1697468439523346,5.596087774029002,7500
beta_1.0,beta,1.0,20,17,1.0,1.0,0.5,7500,2.1697468439523346,5.673949711956084,7500
beta_1.0,beta,1.0,20,18,1.0,1.0,0.5,7500,2.1697468439523346,5.689928989042528,7500
beta_1.0,beta,1.0,20,19,1.0,1.0,0.5,7500,2.1697468439523346,5.718349817907438,7500
beta_1.0,beta,1.0,21,0,1.0,1.0,0.5,7500,2.207342884706021,3.949227652978152,7500
beta_1.0,beta,1.0,21,1,1.0,1.0,0.5,7500,2.207342884706021,3.862087188055739,7500
beta_1.0,beta,1.0,21,2,1.0,1.0,0.5,7500,2.207342884706021,3.8579163280082867,7500
beta_1.0,beta,1.0,21,3,1.0,1.0,0.5,7500,2.207342884706021,3.850233345059678,7500
beta_1.0,beta,1.0,21,4,1.0,1.0,0.5,7500,2.207342884706021,3.834028195007704,7500
beta_1.0,beta,1.0,21,5,1.0,1.0,0.5,7500,2.207342884706021,3.822964265011251,7500
beta_1.0,beta,1.0,21,6,1.0,1.0,0.5,7500,2.207342884706021,3.997738066012971,7500
beta_1.0,beta,1.0,21,7,1.0,1.0,0.5,7500,2.207342884706021,4.125170084065758,7500
beta_1.0,beta,1.0,21,8,1.0,1.0,0.5,7500,2.207342884706021,4.028223169967532,7500
beta_1.0,beta,1.0,21,9,1.0,1.0,0.5,7500,2.207342884706021,4.240268979105167,7500
beta_1.0,beta,1.0,21,10,1.0,1.0,0.5,7500,2.207342884706021,4.036759797018021,7500
beta_1.0,beta,1.0,21,11,1.0,1.0,0.5,7500,2.207342884706021,4.0392555460566655,7500
beta_1.0,beta,1.0,21,12,1.0,1.0,0.5,7500,2.207342884706021,3.929621596937068,7500
beta_1.0,beta,1.0,21,13,1.0,1.0,0.5,7500,2.207342884706021,3.9467340930132195,7500
beta_1.0,beta,1.0,21,14,1.0,1.0,0.5,7500,2.207342884706021,4.588233814924024,7500
beta_1.0,beta,1.0,21,15,1.0,1.0,0.5,7500,2.207342884706021,4.014074963051826,7500
beta_1.0,beta,1.0,21,16,1.0,1.0,0.5,7500,2.207342884706021,3.840936925029382,7500
beta_1.0,beta,1.0,21,17,1.0,1.0,0.5,7500,2.207342884706021,3.9572632639901713,7500
beta_1.0,beta,1.0,21,18,1.0,1.0,0.5,7500,2.207342884706021,3.9823852910194546,7500
beta_1.0,beta,1.0,21,19,1.0,1.0,0.5,7500,2.207342884706021,3.9651737329550087,7500
beta_1.0,beta,1.0,22,0,1.0,1.0,0.5,7500,0.6495626464756479,28.77539742703084,7500
beta_1.0,beta,1.0,22,1,1.0,1.0,0.5,7500,0.6495626464756479,23.963574819965288,7500
beta_1.0,beta,1.0,22,2,1.0,1.0,0.5,7500,0.6495626464756479,24.105270139989443,7500
beta_1.0,beta,1.0,22,3,1.0,1.0,0.5,7500,0.6495626464756479,23.798085303977132,7500
beta_1.0,beta,1.0,22,4,1.0,1.0,0.5,7500,0.6495626464756479,23.97081901493948,7500
beta_1.0,beta,1.0,22,5,1.0,1.0,0.5,7500,0.6495626464756479,24.679441110929474,7500
beta_1.0,beta,1.0,22,6,1.0,1.0,0.5,7500,0.6495626464756479,24.711499552009627,7500
beta_1.0,beta,1.0,22,7,1.0,1.0,0.5,7500,0.6495626464756479,24.78516608395148,7500
beta_1.0,beta,1.0,22,8,1.0,1.0,0.5,7500,0.6495626464756479,24.864003416965716,7500
beta_1.0,beta,1.0,22,9,1.0,1.0,0.5,7500,0.6495626464756479,24.058948416030034,7500
beta_1.0,beta,1.0,22,10,1.0,1.0,0.5,7500,0.6495626464756479,24.650866548065096,7500
beta_1.0,beta,1.0,22,11,1.0,1.0,0.5,7500,0.6495626464756479,24.80765989504289,7500
beta_1.0,beta,1.0,22,12,1.0,1.0,0.5,7500,0.6495626464756479,23.771149487933144,7500
beta_1.0,beta,1.0,22,13,1.0,1.0,0.5,7500,0.6495626464756479,24.254654058953747,7500
beta_1.0,beta,1.0,22,14,1.0,1.0,0.5,7500,0.6495626464756479,24.01419019291643,7500
beta_1.0,beta,1.0,22,15,1.0,1.0,0.5,7500,0.6495626464756479,24.825679821078666,7500
beta_1.0,beta,1.0,22,16,1.0,1.0,0.5,7500,0.6495626464756479,27.72639246599283,7500
beta_1.0,beta,1.0,22,17,1.0,1.0,0.5,7500,0.6495626464756479,24.587084457976744,7500
beta_1.0,beta,1.0,22,18,1.0,1.0,0.5,7500,0.6495626464756479,24.558559088036418,7500
beta_1.0,beta,1.0,22,19,1.0,1.0,0.5,7500,0.6495626464756479,25.14480803196784,7500
beta_1.0,beta,1.0,23,0,1.0,1.0,0.5,7500,2.01067302300028,2.240156859974377,7500
beta_1.0,beta,1.0,23,1,1.0,1.0,0.5,7500,2.01067302300028,2.2271723459707573,7500
beta_1.0,beta,1.0,23,2,1.0,1.0,0.5,7500,2.01067302300028,2.215956733911298,7500
beta_1.0,beta,1.0,23,3,1.0,1.0,0.5,7500,2.01067302300028,2.241282131988555,7500
beta_1.0,beta,1.0,23,4,1.0,1.0,0.5,7500,2.01067302300028,2.22870754590258,7500
beta_1.0,beta,1.0,23,5,1.0,1.0,0.5,7500,2.01067302300028,2.298756061005406,7500
beta_1.0,beta,1.0,23,6,1.0,1.0,0.5,7500,2.01067302300028,2.2518382670823485,7500
beta_1.0,beta,1.0,23,7,1.0,1.0,0.5,7500,2.01067302300028,2.2760187319945544,7500
beta_1.0,beta,1.0,23,8,1.0,1.0,0.5,7500,2.01067302300028,2.2525959269842133,7500
beta_1.0,beta,1.0,23,9,1.0,1.0,0.5,7500,2.01067302300028,2.248670162050985,7500
beta_1.0,beta,1.0,23,10,1.0,1.0,0.5,7500,2.01067302300028,2.269203462987207,7500
beta_1.0,beta,1.0,23,11,1.0,1.0,0.5,7500,2.01067302300028,2.2460095250280574,7500
beta_1.0,beta,1.0,23,12,1.0,1.0,0.5,7500,2.01067302300028,2.239954115008004,7500
beta_1.0,beta,1.0,23,13,1.0,1.0,0.5,7500,2.01067302300028,2.276469092001207,7500
beta_1.0,beta,1.0,23,14,1.0,1.0,0.5,7500,2.01067302300028,2.31073692208156,7500
beta_1.0,beta,1.0,23,15,1.0,1.0,0.5,7500,2.01067302300028,2.3578071200754493,7500
beta_1.0,beta,1.0,23,16,1.0,1.0,0.5,7500,2.01067302300028,2.2375189339509234,7500
beta_1.0,beta,1.0,23,17,1.0,1.0,0.5,7500,2.01067302300028,2.327253157971427,7500
beta_1.0,beta,1.0,23,18,1.0,1.0,0.5,7500,2.01067302300028,2.2551949110347778,7500
beta_1.0,beta,1.0,23,19,1.0,1.0,0.5,7500,2.01067302300028,2.2764192629838362,7500
beta_1.0,beta,1.0,24,0,1.0,1.0,0.5,7500,1.3508272334785483,2.329671292915009,7500
beta_1.0,beta,1.0,24,1,1.0,1.0,0.5,7500,1.3508272334785483,2.3216800509253517,7500
beta_1.0,beta,1.0,24,2,1.0,1.0,0.5,7500,1.3508272334785483,2.329867679043673,7500
beta_1.0,beta,1.0,24,3,1.0,1.0,0.5,7500,1.3508272334785483,2.3239361779997125,7500
beta_1.0,beta,1.0,24,4,1.0,1.0,0.5,7500,1.3508272334785483,2.235627513960935,7500
beta_1.0,beta,1.0,24,5,1.0,1.0,0.5,7500,1.3508272334785483,2.281640010070987,7500
beta_1.0,beta,1.0,24,6,1.0,1.0,0.5,7500,1.3508272334785483,2.2467616889625788,7500
beta_1.0,beta,1.0,24,7,1.0,1.0,0.5,7500,1.3508272334785483,2.2607055850094184,7500
beta_1.0,beta,1.0,24,8,1.0,1.0,0.5,7500,1.3508272334785483,2.217372146085836,7500
beta_1.0,beta,1.0,24,9,1.0,1.0,0.5,7500,1.3508272334785483,2.217026347061619,7500
beta_1.0,beta,1.0,24,10,1.0,1.0,0.5,7500,1.3508272334785483,2.261812619981356,7500
beta_1.0,beta,1.0,24,11,1.0,1.0,0.5,7500,1.3508272334785483,2.228185366024263,7500
beta_1.0,beta,1.0,24,12,1.0,1.0,0.5,7500,1.3508272334785483,2.27432269603014,7500
beta_1.0,beta,1.0,24,13,1.0,1.0,0.5,7500,1.3508272334785483,2.311154586961493,7500
beta_1.0,beta,1.0,24,14,1.0,1.0,0.5,7500,1.3508272334785483,2.334600128000602,7500
beta_1.0,beta,1.0,24,15,1.0,1.0,0.5,7500,1.3508272334785483,2.2496592339593917,7500
beta_1.0,beta,1.0,24,16,1.0,1.0,0.5,7500,1.3508272334785483,2.2786908749258146,7500
beta_1.0,beta,1.0,24,17,1.0,1.0,0.5,7500,1.3508272334785483,2.2234372729435563,7500
beta_1.0,beta,1.0,24,18,1.0,1.0,0.5,7500,1.3508272334785483,2.256147295003757,7500
beta_1.0,beta,1.0,24,19,1.0,1.0,0.5,7500,1.3508272334785483,2.2814107610611245,7500
beta_1.0,beta,1.0,25,0,1.0,1.0,0.5,7500,1.9406169918137253,3.478563252952881,7500
beta_1.0,beta,1.0,25,1,1.0,1.0,0.5,7500,1.9406169918137253,3.2792272829683498,7500
beta_1.0,beta,1.0,25,2,1.0,1.0,0.5,7500,1.9406169918137253,3.3902396640041843,7500
beta_1.0,beta,1.0,25,3,1.0,1.0,0.5,7500,1.9406169918137253,3.4014945490052924,7500
beta_1.0,beta,1.0,25,4,1.0,1.0,0.5,7500,1.9406169918137253,3.3042133450508118,7500
beta_1.0,beta,1.0,25,5,1.0,1.0,0.5,7500,1.9406169918137253,3.366031904006377,7500
beta_1.0,beta,1.0,25,6,1.0,1.0,0.5,7500,1.9406169918137253,3.327712542959489,7500
beta_1.0,beta,1.0,25,7,1.0,1.0,0.5,7500,1.9406169918137253,3.4690344359260052,7500
beta_1.0,beta,1.0,25,8,1.0,1.0,0.5,7500,1.9406169918137253,3.252079975907691,7500
beta_1.0,beta,1.0,25,9,1.0,1.0,0.5,7500,1.9406169918137253,3.2841139589436352,7500
beta_1.0,beta,1.0,25,10,1.0,1.0,0.5,7500,1.9406169918137253,3.293222852051258,7500
beta_1.0,beta,1.0,25,11,1.0,1.0,0.5,7500,1.9406169918137253,3.396915410994552,7500
beta_1.0,beta,1.0,25,12,1.0,1.0,0.5,7500,1.9406169918137253,3.286398872034624,7500
beta_1.0,beta,1.0,25,13,1.0,1.0,0.5,7500,1.9406169918137253,3.290928096976131,7500
beta_1.0,beta,1.0,25,14,1.0,1.0,0.5,7500,1.9406169918137253,3.28592848603148,7500
beta_1.0,beta,1.0,25,15,1.0,1.0,0.5,7500,1.9406169918137253,3.4137126349378377,7500
beta_1.0,beta,1.0,25,16,1.0,1.0,0.5,7500,1.9406169918137253,3.399834404932335,7500
beta_1.0,beta,1.0,25,17,1.0,1.0,0.5,7500,1.9406169918137253,3.2849575120490044,7500
beta_1.0,beta,1.0,25,18,1.0,1.0,0.5,7500,1.9406169918137253,3.356389485998079,7500
beta_1.0,beta,1.0,25,19,1.0,1.0,0.5,7500,1.9406169918137253,3.41768169705756,7500
beta_1.0,beta,1.0,26,0,1.0,1.0,0.5,7500,2.218200980928021,5.797301042010076,7500
beta_1.0,beta,1.0,26,1,1.0,1.0,0.5,7500,2.218200980928021,5.566625395906158,7500
beta_1.0,beta,1.0,26,2,1.0,1.0,0.5,7500,2.218200980928021,5.704308214015327,7500
beta_1.0,beta,1.0,26,3,1.0,1.0,0.5,7500,2.218200980928021,5.667174510075711,7500
beta_1.0,beta,1.0,26,4,1.0,1.0,0.5,7500,2.218200980928021,5.7832738880533725,7500
beta_1.0,beta,1.0,26,5,1.0,1.0,0.5,7500,2.218200980928021,5.741942264023237,7500
beta_1.0,beta,1.0,26,6,1.0,1.0,0.5,7500,2.218200980928021,5.675234775058925,7500
beta_1.0,beta,1.0,26,7,1.0,1.0,0.5,7500,2.218200980928021,5.580157936899923,7500
beta_1.0,beta,1.0,26,8,1.0,1.0,0.5,7500,2.218200980928021,5.536627526045777,7500
beta_1.0,beta,1.0,26,9,1.0,1.0,0.5,7500,2.218200980928021,5.682758183102123,7500
beta_1.0,beta,1.0,26,10,1.0,1.0,0.5,7500,2.218200980928021,5.619103114004247,7500
beta_1.0,beta,1.0,26,11,1.0,1.0,0.5,7500,2.218200980928021,5.550847220001742,7500
beta_1.0,beta,1.0,26,12,1.0,1.0,0.5,7500,2.218200980928021,5.561636013095267,7500
beta_1.0,beta,1.0,26,13,1.0,1.0,0.5,7500,2.218200980928021,5.585172610008158,7500
beta_1.0,beta,1.0,26,14,1.0,1.0,0.5,7500,2.218200980928021,5.616018861997873,7500
beta_1.0,beta,1.0,26,15,1.0,1.0,0.5,7500,2.218200980928021,5.777868831995875,7500
beta_1.0,beta,1.0,26,16,1.0,1.0,0.5,7500,2.218200980928021,5.754296781029552,7500
beta_1.0,beta,1.0,26,17,1.0,1.0,0.5,7500,2.218200980928021,5.555164591991343,7500
beta_1.0,beta,1.0,26,18,1.0,1.0,0.5,7500,2.218200980928021,5.639972944976762,7500
beta_1.0,beta,1.0,26,19,1.0,1.0,0.5,7500,2.218200980928021,5.685695389052853,7500
beta_1.0,beta,1.0,27,0,1.0,1.0,0.5,7500,1.9000621512377234,2.7421902229543775,7500
beta_1.0,beta,1.0,27,1,1.0,1.0,0.5,7500,1.9000621512377234,2.86913690995425,7500
beta_1.0,beta,1.0,27,2,1.0,1.0,0.5,7500,1.9000621512377234,2.787701883004047,7500
beta_1.0,beta,1.0,27,3,1.0,1.0,0.5,7500,1.9000621512377234,2.858566497103311,7500
beta_1.0,beta,1.0,27,4,1.0,1.0,0.5,7500,1.9000621512377234,2.8729064599610865,7500
beta_1.0,beta,1.0,27,5,1.0,1.0,0.5,7500,1.9000621512377234,2.755534127005376,7500
beta_1.0,beta,1.0,27,6,1.0,1.0,0.5,7500,1.9000621512377234,2.759082950069569,7500
beta_1.0,beta,1.0,27,7,1.0,1.0,0.5,7500,1.9000621512377234,2.8639383430127054,7500
beta_1.0,beta,1.0,27,8,1.0,1.0,0.5,7500,1.9000621512377234,2.8675320469774306,7500
beta_1.0,beta,1.0,27,9,1.0,1.0,0.5,7500,1.9000621512377234,2.846305959043093,7500
beta_1.0,beta,1.0,27,10,1.0,1.0,0.5,7500,1.9000621512377234,2.808431938989088,7500
beta_1.0,beta,1.0,27,11,1.0,1.0,0.5,7500,1.9000621512377234,2.7864014599472284,7500
beta_1.0,beta,1.0,27,12,1.0,1.0,0.5,7500,1.9000621512377234,2.7796782350633293,7500
beta_1.0,beta,1.0,27,13,1.0,1.0,0.5,7500,1.9000621512377234,2.752243741066195,7500
beta_1.0,beta,1.0,27,14,1.0,1.0,0.5,7500,1.9000621512377234,2.7623122530058026,7500
beta_1.0,beta,1.0,27,15,1.0,1.0,0.5,7500,1.9000621512377234,2.876396332983859,7500
beta_1.0,beta,1.0,27,16,1.0,1.0,0.5,7500,1.9000621512377234,2.8722219429910183,7500
beta_1.0,beta,1.0,27,17,1.0,1.0,0.5,7500,1.9000621512377234,2.9053337030345574,7500
beta_1.0,beta,1.0,27,18,1.0,1.0,0.5,7500,1.9000621512377234,2.8153045820072293,7500
beta_1.0,beta,1.0,27,19,1.0,1.0,0.5,7500,1.9000621512377234,2.8528622270096093,7500
beta_1.0,beta,1.0,28,0,1.0,1.0,0.5,7500,2.025980418950708,5.566055548028089,7500
beta_1.0,beta,1.0,28,1,1.0,1.0,0.5,7500,2.025980418950708,5.850089140003547,7500
beta_1.0,beta,1.0,28,2,1.0,1.0,0.5,7500,2.025980418950708,5.606195749016479,7500
beta_1.0,beta,1.0,28,3,1.0,1.0,0.5,7500,2.025980418950708,5.764490585075691,7500
beta_1.0,beta,1.0,28,4,1.0,1.0,0.5,7500,2.025980418950708,5.560778417973779,7500
beta_1.0,beta,1.0,28,5,1.0,1.0,0.5,7500,2.025980418950708,5.546944539994001,7500
beta_1.0,beta,1.0,28,6,1.0,1.0,0.5,7500,2.025980418950708,5.733794533996843,7500
beta_1.0,beta,1.0,28,7,1.0,1.0,0.5,7500,2.025980418950708,5.7235174210509285,7500
beta_1.0,beta,1.0,28,8,1.0,1.0,0.5,7500,2.025980418950708,5.683189754025079,7500
beta_1.0,beta,1.0,28,9,1.0,1.0,0.5,7500,2.025980418950708,5.697191352955997,7500
beta_1.0,beta,1.0,28,10,1.0,1.0,0.5,7500,2.025980418950708,5.562271937960759,7500
beta_1.0,beta,1.0,28,11,1.0,1.0,0.5,7500,2.025980418950708,5.577998561086133,7500
beta_1.0,beta,1.0,28,12,1.0,1.0,0.5,7500,2.025980418950708,5.567521165008657,7500
beta_1.0,beta,1.0,28,13,1.0,1.0,0.5,7500,2.025980418950708,5.624090835917741,7500
beta_1.0,beta,1.0,28,14,1.0,1.0,0.5,7500,2.025980418950708,5.580104075022973,7500
beta_1.0,beta,1.0,28,15,1.0,1.0,0.5,7500,2.025980418950708,5.721139543922618,7500
beta_1.0,beta,1.0,28,16,1.0,1.0,0.5,7500,2.025980418950708,5.787543718004599,7500
beta_1.0,beta,1.0,28,17,1.0,1.0,0.5,7500,2.025980418950708,5.567037722095847,7500
beta_1.0,beta,1.0,28,18,1.0,1.0,0.5,7500,2.025980418950708,5.706887327018194,7500
beta_1.0,beta,1.0,28,19,1.0,1.0,0.5,7500,2.025980418950708,5.741130759008229,7500
beta_1.0,beta,1.0,29,0,1.0,1.0,0.5,7500,2.5080353247368983,11.272067807032727,7500
beta_1.0,beta,1.0,29,1,1.0,1.0,0.5,7500,2.5119461547085034,11.582711983006448,7500
beta_1.0,beta,1.0,29,2,1.0,1.0,0.5,7500,2.5080353247368987,11.218034210032783,7500
beta_1.0,beta,1.0,29,3,1.0,1.0,0.5,7500,2.5119461547085034,11.238651891006157,7500
beta_1.0,beta,1.0,29,4,1.0,1.0,0.5,7500,2.5185469193175045,11.538680244935676,7500
beta_1.0,beta,1.0,29,5,1.0,1.0,0.5,7500,2.5185469193175045,12.49273264198564,7500
beta_1.0,beta,1.0,29,6,1.0,1.0,0.5,7500,2.5080353247368983,11.493539609014988,7500
beta_1.0,beta,1.0,29,7,1.0,1.0,0.5,7500,2.490883212993618,11.460767305921763,7500
beta_1.0,beta,1.0,29,8,1.0,1.0,0.5,7500,2.4917912704064307,11.9427711450262,7500
beta_1.0,beta,1.0,29,9,1.0,1.0,0.5,7500,2.4917912704064307,11.352697566035204,7500
beta_1.0,beta,1.0,29,10,1.0,1.0,0.5,7500,2.5089433821497114,12.110959241050296,7500
beta_1.0,beta,1.0,29,11,1.0,1.0,0.5,7500,2.5160055525778526,11.3150963219814,7500
beta_1.0,beta,1.0,29,12,1.0,1.0,0.5,7500,2.5080353247368987,11.445397287956439,7500
beta_1.0,beta,1.0,29,13,1.0,1.0,0.5,7500,2.5089433821497114,11.265627731918357,7500
beta_1.0,beta,1.0,29,14,1.0,1.0,0.5,7500,2.5080353247368983,11.537905147997662,7500
beta_1.0,beta,1.0,29,15,1.0,1.0,0.5,7500,2.5080353247368983,11.657457254943438,7500
beta_1.0,beta,1.0,29,16,1.0,1.0,0.5,7500,2.5089433821497114,11.239152319030836,7500
beta_1.0,beta,1.0,29,17,1.0,1.0,0.5,7500,2.5110380972956907,11.555954111972824,7500
beta_1.0,beta,1.0,29,18,1.0,1.0,0.5,7500,2.4917912704064307,11.440051497891545,7500
beta_1.0,beta,1.0,29,19,1.0,1.0,0.5,7500,2.5119461547085034,11.460805609007366,7500
beta_1.0,beta,1.0,30,0,1.0,1.0,0.5,7500,1.9298467885369193,6.749135671998374,7500
beta_1.0,beta,1.0,30,1,1.0,1.0,0.5,7500,1.9298467885369193,6.727270539035089,7500
beta_1.0,beta,1.0,30,2,1.0,1.0,0.5,7500,1.9298467885369193,6.753450781921856,7500
beta_1.0,beta,1.0,30,3,1.0,1.0,0.5,7500,1.9298467885369193,6.959038508939557,7500
beta_1.0,beta,1.0,30,4,1.0,1.0,0.5,7500,1.9298467885369193,6.916439804015681,7500
beta_1.0,beta,1.0,30,5,1.0,1.0,0.5,7500,1.9298467885369193,6.737364051048644,7500
beta_1.0,beta,1.0,30,6,1.0,1.0,0.5,7500,1.9298467885369193,6.851929979980923,7500
beta_1.0,beta,1.0,30,7,1.0,1.0,0.5,7500,1.9298467885369193,6.813127133995295,7500
beta_1.0,beta,1.0,30,8,1.0,1.0,0.5,7500,1.9298467885369193,6.877086516935378,7500
beta_1.0,beta,1.0,30,9,1.0,1.0,0.5,7500,1.9298467885369193,6.760444946005009,7500
beta_1.0,beta,1.0,30,10,1.0,1.0,0.5,7500,1.9337416810526524,6.802398571977392,7500
beta_1.0,beta,1.0,30,11,1.0,1.0,0.5,7500,1.9298467885369193,6.814942738972604,7500
beta_1.0,beta,1.0,30,12,1.0,1.0,0.5,7500,1.9298467885369193,6.907218717038631,7500
beta_1.0,beta,1.0,30,13,1.0,1.0,0.5,7500,1.9298467885369193,6.730238023097627,7500
beta_1.0,beta,1.0,30,14,1.0,1.0,0.5,7500,1.9298467885369193,6.736493985983543,7500
beta_1.0,beta,1.0,30,15,1.0,1.0,0.5,7500,1.9298467885369195,6.906492691952735,7500
beta_1.0,beta,1.0,30,16,1.0,1.0,0.5,7500,1.9470845427134214,6.972149632056244,7500
beta_1.0,beta,1.0,30,17,1.0,1.0,0.5,7500,1.9298467885369193,7.070796188083477,7500
beta_1.0,beta,1.0,30,18,1.0,1.0,0.5,7500,1.9298467885369193,6.906420829007402,7500
beta_1.0,beta,1.0,30,19,1.0,1.0,0.5,7500,1.9298467885369193,6.878641308983788,7500
beta_4.0,beta,4.0,1,0,1.0,4.0,0.5,7500,1.7739991125114165,6.231127308914438,7500
beta_4.0,beta,4.0,1,1,1.0,4.0,0.5,7500,1.7739991125114165,6.20623481599614,7500
beta_4.0,beta,4.0,1,2,1.0,4.0,0.5,7500,1.7739991125114165,6.264730437076651,7500
beta_4.0,beta,4.0,1,3,1.0,4.0,0.5,7500,1.7739991125114165,6.459604314062744,7500
beta_4.0,beta,4.0,1,4,1.0,4.0,0.5,7500,1.7739991125114165,6.240176517982036,7500
beta_4.0,beta,4.0,1,5,1.0,4.0,0.5,7500,1.7739991125114165,6.427610861021094,7500
beta_4.0,beta,4.0,1,6,1.0,4.0,0.5,7500,1.7739991125114165,7.402343528927304,7500
beta_4.0,beta,4.0,1,7,1.0,4.0,0.5,7500,1.7739991125114165,6.20695473102387,7500
beta_4.0,beta,4.0,1,8,1.0,4.0,0.5,7500,1.7739991125114165,6.295430404949002,7500
beta_4.0,beta,4.0,1,9,1.0,4.0,0.5,7500,1.7739991125114165,6.425943120964803,7500
beta_4.0,beta,4.0,1,10,1.0,4.0,0.5,7500,1.7739991125114165,6.280498441075906,7500
beta_4.0,beta,4.0,1,11,1.0,4.0,0.5,7500,1.7739991125114165,6.194981105974875,7500
beta_4.0,beta,4.0,1,12,1.0,4.0,0.5,7500,1.7739991125114165,7.524775897967629,7500
beta_4.0,beta,4.0,1,13,1.0,4.0,0.5,7500,1.7739991125114165,6.1529679709346965,7500
beta_4.0,beta,4.0,1,14,1.0,4.0,0.5,7500,1.7739991125114165,6.188471762929112,7500
beta_4.0,beta,4.0,1,15,1.0,4.0,0.5,7500,1.7739991125114165,6.16692242003046,7500
beta_4.0,beta,4.0,1,16,1.0,4.0,0.5,7500,1.7739991125114165,6.5159952220274135,7500
beta_4.0,beta,4.0,1,17,1.0,4.0,0.5,7500,1.7739991125114165,6.503259069984779,7500
beta_4.0,beta,4.0,1,18,1.0,4.0,0.5,7500,1.7739991125114165,6.291148125077598,7500
beta_4.0,beta,4.0,1,19,1.0,4.0,0.5,7500,1.7739991125114165,6.296980138984509,7500
beta_4.0,beta,4.0,2,0,1.0,4.0,0.5,7500,2.279975082456949,6.3122694520279765,7500
beta_4.0,beta,4.0,2,1,1.0,4.0,0.5,7500,2.279975082456949,6.208366839098744,7500
beta_4.0,beta,4.0,2,2,1.0,4.0,0.5,7500,2.279975082456949,6.269783599069342,7500
beta_4.0,beta,4.0,2,3,1.0,4.0,0.5,7500,2.298706688532233,6.334959967061877,7500
beta_4.0,beta,4.0,2,4,1.0,4.0,0.5,7500,2.279975082456949,6.391430894029327,7500
beta_4.0,beta,4.0,2,5,1.0,4.0,0.5,7500,2.279975082456949,6.473976490902714,7500
beta_4.0,beta,4.0,2,6,1.0,4.0,0.5,7500,2.279975082456949,6.501039289985783,7500
beta_4.0,beta,4.0,2,7,1.0,4.0,0.5,7500,2.279975082456949,6.439607111969963,7500
beta_4.0,beta,4.0,2,8,1.0,4.0,0.5,7500,2.279975082456949,6.426848649978638,7500
beta_4.0,beta,4.0,2,9,1.0,4.0,0.5,7500,2.279975082456949,6.42521035799291,7500
beta_4.0,beta,4.0,2,10,1.0,4.0,0.5,7500,2.279975082456949,6.201012814999558,7500
beta_4.0,beta,4.0,2,11,1.0,4.0,0.5,7500,2.279975082456949,6.259103566990234,7500
beta_4.0,beta,4.0,2,12,1.0,4.0,0.5,7500,2.279975082456949,6.3310378059977666,7500
beta_4.0,beta,4.0,2,13,1.0,4.0,0.5,7500,2.279975082456949,6.324410583009012,7500
beta_4.0,beta,4.0,2,14,1.0,4.0,0.5,7500,2.279975082456949,6.386064548045397,7500
beta_4.0,beta,4.0,2,15,1.0,4.0,0.5,7500,2.279975082456949,6.547188329976052,7500
beta_4.0,beta,4.0,2,16,1.0,4.0,0.5,7500,2.279975082456949,6.379093780997209,7500
beta_4.0,beta,4.0,2,17,1.0,4.0,0.5,7500,2.279975082456949,6.505287328036502,7500
beta_4.0,beta,4.0,2,18,1.0,4.0,0.5,7500,2.298706688532233,6.4748085589380935,7500
beta_4.0,beta,4.0,2,19,1.0,4.0,0.5,7500,2.279975082456949,6.611127928015776,7500
beta_4.0,beta,4.0,3,0,1.0,4.0,0.5,7500,2.5554615909469742,9.08519375801552,7500
beta_4.0,beta,4.0,3,1,1.0,4.0,0.5,7500,2.5554615909469742,9.01575637399219,7500
beta_4.0,beta,4.0,3,2,1.0,4.0,0.5,7500,2.5554615909469742,9.123744847020134,7500
beta_4.0,beta,4.0,3,3,1.0,4.0,0.5,7500,2.5554615909469742,9.488872100948356,7500
beta_4.0,beta,4.0,3,4,1.0,4.0,0.5,7500,2.5554615909469742,9.07856544200331,7500
beta_4.0,beta,4.0,3,5,1.0,4.0,0.5,7500,2.5554615909469742,9.249193817027844,7500
beta_4.0,beta,4.0,3,6,1.0,4.0,0.5,7500,2.5554615909469742,9.170723960967734,7500
beta_4.0,beta,4.0,3,7,1.0,4.0,0.5,7500,2.5554615909469742,9.411114403046668,7500
beta_4.0,beta,4.0,3,8,1.0,4.0,0.5,7500,2.5554615909469742,9.402672233060002,7500
beta_4.0,beta,4.0,3,9,1.0,4.0,0.5,7500,2.5554615909469742,9.237052978016436,7500
beta_4.0,beta,4.0,3,10,1.0,4.0,0.5,7500,2.5554615909469742,9.290738414041698,7500
beta_4.0,beta,4.0,3,11,1.0,4.0,0.5,7500,2.5554615909469742,9.029077931074426,7500
beta_4.0,beta,4.0,3,12,1.0,4.0,0.5,7500,2.5554615909469742,9.21552457602229,7500
beta_4.0,beta,4.0,3,13,1.0,4.0,0.5,7500,2.589072221752102,9.112252459977753,7500
beta_4.0,beta,4.0,3,14,1.0,4.0,0.5,7500,2.5554615909469742,9.317141917999834,7500
beta_4.0,beta,4.0,3,15,1.0,4.0,0.5,7500,2.5554615909469742,9.149632676038891,7500
beta_4.0,beta,4.0,3,16,1.0,4.0,0.5,7500,2.5554615909469742,9.416239790967666,7500
beta_4.0,beta,4.0,3,17,1.0,4.0,0.5,7500,2.5554615909469742,9.437382366973907,7500
beta_4.0,beta,4.0,3,18,1.0,4.0,0.5,7500,2.5554615909469742,10.205021215952002,7500
beta_4.0,beta,4.0,3,19,1.0,4.0,0.5,7500,2.5554615909469742,9.37277899903711,7500
beta_4.0,beta,4.0,4,0,1.0,4.0,0.5,7500,2.1336449325725337,6.8492656430462375,7500
beta_4.0,beta,4.0,4,1,1.0,4.0,0.5,7500,2.1336449325725337,7.072483788942918,7500
beta_4.0,beta,4.0,4,2,1.0,4.0,0.5,7500,2.1335996845890683,6.80311450001318,7500
beta_4.0,beta,4.0,4,3,1.0,4.0,0.5,7500,2.1385399346185148,6.833513553021476,7500
beta_4.0,beta,4.0,4,4,1.0,4.0,0.5,7500,2.1336449325725337,6.862549431971274,7500
beta_4.0,beta,4.0,4,5,1.0,4.0,0.5,7500,2.1336449325725337,6.812957903952338,7500
beta_4.0,beta,4.0,4,6,1.0,4.0,0.5,7500,2.1336449325725337,7.048964357934892,7500
beta_4.0,beta,4.0,4,7,1.0,4.0,0.5,7500,2.1335996845890683,7.036980012082495,7500
beta_4.0,beta,4.0,4,8,1.0,4.0,0.5,7500,2.1335996845890683,6.957276021013968,7500
beta_4.0,beta,4.0,4,9,1.0,4.0,0.5,7500,2.1336449325725337,7.0102198460372165,7500
beta_4.0,beta,4.0,4,10,1.0,4.0,0.5,7500,2.1336449325725337,7.120350368088111,7500
beta_4.0,beta,4.0,4,11,1.0,4.0,0.5,7500,2.1385399346185148,7.114128006971441,7500
beta_4.0,beta,4.0,4,12,1.0,4.0,0.5,7500,2.1336449325725337,6.814072065986693,7500
beta_4.0,beta,4.0,4,13,1.0,4.0,0.5,7500,2.1335996845890683,6.989435900002718,7500
beta_4.0,beta,4.0,4,14,1.0,4.0,0.5,7500,2.1385399346185148,6.9033207410248,7500
beta_4.0,beta,4.0,4,15,1.0,4.0,0.5,7500,2.1336449325725337,6.996840558946133,7500
beta_4.0,beta,4.0,4,16,1.0,4.0,0.5,7500,2.1385399346185148,7.046767959021963,7500
beta_4.0,beta,4.0,4,17,1.0,4.0,0.5,7500,2.1336449325725337,6.97692255594302,7500
beta_4.0,beta,4.0,4,18,1.0,4.0,0.5,7500,2.1335996845890683,6.999366338946857,7500
beta_4.0,beta,4.0,4,19,1.0,4.0,0.5,7500,2.1336449325725337,6.806942827999592,7500
beta_4.0,beta,4.0,5,0,1.0,4.0,0.5,7500,1.9095012742420303,6.777074305922724,7500
beta_4.0,beta,4.0,5,1,1.0,4.0,0.5,7500,1.9095012742420303,6.921062445966527,7500
beta_4.0,beta,4.0,5,2,1.0,4.0,0.5,7500,1.8650742210238551,6.754348514019512,7500
beta_4.0,beta,4.0,5,3,1.0,4.0,0.5,7500,1.9095012742420303,6.715564229991287,7500
beta_4.0,beta,4.0,5,4,1.0,4.0,0.5,7500,1.9151271816592492,7.203627028968185,7500
beta_4.0,beta,4.0,5,5,1.0,4.0,0.5,7500,1.865074221023855,7.087100357050076,7500
beta_4.0,beta,4.0,5,6,1.0,4.0,0.5,7500,1.9151271816592492,6.912397899082862,7500
beta_4.0,beta,4.0,5,7,1.0,4.0,0.5,7500,1.9796272727684319,6.837597402976826,7500
beta_4.0,beta,4.0,5,8,1.0,4.0,0.5,7500,1.8650742210238551,6.924387390026823,7500
beta_4.0,beta,4.0,5,9,1.0,4.0,0.5,7500,1.9796272727684319,6.892089442000724,7500
beta_4.0,beta,4.0,5,10,1.0,4.0,0.5,7500,1.9151271816592492,6.72977118298877,7500
beta_4.0,beta,4.0,5,11,1.0,4.0,0.5,7500,1.9103679282974102,8.33135894604493,7500
beta_4.0,beta,4.0,5,12,1.0,4.0,0.5,7500,1.865074221023855,7.148867312003858,7500
beta_4.0,beta,4.0,5,13,1.0,4.0,0.5,7500,1.865074221023855,6.810098084039055,7500
beta_4.0,beta,4.0,5,14,1.0,4.0,0.5,7500,1.865074221023855,6.883645661990158,7500
beta_4.0,beta,4.0,5,15,1.0,4.0,0.5,7500,1.9796272727684319,6.872882353956811,7500
beta_4.0,beta,4.0,5,16,1.0,4.0,0.5,7500,1.865074221023855,7.018768990994431,7500
beta_4.0,beta,4.0,5,17,1.0,4.0,0.5,7500,1.865074221023855,7.069511116016656,7500
beta_4.0,beta,4.0,5,18,1.0,4.0,0.5,7500,1.8650742210238551,7.080063014989719,7500
beta_4.0,beta,4.0,5,19,1.0,4.0,0.5,7500,1.9095012742420303,6.724638579064049,7500
beta_4.0,beta,4.0,6,0,1.0,4.0,0.5,7500,1.756456461232624,6.344499318976887,7500
beta_4.0,beta,4.0,6,1,1.0,4.0,0.5,7500,1.756456461232624,6.287840354023501,7500
beta_4.0,beta,4.0,6,2,1.0,4.0,0.5,7500,1.756456461232624,6.382028635009192,7500
beta_4.0,beta,4.0,6,3,1.0,4.0,0.5,7500,1.756456461232624,6.938585021998733,7500
beta_4.0,beta,4.0,6,4,1.0,4.0,0.5,7500,1.756456461232624,6.261627207975835,7500
beta_4.0,beta,4.0,6,5,1.0,4.0,0.5,7500,1.756456461232624,6.250297613907605,7500
beta_4.0,beta,4.0,6,6,1.0,4.0,0.5,7500,1.756456461232624,6.4764627100666985,7500
beta_4.0,beta,4.0,6,7,1.0,4.0,0.5,7500,1.756456461232624,6.277396506047808,7500
beta_4.0,beta,4.0,6,8,1.0,4.0,0.5,7500,1.756456461232624,7.086826024926268,7500
beta_4.0,beta,4.0,6,9,1.0,4.0,0.5,7500,1.756456461232624,6.879142452031374,7500
beta_4.0,beta,4.0,6,10,1.0,4.0,0.5,7500,1.756456461232624,6.51593289594166,7500
beta_4.0,beta,4.0,6,11,1.0,4.0,0.5,7500,1.756456461232624,6.2961460769874975,7500
beta_4.0,beta,4.0,6,12,1.0,4.0,0.5,7500,1.756456461232624,6.673010675935075,7500
beta_4.0,beta,4.0,6,13,1.0,4.0,0.5,7500,1.756456461232624,6.475943443016149,7500
beta_4.0,beta,4.0,6,14,1.0,4.0,0.5,7500,1.756456461232624,6.352516838931479,7500
beta_4.0,beta,4.0,6,15,1.0,4.0,0.5,7500,1.756456461232624,6.525420053978451,7500
beta_4.0,beta,4.0,6,16,1.0,4.0,0.5,7500,1.756456461232624,6.49174755695276,7500
beta_4.0,beta,4.0,6,17,1.0,4.0,0.5,7500,1.756456461232624,6.536821859073825,7500
beta_4.0,beta,4.0,6,18,1.0,4.0,0.5,7500,1.756456461232624,6.502492108033039,7500
beta_4.0,beta,4.0,6,19,1.0,4.0,0.5,7500,1.756456461232624,6.436352255055681,7500
beta_4.0,beta,4.0,7,0,1.0,4.0,0.5,7500,1.8418822070973002,4.515188807970844,7500
beta_4.0,beta,4.0,7,1,1.0,4.0,0.5,7500,1.8418822070973002,4.559248068020679,7500
beta_4.0,beta,4.0,7,2,1.0,4.0,0.5,7500,1.8418822070973002,4.600732355029322,7500
beta_4.0,beta,4.0,7,3,1.0,4.0,0.5,7500,1.8418822070973002,4.474086255067959,7500
beta_4.0,beta,4.0,7,4,1.0,4.0,0.5,7500,1.8418822070973002,4.549011592986062,7500
beta_4.0,beta,4.0,7,5,1.0,4.0,0.5,7500,1.8418822070973002,4.756448770058341,7500
beta_4.0,beta,4.0,7,6,1.0,4.0,0.5,7500,1.8418822070973002,5.011204037931748,7500
beta_4.0,beta,4.0,7,7,1.0,4.0,0.5,7500,1.8418822070973002,4.656553299981169,7500
beta_4.0,beta,4.0,7,8,1.0,4.0,0.5,7500,1.8418822070973002,4.6716952819842845,7500
beta_4.0,beta,4.0,7,9,1.0,4.0,0.5,7500,1.8418822070973002,4.516627390985377,7500
beta_4.0,beta,4.0,7,10,1.0,4.0,0.5,7500,1.8418822070973002,4.435006828978658,7500
beta_4.0,beta,4.0,7,11,1.0,4.0,0.5,7500,1.8418822070973002,6.127676566014998,7500
beta_4.0,beta,4.0,7,12,1.0,4.0,0.5,7500,1.8418822070973002,4.632668302045204,7500
beta_4.0,beta,4.0,7,13,1.0,4.0,0.5,7500,1.8418822070973002,4.628623361000791,7500
beta_4.0,beta,4.0,7,14,1.0,4.0,0.5,7500,1.8418822070973002,4.737334490055218,7500
beta_4.0,beta,4.0,7,15,1.0,4.0,0.5,7500,1.8438224805881362,4.6621840979205444,7500
beta_4.0,beta,4.0,7,16,1.0,4.0,0.5,7500,1.8418822070973002,4.622290723957121,7500
beta_4.0,beta,4.0,7,17,1.0,4.0,0.5,7500,1.8418822070973002,4.676167601952329,7500
beta_4.0,beta,4.0,7,18,1.0,4.0,0.5,7500,1.8418822070973002,4.617799296975136,7500
beta_4.0,beta,4.0,7,19,1.0,4.0,0.5,7500,1.8418822070973002,4.626215874101035,7500
beta_4.0,beta,4.0,8,0,1.0,4.0,0.5,7500,2.4314289960780373,11.007873596972786,7500
beta_4.0,beta,4.0,8,1,1.0,4.0,0.5,7500,2.4314289960780373,11.059065464069135,7500
beta_4.0,beta,4.0,8,2,1.0,4.0,0.5,7500,2.4314289960780373,11.829069833038375,7500
beta_4.0,beta,4.0,8,3,1.0,4.0,0.5,7500,2.4314289960780373,11.083012977964245,7500
beta_4.0,beta,4.0,8,4,1.0,4.0,0.5,7500,2.4314289960780373,12.571203897939995,7500
beta_4.0,beta,4.0,8,5,1.0,4.0,0.5,7500,2.4314289960780373,11.109399160952307,7500
beta_4.0,beta,4.0,8,6,1.0,4.0,0.5,7500,2.4314289960780373,11.642589687020518,7500
beta_4.0,beta,4.0,8,7,1.0,4.0,0.5,7500,2.4314289960780373,11.166179755004123,7500
beta_4.0,beta,4.0,8,8,1.0,4.0,0.5,7500,2.4314289960780373,12.462375840987079,7500
beta_4.0,beta,4.0,8,9,1.0,4.0,0.5,7500,2.4314289960780373,11.43867143895477,7500
beta_4.0,beta,4.0,8,10,1.0,4.0,0.5,7500,2.4314289960780373,10.9968160019489,7500
beta_4.0,beta,4.0,8,11,1.0,4.0,0.5,7500,2.4314289960780373,11.544612706056796,7500
beta_4.0,beta,4.0,8,12,1.0,4.0,0.5,7500,2.4314289960780373,11.449081736034714,7500
beta_4.0,beta,4.0,8,13,1.0,4.0,0.5,7500,2.4314289960780373,11.326173665001988,7500
beta_4.0,beta,4.0,8,14,1.0,4.0,0.5,7500,2.4314289960780373,11.360672367969528,7500
beta_4.0,beta,4.0,8,15,1.0,4.0,0.5,7500,2.4314289960780373,12.392295422032475,7500
beta_4.0,beta,4.0,8,16,1.0,4.0,0.5,7500,2.4314289960780373,11.945651312940754,7500
beta_4.0,beta,4.0,8,17,1.0,4.0,0.5,7500,2.4314289960780373,12.041060035000555,7500
beta_4.0,beta,4.0,8,18,1.0,4.0,0.5,7500,2.4314289960780373,11.552730205934495,7500
beta_4.0,beta,4.0,8,19,1.0,4.0,0.5,7500,2.4314289960780373,11.348291256930679,7500
beta_4.0,beta,4.0,9,0,1.0,4.0,0.5,7500,2.4122006554120246,7.514157430967316,7500
beta_4.0,beta,4.0,9,1,1.0,4.0,0.5,7500,2.4122006554120246,7.357060094946064,7500
beta_4.0,beta,4.0,9,2,1.0,4.0,0.5,7500,2.4122006554120246,7.525837901048362,7500
beta_4.0,beta,4.0,9,3,1.0,4.0,0.5,7500,2.4122006554120246,7.389102448010817,7500
beta_4.0,beta,4.0,9,4,1.0,4.0,0.5,7500,2.4122006554120246,7.550306327990256,7500
beta_4.0,beta,4.0,9,5,1.0,4.0,0.5,7500,2.4122006554120246,9.93496964906808,7500
beta_4.0,beta,4.0,9,6,1.0,4.0,0.5,7500,2.4122006554120246,8.016575074987486,7500
beta_4.0,beta,4.0,9,7,1.0,4.0,0.5,7500,2.4122006554120246,7.693687506020069,7500
beta_4.0,beta,4.0,9,8,1.0,4.0,0.5,7500,2.4122006554120246,7.546830808045343,7500
beta_4.0,beta,4.0,9,9,1.0,4.0,0.5,7500,2.4122006554120246,7.686272101011127,7500
beta_4.0,beta,4.0,9,10,1.0,4.0,0.5,7500,2.4122006554120246,7.689573209965602,7500
beta_4.0,beta,4.0,9,11,1.0,4.0,0.5,7500,2.4122006554120246,7.513955172966234,7500
beta_4.0,beta,4.0,9,12,1.0,4.0,0.5,7500,2.4122006554120246,7.796173815033399,7500
beta_4.0,beta,4.0,9,13,1.0,4.0,0.5,7500,2.4122006554120246,7.468350068083964,7500
beta_4.0,beta,4.0,9,14,1.0,4.0,0.5,7500,2.4122006554120246,7.617160471039824,7500
beta_4.0,beta,4.0,9,15,1.0,4.0,0.5,7500,2.4122006554120246,7.57565464603249,7500
beta_4.0,beta,4.0,9,16,1.0,4.0,0.5,7500,2.4122006554120246,7.676799918990582,7500
beta_4.0,beta,4.0,9,17,1.0,4.0,0.5,7500,2.4122006554120246,7.661789105972275,7500
beta_4.0,beta,4.0,9,18,1.0,4.0,0.5,7500,2.4122006554120246,7.491260081995279,7500
beta_4.0,beta,4.0,9,19,1.0,4.0,0.5,7500,2.4122006554120246,7.6842887999955565,7500
beta_4.0,beta,4.0,10,0,1.0,4.0,0.5,7500,2.2847926646599612,6.40531592105981,7500
beta_4.0,beta,4.0,10,1,1.0,4.0,0.5,7500,2.3140252728719384,6.448116185958497,7500
beta_4.0,beta,4.0,10,2,1.0,4.0,0.5,7500,2.3140252728719384,6.349872821941972,7500
beta_4.0,beta,4.0,10,3,1.0,4.0,0.5,7500,2.3140252728719384,6.591126129031181,7500
beta_4.0,beta,4.0,10,4,1.0,4.0,0.5,7500,2.3140252728719384,6.260504510020837,7500
beta_4.0,beta,4.0,10,5,1.0,4.0,0.5,7500,2.3140252728719384,6.440305583993904,7500
beta_4.0,beta,4.0,10,6,1.0,4.0,0.5,7500,2.3140252728719384,8.529034682083875,7500
beta_4.0,beta,4.0,10,7,1.0,4.0,0.5,7500,2.2847926646599612,6.495825574034825,7500
beta_4.0,beta,4.0,10,8,1.0,4.0,0.5,7500,2.3140252728719384,6.420038252952509,7500
beta_4.0,beta,4.0,10,9,1.0,4.0,0.5,7500,2.3140252728719384,6.3755163989262655,7500
beta_4.0,beta,4.0,10,10,1.0,4.0,0.5,7500,2.2847926646599612,6.658410822972655,7500
beta_4.0,beta,4.0,10,11,1.0,4.0,0.5,7500,2.3140252728719384,6.275119547965005,7500
beta_4.0,beta,4.0,10,12,1.0,4.0,0.5,7500,2.3140252728719384,6.311633857083507,7500
beta_4.0,beta,4.0,10,13,1.0,4.0,0.5,7500,2.2847926646599612,6.52066392893903,7500
beta_4.0,beta,4.0,10,14,1.0,4.0,0.5,7500,2.3140252728719384,6.2923432170646265,7500
beta_4.0,beta,4.0,10,15,1.0,4.0,0.5,7500,2.3140252728719384,8.176672278903425,7500
beta_4.0,beta,4.0,10,16,1.0,4.0,0.5,7500,2.3140252728719384,6.446411364944652,7500
beta_4.0,beta,4.0,10,17,1.0,4.0,0.5,7500,2.3140252728719384,6.487127560074441,7500
beta_4.0,beta,4.0,10,18,1.0,4.0,0.5,7500,2.3140252728719384,6.435902280034497,7500
beta_4.0,beta,4.0,10,19,1.0,4.0,0.5,7500,2.3140252728719384,6.262384910020046,7500
beta_4.0,beta,4.0,11,0,1.0,4.0,0.5,7500,2.8210526565615557,6.386665106983855,7500
beta_4.0,beta,4.0,11,1,1.0,4.0,0.5,7500,2.9001661773245435,6.242869228008203,7500
beta_4.0,beta,4.0,11,2,1.0,4.0,0.5,7500,2.9001661773245435,6.262554652057588,7500
beta_4.0,beta,4.0,11,3,1.0,4.0,0.5,7500,2.9001661773245435,6.32186963094864,7500
beta_4.0,beta,4.0,11,4,1.0,4.0,0.5,7500,2.866604229159078,6.204743474023417,7500
beta_4.0,beta,4.0,11,5,1.0,4.0,0.5,7500,2.866604229159078,6.462593293981627,7500
beta_4.0,beta,4.0,11,6,1.0,4.0,0.5,7500,2.866604229159078,6.460125517915003,7500
beta_4.0,beta,4.0,11,7,1.0,4.0,0.5,7500,2.866604229159078,6.216371467919089,7500
beta_4.0,beta,4.0,11,8,1.0,4.0,0.5,7500,2.9001661773245435,6.33703996008262,7500
beta_4.0,beta,4.0,11,9,1.0,4.0,0.5,7500,2.8278569908707025,6.3120412670541555,7500
beta_4.0,beta,4.0,11,10,1.0,4.0,0.5,7500,2.866604229159078,6.52574726997409,7500
beta_4.0,beta,4.0,11,11,1.0,4.0,0.5,7500,2.694971670426138,6.372887314064428,7500
beta_4.0,beta,4.0,11,12,1.0,4.0,0.5,7500,2.866604229159078,6.42340140894521,7500
beta_4.0,beta,4.0,11,13,1.0,4.0,0.5,7500,2.8278569908707025,6.273420045035891,7500
beta_4.0,beta,4.0,11,14,1.0,4.0,0.5,7500,2.9001661773245435,8.643258052994497,7500
beta_4.0,beta,4.0,11,15,1.0,4.0,0.5,7500,2.866604229159078,8.689753588987514,7500
beta_4.0,beta,4.0,11,16,1.0,4.0,0.5,7500,2.9001661773245435,6.236396898981184,7500
beta_4.0,beta,4.0,11,17,1.0,4.0,0.5,7500,2.9001661773245435,6.564974298002198,7500
beta_4.0,beta,4.0,11,18,1.0,4.0,0.5,7500,2.882230993189804,6.188353661913425,7500
beta_4.0,beta,4.0,11,19,1.0,4.0,0.5,7500,2.7178088886007057,6.28498681797646,7500
beta_4.0,beta,4.0,12,0,1.0,4.0,0.5,7500,1.4629409667745168,8.47369984909892,7500
beta_4.0,beta,4.0,12,1,1.0,4.0,0.5,7500,1.4766607977807271,8.52513489604462,7500
beta_4.0,beta,4.0,12,2,1.0,4.0,0.5,7500,1.484973791022271,8.502462865086272,7500
beta_4.0,beta,4.0,12,3,1.0,4.0,0.5,7500,1.4629409667745168,8.598590824054554,7500
beta_4.0,beta,4.0,12,4,1.0,4.0,0.5,7500,1.4263484665422361,8.448999769985676,7500
beta_4.0,beta,4.0,12,5,1.0,4.0,0.5,7500,1.4400682975484465,8.709967982023954,7500
beta_4.0,beta,4.0,12,6,1.0,4.0,0.5,7500,1.4629409667745168,8.691176115069538,7500
beta_4.0,beta,4.0,12,7,1.0,4.0,0.5,7500,1.4263484665422361,9.399870104971342,7500
beta_4.0,beta,4.0,12,8,1.0,4.0,0.5,7500,1.4766607977807271,8.707780669094063,7500
beta_4.0,beta,4.0,12,9,1.0,4.0,0.5,7500,1.4400682975484465,8.620732147945091,7500
beta_4.0,beta,4.0,12,10,1.0,4.0,0.5,7500,1.4629409667745168,8.621804316993803,7500
beta_4.0,beta,4.0,12,11,1.0,4.0,0.5,7500,1.4629409667745168,8.896041868021712,7500
beta_4.0,beta,4.0,12,12,1.0,4.0,0.5,7500,1.4480307851671983,10.114408771973103,7500
beta_4.0,beta,4.0,12,13,1.0,4.0,0.5,7500,1.4629409667745168,8.420706745004281,7500
beta_4.0,beta,4.0,12,14,1.0,4.0,0.5,7500,1.4400682975484465,8.51916629599873,7500
beta_4.0,beta,4.0,12,15,1.0,4.0,0.5,7500,1.4263484665422361,8.561814842978492,7500
beta_4.0,beta,4.0,12,16,1.0,4.0,0.5,7500,1.4629409667745168,8.856938481912948,7500
beta_4.0,beta,4.0,12,17,1.0,4.0,0.5,7500,1.4629409667745168,8.418621152057312,7500
beta_4.0,beta,4.0,12,18,1.0,4.0,0.5,7500,1.4263484665422361,8.809220588998869,7500
beta_4.0,beta,4.0,12,19,1.0,4.0,0.5,7500,1.4629409667745168,8.8728833590867,7500
beta_4.0,beta,4.0,13,0,1.0,4.0,0.5,7500,2.026911186852802,6.2021438690135255,7500
beta_4.0,beta,4.0,13,1,1.0,4.0,0.5,7500,2.026911186852802,6.268445263965987,7500
beta_4.0,beta,4.0,13,2,1.0,4.0,0.5,7500,2.064340106337574,6.327095813932829,7500
beta_4.0,beta,4.0,13,3,1.0,4.0,0.5,7500,2.026911186852802,6.184985717991367,7500
beta_4.0,beta,4.0,13,4,1.0,4.0,0.5,7500,2.026911186852802,6.2948258449323475,7500
beta_4.0,beta,4.0,13,5,1.0,4.0,0.5,7500,2.064340106337574,6.436059096013196,7500
beta_4.0,beta,4.0,13,6,1.0,4.0,0.5,7500,2.026911186852802,6.353070579003543,7500
beta_4.0,beta,4.0,13,7,1.0,4.0,0.5,7500,2.026911186852802,6.239441871992312,7500
beta_4.0,beta,4.0,13,8,1.0,4.0,0.5,7500,2.026911186852802,6.318526013055816,7500
beta_4.0,beta,4.0,13,9,1.0,4.0,0.5,7500,2.064340106337574,6.388349991990253,7500
beta_4.0,beta,4.0,13,10,1.0,4.0,0.5,7500,2.026911186852802,6.222121178056113,7500
beta_4.0,beta,4.0,13,11,1.0,4.0,0.5,7500,2.064340106337574,6.489547725999728,7500
beta_4.0,beta,4.0,13,12,1.0,4.0,0.5,7500,2.026911186852802,6.346547282999381,7500
beta_4.0,beta,4.0,13,13,1.0,4.0,0.5,7500,2.026911186852802,6.211714597069658,7500
beta_4.0,beta,4.0,13,14,1.0,4.0,0.5,7500,2.026911186852802,6.197744928998873,7500
beta_4.0,beta,4.0,13,15,1.0,4.0,0.5,7500,2.080079610501402,6.437371950945817,7500
beta_4.0,beta,4.0,13,16,1.0,4.0,0.5,7500,2.064340106337574,6.354818623978645,7500
beta_4.0,beta,4.0,13,17,1.0,4.0,0.5,7500,2.080079610501402,6.266803137026727,7500
beta_4.0,beta,4.0,13,18,1.0,4.0,0.5,7500,2.026911186852802,6.241144666913897,7500
beta_4.0,beta,4.0,13,19,1.0,4.0,0.5,7500,2.026911186852802,6.171689107082784,7500
beta_4.0,beta,4.0,14,0,1.0,4.0,0.5,7500,1.067134550587395,2.9705292569706216,7500
beta_4.0,beta,4.0,14,1,1.0,4.0,0.5,7500,1.067134550587395,2.9779579510213807,7500
beta_4.0,beta,4.0,14,2,1.0,4.0,0.5,7500,1.067134550587395,2.8253711669240147,7500
beta_4.0,beta,4.0,14,3,1.0,4.0,0.5,7500,1.067134550587395,2.7818917160620913,7500
beta_4.0,beta,4.0,14,4,1.0,4.0,0.5,7500,1.067134550587395,2.9392922909464687,7500
beta_4.0,beta,4.0,14,5,1.0,4.0,0.5,7500,1.067134550587395,2.885693061980419,7500
beta_4.0,beta,4.0,14,6,1.0,4.0,0.5,7500,1.0951009983883422,3.030235948972404,7500
beta_4.0,beta,4.0,14,7,1.0,4.0,0.5,7500,1.0951009983883422,2.8673389030154794,7500
beta_4.0,beta,4.0,14,8,1.0,4.0,0.5,7500,1.067134550587395,2.8594434610567987,7500
beta_4.0,beta,4.0,14,9,1.0,4.0,0.5,7500,1.067134550587395,2.9970571500016376,7500
beta_4.0,beta,4.0,14,10,1.0,4.0,0.5,7500,1.067134550587395,2.754629602073692,7500
beta_4.0,beta,4.0,14,11,1.0,4.0,0.5,7500,1.067134550587395,2.787183292908594,7500
beta_4.0,beta,4.0,14,12,1.0,4.0,0.5,7500,1.067134550587395,2.895916467998177,7500
beta_4.0,beta,4.0,14,13,1.0,4.0,0.5,7500,1.067134550587395,3.0450142020126805,7500
beta_4.0,beta,4.0,14,14,1.0,4.0,0.5,7500,1.067134550587395,2.8638996669324115,7500
beta_4.0,beta,4.0,14,15,1.0,4.0,0.5,7500,1.067134550587395,2.8199404309270903,7500
beta_4.0,beta,4.0,14,16,1.0,4.0,0.5,7500,1.067134550587395,2.9248112770728767,7500
beta_4.0,beta,4.0,14,17,1.0,4.0,0.5,7500,1.067134550587395,2.8619074629386887,7500
beta_4.0,beta,4.0,14,18,1.0,4.0,0.5,7500,1.067134550587395,2.803767313947901,7500
beta_4.0,beta,4.0,14,19,1.0,4.0,0.5,7500,1.067134550587395,2.771351087023504,7500
beta_4.0,beta,4.0,15,0,1.0,4.0,0.5,7500,2.1177134803020645,5.222552198101766,7500
beta_4.0,beta,4.0,15,1,1.0,4.0,0.5,7500,2.1177134803020645,5.191127342055552,7500
beta_4.0,beta,4.0,15,2,1.0,4.0,0.5,7500,2.1177134803020645,5.23506350198295,7500
beta_4.0,beta,4.0,15,3,1.0,4.0,0.5,7500,2.1177134803020645,5.110389646026306,7500
beta_4.0,beta,4.0,15,4,1.0,4.0,0.5,7500,2.1177134803020645,5.05053670599591,7500
beta_4.0,beta,4.0,15,5,1.0,4.0,0.5,7500,2.1148327769950863,5.036257073981687,7500
beta_4.0,beta,4.0,15,6,1.0,4.0,0.5,7500,2.1177134803020645,5.120813668938354,7500
beta_4.0,beta,4.0,15,7,1.0,4.0,0.5,7500,2.1177134803020645,5.02339883800596,7500
beta_4.0,beta,4.0,15,8,1.0,4.0,0.5,7500,2.130099779914512,5.239838760928251,7500
beta_4.0,beta,4.0,15,9,1.0,4.0,0.5,7500,2.1177134803020645,5.053843350964598,7500
beta_4.0,beta,4.0,15,10,1.0,4.0,0.5,7500,2.1177134803020645,5.132920925039798,7500
beta_4.0,beta,4.0,15,11,1.0,4.0,0.5,7500,2.1177134803020645,5.105807724059559,7500
beta_4.0,beta,4.0,15,12,1.0,4.0,0.5,7500,2.1148327769950863,5.298621024936438,7500
beta_4.0,beta,4.0,15,13,1.0,4.0,0.5,7500,2.1177134803020645,5.230229284032248,7500
beta_4.0,beta,4.0,15,14,1.0,4.0,0.5,7500,2.112602871122433,5.061132377013564,7500
beta_4.0,beta,4.0,15,15,1.0,4.0,0.5,7500,2.1148327769950863,5.196145731955767,7500
beta_4.0,beta,4.0,15,16,1.0,4.0,0.5,7500,2.1148327769950863,5.231129097985104,7500
beta_4.0,beta,4.0,15,17,1.0,4.0,0.5,7500,2.112602871122433,5.1952441449975595,7500
beta_4.0,beta,4.0,15,18,1.0,4.0,0.5,7500,2.1177134803020645,5.125514899031259,7500
beta_4.0,beta,4.0,15,19,1.0,4.0,0.5,7500,2.1177134803020645,5.098290625959635,7500
beta_4.0,beta,4.0,16,0,1.0,4.0,0.5,7500,2.159640501700675,10.11423520790413,7500
beta_4.0,beta,4.0,16,1,1.0,4.0,0.5,7500,2.159640501700675,9.994163380935788,7500
beta_4.0,beta,4.0,16,2,1.0,4.0,0.5,7500,2.159640501700675,9.47192962304689,7500
beta_4.0,beta,4.0,16,3,1.0,4.0,0.5,7500,2.159640501700675,10.056574407964945,7500
beta_4.0,beta,4.0,16,4,1.0,4.0,0.5,7500,2.159640501700675,9.541169180069119,7500
beta_4.0,beta,4.0,16,5,1.0,4.0,0.5,7500,2.159640501700675,9.650495272013359,7500
beta_4.0,beta,4.0,16,6,1.0,4.0,0.5,7500,2.159640501700675,9.65511215699371,7500
beta_4.0,beta,4.0,16,7,1.0,4.0,0.5,7500,2.159640501700675,9.813803030992858,7500
beta_4.0,beta,4.0,16,8,1.0,4.0,0.5,7500,2.159640501700675,9.858010775991715,7500
beta_4.0,beta,4.0,16,9,1.0,4.0,0.5,7500,2.159640501700675,9.647370459977537,7500
beta_4.0,beta,4.0,16,10,1.0,4.0,0.5,7500,2.163603088423454,9.690154100069776,7500
beta_4.0,beta,4.0,16,11,1.0,4.0,0.5,7500,2.163603088423454,9.634118100977503,7500
beta_4.0,beta,4.0,16,12,1.0,4.0,0.5,7500,2.159640501700675,9.569084568996914,7500
beta_4.0,beta,4.0,16,13,1.0,4.0,0.5,7500,2.173540964426512,9.689194210921414,7500
beta_4.0,beta,4.0,16,14,1.0,4.0,0.5,7500,2.177455765655046,9.989857502980158,7500
beta_4.0,beta,4.0,16,15,1.0,4.0,0.5,7500,2.159640501700675,9.897456091013737,7500
beta_4.0,beta,4.0,16,16,1.0,4.0,0.5,7500,2.159640501700675,10.069523546029814,7500
beta_4.0,beta,4.0,16,17,1.0,4.0,0.5,7500,2.163603088423454,9.813267026096582,7500
beta_4.0,beta,4.0,16,18,1.0,4.0,0.5,7500,2.159640501700675,9.696456967038102,7500
beta_4.0,beta,4.0,16,19,1.0,4.0,0.5,7500,2.159640501700675,9.958495633094572,7500
beta_4.0,beta,4.0,17,0,1.0,4.0,0.5,7500,2.0100547196305705,3.9887205539271235,7500
beta_4.0,beta,4.0,17,1,1.0,4.0,0.5,7500,2.0100547196305705,3.872663287911564,7500
beta_4.0,beta,4.0,17,2,1.0,4.0,0.5,7500,2.0100547196305705,3.9305307659087703,7500
beta_4.0,beta,4.0,17,3,1.0,4.0,0.5,7500,2.0100547196305705,3.9212052209768444,7500
beta_4.0,beta,4.0,17,4,1.0,4.0,0.5,7500,2.0100547196305705,4.097671645926312,7500
beta_4.0,beta,4.0,17,5,1.0,4.0,0.5,7500,2.0100547196305705,4.045466221054085,7500
beta_4.0,beta,4.0,17,6,1.0,4.0,0.5,7500,2.0100547196305705,4.046163277933374,7500
beta_4.0,beta,4.0,17,7,1.0,4.0,0.5,7500,2.0100547196305705,4.028043083031662,7500
beta_4.0,beta,4.0,17,8,1.0,4.0,0.5,7500,2.0100547196305705,3.8870083279907703,7500
beta_4.0,beta,4.0,17,9,1.0,4.0,0.5,7500,2.0100547196305705,4.025128816952929,7500
beta_4.0,beta,4.0,17,10,1.0,4.0,0.5,7500,2.0100547196305705,3.8762581940973178,7500
beta_4.0,beta,4.0,17,11,1.0,4.0,0.5,7500,2.0100547196305705,3.8751715449616313,7500
beta_4.0,beta,4.0,17,12,1.0,4.0,0.5,7500,2.0100547196305705,3.862063621985726,7500
beta_4.0,beta,4.0,17,13,1.0,4.0,0.5,7500,2.0100547196305705,3.8830533520085737,7500
beta_4.0,beta,4.0,17,14,1.0,4.0,0.5,7500,2.0100547196305705,4.0122896659886464,7500
beta_4.0,beta,4.0,17,15,1.0,4.0,0.5,7500,2.0100547196305705,3.945911886054091,7500
beta_4.0,beta,4.0,17,16,1.0,4.0,0.5,7500,2.0100547196305705,3.8440675199963152,7500
beta_4.0,beta,4.0,17,17,1.0,4.0,0.5,7500,2.0100547196305705,3.92330259794835,7500
beta_4.0,beta,4.0,17,18,1.0,4.0,0.5,7500,2.0100547196305705,4.032716840971261,7500
beta_4.0,beta,4.0,17,19,1.0,4.0,0.5,7500,2.0100547196305705,4.027076069964096,7500
beta_4.0,beta,4.0,18,0,1.0,4.0,0.5,7500,2.7052757751641314,9.57857654907275,7500
beta_4.0,beta,4.0,18,1,1.0,4.0,0.5,7500,2.7052757751641314,9.747905946918763,7500
beta_4.0,beta,4.0,18,2,1.0,4.0,0.5,7500,2.7052757751641314,9.660794957890175,7500
beta_4.0,beta,4.0,18,3,1.0,4.0,0.5,7500,2.7052757751641314,9.583356030052528,7500
beta_4.0,beta,4.0,18,4,1.0,4.0,0.5,7500,2.7052757751641314,10.056804093997926,7500
beta_4.0,beta,4.0,18,5,1.0,4.0,0.5,7500,2.7052757751641314,10.017732677981257,7500
beta_4.0,beta,4.0,18,6,1.0,4.0,0.5,7500,2.7052757751641314,9.865778142004274,7500
beta_4.0,beta,4.0,18,7,1.0,4.0,0.5,7500,2.7052757751641314,9.648960224003531,7500
beta_4.0,beta,4.0,18,8,1.0,4.0,0.5,7500,2.7052757751641314,10.075855061993934,7500
beta_4.0,beta,4.0,18,9,1.0,4.0,0.5,7500,2.7052757751641314,10.024845294072293,7500
beta_4.0,beta,4.0,18,10,1.0,4.0,0.5,7500,2.7052757751641314,9.6055238150293,7500
beta_4.0,beta,4.0,18,11,1.0,4.0,0.5,7500,2.7052757751641314,9.65994344803039,7500
beta_4.0,beta,4.0,18,12,1.0,4.0,0.5,7500,2.7052757751641314,9.648900474072434,7500
beta_4.0,beta,4.0,18,13,1.0,4.0,0.5,7500,2.7052757751641314,9.67535680194851,7500
beta_4.0,beta,4.0,18,14,1.0,4.0,0.5,7500,2.7052757751641314,9.806956600979902,7500
beta_4.0,beta,4.0,18,15,1.0,4.0,0.5,7500,2.7052757751641314,9.918834393960424,7500
beta_4.0,beta,4.0,18,16,1.0,4.0,0.5,7500,2.7052757751641314,9.631636139005423,7500
beta_4.0,beta,4.0,18,17,1.0,4.0,0.5,7500,2.7052757751641314,10.252636041026562,7500
beta_4.0,beta,4.0,18,18,1.0,4.0,0.5,7500,2.7052757751641314,10.033561674994417,7500
beta_4.0,beta,4.0,18,19,1.0,4.0,0.5,7500,2.7052757751641314,9.940775224007666,7500
beta_4.0,beta,4.0,19,0,1.0,4.0,0.5,7500,1.908463713665149,3.346987416036427,7500
beta_4.0,beta,4.0,19,1,1.0,4.0,0.5,7500,1.908463713665149,3.371057815034874,7500
beta_4.0,beta,4.0,19,2,1.0,4.0,0.5,7500,1.908463713665149,3.3376522270264104,7500
beta_4.0,beta,4.0,19,3,1.0,4.0,0.5,7500,1.908463713665149,3.359091172926128,7500
beta_4.0,beta,4.0,19,4,1.0,4.0,0.5,7500,1.908463713665149,3.3539297269890085,7500
beta_4.0,beta,4.0,19,5,1.0,4.0,0.5,7500,1.908463713665149,3.3950495569733903,7500
beta_4.0,beta,4.0,19,6,1.0,4.0,0.5,7500,1.908463713665149,3.3408546020509675,7500
beta_4.0,beta,4.0,19,7,1.0,4.0,0.5,7500,1.908463713665149,3.364693302894011,7500
beta_4.0,beta,4.0,19,8,1.0,4.0,0.5,7500,1.908463713665149,3.4191066999919713,7500
beta_4.0,beta,4.0,19,9,1.0,4.0,0.5,7500,1.908463713665149,3.5530568100512028,7500
beta_4.0,beta,4.0,19,10,1.0,4.0,0.5,7500,1.908463713665149,3.349593776045367,7500
beta_4.0,beta,4.0,19,11,1.0,4.0,0.5,7500,1.908463713665149,3.381948697962798,7500
beta_4.0,beta,4.0,19,12,1.0,4.0,0.5,7500,1.9441477849616287,3.435451154015027,7500
beta_4.0,beta,4.0,19,13,1.0,4.0,0.5,7500,1.908463713665149,3.326161855016835,7500
beta_4.0,beta,4.0,19,14,1.0,4.0,0.5,7500,1.908463713665149,3.306311965105124,7500
beta_4.0,beta,4.0,19,15,1.0,4.0,0.5,7500,1.908463713665149,3.382606951985508,7500
beta_4.0,beta,4.0,19,16,1.0,4.0,0.5,7500,1.908463713665149,3.428014767006971,7500
beta_4.0,beta,4.0,19,17,1.0,4.0,0.5,7500,1.908463713665149,3.485599467996508,7500
beta_4.0,beta,4.0,19,18,1.0,4.0,0.5,7500,1.908463713665149,3.4037246130174026,7500
beta_4.0,beta,4.0,19,19,1.0,4.0,0.5,7500,1.908463713665149,3.445169709972106,7500
beta_4.0,beta,4.0,20,0,1.0,4.0,0.5,7500,2.1697468439523346,5.63366488495376,7500
beta_4.0,beta,4.0,20,1,1.0,4.0,0.5,7500,2.1697468439523346,5.749526209081523,7500
beta_4.0,beta,4.0,20,2,1.0,4.0,0.5,7500,2.1697468439523346,5.651325925951824,7500
beta_4.0,beta,4.0,20,3,1.0,4.0,0.5,7500,2.1697468439523346,5.663176874979399,7500
beta_4.0,beta,4.0,20,4,1.0,4.0,0.5,7500,2.1697468439523346,5.694312316016294,7500
beta_4.0,beta,4.0,20,5,1.0,4.0,0.5,7500,2.1697468439523346,5.770426616072655,7500
beta_4.0,beta,4.0,20,6,1.0,4.0,0.5,7500,2.1697468439523346,5.634885520907119,7500
beta_4.0,beta,4.0,20,7,1.0,4.0,0.5,7500,2.1697468439523346,5.6637140030507,7500
beta_4.0,beta,4.0,20,8,1.0,4.0,0.5,7500,2.1697468439523346,5.799057253985666,7500
beta_4.0,beta,4.0,20,9,1.0,4.0,0.5,7500,2.1697468439523346,5.686662332038395,7500
beta_4.0,beta,4.0,20,10,1.0,4.0,0.5,7500,2.1697468439523346,5.7426998959854245,7500
beta_4.0,beta,4.0,20,11,1.0,4.0,0.5,7500,2.1697468439523346,5.8605386150302365,7500
beta_4.0,beta,4.0,20,12,1.0,4.0,0.5,7500,2.1697468439523346,5.667845931020565,7500
beta_4.0,beta,4.0,20,13,1.0,4.0,0.5,7500,2.1697468439523346,5.789475637953728,7500
beta_4.0,beta,4.0,20,14,1.0,4.0,0.5,7500,2.1697468439523346,5.642505245981738,7500
beta_4.0,beta,4.0,20,15,1.0,4.0,0.5,7500,2.1697468439523346,5.780798782012425,7500
beta_4.0,beta,4.0,20,16,1.0,4.0,0.5,7500,2.1697468439523346,5.845372093026526,7500
beta_4.0,beta,4.0,20,17,1.0,4.0,0.5,7500,2.1697468439523346,5.798442622995935,7500
beta_4.0,beta,4.0,20,18,1.0,4.0,0.5,7500,2.1697468439523346,5.94380660308525,7500
beta_4.0,beta,4.0,20,19,1.0,4.0,0.5,7500,2.1697468439523346,5.828565242001787,7500
beta_4.0,beta,4.0,21,0,1.0,4.0,0.5,7500,2.207342884706021,3.8585525669623166,7500
beta_4.0,beta,4.0,21,1,1.0,4.0,0.5,7500,2.207342884706021,3.907211448997259,7500
beta_4.0,beta,4.0,21,2,1.0,4.0,0.5,7500,2.207342884706021,3.9463121350854635,7500
beta_4.0,beta,4.0,21,3,1.0,4.0,0.5,7500,2.207342884706021,3.9804736289661378,7500
beta_4.0,beta,4.0,21,4,1.0,4.0,0.5,7500,2.207342884706021,3.953434609924443,7500
beta_4.0,beta,4.0,21,5,1.0,4.0,0.5,7500,2.207342884706021,3.904527254984714,7500
beta_4.0,beta,4.0,21,6,1.0,4.0,0.5,7500,2.207342884706021,3.8986813619267195,7500
beta_4.0,beta,4.0,21,7,1.0,4.0,0.5,7500,2.207342884706021,3.8957446420099586,7500
beta_4.0,beta,4.0,21,8,1.0,4.0,0.5,7500,2.207342884706021,3.873687203042209,7500
beta_4.0,beta,4.0,21,9,1.0,4.0,0.5,7500,2.207342884706021,4.052187636960298,7500
beta_4.0,beta,4.0,21,10,1.0,4.0,0.5,7500,2.207342884706021,3.9871587709058076,7500
beta_4.0,beta,4.0,21,11,1.0,4.0,0.5,7500,2.207342884706021,3.9382047819672152,7500
beta_4.0,beta,4.0,21,12,1.0,4.0,0.5,7500,2.207342884706021,4.120184130035341,7500
beta_4.0,beta,4.0,21,13,1.0,4.0,0.5,7500,2.207342884706021,3.9768109299475327,7500
beta_4.0,beta,4.0,21,14,1.0,4.0,0.5,7500,2.207342884706021,3.901271361974068,7500
beta_4.0,beta,4.0,21,15,1.0,4.0,0.5,7500,2.207342884706021,3.955066652968526,7500
beta_4.0,beta,4.0,21,16,1.0,4.0,0.5,7500,2.2492424803186104,4.0265760170295835,7500
beta_4.0,beta,4.0,21,17,1.0,4.0,0.5,7500,2.207342884706021,4.054114956990816,7500
beta_4.0,beta,4.0,21,18,1.0,4.0,0.5,7500,2.207342884706021,3.9773148549720645,7500
beta_4.0,beta,4.0,21,19,1.0,4.0,0.5,7500,2.207342884706021,4.13403582398314,7500
beta_4.0,beta,4.0,22,0,1.0,4.0,0.5,7500,0.6495626464756479,24.287568897008896,7500
beta_4.0,beta,4.0,22,1,1.0,4.0,0.5,7500,0.6495626464756479,24.36362888093572,7500
beta_4.0,beta,4.0,22,2,1.0,4.0,0.5,7500,0.6495626464756479,25.408878479967825,7500
beta_4.0,beta,4.0,22,3,1.0,4.0,0.5,7500,0.6495626464756479,24.994446653989144,7500
beta_4.0,beta,4.0,22,4,1.0,4.0,0.5,7500,0.6495626464756479,24.40218348801136,7500
beta_4.0,beta,4.0,22,5,1.0,4.0,0.5,7500,0.6495626464756479,26.47461694397498,7500
beta_4.0,beta,4.0,22,6,1.0,4.0,0.5,7500,0.6495626464756479,24.300811958964914,7500
beta_4.0,beta,4.0,22,7,1.0,4.0,0.5,7500,0.6495626464756479,24.741042160079814,7500
beta_4.0,beta,4.0,22,8,1.0,4.0,0.5,7500,0.6495626464756479,24.356242462061346,7500
beta_4.0,beta,4.0,22,9,1.0,4.0,0.5,7500,0.6495626464756479,25.17622750089504,7500
beta_4.0,beta,4.0,22,10,1.0,4.0,0.5,7500,0.6495626464756479,25.619621795020066,7500
beta_4.0,beta,4.0,22,11,1.0,4.0,0.5,7500,0.6495626464756479,25.35375618294347,7500
beta_4.0,beta,4.0,22,12,1.0,4.0,0.5,7500,0.6495626464756479,24.96016494196374,7500
beta_4.0,beta,4.0,22,13,1.0,4.0,0.5,7500,0.6495626464756479,25.245569413993508,7500
beta_4.0,beta,4.0,22,14,1.0,4.0,0.5,7500,0.6495626464756479,24.285516212927178,7500
beta_4.0,beta,4.0,22,15,1.0,4.0,0.5,7500,0.6495626464756479,25.480038320994936,7500
beta_4.0,beta,4.0,22,16,1.0,4.0,0.5,7500,0.6495626464756479,25.67037972889375,7500
beta_4.0,beta,4.0,22,17,1.0,4.0,0.5,7500,0.6495626464756479,24.39402557304129,7500
beta_4.0,beta,4.0,22,18,1.0,4.0,0.5,7500,0.6495626464756479,25.248619922902435,7500
beta_4.0,beta,4.0,22,19,1.0,4.0,0.5,7500,0.6495626464756479,25.414650924969465,7500
beta_4.0,beta,4.0,23,0,1.0,4.0,0.5,7500,2.01067302300028,2.300113952020183,7500
beta_4.0,beta,4.0,23,1,1.0,4.0,0.5,7500,2.01067302300028,2.295586350024678,7500
beta_4.0,beta,4.0,23,2,1.0,4.0,0.5,7500,2.01067302300028,2.2906632489757612,7500
beta_4.0,beta,4.0,23,3,1.0,4.0,0.5,7500,2.01067302300028,2.2835976319620386,7500
beta_4.0,beta,4.0,23,4,1.0,4.0,0.5,7500,2.01067302300028,2.3277104300213978,7500
beta_4.0,beta,4.0,23,5,1.0,4.0,0.5,7500,2.01067302300028,2.2882410699967295,7500
beta_4.0,beta,4.0,23,6,1.0,4.0,0.5,7500,2.01067302300028,2.299832327058539,7500
beta_4.0,beta,4.0,23,7,1.0,4.0,0.5,7500,2.01067302300028,2.366517853923142,7500
beta_4.0,beta,4.0,23,8,1.0,4.0,0.5,7500,2.01067302300028,2.2661714910063893,7500
beta_4.0,beta,4.0,23,9,1.0,4.0,0.5,7500,2.01067302300028,2.362225899938494,7500
beta_4.0,beta,4.0,23,10,1.0,4.0,0.5,7500,2.01067302300028,2.2930516640190035,7500
beta_4.0,beta,4.0,23,11,1.0,4.0,0.5,7500,2.01067302300028,2.3108192710205913,7500
beta_4.0,beta,4.0,23,12,1.0,4.0,0.5,7500,2.01067302300028,2.3923276599962264,7500
beta_4.0,beta,4.0,23,13,1.0,4.0,0.5,7500,2.01067302300028,2.3518145959824324,7500
beta_4.0,beta,4.0,23,14,1.0,4.0,0.5,7500,2.01067302300028,2.3024113760329783,7500
beta_4.0,beta,4.0,23,15,1.0,4.0,0.5,7500,2.01067302300028,2.343400514917448,7500
beta_4.0,beta,4.0,23,16,1.0,4.0,0.5,7500,2.01067302300028,2.3099393220618367,7500
beta_4.0,beta,4.0,23,17,1.0,4.0,0.5,7500,2.01067302300028,2.3749284889781848,7500
beta_4.0,beta,4.0,23,18,1.0,4.0,0.5,7500,2.01067302300028,2.3214131019776687,7500
beta_4.0,beta,4.0,23,19,1.0,4.0,0.5,7500,2.01067302300028,2.323156730039045,7500
beta_4.0,beta,4.0,24,0,1.0,4.0,0.5,7500,1.3508272334785483,2.2805316619342193,7500
beta_4.0,beta,4.0,24,1,1.0,4.0,0.5,7500,1.3508272334785483,2.3611429209122434,7500
beta_4.0,beta,4.0,24,2,1.0,4.0,0.5,7500,1.3508272334785483,2.271502071991563,7500
beta_4.0,beta,4.0,24,3,1.0,4.0,0.5,7500,1.3508272334785483,2.320372033980675,7500
beta_4.0,beta,4.0,24,4,1.0,4.0,0.5,7500,1.3508272334785483,2.3647148539312184,7500
beta_4.0,beta,4.0,24,5,1.0,4.0,0.5,7500,1.3508272334785483,2.4100424359785393,7500
beta_4.0,beta,4.0,24,6,1.0,4.0,0.5,7500,1.3508272334785483,2.3807116700336337,7500
beta_4.0,beta,4.0,24,7,1.0,4.0,0.5,7500,1.3508272334785483,2.565858268062584,7500
beta_4.0,beta,4.0,24,8,1.0,4.0,0.5,7500,1.3508272334785483,2.379700556048192,7500
beta_4.0,beta,4.0,24,9,1.0,4.0,0.5,7500,1.3508272334785483,2.282185874064453,7500
beta_4.0,beta,4.0,24,10,1.0,4.0,0.5,7500,1.3508272334785483,2.3061252729967237,7500
beta_4.0,beta,4.0,24,11,1.0,4.0,0.5,7500,1.3508272334785483,2.32441599201411,7500
beta_4.0,beta,4.0,24,12,1.0,4.0,0.5,7500,1.3508272334785483,2.4132467519957572,7500
beta_4.0,beta,4.0,24,13,1.0,4.0,0.5,7500,1.3508272334785483,2.272857688018121,7500
beta_4.0,beta,4.0,24,14,1.0,4.0,0.5,7500,1.3508272334785483,2.3249877960188314,7500
beta_4.0,beta,4.0,24,15,1.0,4.0,0.5,7500,1.3508272334785483,2.3295944990823045,7500
beta_4.0,beta,4.0,24,16,1.0,4.0,0.5,7500,1.3508272334785483,2.2834255798952654,7500
beta_4.0,beta,4.0,24,17,1.0,4.0,0.5,7500,1.3508272334785483,2.7864211819833145,7500
beta_4.0,beta,4.0,24,18,1.0,4.0,0.5,7500,1.3508272334785483,2.2941200899658725,7500
beta_4.0,beta,4.0,24,19,1.0,4.0,0.5,7500,1.3508272334785483,2.249733585980721,7500
beta_4.0,beta,4.0,25,0,1.0,4.0,0.5,7500,1.9406169918137253,3.395372503087856,7500
beta_4.0,beta,4.0,25,1,1.0,4.0,0.5,7500,1.9406169918137253,3.3998637419426814,7500
beta_4.0,beta,4.0,25,2,1.0,4.0,0.5,7500,1.9406169918137253,3.4203639440238476,7500
beta_4.0,beta,4.0,25,3,1.0,4.0,0.5,7500,1.9406169918137253,3.345424148021266,7500
beta_4.0,beta,4.0,25,4,1.0,4.0,0.5,7500,1.9406169918137253,3.4765487880213186,7500
beta_4.0,beta,4.0,25,5,1.0,4.0,0.5,7500,1.9406169918137253,3.5571185770677403,7500
beta_4.0,beta,4.0,25,6,1.0,4.0,0.5,7500,1.9406169918137253,3.583302929997444,7500
beta_4.0,beta,4.0,25,7,1.0,4.0,0.5,7500,1.9406169918137253,3.3811483030440286,7500
beta_4.0,beta,4.0,25,8,1.0,4.0,0.5,7500,1.9406169918137253,3.560946514015086,7500
beta_4.0,beta,4.0,25,9,1.0,4.0,0.5,7500,1.9406169918137253,3.3212718470022082,7500
beta_4.0,beta,4.0,25,10,1.0,4.0,0.5,7500,1.9406169918137253,3.513887957902625,7500
beta_4.0,beta,4.0,25,11,1.0,4.0,0.5,7500,1.9406169918137253,3.4829727010801435,7500
beta_4.0,beta,4.0,25,12,1.0,4.0,0.5,7500,1.9406169918137253,3.374081776011735,7500
beta_4.0,beta,4.0,25,13,1.0,4.0,0.5,7500,1.9406169918137253,3.55037397693377,7500
beta_4.0,beta,4.0,25,14,1.0,4.0,0.5,7500,1.9406169918137253,3.5218334100209177,7500
beta_4.0,beta,4.0,25,15,1.0,4.0,0.5,7500,1.9406169918137253,3.424007246037945,7500
beta_4.0,beta,4.0,25,16,1.0,4.0,0.5,7500,1.9406169918137253,3.365534886950627,7500
beta_4.0,beta,4.0,25,17,1.0,4.0,0.5,7500,1.9406169918137253,3.3492853170027956,7500
beta_4.0,beta,4.0,25,18,1.0,4.0,0.5,7500,1.9406169918137253,3.546973570017144,7500
beta_4.0,beta,4.0,25,19,1.0,4.0,0.5,7500,1.9406169918137253,3.3482682739850134,7500
beta_4.0,beta,4.0,26,0,1.0,4.0,0.5,7500,2.218200980928021,5.766026419936679,7500
beta_4.0,beta,4.0,26,1,1.0,4.0,0.5,7500,2.218200980928021,5.736679732101038,7500
beta_4.0,beta,4.0,26,2,1.0,4.0,0.5,7500,2.218200980928021,5.891603869036771,7500
beta_4.0,beta,4.0,26,3,1.0,4.0,0.5,7500,2.218200980928021,5.913531303987838,7500
beta_4.0,beta,4.0,26,4,1.0,4.0,0.5,7500,2.218200980928021,5.884442323003896,7500
beta_4.0,beta,4.0,26,5,1.0,4.0,0.5,7500,2.218200980928021,5.947670822031796,7500
beta_4.0,beta,4.0,26,6,1.0,4.0,0.5,7500,2.218200980928021,5.871629065950401,7500
beta_4.0,beta,4.0,26,7,1.0,4.0,0.5,7500,2.218200980928021,5.611476470017806,7500
beta_4.0,beta,4.0,26,8,1.0,4.0,0.5,7500,2.218200980928021,5.659817726002075,7500
beta_4.0,beta,4.0,26,9,1.0,4.0,0.5,7500,2.218200980928021,5.986472246935591,7500
beta_4.0,beta,4.0,26,10,1.0,4.0,0.5,7500,2.218200980928021,5.7017223259899765,7500
beta_4.0,beta,4.0,26,11,1.0,4.0,0.5,7500,2.218200980928021,6.366785912076011,7500
beta_4.0,beta,4.0,26,12,1.0,4.0,0.5,7500,2.218200980928021,5.665433323942125,7500
beta_4.0,beta,4.0,26,13,1.0,4.0,0.5,7500,2.218200980928021,5.937199715990573,7500
beta_4.0,beta,4.0,26,14,1.0,4.0,0.5,7500,2.218200980928021,6.006448762025684,7500
beta_4.0,beta,4.0,26,15,1.0,4.0,0.5,7500,2.218200980928021,6.628988659009337,7500
beta_4.0,beta,4.0,26,16,1.0,4.0,0.5,7500,2.218200980928021,5.769860437023453,7500
beta_4.0,beta,4.0,26,17,1.0,4.0,0.5,7500,2.218200980928021,5.748130080988631,7500
beta_4.0,beta,4.0,26,18,1.0,4.0,0.5,7500,2.218200980928021,5.881816469016485,7500
beta_4.0,beta,4.0,26,19,1.0,4.0,0.5,7500,2.218200980928021,5.679306132951751,7500
beta_4.0,beta,4.0,27,0,1.0,4.0,0.5,7500,1.9287744431198943,2.8878909550840035,7500
beta_4.0,beta,4.0,27,1,1.0,4.0,0.5,7500,1.928774443119894,2.7940710339462385,7500
beta_4.0,beta,4.0,27,2,1.0,4.0,0.5,7500,1.9000621512377234,2.9171812270069495,7500
beta_4.0,beta,4.0,27,3,1.0,4.0,0.5,7500,1.9000621512377234,2.8601277460111305,7500
beta_4.0,beta,4.0,27,4,1.0,4.0,0.5,7500,1.9000621512377234,2.8460538829676807,7500
beta_4.0,beta,4.0,27,5,1.0,4.0,0.5,7500,1.928774443119894,2.904901526053436,7500
beta_4.0,beta,4.0,27,6,1.0,4.0,0.5,7500,1.928774443119894,2.8865102540003136,7500
beta_4.0,beta,4.0,27,7,1.0,4.0,0.5,7500,1.9000621512377234,2.915454566013068,7500
beta_4.0,beta,4.0,27,8,1.0,4.0,0.5,7500,1.9000621512377234,2.86948929191567,7500
beta_4.0,beta,4.0,27,9,1.0,4.0,0.5,7500,1.9000621512377234,2.845621556043625,7500
beta_4.0,beta,4.0,27,10,1.0,4.0,0.5,7500,1.9000621512377234,2.9185166358947754,7500
beta_4.0,beta,4.0,27,11,1.0,4.0,0.5,7500,1.928774443119894,2.7832365399226546,7500
beta_4.0,beta,4.0,27,12,1.0,4.0,0.5,7500,1.9000621512377234,2.8549183739814907,7500
beta_4.0,beta,4.0,27,13,1.0,4.0,0.5,7500,1.9000621512377234,2.9294326989911497,7500
beta_4.0,beta,4.0,27,14,1.0,4.0,0.5,7500,1.928774443119894,3.5340659749927,7500
beta_4.0,beta,4.0,27,15,1.0,4.0,0.5,7500,1.9000621512377234,2.9135997120756656,7500
beta_4.0,beta,4.0,27,16,1.0,4.0,0.5,7500,1.928774443119894,2.8425417930120602,7500
beta_4.0,beta,4.0,27,17,1.0,4.0,0.5,7500,1.9000621512377234,2.811852850019932,7500
beta_4.0,beta,4.0,27,18,1.0,4.0,0.5,7500,1.9000621512377234,2.767632432980463,7500
beta_4.0,beta,4.0,27,19,1.0,4.0,0.5,7500,1.9000621512377234,3.4258611749392003,7500
beta_4.0,beta,4.0,28,0,1.0,4.0,0.5,7500,2.025989929914813,5.764003349933773,7500
beta_4.0,beta,4.0,28,1,1.0,4.0,0.5,7500,2.075186983843156,5.855001947027631,7500
beta_4.0,beta,4.0,28,2,1.0,4.0,0.5,7500,2.025989929914813,5.850865192944184,7500
beta_4.0,beta,4.0,28,3,1.0,4.0,0.5,7500,2.075186983843156,5.714948593988083,7500
beta_4.0,beta,4.0,28,4,1.0,4.0,0.5,7500,2.0477446793319563,5.776882638921961,7500
beta_4.0,beta,4.0,28,5,1.0,4.0,0.5,7500,2.025989929914813,5.857263518963009,7500
beta_4.0,beta,4.0,28,6,1.0,4.0,0.5,7500,2.025980418950708,5.862004269962199,7500
beta_4.0,beta,4.0,28,7,1.0,4.0,0.5,7500,2.025980418950708,5.889395851991139,7500
beta_4.0,beta,4.0,28,8,1.0,4.0,0.5,7500,2.075196494807261,5.687912337016314,7500
beta_4.0,beta,4.0,28,9,1.0,4.0,0.5,7500,2.025980418950708,5.639121924992651,7500
beta_4.0,beta,4.0,28,10,1.0,4.0,0.5,7500,2.025989929914813,5.706784466048703,7500
beta_4.0,beta,4.0,28,11,1.0,4.0,0.5,7500,2.025989929914813,5.944914250052534,7500
beta_4.0,beta,4.0,28,12,1.0,4.0,0.5,7500,2.0810571994065388,5.740365908015519,7500
beta_4.0,beta,4.0,28,13,1.0,4.0,0.5,7500,2.0477446793319563,5.94534042396117,7500
beta_4.0,beta,4.0,28,14,1.0,4.0,0.5,7500,2.075196494807261,5.766614337917417,7500
beta_4.0,beta,4.0,28,15,1.0,4.0,0.5,7500,2.025989929914813,5.679820612072945,7500
beta_4.0,beta,4.0,28,16,1.0,4.0,0.5,7500,2.025980418950708,5.66146067797672,7500
beta_4.0,beta,4.0,28,17,1.0,4.0,0.5,7500,2.025980418950708,5.750954545917921,7500
beta_4.0,beta,4.0,28,18,1.0,4.0,0.5,7500,2.081066710370644,5.800756243988872,7500
beta_4.0,beta,4.0,28,19,1.0,4.0,0.5,7500,2.025989929914813,5.8637496520532295,7500
beta_4.0,beta,4.0,29,0,1.0,4.0,0.5,7500,2.5185469193175045,11.5169984070817,7500
beta_4.0,beta,4.0,29,1,1.0,4.0,0.5,7500,2.511038097295691,11.742525157984346,7500
beta_4.0,beta,4.0,29,2,1.0,4.0,0.5,7500,2.5089433821497114,11.73452712292783,7500
beta_4.0,beta,4.0,29,3,1.0,4.0,0.5,7500,2.5185469193175045,11.441387219005264,7500
beta_4.0,beta,4.0,29,4,1.0,4.0,0.5,7500,2.5185469193175045,11.417114104959182,7500
beta_4.0,beta,4.0,29,5,1.0,4.0,0.5,7500,2.5194549767303167,11.993327533011325,7500
beta_4.0,beta,4.0,29,6,1.0,4.0,0.5,7500,2.5185469193175045,11.341553341946565,7500
beta_4.0,beta,4.0,29,7,1.0,4.0,0.5,7500,2.5089433821497114,12.05043022800237,7500
beta_4.0,beta,4.0,29,8,1.0,4.0,0.5,7500,2.5185469193175045,12.010396405938081,7500
beta_4.0,beta,4.0,29,9,1.0,4.0,0.5,7500,2.5185469193175045,12.314250875031576,7500
beta_4.0,beta,4.0,29,10,1.0,4.0,0.5,7500,2.5185469193175045,11.503944025957026,7500
beta_4.0,beta,4.0,29,11,1.0,4.0,0.5,7500,2.5185469193175045,12.099863248993643,7500
beta_4.0,beta,4.0,29,12,1.0,4.0,0.5,7500,2.5185469193175045,11.569044678006321,7500
beta_4.0,beta,4.0,29,13,1.0,4.0,0.5,7500,2.5089433821497114,11.527261934010312,7500
beta_4.0,beta,4.0,29,14,1.0,4.0,0.5,7500,2.5185469193175045,11.658054904080927,7500
beta_4.0,beta,4.0,29,15,1.0,4.0,0.5,7500,2.5185469193175045,12.310177235980518,7500
beta_4.0,beta,4.0,29,16,1.0,4.0,0.5,7500,2.5185469193175045,11.605505542014726,7500
beta_4.0,beta,4.0,29,17,1.0,4.0,0.5,7500,2.5185469193175045,11.456757416948676,7500
beta_4.0,beta,4.0,29,18,1.0,4.0,0.5,7500,2.5185469193175045,11.787954875966534,7500
beta_4.0,beta,4.0,29,19,1.0,4.0,0.5,7500,2.5185469193175045,11.857907755998895,7500
beta_4.0,beta,4.0,30,0,1.0,4.0,0.5,7500,1.955778070372509,6.866173852933571,7500
beta_4.0,beta,4.0,30,1,1.0,4.0,0.5,7500,1.9470845427134214,6.9768134750192985,7500
beta_4.0,beta,4.0,30,2,1.0,4.0,0.5,7500,1.9926729303294823,6.840933842002414,7500
beta_4.0,beta,4.0,30,3,1.0,4.0,0.5,7500,1.955778070372509,6.810923069017008,7500
beta_4.0,beta,4.0,30,4,1.0,4.0,0.5,7500,1.955778070372509,7.000269697979093,7500
beta_4.0,beta,4.0,30,5,1.0,4.0,0.5,7500,1.9953091523008641,6.810833106050268,7500
beta_4.0,beta,4.0,30,6,1.0,4.0,0.5,7500,1.9654791468987833,6.858296667924151,7500
beta_4.0,beta,4.0,30,7,1.0,4.0,0.5,7500,1.955778070372509,7.029208324966021,7500
beta_4.0,beta,4.0,30,8,1.0,4.0,0.5,7500,1.9337416810526524,7.059473051922396,7500
beta_4.0,beta,4.0,30,9,1.0,4.0,0.5,7500,1.9578827361912485,7.066167515935376,7500
beta_4.0,beta,4.0,30,10,1.0,4.0,0.5,7500,1.9953091523008641,7.012704503023997,7500
beta_4.0,beta,4.0,30,11,1.0,4.0,0.5,7500,1.9578827361912485,7.216154908994213,7500
beta_4.0,beta,4.0,30,12,1.0,4.0,0.5,7500,1.955778070372509,6.91241266601719,7500
beta_4.0,beta,4.0,30,13,1.0,4.0,0.5,7500,1.955778070372509,7.193826384958811,7500
beta_4.0,beta,4.0,30,14,1.0,4.0,0.5,7500,1.9654791468987833,6.798010631930083,7500
beta_4.0,beta,4.0,30,15,1.0,4.0,0.5,7500,1.955778070372509,6.82730193505995,7500
beta_4.0,beta,4.0,30,16,1.0,4.0,0.5,7500,1.9813825943959524,6.767013023956679,7500
beta_4.0,beta,4.0,30,17,1.0,4.0,0.5,7500,1.9953091523008641,7.433990527060814,7500
beta_4.0,beta,4.0,30,18,1.0,4.0,0.5,7500,1.9953091523008641,7.125567412003875,7500
beta_4.0,beta,4.0,30,19,1.0,4.0,0.5,7500,1.955778070372509,6.917737980023958,7500
evaluation_budget_15000,evaluation_budget,15000.0,1,0,1.0,2.0,0.5,15000,1.7739991125114165,12.274510039016604,15000
evaluation_budget_15000,evaluation_budget,15000.0,1,1,1.0,2.0,0.5,15000,1.7739991125114165,12.415838640998118,15000
evaluation_budget_15000,evaluation_budget,15000.0,1,2,1.0,2.0,0.5,15000,1.7739991125114165,12.328272489947267,15000
evaluation_budget_15000,evaluation_budget,15000.0,1,3,1.0,2.0,0.5,15000,1.7739991125114165,12.662239785073325,15000
evaluation_budget_15000,evaluation_budget,15000.0,1,4,1.0,2.0,0.5,15000,1.7739991125114165,13.078532314044423,15000
evaluation_budget_15000,evaluation_budget,15000.0,1,5,1.0,2.0,0.5,15000,1.7739991125114165,12.236396345077083,15000
evaluation_budget_15000,evaluation_budget,15000.0,1,6,1.0,2.0,0.5,15000,1.7739991125114165,12.275693395058624,15000
evaluation_budget_15000,evaluation_budget,15000.0,1,7,1.0,2.0,0.5,15000,1.7739991125114165,12.598689566017129,15000
evaluation_budget_15000,evaluation_budget,15000.0,1,8,1.0,2.0,0.5,15000,1.7739991125114165,12.725898214033805,15000
evaluation_budget_15000,evaluation_budget,15000.0,1,9,1.0,2.0,0.5,15000,1.7739991125114165,12.746339072007686,15000
evaluation_budget_15000,evaluation_budget,15000.0,1,10,1.0,2.0,0.5,15000,1.7739991125114165,12.660832945024595,15000
evaluation_budget_15000,evaluation_budget,15000.0,1,11,1.0,2.0,0.5,15000,1.7739991125114165,12.404079598025419,15000
evaluation_budget_15000,evaluation_budget,15000.0,1,12,1.0,2.0,0.5,15000,1.7739991125114165,12.366100286948495,15000
evaluation_budget_15000,evaluation_budget,15000.0,1,13,1.0,2.0,0.5,15000,1.7739991125114165,12.52752815396525,15000
evaluation_budget_15000,evaluation_budget,15000.0,1,14,1.0,2.0,0.5,15000,1.7739991125114165,12.286469241953455,15000
evaluation_budget_15000,evaluation_budget,15000.0,1,15,1.0,2.0,0.5,15000,1.7739991125114165,12.231933717033826,15000
evaluation_budget_15000,evaluation_budget,15000.0,1,16,1.0,2.0,0.5,15000,1.7739991125114165,12.692191781010479,15000
evaluation_budget_15000,evaluation_budget,15000.0,1,17,1.0,2.0,0.5,15000,1.7739991125114165,12.823886794038117,15000
evaluation_budget_15000,evaluation_budget,15000.0,1,18,1.0,2.0,0.5,15000,1.7739991125114165,12.653177039930597,15000
evaluation_budget_15000,evaluation_budget,15000.0,1,19,1.0,2.0,0.5,15000,1.7739991125114165,12.589491596096195,15000
evaluation_budget_15000,evaluation_budget,15000.0,2,0,1.0,2.0,0.5,15000,2.279975082456949,12.274980184040032,15000
evaluation_budget_15000,evaluation_budget,15000.0,2,1,1.0,2.0,0.5,15000,2.279975082456949,12.364065051078796,15000
evaluation_budget_15000,evaluation_budget,15000.0,2,2,1.0,2.0,0.5,15000,2.279975082456949,12.32162768591661,15000
evaluation_budget_15000,evaluation_budget,15000.0,2,3,1.0,2.0,0.5,15000,2.279975082456949,12.394832196063362,15000
evaluation_budget_15000,evaluation_budget,15000.0,2,4,1.0,2.0,0.5,15000,2.279975082456949,12.349645858048461,15000
evaluation_budget_15000,evaluation_budget,15000.0,2,5,1.0,2.0,0.5,15000,2.279975082456949,12.615910907043144,15000
evaluation_budget_15000,evaluation_budget,15000.0,2,6,1.0,2.0,0.5,15000,2.279975082456949,12.207239513052627,15000
evaluation_budget_15000,evaluation_budget,15000.0,2,7,1.0,2.0,0.5,15000,2.279975082456949,12.59032867802307,15000
evaluation_budget_15000,evaluation_budget,15000.0,2,8,1.0,2.0,0.5,15000,2.279975082456949,12.31006457505282,15000
evaluation_budget_15000,evaluation_budget,15000.0,2,9,1.0,2.0,0.5,15000,2.279975082456949,12.705524213961326,15000
evaluation_budget_15000,evaluation_budget,15000.0,2,10,1.0,2.0,0.5,15000,2.279975082456949,13.1621215690393,15000
evaluation_budget_15000,evaluation_budget,15000.0,2,11,1.0,2.0,0.5,15000,2.279975082456949,12.689916484057903,15000
evaluation_budget_15000,evaluation_budget,15000.0,2,12,1.0,2.0,0.5,15000,2.279975082456949,12.603550789062865,15000
evaluation_budget_15000,evaluation_budget,15000.0,2,13,1.0,2.0,0.5,15000,2.279975082456949,12.506032292963937,15000
evaluation_budget_15000,evaluation_budget,15000.0,2,14,1.0,2.0,0.5,15000,2.279975082456949,12.33419987699017,15000
evaluation_budget_15000,evaluation_budget,15000.0,2,15,1.0,2.0,0.5,15000,2.279975082456949,13.33294841798488,15000
evaluation_budget_15000,evaluation_budget,15000.0,2,16,1.0,2.0,0.5,15000,2.279975082456949,12.698853485984728,15000
evaluation_budget_15000,evaluation_budget,15000.0,2,17,1.0,2.0,0.5,15000,2.279975082456949,12.855486801010557,15000
evaluation_budget_15000,evaluation_budget,15000.0,2,18,1.0,2.0,0.5,15000,2.279975082456949,12.831248888978735,15000
evaluation_budget_15000,evaluation_budget,15000.0,2,19,1.0,2.0,0.5,15000,2.279975082456949,12.817097248975188,15000
evaluation_budget_15000,evaluation_budget,15000.0,3,0,1.0,2.0,0.5,15000,2.5554615909469742,17.853576830006205,15000
evaluation_budget_15000,evaluation_budget,15000.0,3,1,1.0,2.0,0.5,15000,2.5554615909469742,17.93892342899926,15000
evaluation_budget_15000,evaluation_budget,15000.0,3,2,1.0,2.0,0.5,15000,2.5554615909469742,17.888373845955357,15000
evaluation_budget_15000,evaluation_budget,15000.0,3,3,1.0,2.0,0.5,15000,2.5554615909469742,17.99070708709769,15000
evaluation_budget_15000,evaluation_budget,15000.0,3,4,1.0,2.0,0.5,15000,2.5554615909469742,17.906760749057867,15000
evaluation_budget_15000,evaluation_budget,15000.0,3,5,1.0,2.0,0.5,15000,2.5554615909469742,17.87917564797681,15000
evaluation_budget_15000,evaluation_budget,15000.0,3,6,1.0,2.0,0.5,15000,2.5554615909469742,17.9134621740086,15000
evaluation_budget_15000,evaluation_budget,15000.0,3,7,1.0,2.0,0.5,15000,2.5554615909469742,18.20910687604919,15000
evaluation_budget_15000,evaluation_budget,15000.0,3,8,1.0,2.0,0.5,15000,2.5773142587776494,19.308462856104597,15000
evaluation_budget_15000,evaluation_budget,15000.0,3,9,1.0,2.0,0.5,15000,2.5554615909469742,18.088834031950682,15000
evaluation_budget_15000,evaluation_budget,15000.0,3,10,1.0,2.0,0.5,15000,2.5554615909469742,18.14099902298767,15000
evaluation_budget_15000,evaluation_budget,15000.0,3,11,1.0,2.0,0.5,15000,2.5554615909469742,18.091675153002143,15000
evaluation_budget_15000,evaluation_budget,15000.0,3,12,1.0,2.0,0.5,15000,2.5554615909469742,18.600904010934755,15000
evaluation_budget_15000,evaluation_budget,15000.0,3,13,1.0,2.0,0.5,15000,2.5554615909469742,18.435030429041944,15000
evaluation_budget_15000,evaluation_budget,15000.0,3,14,1.0,2.0,0.5,15000,2.5554615909469742,17.818272799020633,15000
evaluation_budget_15000,evaluation_budget,15000.0,3,15,1.0,2.0,0.5,15000,2.5554615909469742,18.53181685891468,15000
evaluation_budget_15000,evaluation_budget,15000.0,3,16,1.0,2.0,0.5,15000,2.5773142587776494,18.428799396031536,15000
evaluation_budget_15000,evaluation_budget,15000.0,3,17,1.0,2.0,0.5,15000,2.5554615909469742,18.520055791013874,15000
evaluation_budget_15000,evaluation_budget,15000.0,3,18,1.0,2.0,0.5,15000,2.5554615909469742,18.722505136975087,15000
evaluation_budget_15000,evaluation_budget,15000.0,3,19,1.0,2.0,0.5,15000,2.5554615909469742,18.671724379062653,15000
evaluation_budget_15000,evaluation_budget,15000.0,4,0,1.0,2.0,0.5,15000,2.1335996845890683,13.387300965026952,15000
evaluation_budget_15000,evaluation_budget,15000.0,4,1,1.0,2.0,0.5,15000,2.1336449325725337,13.40598472498823,15000
evaluation_budget_15000,evaluation_budget,15000.0,4,2,1.0,2.0,0.5,15000,2.1335996845890683,13.890618378994986,15000
evaluation_budget_15000,evaluation_budget,15000.0,4,3,1.0,2.0,0.5,15000,2.1335996845890683,13.290205670986325,15000
evaluation_budget_15000,evaluation_budget,15000.0,4,4,1.0,2.0,0.5,15000,2.1336449325725337,13.390321451006457,15000
evaluation_budget_15000,evaluation_budget,15000.0,4,5,1.0,2.0,0.5,15000,2.1335996845890683,13.366670864983462,15000
evaluation_budget_15000,evaluation_budget,15000.0,4,6,1.0,2.0,0.5,15000,2.1335996845890683,13.758940372965299,15000
evaluation_budget_15000,evaluation_budget,15000.0,4,7,1.0,2.0,0.5,15000,2.1336449325725337,13.625090033980086,15000
evaluation_budget_15000,evaluation_budget,15000.0,4,8,1.0,2.0,0.5,15000,2.1336449325725337,13.712415618007071,15000
evaluation_budget_15000,evaluation_budget,15000.0,4,9,1.0,2.0,0.5,15000,2.1335996845890683,13.71871630300302,15000
evaluation_budget_15000,evaluation_budget,15000.0,4,10,1.0,2.0,0.5,15000,2.1335996845890683,13.506653088028543,15000
evaluation_budget_15000,evaluation_budget,15000.0,4,11,1.0,2.0,0.5,15000,2.1336449325725337,13.43710966303479,15000
evaluation_budget_15000,evaluation_budget,15000.0,4,12,1.0,2.0,0.5,15000,2.1335996845890683,13.799982195952907,15000
evaluation_budget_15000,evaluation_budget,15000.0,4,13,1.0,2.0,0.5,15000,2.1335996845890683,13.733919471036643,15000
evaluation_budget_15000,evaluation_budget,15000.0,4,14,1.0,2.0,0.5,15000,2.1336449325725337,13.809945145971142,15000
evaluation_budget_15000,evaluation_budget,15000.0,4,15,1.0,2.0,0.5,15000,2.1335996845890683,13.710752616054378,15000
evaluation_budget_15000,evaluation_budget,15000.0,4,16,1.0,2.0,0.5,15000,2.1335996845890683,13.853522673016414,15000
evaluation_budget_15000,evaluation_budget,15000.0,4,17,1.0,2.0,0.5,15000,2.1335996845890683,13.836433898075484,15000
evaluation_budget_15000,evaluation_budget,15000.0,4,18,1.0,2.0,0.5,15000,2.1336449325725337,13.543565797037445,15000
evaluation_budget_15000,evaluation_budget,15000.0,4,19,1.0,2.0,0.5,15000,2.1336449325725337,13.895498270052485,15000
evaluation_budget_15000,evaluation_budget,15000.0,5,0,1.0,2.0,0.5,15000,1.865074221023855,13.405478892964311,15000
evaluation_budget_15000,evaluation_budget,15000.0,5,1,1.0,2.0,0.5,15000,1.865074221023855,13.454859088989906,15000
evaluation_budget_15000,evaluation_budget,15000.0,5,2,1.0,2.0,0.5,15000,1.865074221023855,13.34084060403984,15000
evaluation_budget_15000,evaluation_budget,15000.0,5,3,1.0,2.0,0.5,15000,1.865074221023855,13.29044342506677,15000
evaluation_budget_15000,evaluation_budget,15000.0,5,4,1.0,2.0,0.5,15000,1.865074221023855,13.226312950951979,15000
evaluation_budget_15000,evaluation_budget,15000.0,5,5,1.0,2.0,0.5,15000,1.865074221023855,13.271331863943487,15000
evaluation_budget_15000,evaluation_budget,15000.0,5,6,1.0,2.0,0.5,15000,1.865074221023855,13.556433636927977,15000
evaluation_budget_15000,evaluation_budget,15000.0,5,7,1.0,2.0,0.5,15000,1.865074221023855,13.29671085299924,15000
evaluation_budget_15000,evaluation_budget,15000.0,5,8,1.0,2.0,0.5,15000,1.865074221023855,13.886391584994271,15000
evaluation_budget_15000,evaluation_budget,15000.0,5,9,1.0,2.0,0.5,15000,1.865074221023855,13.632743949070573,15000
evaluation_budget_15000,evaluation_budget,15000.0,5,10,1.0,2.0,0.5,15000,1.865074221023855,13.548470487003215,15000
evaluation_budget_15000,evaluation_budget,15000.0,5,11,1.0,2.0,0.5,15000,1.865074221023855,13.384277911041863,15000
evaluation_budget_15000,evaluation_budget,15000.0,5,12,1.0,2.0,0.5,15000,1.865074221023855,14.089304818073288,15000
evaluation_budget_15000,evaluation_budget,15000.0,5,13,1.0,2.0,0.5,15000,1.865074221023855,13.783586060046218,15000
evaluation_budget_15000,evaluation_budget,15000.0,5,14,1.0,2.0,0.5,15000,1.865074221023855,13.988094163010828,15000
evaluation_budget_15000,evaluation_budget,15000.0,5,15,1.0,2.0,0.5,15000,1.865074221023855,13.77554407005664,15000
evaluation_budget_15000,evaluation_budget,15000.0,5,16,1.0,2.0,0.5,15000,1.865074221023855,13.903466621995904,15000
evaluation_budget_15000,evaluation_budget,15000.0,5,17,1.0,2.0,0.5,15000,1.865074221023855,13.54863174003549,15000
evaluation_budget_15000,evaluation_budget,15000.0,5,18,1.0,2.0,0.5,15000,1.865074221023855,13.960052618058398,15000
evaluation_budget_15000,evaluation_budget,15000.0,5,19,1.0,2.0,0.5,15000,1.865074221023855,13.83870229194872,15000
evaluation_budget_15000,evaluation_budget,15000.0,6,0,1.0,2.0,0.5,15000,1.756456461232624,12.46821452002041,15000
evaluation_budget_15000,evaluation_budget,15000.0,6,1,1.0,2.0,0.5,15000,1.756456461232624,12.435754813021049,15000
evaluation_budget_15000,evaluation_budget,15000.0,6,2,1.0,2.0,0.5,15000,1.756456461232624,12.356968339066952,15000
evaluation_budget_15000,evaluation_budget,15000.0,6,3,1.0,2.0,0.5,15000,1.756456461232624,12.227412402047776,15000
evaluation_budget_15000,evaluation_budget,15000.0,6,4,1.0,2.0,0.5,15000,1.756456461232624,12.274360789102502,15000
evaluation_budget_15000,evaluation_budget,15000.0,6,5,1.0,2.0,0.5,15000,1.756456461232624,12.289110334008,15000
evaluation_budget_15000,evaluation_budget,15000.0,6,6,1.0,2.0,0.5,15000,1.756456461232624,12.231624777894467,15000
evaluation_budget_15000,evaluation_budget,15000.0,6,7,1.0,2.0,0.5,15000,1.756456461232624,12.509260816965252,15000
evaluation_budget_15000,evaluation_budget,15000.0,6,8,1.0,2.0,0.5,15000,1.756456461232624,12.321048964979127,15000
evaluation_budget_15000,evaluation_budget,15000.0,6,9,1.0,2.0,0.5,15000,1.756456461232624,12.319344645016827,15000
evaluation_budget_15000,evaluation_budget,15000.0,6,10,1.0,2.0,0.5,15000,1.756456461232624,12.444105627946556,15000
evaluation_budget_15000,evaluation_budget,15000.0,6,11,1.0,2.0,0.5,15000,1.756456461232624,12.716648216010071,15000
evaluation_budget_15000,evaluation_budget,15000.0,6,12,1.0,2.0,0.5,15000,1.756456461232624,12.74049744696822,15000
evaluation_budget_15000,evaluation_budget,15000.0,6,13,1.0,2.0,0.5,15000,1.756456461232624,12.60849628096912,15000
evaluation_budget_15000,evaluation_budget,15000.0,6,14,1.0,2.0,0.5,15000,1.756456461232624,12.397606701008044,15000
evaluation_budget_15000,evaluation_budget,15000.0,6,15,1.0,2.0,0.5,15000,1.756456461232624,12.628037821967155,15000
evaluation_budget_15000,evaluation_budget,15000.0,6,16,1.0,2.0,0.5,15000,1.756456461232624,12.835730355931446,15000
evaluation_budget_15000,evaluation_budget,15000.0,6,17,1.0,2.0,0.5,15000,1.756456461232624,12.799098514951766,15000
evaluation_budget_15000,evaluation_budget,15000.0,6,18,1.0,2.0,0.5,15000,1.756456461232624,12.826824023970403,15000
evaluation_budget_15000,evaluation_budget,15000.0,6,19,1.0,2.0,0.5,15000,1.756456461232624,12.700503095984459,15000
evaluation_budget_15000,evaluation_budget,15000.0,7,0,1.0,2.0,0.5,15000,1.8418822070973002,8.693333956995048,15000
evaluation_budget_15000,evaluation_budget,15000.0,7,1,1.0,2.0,0.5,15000,1.8418822070973002,8.73610463400837,15000
evaluation_budget_15000,evaluation_budget,15000.0,7,2,1.0,2.0,0.5,15000,1.8418822070973002,8.751576628070325,15000
evaluation_budget_15000,evaluation_budget,15000.0,7,3,1.0,2.0,0.5,15000,1.8418822070973002,8.860374287934974,15000
evaluation_budget_15000,evaluation_budget,15000.0,7,4,1.0,2.0,0.5,15000,1.8418822070973002,8.726818372961134,15000
evaluation_budget_15000,evaluation_budget,15000.0,7,5,1.0,2.0,0.5,15000,1.8418822070973002,8.81131069699768,15000
evaluation_budget_15000,evaluation_budget,15000.0,7,6,1.0,2.0,0.5,15000,1.8418822070973002,8.746903048013337,15000
evaluation_budget_15000,evaluation_budget,15000.0,7,7,1.0,2.0,0.5,15000,1.8418822070973002,9.782097443006933,15000
evaluation_budget_15000,evaluation_budget,15000.0,7,8,1.0,2.0,0.5,15000,1.8418822070973002,9.123760294052772,15000
evaluation_budget_15000,evaluation_budget,15000.0,7,9,1.0,2.0,0.5,15000,1.8418822070973002,8.781764948973432,15000
evaluation_budget_15000,evaluation_budget,15000.0,7,10,1.0,2.0,0.5,15000,1.8418822070973002,8.921990560018457,15000
evaluation_budget_15000,evaluation_budget,15000.0,7,11,1.0,2.0,0.5,15000,1.8418822070973002,9.094551497022621,15000
evaluation_budget_15000,evaluation_budget,15000.0,7,12,1.0,2.0,0.5,15000,1.8418822070973002,9.038973088026978,15000
evaluation_budget_15000,evaluation_budget,15000.0,7,13,1.0,2.0,0.5,15000,1.8418822070973002,9.004843813017942,15000
evaluation_budget_15000,evaluation_budget,15000.0,7,14,1.0,2.0,0.5,15000,1.8418822070973002,8.812196818063967,15000
evaluation_budget_15000,evaluation_budget,15000.0,7,15,1.0,2.0,0.5,15000,1.8418822070973002,9.078158452990465,15000
evaluation_budget_15000,evaluation_budget,15000.0,7,16,1.0,2.0,0.5,15000,1.8418822070973002,9.068078960990533,15000
evaluation_budget_15000,evaluation_budget,15000.0,7,17,1.0,2.0,0.5,15000,1.8418822070973002,9.151950782048516,15000
evaluation_budget_15000,evaluation_budget,15000.0,7,18,1.0,2.0,0.5,15000,1.8418822070973002,9.140065048006363,15000
evaluation_budget_15000,evaluation_budget,15000.0,7,19,1.0,2.0,0.5,15000,1.8418822070973002,8.978734715958126,15000
evaluation_budget_15000,evaluation_budget,15000.0,8,0,1.0,2.0,0.5,15000,2.4314289960780373,21.364528986043297,15000
evaluation_budget_15000,evaluation_budget,15000.0,8,1,1.0,2.0,0.5,15000,2.4314289960780373,21.239352443953976,15000
evaluation_budget_15000,evaluation_budget,15000.0,8,2,1.0,2.0,0.5,15000,2.4314289960780373,21.28983707295265,15000
evaluation_budget_15000,evaluation_budget,15000.0,8,3,1.0,2.0,0.5,15000,2.4314289960780373,21.443633317947388,15000
evaluation_budget_15000,evaluation_budget,15000.0,8,4,1.0,2.0,0.5,15000,2.4314289960780373,21.333025116007775,15000
evaluation_budget_15000,evaluation_budget,15000.0,8,5,1.0,2.0,0.5,15000,2.4314289960780373,21.41439160099253,15000
evaluation_budget_15000,evaluation_budget,15000.0,8,6,1.0,2.0,0.5,15000,2.4314289960780373,21.295093938009813,15000
evaluation_budget_15000,evaluation_budget,15000.0,8,7,1.0,2.0,0.5,15000,2.4314289960780373,21.219780662097037,15000
evaluation_budget_15000,evaluation_budget,15000.0,8,8,1.0,2.0,0.5,15000,2.4314289960780373,22.551293749944307,15000
evaluation_budget_15000,evaluation_budget,15000.0,8,9,1.0,2.0,0.5,15000,2.4314289960780373,21.653462252928875,15000
evaluation_budget_15000,evaluation_budget,15000.0,8,10,1.0,2.0,0.5,15000,2.4352585724179385,21.544696846045554,15000
evaluation_budget_15000,evaluation_budget,15000.0,8,11,1.0,2.0,0.5,15000,2.4314289960780373,21.84916596801486,15000
evaluation_budget_15000,evaluation_budget,15000.0,8,12,1.0,2.0,0.5,15000,2.4314289960780373,22.92604020703584,15000
evaluation_budget_15000,evaluation_budget,15000.0,8,13,1.0,2.0,0.5,15000,2.4314289960780373,21.714167944039218,15000
evaluation_budget_15000,evaluation_budget,15000.0,8,14,1.0,2.0,0.5,15000,2.4314289960780373,22.035844117053784,15000
evaluation_budget_15000,evaluation_budget,15000.0,8,15,1.0,2.0,0.5,15000,2.4314289960780373,23.05725737393368,15000
evaluation_budget_15000,evaluation_budget,15000.0,8,16,1.0,2.0,0.5,15000,2.4314289960780373,22.061047542956658,15000
evaluation_budget_15000,evaluation_budget,15000.0,8,17,1.0,2.0,0.5,15000,2.4314289960780373,23.38548374909442,15000
evaluation_budget_15000,evaluation_budget,15000.0,8,18,1.0,2.0,0.5,15000,2.4314289960780373,22.013493929058313,15000
evaluation_budget_15000,evaluation_budget,15000.0,8,19,1.0,2.0,0.5,15000,2.4314289960780373,21.79034663294442,15000
evaluation_budget_15000,evaluation_budget,15000.0,9,0,1.0,2.0,0.5,15000,2.4122006554120246,14.450862500001676,15000
evaluation_budget_15000,evaluation_budget,15000.0,9,1,1.0,2.0,0.5,15000,2.4122006554120246,14.570016199955717,15000
evaluation_budget_15000,evaluation_budget,15000.0,9,2,1.0,2.0,0.5,15000,2.4122006554120246,14.415534008992836,15000
evaluation_budget_15000,evaluation_budget,15000.0,9,3,1.0,2.0,0.5,15000,2.4122006554120246,14.577829924994148,15000
evaluation_budget_15000,evaluation_budget,15000.0,9,4,1.0,2.0,0.5,15000,2.4122006554120246,14.646121742087416,15000
evaluation_budget_15000,evaluation_budget,15000.0,9,5,1.0,2.0,0.5,15000,2.4122006554120246,14.636757159954868,15000
evaluation_budget_15000,evaluation_budget,15000.0,9,6,1.0,2.0,0.5,15000,2.4122006554120246,14.487469714949839,15000
evaluation_budget_15000,evaluation_budget,15000.0,9,7,1.0,2.0,0.5,15000,2.4122006554120246,14.575502008898184,15000
evaluation_budget_15000,evaluation_budget,15000.0,9,8,1.0,2.0,0.5,15000,2.4122006554120246,14.705968206981197,15000
evaluation_budget_15000,evaluation_budget,15000.0,9,9,1.0,2.0,0.5,15000,2.4122006554120246,14.99616141198203,15000
evaluation_budget_15000,evaluation_budget,15000.0,9,10,1.0,2.0,0.5,15000,2.4122006554120246,15.039824640960433,15000
evaluation_budget_15000,evaluation_budget,15000.0,9,11,1.0,2.0,0.5,15000,2.4122006554120246,14.87365205900278,15000
evaluation_budget_15000,evaluation_budget,15000.0,9,12,1.0,2.0,0.5,15000,2.4122006554120246,14.625122042023577,15000
evaluation_budget_15000,evaluation_budget,15000.0,9,13,1.0,2.0,0.5,15000,2.4122006554120246,14.971850826055743,15000
evaluation_budget_15000,evaluation_budget,15000.0,9,14,1.0,2.0,0.5,15000,2.4122006554120246,15.079705988056958,15000
evaluation_budget_15000,evaluation_budget,15000.0,9,15,1.0,2.0,0.5,15000,2.4122006554120246,14.744069059961475,15000
evaluation_budget_15000,evaluation_budget,15000.0,9,16,1.0,2.0,0.5,15000,2.4122006554120246,14.835891528986394,15000
evaluation_budget_15000,evaluation_budget,15000.0,9,17,1.0,2.0,0.5,15000,2.4122006554120246,14.939407552941702,15000
evaluation_budget_15000,evaluation_budget,15000.0,9,18,1.0,2.0,0.5,15000,2.4122006554120246,15.189828241011128,15000
evaluation_budget_15000,evaluation_budget,15000.0,9,19,1.0,2.0,0.5,15000,2.4122006554120246,15.200559806078672,15000
evaluation_budget_15000,evaluation_budget,15000.0,10,0,1.0,2.0,0.5,15000,2.2847926646599612,12.387594947009347,15000
evaluation_budget_15000,evaluation_budget,15000.0,10,1,1.0,2.0,0.5,15000,2.3140252728719384,12.422032907954417,15000
evaluation_budget_15000,evaluation_budget,15000.0,10,2,1.0,2.0,0.5,15000,2.2847926646599612,12.245583964977413,15000
evaluation_budget_15000,evaluation_budget,15000.0,10,3,1.0,2.0,0.5,15000,2.3140252728719384,12.255316716968082,15000
evaluation_budget_15000,evaluation_budget,15000.0,10,4,1.0,2.0,0.5,15000,2.3140252728719384,12.26654138090089,15000
evaluation_budget_15000,evaluation_budget,15000.0,10,5,1.0,2.0,0.5,15000,2.2847926646599612,12.336084938026033,15000
evaluation_budget_15000,evaluation_budget,15000.0,10,6,1.0,2.0,0.5,15000,2.2847926646599612,12.655676141032018,15000
evaluation_budget_15000,evaluation_budget,15000.0,10,7,1.0,2.0,0.5,15000,2.2847926646599612,12.605546197039075,15000
evaluation_budget_15000,evaluation_budget,15000.0,10,8,1.0,2.0,0.5,15000,2.2847926646599612,12.526007586042397,15000
evaluation_budget_15000,evaluation_budget,15000.0,10,9,1.0,2.0,0.5,15000,2.2847926646599612,12.458867632900365,15000
evaluation_budget_15000,evaluation_budget,15000.0,10,10,1.0,2.0,0.5,15000,2.2847926646599612,13.125041540013626,15000
evaluation_budget_15000,evaluation_budget,15000.0,10,11,1.0,2.0,0.5,15000,2.2847926646599612,12.7183621970471,15000
evaluation_budget_15000,evaluation_budget,15000.0,10,12,1.0,2.0,0.5,15000,2.3140252728719384,12.440499024000019,15000
evaluation_budget_15000,evaluation_budget,15000.0,10,13,1.0,2.0,0.5,15000,2.2847926646599612,12.67332463990897,15000
evaluation_budget_15000,evaluation_budget,15000.0,10,14,1.0,2.0,0.5,15000,2.2847926646599612,12.633932520984672,15000
evaluation_budget_15000,evaluation_budget,15000.0,10,15,1.0,2.0,0.5,15000,2.2847926646599612,12.290056767058559,15000
evaluation_budget_15000,evaluation_budget,15000.0,10,16,1.0,2.0,0.5,15000,2.2847926646599612,12.700956366024911,15000
evaluation_budget_15000,evaluation_budget,15000.0,10,17,1.0,2.0,0.5,15000,2.3140252728719384,12.725829756003805,15000
evaluation_budget_15000,evaluation_budget,15000.0,10,18,1.0,2.0,0.5,15000,2.2847926646599612,12.944408875075169,15000
evaluation_budget_15000,evaluation_budget,15000.0,10,19,1.0,2.0,0.5,15000,2.2847926646599612,12.779978511971422,15000
evaluation_budget_15000,evaluation_budget,15000.0,11,0,1.0,2.0,0.5,15000,2.724613222909853,12.222433999064378,15000
evaluation_budget_15000,evaluation_budget,15000.0,11,1,1.0,2.0,0.5,15000,2.8321930686067613,12.384825520101003,15000
evaluation_budget_15000,evaluation_budget,15000.0,11,2,1.0,2.0,0.5,15000,2.6881673361169907,12.23921782989055,15000
evaluation_budget_15000,evaluation_budget,15000.0,11,3,1.0,2.0,0.5,15000,2.782425103851911,13.052404940011911,15000
evaluation_budget_15000,evaluation_budget,15000.0,11,4,1.0,2.0,0.5,15000,2.6881673361169907,12.249063339899294,15000
evaluation_budget_15000,evaluation_budget,15000.0,11,5,1.0,2.0,0.5,15000,2.694971670426138,13.122017265995964,15000
evaluation_budget_15000,evaluation_budget,15000.0,11,6,1.0,2.0,0.5,15000,2.8321930686067613,12.250168850994669,15000
evaluation_budget_15000,evaluation_budget,15000.0,11,7,1.0,2.0,0.5,15000,2.7982154383869875,12.177214484079741,15000
evaluation_budget_15000,evaluation_budget,15000.0,11,8,1.0,2.0,0.5,15000,2.782425103851911,12.56044837704394,15000
evaluation_budget_15000,evaluation_budget,15000.0,11,9,1.0,2.0,0.5,15000,2.694971670426138,12.536254566977732,15000
evaluation_budget_15000,evaluation_budget,15000.0,11,10,1.0,2.0,0.5,15000,2.866604229159078,12.358218768960796,15000
evaluation_budget_15000,evaluation_budget,15000.0,11,11,1.0,2.0,0.5,15000,2.7982154383869875,12.711235631955788,15000
evaluation_budget_15000,evaluation_budget,15000.0,11,12,1.0,2.0,0.5,15000,2.694971670426138,12.459160373895429,15000
evaluation_budget_15000,evaluation_budget,15000.0,11,13,1.0,2.0,0.5,15000,2.724613222909853,12.766279035015032,15000
evaluation_budget_15000,evaluation_budget,15000.0,11,14,1.0,2.0,0.5,15000,2.694971670426138,12.829479089006782,15000
evaluation_budget_15000,evaluation_budget,15000.0,11,15,1.0,2.0,0.5,15000,2.7982154383869875,12.582179342047311,15000
evaluation_budget_15000,evaluation_budget,15000.0,11,16,1.0,2.0,0.5,15000,2.7982154383869875,12.734976702020504,15000
evaluation_budget_15000,evaluation_budget,15000.0,11,17,1.0,2.0,0.5,15000,2.7982154383869875,12.614673145930283,15000
evaluation_budget_15000,evaluation_budget,15000.0,11,18,1.0,2.0,0.5,15000,2.694971670426138,12.81055817194283,15000
evaluation_budget_15000,evaluation_budget,15000.0,11,19,1.0,2.0,0.5,15000,2.8210526565615557,12.879001526976936,15000
evaluation_budget_15000,evaluation_budget,15000.0,12,0,1.0,2.0,0.5,15000,1.4263484665422361,16.522027953062207,15000
evaluation_budget_15000,evaluation_budget,15000.0,12,1,1.0,2.0,0.5,15000,1.4263484665422361,16.86561667895876,15000
evaluation_budget_15000,evaluation_budget,15000.0,12,2,1.0,2.0,0.5,15000,1.4263484665422361,16.540525540942326,15000
evaluation_budget_15000,evaluation_budget,15000.0,12,3,1.0,2.0,0.5,15000,1.439743516359057,16.500765032018535,15000
evaluation_budget_15000,evaluation_budget,15000.0,12,4,1.0,2.0,0.5,15000,1.4400682975484465,17.37847590004094,15000
evaluation_budget_15000,evaluation_budget,15000.0,12,5,1.0,2.0,0.5,15000,1.4629409667745168,16.73476722696796,15000
evaluation_budget_15000,evaluation_budget,15000.0,12,6,1.0,2.0,0.5,15000,1.4263484665422361,16.657258162042126,15000
evaluation_budget_15000,evaluation_budget,15000.0,12,7,1.0,2.0,0.5,15000,1.4260236853528467,16.64875629893504,15000
evaluation_budget_15000,evaluation_budget,15000.0,12,8,1.0,2.0,0.5,15000,1.4263484665422361,17.083413141896017,15000
evaluation_budget_15000,evaluation_budget,15000.0,12,9,1.0,2.0,0.5,15000,1.4263484665422361,17.066288192057982,15000
evaluation_budget_15000,evaluation_budget,15000.0,12,10,1.0,2.0,0.5,15000,1.4629409667745168,16.70912843500264,15000
evaluation_budget_15000,evaluation_budget,15000.0,12,11,1.0,2.0,0.5,15000,1.4400682975484465,17.203621490043588,15000
evaluation_budget_15000,evaluation_budget,15000.0,12,12,1.0,2.0,0.5,15000,1.4263484665422361,16.850833875942044,15000
evaluation_budget_15000,evaluation_budget,15000.0,12,13,1.0,2.0,0.5,15000,1.4263484665422361,17.35948897898197,15000
evaluation_budget_15000,evaluation_budget,15000.0,12,14,1.0,2.0,0.5,15000,1.4400682975484465,17.101644527050667,15000
evaluation_budget_15000,evaluation_budget,15000.0,12,15,1.0,2.0,0.5,15000,1.4629409667745168,16.712500087101944,15000
evaluation_budget_15000,evaluation_budget,15000.0,12,16,1.0,2.0,0.5,15000,1.4263484665422361,17.258500967989676,15000
evaluation_budget_15000,evaluation_budget,15000.0,12,17,1.0,2.0,0.5,15000,1.4400682975484465,17.255592486006208,15000
evaluation_budget_15000,evaluation_budget,15000.0,12,18,1.0,2.0,0.5,15000,1.4400682975484465,17.4452497450402,15000
evaluation_budget_15000,evaluation_budget,15000.0,12,19,1.0,2.0,0.5,15000,1.4260236853528467,17.459019500995055,15000
evaluation_budget_15000,evaluation_budget,15000.0,13,0,1.0,2.0,0.5,15000,2.026911186852802,12.225368651095778,15000
evaluation_budget_15000,evaluation_budget,15000.0,13,1,1.0,2.0,0.5,15000,2.026911186852802,12.16054126189556,15000
evaluation_budget_15000,evaluation_budget,15000.0,13,2,1.0,2.0,0.5,15000,2.026911186852802,12.238937763962895,15000
evaluation_budget_15000,evaluation_budget,15000.0,13,3,1.0,2.0,0.5,15000,2.026911186852802,12.262423508916982,15000
evaluation_budget_15000,evaluation_budget,15000.0,13,4,1.0,2.0,0.5,15000,2.026911186852802,12.304297492955811,15000
evaluation_budget_15000,evaluation_budget,15000.0,13,5,1.0,2.0,0.5,15000,2.026911186852802,12.176204561023042,15000
evaluation_budget_15000,evaluation_budget,15000.0,13,6,1.0,2.0,0.5,15000,2.026911186852802,12.68151037802454,15000
evaluation_budget_15000,evaluation_budget,15000.0,13,7,1.0,2.0,0.5,15000,2.026911186852802,12.364686331013218,15000
evaluation_budget_15000,evaluation_budget,15000.0,13,8,1.0,2.0,0.5,15000,2.026911186852802,12.771724242018536,15000
evaluation_budget_15000,evaluation_budget,15000.0,13,9,1.0,2.0,0.5,15000,2.026911186852802,12.552686698967591,15000
evaluation_budget_15000,evaluation_budget,15000.0,13,10,1.0,2.0,0.5,15000,2.026911186852802,12.198585548088886,15000
evaluation_budget_15000,evaluation_budget,15000.0,13,11,1.0,2.0,0.5,15000,2.026911186852802,12.412405994022265,15000
evaluation_budget_15000,evaluation_budget,15000.0,13,12,1.0,2.0,0.5,15000,2.026911186852802,12.549401403986849,15000
evaluation_budget_15000,evaluation_budget,15000.0,13,13,1.0,2.0,0.5,15000,2.064340106337574,12.36819079297129,15000
evaluation_budget_15000,evaluation_budget,15000.0,13,14,1.0,2.0,0.5,15000,2.026911186852802,12.814727955963463,15000
evaluation_budget_15000,evaluation_budget,15000.0,13,15,1.0,2.0,0.5,15000,2.026911186852802,13.05790639098268,15000
evaluation_budget_15000,evaluation_budget,15000.0,13,16,1.0,2.0,0.5,15000,2.064340106337574,12.74151927093044,15000
evaluation_budget_15000,evaluation_budget,15000.0,13,17,1.0,2.0,0.5,15000,2.064340106337574,12.605341937975027,15000
evaluation_budget_15000,evaluation_budget,15000.0,13,18,1.0,2.0,0.5,15000,2.026911186852802,12.77517786808312,15000
evaluation_budget_15000,evaluation_budget,15000.0,13,19,1.0,2.0,0.5,15000,2.064340106337574,12.733154041925445,15000
evaluation_budget_15000,evaluation_budget,15000.0,14,0,1.0,2.0,0.5,15000,1.067134550587395,5.510238565970212,15000
evaluation_budget_15000,evaluation_budget,15000.0,14,1,1.0,2.0,0.5,15000,1.067134550587395,5.496129140025005,15000
evaluation_budget_15000,evaluation_budget,15000.0,14,2,1.0,2.0,0.5,15000,1.067134550587395,5.465081662987359,15000
evaluation_budget_15000,evaluation_budget,15000.0,14,3,1.0,2.0,0.5,15000,1.067134550587395,5.612712968955748,15000
evaluation_budget_15000,evaluation_budget,15000.0,14,4,1.0,2.0,0.5,15000,1.067134550587395,5.49389261205215,15000
evaluation_budget_15000,evaluation_budget,15000.0,14,5,1.0,2.0,0.5,15000,1.067134550587395,5.525109295966104,15000
evaluation_budget_15000,evaluation_budget,15000.0,14,6,1.0,2.0,0.5,15000,1.067134550587395,5.520683001028374,15000
evaluation_budget_15000,evaluation_budget,15000.0,14,7,1.0,2.0,0.5,15000,1.067134550587395,5.785393394995481,15000
evaluation_budget_15000,evaluation_budget,15000.0,14,8,1.0,2.0,0.5,15000,1.067134550587395,5.631644970038906,15000
evaluation_budget_15000,evaluation_budget,15000.0,14,9,1.0,2.0,0.5,15000,1.067134550587395,5.547774631995708,15000
evaluation_budget_15000,evaluation_budget,15000.0,14,10,1.0,2.0,0.5,15000,1.067134550587395,5.637854826985858,15000
evaluation_budget_15000,evaluation_budget,15000.0,14,11,1.0,2.0,0.5,15000,1.067134550587395,5.472147047985345,15000
evaluation_budget_15000,evaluation_budget,15000.0,14,12,1.0,2.0,0.5,15000,1.067134550587395,5.594728274969384,15000
evaluation_budget_15000,evaluation_budget,15000.0,14,13,1.0,2.0,0.5,15000,1.067134550587395,5.49702214403078,15000
evaluation_budget_15000,evaluation_budget,15000.0,14,14,1.0,2.0,0.5,15000,1.067134550587395,5.839069820009172,15000
evaluation_budget_15000,evaluation_budget,15000.0,14,15,1.0,2.0,0.5,15000,1.067134550587395,5.486099884961732,15000
evaluation_budget_15000,evaluation_budget,15000.0,14,16,1.0,2.0,0.5,15000,1.067134550587395,5.53691796597559,15000
evaluation_budget_15000,evaluation_budget,15000.0,14,17,1.0,2.0,0.5,15000,1.067134550587395,5.596182149951346,15000
evaluation_budget_15000,evaluation_budget,15000.0,14,18,1.0,2.0,0.5,15000,1.067134550587395,5.782866248046048,15000
evaluation_budget_15000,evaluation_budget,15000.0,14,19,1.0,2.0,0.5,15000,1.067134550587395,5.602822631015442,15000
evaluation_budget_15000,evaluation_budget,15000.0,15,0,1.0,2.0,0.5,15000,2.112602871122433,10.146719760959968,15000
evaluation_budget_15000,evaluation_budget,15000.0,15,1,1.0,2.0,0.5,15000,2.112602871122433,10.377759636961855,15000
evaluation_budget_15000,evaluation_budget,15000.0,15,2,1.0,2.0,0.5,15000,2.112602871122433,10.44409705104772,15000
evaluation_budget_15000,evaluation_budget,15000.0,15,3,1.0,2.0,0.5,15000,2.112602871122433,10.516278214054182,15000
evaluation_budget_15000,evaluation_budget,15000.0,15,4,1.0,2.0,0.5,15000,2.112602871122433,10.108695104019716,15000
evaluation_budget_15000,evaluation_budget,15000.0,15,5,1.0,2.0,0.5,15000,2.112602871122433,10.38662888505496,15000
evaluation_budget_15000,evaluation_budget,15000.0,15,6,1.0,2.0,0.5,15000,2.112602871122433,10.527308416902088,15000
evaluation_budget_15000,evaluation_budget,15000.0,15,7,1.0,2.0,0.5,15000,2.112602871122433,10.507489737938158,15000
evaluation_budget_15000,evaluation_budget,15000.0,15,8,1.0,2.0,0.5,15000,2.112602871122433,10.017829503980465,15000
evaluation_budget_15000,evaluation_budget,15000.0,15,9,1.0,2.0,0.5,15000,2.112602871122433,10.214838081970811,15000
evaluation_budget_15000,evaluation_budget,15000.0,15,10,1.0,2.0,0.5,15000,2.112602871122433,10.315134998993017,15000
evaluation_budget_15000,evaluation_budget,15000.0,15,11,1.0,2.0,0.5,15000,2.112602871122433,10.048523195902817,15000
evaluation_budget_15000,evaluation_budget,15000.0,15,12,1.0,2.0,0.5,15000,2.112602871122433,10.2452181490371,15000
evaluation_budget_15000,evaluation_budget,15000.0,15,13,1.0,2.0,0.5,15000,2.112602871122433,10.030721845920198,15000
evaluation_budget_15000,evaluation_budget,15000.0,15,14,1.0,2.0,0.5,15000,2.112602871122433,10.105496410047635,15000
evaluation_budget_15000,evaluation_budget,15000.0,15,15,1.0,2.0,0.5,15000,2.112602871122433,10.328924673027359,15000
evaluation_budget_15000,evaluation_budget,15000.0,15,16,1.0,2.0,0.5,15000,2.112602871122433,10.207609990960918,15000
evaluation_budget_15000,evaluation_budget,15000.0,15,17,1.0,2.0,0.5,15000,2.112602871122433,10.141272246954031,15000
evaluation_budget_15000,evaluation_budget,15000.0,15,18,1.0,2.0,0.5,15000,2.112602871122433,10.04864706704393,15000
evaluation_budget_15000,evaluation_budget,15000.0,15,19,1.0,2.0,0.5,15000,2.112602871122433,10.591733729001135,15000
evaluation_budget_15000,evaluation_budget,15000.0,16,0,1.0,2.0,0.5,15000,2.159640501700675,18.8882314999355,15000
evaluation_budget_15000,evaluation_budget,15000.0,16,1,1.0,2.0,0.5,15000,2.159640501700675,19.44774628209416,15000
evaluation_budget_15000,evaluation_budget,15000.0,16,2,1.0,2.0,0.5,15000,2.159640501700675,19.02649824996479,15000
evaluation_budget_15000,evaluation_budget,15000.0,16,3,1.0,2.0,0.5,15000,2.159640501700675,20.22196743800305,15000
evaluation_budget_15000,evaluation_budget,15000.0,16,4,1.0,2.0,0.5,15000,2.163603088423454,19.491975493030623,15000
evaluation_budget_15000,evaluation_budget,15000.0,16,5,1.0,2.0,0.5,15000,2.159640501700675,19.571825420949608,15000
evaluation_budget_15000,evaluation_budget,15000.0,16,6,1.0,2.0,0.5,15000,2.159640501700675,19.695004486944526,15000
evaluation_budget_15000,evaluation_budget,15000.0,16,7,1.0,2.0,0.5,15000,2.163603088423454,18.90173002902884,15000
evaluation_budget_15000,evaluation_budget,15000.0,16,8,1.0,2.0,0.5,15000,2.159640501700675,19.464187706937082,15000
evaluation_budget_15000,evaluation_budget,15000.0,16,9,1.0,2.0,0.5,15000,2.1632901501485526,19.625076500000432,15000
evaluation_budget_15000,evaluation_budget,15000.0,16,10,1.0,2.0,0.5,15000,2.163603088423454,20.645715622929856,15000
evaluation_budget_15000,evaluation_budget,15000.0,16,11,1.0,2.0,0.5,15000,2.159640501700675,19.23004873096943,15000
evaluation_budget_15000,evaluation_budget,15000.0,16,12,1.0,2.0,0.5,15000,2.159640501700675,19.129055788973346,15000
evaluation_budget_15000,evaluation_budget,15000.0,16,13,1.0,2.0,0.5,15000,2.163603088423454,18.869916344992816,15000
evaluation_budget_15000,evaluation_budget,15000.0,16,14,1.0,2.0,0.5,15000,2.159640501700675,20.206772272009403,15000
evaluation_budget_15000,evaluation_budget,15000.0,16,15,1.0,2.0,0.5,15000,2.159640501700675,19.663349344045855,15000
evaluation_budget_15000,evaluation_budget,15000.0,16,16,1.0,2.0,0.5,15000,2.159640501700675,19.279581561102532,15000
evaluation_budget_15000,evaluation_budget,15000.0,16,17,1.0,2.0,0.5,15000,2.159640501700675,18.964241697918624,15000
evaluation_budget_15000,evaluation_budget,15000.0,16,18,1.0,2.0,0.5,15000,2.1636030884234545,19.13600158900954,15000
evaluation_budget_15000,evaluation_budget,15000.0,16,19,1.0,2.0,0.5,15000,2.159640501700675,19.68717631394975,15000
evaluation_budget_15000,evaluation_budget,15000.0,17,0,1.0,2.0,0.5,15000,2.0100547196305705,8.136409649974667,15000
evaluation_budget_15000,evaluation_budget,15000.0,17,1,1.0,2.0,0.5,15000,2.0100547196305705,7.714403301011771,15000
evaluation_budget_15000,evaluation_budget,15000.0,17,2,1.0,2.0,0.5,15000,2.0100547196305705,7.916366611025296,15000
evaluation_budget_15000,evaluation_budget,15000.0,17,3,1.0,2.0,0.5,15000,2.0100547196305705,8.065762739046477,15000
evaluation_budget_15000,evaluation_budget,15000.0,17,4,1.0,2.0,0.5,15000,2.0100547196305705,7.919728690059856,15000
evaluation_budget_15000,evaluation_budget,15000.0,17,5,1.0,2.0,0.5,15000,2.0100547196305705,7.942589726066217,15000
evaluation_budget_15000,evaluation_budget,15000.0,17,6,1.0,2.0,0.5,15000,2.0100547196305705,7.697511815931648,15000
evaluation_budget_15000,evaluation_budget,15000.0,17,7,1.0,2.0,0.5,15000,2.0100547196305705,8.065003573079593,15000
evaluation_budget_15000,evaluation_budget,15000.0,17,8,1.0,2.0,0.5,15000,2.0100547196305705,8.267500882036984,15000
evaluation_budget_15000,evaluation_budget,15000.0,17,9,1.0,2.0,0.5,15000,2.0100547196305705,7.609570128959604,15000
evaluation_budget_15000,evaluation_budget,15000.0,17,10,1.0,2.0,0.5,15000,2.0100547196305705,7.964200046961196,15000
evaluation_budget_15000,evaluation_budget,15000.0,17,11,1.0,2.0,0.5,15000,2.0100547196305705,7.653358701965772,15000
evaluation_budget_15000,evaluation_budget,15000.0,17,12,1.0,2.0,0.5,15000,2.0100547196305705,7.7462236599531025,15000
evaluation_budget_15000,evaluation_budget,15000.0,17,13,1.0,2.0,0.5,15000,2.0100547196305705,8.036512399907224,15000
evaluation_budget_15000,evaluation_budget,15000.0,17,14,1.0,2.0,0.5,15000,2.0100547196305705,7.661593351978809,15000
evaluation_budget_15000,evaluation_budget,15000.0,17,15,1.0,2.0,0.5,15000,2.0100547196305705,7.741805174970068,15000
evaluation_budget_15000,evaluation_budget,15000.0,17,16,1.0,2.0,0.5,15000,2.0100547196305705,7.800013690954074,15000
evaluation_budget_15000,evaluation_budget,15000.0,17,17,1.0,2.0,0.5,15000,2.0100547196305705,7.8665261450223625,15000
evaluation_budget_15000,evaluation_budget,15000.0,17,18,1.0,2.0,0.5,15000,2.0100547196305705,8.172657595947385,15000
evaluation_budget_15000,evaluation_budget,15000.0,17,19,1.0,2.0,0.5,15000,2.0100547196305705,7.852971517946571,15000
evaluation_budget_15000,evaluation_budget,15000.0,18,0,1.0,2.0,0.5,15000,2.7052757751641314,18.99544478696771,15000
evaluation_budget_15000,evaluation_budget,15000.0,18,1,1.0,2.0,0.5,15000,2.7052757751641314,19.041201135958545,15000
evaluation_budget_15000,evaluation_budget,15000.0,18,2,1.0,2.0,0.5,15000,2.7052757751641314,19.523485152982175,15000
evaluation_budget_15000,evaluation_budget,15000.0,18,3,1.0,2.0,0.5,15000,2.7052757751641314,18.960282440995798,15000
evaluation_budget_15000,evaluation_budget,15000.0,18,4,1.0,2.0,0.5,15000,2.7052757751641314,19.588563272962347,15000
evaluation_budget_15000,evaluation_budget,15000.0,18,5,1.0,2.0,0.5,15000,2.7052757751641314,19.603052212973125,15000
evaluation_budget_15000,evaluation_budget,15000.0,18,6,1.0,2.0,0.5,15000,2.7052757751641314,19.26894128206186,15000
evaluation_budget_15000,evaluation_budget,15000.0,18,7,1.0,2.0,0.5,15000,2.7052757751641314,19.712672455003485,15000
evaluation_budget_15000,evaluation_budget,15000.0,18,8,1.0,2.0,0.5,15000,2.7052757751641314,19.22772457706742,15000
evaluation_budget_15000,evaluation_budget,15000.0,18,9,1.0,2.0,0.5,15000,2.7052757751641314,19.785052935942076,15000
evaluation_budget_15000,evaluation_budget,15000.0,18,10,1.0,2.0,0.5,15000,2.7052757751641314,19.71333407901693,15000
evaluation_budget_15000,evaluation_budget,15000.0,18,11,1.0,2.0,0.5,15000,2.7052757751641314,18.85444056300912,15000
evaluation_budget_15000,evaluation_budget,15000.0,18,12,1.0,2.0,0.5,15000,2.7052757751641314,19.136747145093977,15000
evaluation_budget_15000,evaluation_budget,15000.0,18,13,1.0,2.0,0.5,15000,2.7052757751641314,19.82670087099541,15000
evaluation_budget_15000,evaluation_budget,15000.0,18,14,1.0,2.0,0.5,15000,2.7052757751641314,19.352631801972166,15000
evaluation_budget_15000,evaluation_budget,15000.0,18,15,1.0,2.0,0.5,15000,2.7052757751641314,19.54721738200169,15000
evaluation_budget_15000,evaluation_budget,15000.0,18,16,1.0,2.0,0.5,15000,2.7052757751641314,19.62256477191113,15000
evaluation_budget_15000,evaluation_budget,15000.0,18,17,1.0,2.0,0.5,15000,2.7052757751641314,19.40996856696438,15000
evaluation_budget_15000,evaluation_budget,15000.0,18,18,1.0,2.0,0.5,15000,2.7052757751641314,19.05490708502475,15000
evaluation_budget_15000,evaluation_budget,15000.0,18,19,1.0,2.0,0.5,15000,2.7052757751641314,19.616536441957578,15000
evaluation_budget_15000,evaluation_budget,15000.0,19,0,1.0,2.0,0.5,15000,1.908463713665149,7.230910897953436,15000
evaluation_budget_15000,evaluation_budget,15000.0,19,1,1.0,2.0,0.5,15000,1.908463713665149,6.587365841027349,15000
evaluation_budget_15000,evaluation_budget,15000.0,19,2,1.0,2.0,0.5,15000,1.908463713665149,6.8344515529461205,15000
evaluation_budget_15000,evaluation_budget,15000.0,19,3,1.0,2.0,0.5,15000,1.908463713665149,6.888275010045618,15000
evaluation_budget_15000,evaluation_budget,15000.0,19,4,1.0,2.0,0.5,15000,1.908463713665149,6.8449668739922345,15000
evaluation_budget_15000,evaluation_budget,15000.0,19,5,1.0,2.0,0.5,15000,1.908463713665149,6.59208347206004,15000
evaluation_budget_15000,evaluation_budget,15000.0,19,6,1.0,2.0,0.5,15000,1.908463713665149,6.815376440063119,15000
evaluation_budget_15000,evaluation_budget,15000.0,19,7,1.0,2.0,0.5,15000,1.908463713665149,6.61785195604898,15000
evaluation_budget_15000,evaluation_budget,15000.0,19,8,1.0,2.0,0.5,15000,1.908463713665149,6.603368584997952,15000
evaluation_budget_15000,evaluation_budget,15000.0,19,9,1.0,2.0,0.5,15000,1.908463713665149,6.965046305092983,15000
evaluation_budget_15000,evaluation_budget,15000.0,19,10,1.0,2.0,0.5,15000,1.908463713665149,6.631185258040205,15000
evaluation_budget_15000,evaluation_budget,15000.0,19,11,1.0,2.0,0.5,15000,1.908463713665149,6.603965476970188,15000
evaluation_budget_15000,evaluation_budget,15000.0,19,12,1.0,2.0,0.5,15000,1.908463713665149,7.002139343996532,15000
evaluation_budget_15000,evaluation_budget,15000.0,19,13,1.0,2.0,0.5,15000,1.908463713665149,6.919014115002938,15000
evaluation_budget_15000,evaluation_budget,15000.0,19,14,1.0,2.0,0.5,15000,1.908463713665149,6.548702060943469,15000
evaluation_budget_15000,evaluation_budget,15000.0,19,15,1.0,2.0,0.5,15000,1.908463713665149,6.740373357082717,15000
evaluation_budget_15000,evaluation_budget,15000.0,19,16,1.0,2.0,0.5,15000,1.908463713665149,6.725976151996292,15000
evaluation_budget_15000,evaluation_budget,15000.0,19,17,1.0,2.0,0.5,15000,1.908463713665149,6.728406126028858,15000
evaluation_budget_15000,evaluation_budget,15000.0,19,18,1.0,2.0,0.5,15000,1.908463713665149,6.604548724018969,15000
evaluation_budget_15000,evaluation_budget,15000.0,19,19,1.0,2.0,0.5,15000,1.908463713665149,6.618647763039917,15000
evaluation_budget_15000,evaluation_budget,15000.0,20,0,1.0,2.0,0.5,15000,2.1697468439523346,11.679137510014698,15000
evaluation_budget_15000,evaluation_budget,15000.0,20,1,1.0,2.0,0.5,15000,2.1697468439523346,11.179274232010357,15000
evaluation_budget_15000,evaluation_budget,15000.0,20,2,1.0,2.0,0.5,15000,2.1697468439523346,11.441595328040421,15000
evaluation_budget_15000,evaluation_budget,15000.0,20,3,1.0,2.0,0.5,15000,2.1697468439523346,11.450313439010642,15000
evaluation_budget_15000,evaluation_budget,15000.0,20,4,1.0,2.0,0.5,15000,2.1697468439523346,11.26363024499733,15000
evaluation_budget_15000,evaluation_budget,15000.0,20,5,1.0,2.0,0.5,15000,2.1697468439523346,11.50616931100376,15000
evaluation_budget_15000,evaluation_budget,15000.0,20,6,1.0,2.0,0.5,15000,2.1697468439523346,11.544025624985807,15000
evaluation_budget_15000,evaluation_budget,15000.0,20,7,1.0,2.0,0.5,15000,2.1697468439523346,11.115910395048559,15000
evaluation_budget_15000,evaluation_budget,15000.0,20,8,1.0,2.0,0.5,15000,2.1697468439523346,11.15326150902547,15000
evaluation_budget_15000,evaluation_budget,15000.0,20,9,1.0,2.0,0.5,15000,2.1697468439523346,11.235440075979568,15000
evaluation_budget_15000,evaluation_budget,15000.0,20,10,1.0,2.0,0.5,15000,2.1697468439523346,11.596493046032265,15000
evaluation_budget_15000,evaluation_budget,15000.0,20,11,1.0,2.0,0.5,15000,2.1697468439523346,11.293847698019817,15000
evaluation_budget_15000,evaluation_budget,15000.0,20,12,1.0,2.0,0.5,15000,2.1697468439523346,11.679670611978509,15000
evaluation_budget_15000,evaluation_budget,15000.0,20,13,1.0,2.0,0.5,15000,2.1697468439523346,11.138308368972503,15000
evaluation_budget_15000,evaluation_budget,15000.0,20,14,1.0,2.0,0.5,15000,2.1697468439523346,11.472145693027414,15000
evaluation_budget_15000,evaluation_budget,15000.0,20,15,1.0,2.0,0.5,15000,2.1697468439523346,11.6963102259906,15000
evaluation_budget_15000,evaluation_budget,15000.0,20,16,1.0,2.0,0.5,15000,2.1697468439523346,11.59077802603133,15000
evaluation_budget_15000,evaluation_budget,15000.0,20,17,1.0,2.0,0.5,15000,2.1697468439523346,11.470171060063876,15000
evaluation_budget_15000,evaluation_budget,15000.0,20,18,1.0,2.0,0.5,15000,2.1697468439523346,11.46181060897652,15000
evaluation_budget_15000,evaluation_budget,15000.0,20,19,1.0,2.0,0.5,15000,2.1697468439523346,11.127355269039981,15000
evaluation_budget_15000,evaluation_budget,15000.0,21,0,1.0,2.0,0.5,15000,2.207342884706021,7.648489390965551,15000
evaluation_budget_15000,evaluation_budget,15000.0,21,1,1.0,2.0,0.5,15000,2.207342884706021,7.951388178975321,15000
evaluation_budget_15000,evaluation_budget,15000.0,21,2,1.0,2.0,0.5,15000,2.207342884706021,7.973543777945451,15000
evaluation_budget_15000,evaluation_budget,15000.0,21,3,1.0,2.0,0.5,15000,2.207342884706021,7.865302767022513,15000
evaluation_budget_15000,evaluation_budget,15000.0,21,4,1.0,2.0,0.5,15000,2.207342884706021,7.71359170100186,15000
evaluation_budget_15000,evaluation_budget,15000.0,21,5,1.0,2.0,0.5,15000,2.207342884706021,7.986454720958136,15000
evaluation_budget_15000,evaluation_budget,15000.0,21,6,1.0,2.0,0.5,15000,2.207342884706021,7.931996906059794,15000
evaluation_budget_15000,evaluation_budget,15000.0,21,7,1.0,2.0,0.5,15000,2.207342884706021,8.003307698993012,15000
evaluation_budget_15000,evaluation_budget,15000.0,21,8,1.0,2.0,0.5,15000,2.207342884706021,7.707501113996841,15000
evaluation_budget_15000,evaluation_budget,15000.0,21,9,1.0,2.0,0.5,15000,2.207342884706021,7.703356113983318,15000
evaluation_budget_15000,evaluation_budget,15000.0,21,10,1.0,2.0,0.5,15000,2.207342884706021,7.6682601909851655,15000
evaluation_budget_15000,evaluation_budget,15000.0,21,11,1.0,2.0,0.5,15000,2.207342884706021,7.97714100102894,15000
evaluation_budget_15000,evaluation_budget,15000.0,21,12,1.0,2.0,0.5,15000,2.207342884706021,7.961840230040252,15000
evaluation_budget_15000,evaluation_budget,15000.0,21,13,1.0,2.0,0.5,15000,2.207342884706021,7.727883914951235,15000
evaluation_budget_15000,evaluation_budget,15000.0,21,14,1.0,2.0,0.5,15000,2.207342884706021,7.707709726993926,15000
evaluation_budget_15000,evaluation_budget,15000.0,21,15,1.0,2.0,0.5,15000,2.207342884706021,7.63592978194356,15000
evaluation_budget_15000,evaluation_budget,15000.0,21,16,1.0,2.0,0.5,15000,2.207342884706021,7.800845614052378,15000
evaluation_budget_15000,evaluation_budget,15000.0,21,17,1.0,2.0,0.5,15000,2.207342884706021,7.743268452002667,15000
evaluation_budget_15000,evaluation_budget,15000.0,21,18,1.0,2.0,0.5,15000,2.207342884706021,7.862483702017926,15000
evaluation_budget_15000,evaluation_budget,15000.0,21,19,1.0,2.0,0.5,15000,2.207342884706021,7.800994238001294,15000
evaluation_budget_15000,evaluation_budget,15000.0,22,0,1.0,2.0,0.5,15000,0.6495626464756479,47.57797775499057,15000
evaluation_budget_15000,evaluation_budget,15000.0,22,1,1.0,2.0,0.5,15000,0.6495626464756479,49.0911300170701,15000
evaluation_budget_15000,evaluation_budget,15000.0,22,2,1.0,2.0,0.5,15000,0.6495626464756479,48.4186096850317,15000
evaluation_budget_15000,evaluation_budget,15000.0,22,3,1.0,2.0,0.5,15000,0.6495626464756479,48.62335566896945,15000
evaluation_budget_15000,evaluation_budget,15000.0,22,4,1.0,2.0,0.5,15000,0.6495626464756479,47.69503230904229,15000
evaluation_budget_15000,evaluation_budget,15000.0,22,5,1.0,2.0,0.5,15000,0.6495626464756479,48.825659163994715,15000
evaluation_budget_15000,evaluation_budget,15000.0,22,6,1.0,2.0,0.5,15000,0.6495626464756479,49.09585388703272,15000
evaluation_budget_15000,evaluation_budget,15000.0,22,7,1.0,2.0,0.5,15000,0.6495626464756479,47.91837078903336,15000
evaluation_budget_15000,evaluation_budget,15000.0,22,8,1.0,2.0,0.5,15000,0.6495626464756479,49.144715656060725,15000
evaluation_budget_15000,evaluation_budget,15000.0,22,9,1.0,2.0,0.5,15000,0.6495626464756479,47.8846413299907,15000
evaluation_budget_15000,evaluation_budget,15000.0,22,10,1.0,2.0,0.5,15000,0.6495626464756479,47.24714686302468,15000
evaluation_budget_15000,evaluation_budget,15000.0,22,11,1.0,2.0,0.5,15000,0.6495626464756479,49.4900424759835,15000
evaluation_budget_15000,evaluation_budget,15000.0,22,12,1.0,2.0,0.5,15000,0.6495626464756479,47.98857629101258,15000
evaluation_budget_15000,evaluation_budget,15000.0,22,13,1.0,2.0,0.5,15000,0.6495626464756479,49.945268293027766,15000
evaluation_budget_15000,evaluation_budget,15000.0,22,14,1.0,2.0,0.5,15000,0.6495626464756479,47.73952429799829,15000
evaluation_budget_15000,evaluation_budget,15000.0,22,15,1.0,2.0,0.5,15000,0.6495626464756479,47.34146039397456,15000
evaluation_budget_15000,evaluation_budget,15000.0,22,16,1.0,2.0,0.5,15000,0.6495626464756479,47.870873645995744,15000
evaluation_budget_15000,evaluation_budget,15000.0,22,17,1.0,2.0,0.5,15000,0.6495626464756479,50.14837879897095,15000
evaluation_budget_15000,evaluation_budget,15000.0,22,18,1.0,2.0,0.5,15000,0.6495626464756479,48.51749748305883,15000
evaluation_budget_15000,evaluation_budget,15000.0,22,19,1.0,2.0,0.5,15000,0.6495626464756479,47.44436214398593,15000
evaluation_budget_15000,evaluation_budget,15000.0,23,0,1.0,2.0,0.5,15000,2.01067302300028,4.497820661985315,15000
evaluation_budget_15000,evaluation_budget,15000.0,23,1,1.0,2.0,0.5,15000,2.01067302300028,4.513750415993854,15000
evaluation_budget_15000,evaluation_budget,15000.0,23,2,1.0,2.0,0.5,15000,2.01067302300028,4.603079193038866,15000
evaluation_budget_15000,evaluation_budget,15000.0,23,3,1.0,2.0,0.5,15000,2.01067302300028,4.517509735072963,15000
evaluation_budget_15000,evaluation_budget,15000.0,23,4,1.0,2.0,0.5,15000,2.01067302300028,4.567384063033387,15000
evaluation_budget_15000,evaluation_budget,15000.0,23,5,1.0,2.0,0.5,15000,2.01067302300028,4.485441306955181,15000
evaluation_budget_15000,evaluation_budget,15000.0,23,6,1.0,2.0,0.5,15000,2.01067302300028,4.463398728985339,15000
evaluation_budget_15000,evaluation_budget,15000.0,23,7,1.0,2.0,0.5,15000,2.01067302300028,4.462483206065372,15000
evaluation_budget_15000,evaluation_budget,15000.0,23,8,1.0,2.0,0.5,15000,2.01067302300028,4.5862298749852926,15000
evaluation_budget_15000,evaluation_budget,15000.0,23,9,1.0,2.0,0.5,15000,2.01067302300028,4.688402044004761,15000
evaluation_budget_15000,evaluation_budget,15000.0,23,10,1.0,2.0,0.5,15000,2.01067302300028,4.484271031920798,15000
evaluation_budget_15000,evaluation_budget,15000.0,23,11,1.0,2.0,0.5,15000,2.01067302300028,4.589250884950161,15000
evaluation_budget_15000,evaluation_budget,15000.0,23,12,1.0,2.0,0.5,15000,2.01067302300028,4.6019808780401945,15000
evaluation_budget_15000,evaluation_budget,15000.0,23,13,1.0,2.0,0.5,15000,2.01067302300028,4.4649968890007585,15000
evaluation_budget_15000,evaluation_budget,15000.0,23,14,1.0,2.0,0.5,15000,2.01067302300028,4.51279568602331,15000
evaluation_budget_15000,evaluation_budget,15000.0,23,15,1.0,2.0,0.5,15000,2.01067302300028,4.542054248042405,15000
evaluation_budget_15000,evaluation_budget,15000.0,23,16,1.0,2.0,0.5,15000,2.01067302300028,4.641410099109635,15000
evaluation_budget_15000,evaluation_budget,15000.0,23,17,1.0,2.0,0.5,15000,2.01067302300028,4.510361931985244,15000
evaluation_budget_15000,evaluation_budget,15000.0,23,18,1.0,2.0,0.5,15000,2.01067302300028,4.522932208026759,15000
evaluation_budget_15000,evaluation_budget,15000.0,23,19,1.0,2.0,0.5,15000,2.01067302300028,4.5945750559912995,15000
evaluation_budget_15000,evaluation_budget,15000.0,24,0,1.0,2.0,0.5,15000,1.3508272334785483,4.5897346519632265,15000
evaluation_budget_15000,evaluation_budget,15000.0,24,1,1.0,2.0,0.5,15000,1.3508272334785483,4.693278837017715,15000
evaluation_budget_15000,evaluation_budget,15000.0,24,2,1.0,2.0,0.5,15000,1.3508272334785483,4.6523271889891475,15000
evaluation_budget_15000,evaluation_budget,15000.0,24,3,1.0,2.0,0.5,15000,1.3508272334785483,4.679555927054025,15000
evaluation_budget_15000,evaluation_budget,15000.0,24,4,1.0,2.0,0.5,15000,1.3508272334785483,4.530241549015045,15000
evaluation_budget_15000,evaluation_budget,15000.0,24,5,1.0,2.0,0.5,15000,1.3508272334785483,4.485872271005064,15000
evaluation_budget_15000,evaluation_budget,15000.0,24,6,1.0,2.0,0.5,15000,1.3508272334785483,4.4757493460783735,15000
evaluation_budget_15000,evaluation_budget,15000.0,24,7,1.0,2.0,0.5,15000,1.3508272334785483,4.605853231973015,15000
evaluation_budget_15000,evaluation_budget,15000.0,24,8,1.0,2.0,0.5,15000,1.3508272334785483,4.632610104046762,15000
evaluation_budget_15000,evaluation_budget,15000.0,24,9,1.0,2.0,0.5,15000,1.3508272334785483,4.655799087951891,15000
evaluation_budget_15000,evaluation_budget,15000.0,24,10,1.0,2.0,0.5,15000,1.3508272334785483,4.496623698039912,15000
evaluation_budget_15000,evaluation_budget,15000.0,24,11,1.0,2.0,0.5,15000,1.3508272334785483,4.672851312090643,15000
evaluation_budget_15000,evaluation_budget,15000.0,24,12,1.0,2.0,0.5,15000,1.3508272334785483,4.572109412983991,15000
evaluation_budget_15000,evaluation_budget,15000.0,24,13,1.0,2.0,0.5,15000,1.3508272334785483,4.563827464939095,15000
evaluation_budget_15000,evaluation_budget,15000.0,24,14,1.0,2.0,0.5,15000,1.3508272334785483,4.622845550999045,15000
evaluation_budget_15000,evaluation_budget,15000.0,24,15,1.0,2.0,0.5,15000,1.3508272334785483,4.5080276189837605,15000
evaluation_budget_15000,evaluation_budget,15000.0,24,16,1.0,2.0,0.5,15000,1.3508272334785483,4.672577684046701,15000
evaluation_budget_15000,evaluation_budget,15000.0,24,17,1.0,2.0,0.5,15000,1.3508272334785483,4.510073067969643,15000
evaluation_budget_15000,evaluation_budget,15000.0,24,18,1.0,2.0,0.5,15000,1.3508272334785483,4.469845697982237,15000
evaluation_budget_15000,evaluation_budget,15000.0,24,19,1.0,2.0,0.5,15000,1.3508272334785483,4.566373922047205,15000
evaluation_budget_15000,evaluation_budget,15000.0,25,0,1.0,2.0,0.5,15000,1.9406169918137253,6.655745010939427,15000
evaluation_budget_15000,evaluation_budget,15000.0,25,1,1.0,2.0,0.5,15000,1.9406169918137253,6.817815190064721,15000
evaluation_budget_15000,evaluation_budget,15000.0,25,2,1.0,2.0,0.5,15000,1.9406169918137253,6.734707787050866,15000
evaluation_budget_15000,evaluation_budget,15000.0,25,3,1.0,2.0,0.5,15000,1.9406169918137253,6.839509156998247,15000
evaluation_budget_15000,evaluation_budget,15000.0,25,4,1.0,2.0,0.5,15000,1.9406169918137253,6.718857138068415,15000
evaluation_budget_15000,evaluation_budget,15000.0,25,5,1.0,2.0,0.5,15000,1.9406169918137253,6.751013051951304,15000
evaluation_budget_15000,evaluation_budget,15000.0,25,6,1.0,2.0,0.5,15000,1.9406169918137253,6.623729740967974,15000
evaluation_budget_15000,evaluation_budget,15000.0,25,7,1.0,2.0,0.5,15000,1.9406169918137253,6.909259394975379,15000
evaluation_budget_15000,evaluation_budget,15000.0,25,8,1.0,2.0,0.5,15000,1.9406169918137253,6.8835048590553924,15000
evaluation_budget_15000,evaluation_budget,15000.0,25,9,1.0,2.0,0.5,15000,1.9406169918137253,6.593284985981882,15000
evaluation_budget_15000,evaluation_budget,15000.0,25,10,1.0,2.0,0.5,15000,1.9406169918137253,6.880059415940195,15000
evaluation_budget_15000,evaluation_budget,15000.0,25,11,1.0,2.0,0.5,15000,1.9406169918137253,6.741757584037259,15000
evaluation_budget_15000,evaluation_budget,15000.0,25,12,1.0,2.0,0.5,15000,1.9406169918137253,6.650485733989626,15000
evaluation_budget_15000,evaluation_budget,15000.0,25,13,1.0,2.0,0.5,15000,1.9406169918137253,6.586028157966211,15000
evaluation_budget_15000,evaluation_budget,15000.0,25,14,1.0,2.0,0.5,15000,1.9406169918137253,6.7223603029269725,15000
evaluation_budget_15000,evaluation_budget,15000.0,25,15,1.0,2.0,0.5,15000,1.9406169918137253,6.848339632968418,15000
evaluation_budget_15000,evaluation_budget,15000.0,25,16,1.0,2.0,0.5,15000,1.9406169918137253,6.58537137391977,15000
evaluation_budget_15000,evaluation_budget,15000.0,25,17,1.0,2.0,0.5,15000,1.9406169918137253,7.039626312907785,15000
evaluation_budget_15000,evaluation_budget,15000.0,25,18,1.0,2.0,0.5,15000,1.9406169918137253,6.598151043988764,15000
evaluation_budget_15000,evaluation_budget,15000.0,25,19,1.0,2.0,0.5,15000,1.9406169918137253,6.758356904960237,15000
evaluation_budget_15000,evaluation_budget,15000.0,26,0,1.0,2.0,0.5,15000,2.218200980928021,11.174706993042491,15000
evaluation_budget_15000,evaluation_budget,15000.0,26,1,1.0,2.0,0.5,15000,2.218200980928021,11.476709278998896,15000
evaluation_budget_15000,evaluation_budget,15000.0,26,2,1.0,2.0,0.5,15000,2.218200980928021,11.662731352029368,15000
evaluation_budget_15000,evaluation_budget,15000.0,26,3,1.0,2.0,0.5,15000,2.218200980928021,11.649627698003314,15000
evaluation_budget_15000,evaluation_budget,15000.0,26,4,1.0,2.0,0.5,15000,2.218200980928021,11.522352540050633,15000
evaluation_budget_15000,evaluation_budget,15000.0,26,5,1.0,2.0,0.5,15000,2.218200980928021,11.527290752041154,15000
evaluation_budget_15000,evaluation_budget,15000.0,26,6,1.0,2.0,0.5,15000,2.218200980928021,11.189492024015635,15000
evaluation_budget_15000,evaluation_budget,15000.0,26,7,1.0,2.0,0.5,15000,2.218200980928021,11.5975135009503,15000
evaluation_budget_15000,evaluation_budget,15000.0,26,8,1.0,2.0,0.5,15000,2.218200980928021,11.436562258983031,15000
evaluation_budget_15000,evaluation_budget,15000.0,26,9,1.0,2.0,0.5,15000,2.218200980928021,11.213830408989452,15000
evaluation_budget_15000,evaluation_budget,15000.0,26,10,1.0,2.0,0.5,15000,2.218200980928021,11.46704364393372,15000
evaluation_budget_15000,evaluation_budget,15000.0,26,11,1.0,2.0,0.5,15000,2.218200980928021,11.563462662976235,15000
evaluation_budget_15000,evaluation_budget,15000.0,26,12,1.0,2.0,0.5,15000,2.218200980928021,11.199973965995014,15000
evaluation_budget_15000,evaluation_budget,15000.0,26,13,1.0,2.0,0.5,15000,2.218200980928021,11.145746610010974,15000
evaluation_budget_15000,evaluation_budget,15000.0,26,14,1.0,2.0,0.5,15000,2.218200980928021,11.22729712096043,15000
evaluation_budget_15000,evaluation_budget,15000.0,26,15,1.0,2.0,0.5,15000,2.218200980928021,11.28939975600224,15000
evaluation_budget_15000,evaluation_budget,15000.0,26,16,1.0,2.0,0.5,15000,2.218200980928021,11.228254134999588,15000
evaluation_budget_15000,evaluation_budget,15000.0,26,17,1.0,2.0,0.5,15000,2.218200980928021,11.23337466805242,15000
evaluation_budget_15000,evaluation_budget,15000.0,26,18,1.0,2.0,0.5,15000,2.218200980928021,11.633167165098712,15000
evaluation_budget_15000,evaluation_budget,15000.0,26,19,1.0,2.0,0.5,15000,2.218200980928021,11.358507330995053,15000
evaluation_budget_15000,evaluation_budget,15000.0,27,0,1.0,2.0,0.5,15000,1.9000621512377234,5.5921843360411,15000
evaluation_budget_15000,evaluation_budget,15000.0,27,1,1.0,2.0,0.5,15000,1.9000621512377234,5.803474307991564,15000
evaluation_budget_15000,evaluation_budget,15000.0,27,2,1.0,2.0,0.5,15000,1.9000621512377234,5.746825804002583,15000
evaluation_budget_15000,evaluation_budget,15000.0,27,3,1.0,2.0,0.5,15000,1.9000621512377234,5.533036306034774,15000
evaluation_budget_15000,evaluation_budget,15000.0,27,4,1.0,2.0,0.5,15000,1.9000621512377234,5.845297879888676,15000
evaluation_budget_15000,evaluation_budget,15000.0,27,5,1.0,2.0,0.5,15000,1.9000621512377234,5.649165887036361,15000
evaluation_budget_15000,evaluation_budget,15000.0,27,6,1.0,2.0,0.5,15000,1.9000621512377234,5.639429110917263,15000
evaluation_budget_15000,evaluation_budget,15000.0,27,7,1.0,2.0,0.5,15000,1.9000621512377234,5.659772753948346,15000
evaluation_budget_15000,evaluation_budget,15000.0,27,8,1.0,2.0,0.5,15000,1.9000621512377234,5.576786390971392,15000
evaluation_budget_15000,evaluation_budget,15000.0,27,9,1.0,2.0,0.5,15000,1.9000621512377234,5.580247653997503,15000
evaluation_budget_15000,evaluation_budget,15000.0,27,10,1.0,2.0,0.5,15000,1.9000621512377234,5.502844657981768,15000
evaluation_budget_15000,evaluation_budget,15000.0,27,11,1.0,2.0,0.5,15000,1.9000621512377234,5.6544769399333745,15000
evaluation_budget_15000,evaluation_budget,15000.0,27,12,1.0,2.0,0.5,15000,1.9000621512377234,5.659072360955179,15000
evaluation_budget_15000,evaluation_budget,15000.0,27,13,1.0,2.0,0.5,15000,1.9000621512377234,5.748098049079999,15000
evaluation_budget_15000,evaluation_budget,15000.0,27,14,1.0,2.0,0.5,15000,1.9000621512377234,5.535639535053633,15000
evaluation_budget_15000,evaluation_budget,15000.0,27,15,1.0,2.0,0.5,15000,1.9000621512377234,5.57419558102265,15000
evaluation_budget_15000,evaluation_budget,15000.0,27,16,1.0,2.0,0.5,15000,1.9000621512377234,5.543432703008875,15000
evaluation_budget_15000,evaluation_budget,15000.0,27,17,1.0,2.0,0.5,15000,1.9000621512377234,5.5631163980579,15000
evaluation_budget_15000,evaluation_budget,15000.0,27,18,1.0,2.0,0.5,15000,1.9000621512377234,5.651453703059815,15000
evaluation_budget_15000,evaluation_budget,15000.0,27,19,1.0,2.0,0.5,15000,1.9000621512377234,5.713056282955222,15000
evaluation_budget_15000,evaluation_budget,15000.0,28,0,1.0,2.0,0.5,15000,2.025989929914813,11.130998982000165,15000
evaluation_budget_15000,evaluation_budget,15000.0,28,1,1.0,2.0,0.5,15000,2.025980418950708,11.501028547994792,15000
evaluation_budget_15000,evaluation_budget,15000.0,28,2,1.0,2.0,0.5,15000,2.025980418950708,11.20068505697418,15000
evaluation_budget_15000,evaluation_budget,15000.0,28,3,1.0,2.0,0.5,15000,2.025980418950708,11.550554344896227,15000
evaluation_budget_15000,evaluation_budget,15000.0,28,4,1.0,2.0,0.5,15000,2.025980418950708,11.32743574900087,15000
evaluation_budget_15000,evaluation_budget,15000.0,28,5,1.0,2.0,0.5,15000,2.025989929914813,11.43789173499681,15000
evaluation_budget_15000,evaluation_budget,15000.0,28,6,1.0,2.0,0.5,15000,2.025989929914813,11.583196648978628,15000
evaluation_budget_15000,evaluation_budget,15000.0,28,7,1.0,2.0,0.5,15000,2.025980418950708,11.17398315295577,15000
evaluation_budget_15000,evaluation_budget,15000.0,28,8,1.0,2.0,0.5,15000,2.025980418950708,11.408157906029373,15000
evaluation_budget_15000,evaluation_budget,15000.0,28,9,1.0,2.0,0.5,15000,2.025980418950708,11.296472112066112,15000
evaluation_budget_15000,evaluation_budget,15000.0,28,10,1.0,2.0,0.5,15000,2.025980418950708,11.116997908102348,15000
evaluation_budget_15000,evaluation_budget,15000.0,28,11,1.0,2.0,0.5,15000,2.025980418950708,11.415610021096654,15000
evaluation_budget_15000,evaluation_budget,15000.0,28,12,1.0,2.0,0.5,15000,2.025989929914813,11.187737551052123,15000
evaluation_budget_15000,evaluation_budget,15000.0,28,13,1.0,2.0,0.5,15000,2.025980418950708,11.317654427024536,15000
evaluation_budget_15000,evaluation_budget,15000.0,28,14,1.0,2.0,0.5,15000,2.025980418950708,11.581354722031392,15000
evaluation_budget_15000,evaluation_budget,15000.0,28,15,1.0,2.0,0.5,15000,2.025989929914813,11.51230842701625,15000
evaluation_budget_15000,evaluation_budget,15000.0,28,16,1.0,2.0,0.5,15000,2.025989929914813,11.184475954039954,15000
evaluation_budget_15000,evaluation_budget,15000.0,28,17,1.0,2.0,0.5,15000,2.025980418950708,11.264440426952206,15000
evaluation_budget_15000,evaluation_budget,15000.0,28,18,1.0,2.0,0.5,15000,2.025980418950708,11.37218260508962,15000
evaluation_budget_15000,evaluation_budget,15000.0,28,19,1.0,2.0,0.5,15000,2.025989929914813,11.535308883991092,15000
evaluation_budget_15000,evaluation_budget,15000.0,29,0,1.0,2.0,0.5,15000,2.4917912704064307,22.691605719039217,15000
evaluation_budget_15000,evaluation_budget,15000.0,29,1,1.0,2.0,0.5,15000,2.5080353247368983,22.652428740053438,15000
evaluation_budget_15000,evaluation_budget,15000.0,29,2,1.0,2.0,0.5,15000,2.4908832129936185,23.082126885070466,15000
evaluation_budget_15000,evaluation_budget,15000.0,29,3,1.0,2.0,0.5,15000,2.5089433821497114,22.849747716914862,15000
evaluation_budget_15000,evaluation_budget,15000.0,29,4,1.0,2.0,0.5,15000,2.4917912704064307,23.16308944998309,15000
evaluation_budget_15000,evaluation_budget,15000.0,29,5,1.0,2.0,0.5,15000,2.4917912704064307,24.558681843918748,15000
evaluation_budget_15000,evaluation_budget,15000.0,29,6,1.0,2.0,0.5,15000,2.5080353247368983,23.195015538018197,15000
evaluation_budget_15000,evaluation_budget,15000.0,29,7,1.0,2.0,0.5,15000,2.4917912704064307,22.49756514991168,15000
evaluation_budget_15000,evaluation_budget,15000.0,29,8,1.0,2.0,0.5,15000,2.511038097295691,22.264626037096605,15000
evaluation_budget_15000,evaluation_budget,15000.0,29,9,1.0,2.0,0.5,15000,2.5185469193175045,22.90829228796065,15000
evaluation_budget_15000,evaluation_budget,15000.0,29,10,1.0,2.0,0.5,15000,2.5185469193175045,22.402189614949748,15000
evaluation_budget_15000,evaluation_budget,15000.0,29,11,1.0,2.0,0.5,15000,2.4917912704064307,22.743236203910783,15000
evaluation_budget_15000,evaluation_budget,15000.0,29,12,1.0,2.0,0.5,15000,2.511038097295691,24.49029960494954,15000
evaluation_budget_15000,evaluation_budget,15000.0,29,13,1.0,2.0,0.5,15000,2.4917912704064307,22.53701175900642,15000
evaluation_budget_15000,evaluation_budget,15000.0,29,14,1.0,2.0,0.5,15000,2.4908832129936185,23.487983244936913,15000
evaluation_budget_15000,evaluation_budget,15000.0,29,15,1.0,2.0,0.5,15000,2.5119461547085034,22.439522271044552,15000
evaluation_budget_15000,evaluation_budget,15000.0,29,16,1.0,2.0,0.5,15000,2.5089433821497114,23.117178663960658,15000
evaluation_budget_15000,evaluation_budget,15000.0,29,17,1.0,2.0,0.5,15000,2.5185469193175045,22.521321799024008,15000
evaluation_budget_15000,evaluation_budget,15000.0,29,18,1.0,2.0,0.5,15000,2.4917912704064307,22.820006609079428,15000
evaluation_budget_15000,evaluation_budget,15000.0,29,19,1.0,2.0,0.5,15000,2.4917912704064307,23.334447851986624,15000
evaluation_budget_15000,evaluation_budget,15000.0,30,0,1.0,2.0,0.5,15000,1.9337416810526524,13.236947653000243,15000
evaluation_budget_15000,evaluation_budget,15000.0,30,1,1.0,2.0,0.5,15000,1.9298467885369193,13.546114092925563,15000
evaluation_budget_15000,evaluation_budget,15000.0,30,2,1.0,2.0,0.5,15000,1.9337416810526524,13.809589663986117,15000
evaluation_budget_15000,evaluation_budget,15000.0,30,3,1.0,2.0,0.5,15000,1.935846346871392,13.771392522961833,15000
evaluation_budget_15000,evaluation_budget,15000.0,30,4,1.0,2.0,0.5,15000,1.9361459895210615,13.38829219294712,15000
evaluation_budget_15000,evaluation_budget,15000.0,30,5,1.0,2.0,0.5,15000,1.9298467885369193,13.290539082954638,15000
evaluation_budget_15000,evaluation_budget,15000.0,30,6,1.0,2.0,0.5,15000,1.9337416810526524,13.785017109010369,15000
evaluation_budget_15000,evaluation_budget,15000.0,30,7,1.0,2.0,0.5,15000,1.9337416810526524,13.460797262028791,15000
evaluation_budget_15000,evaluation_budget,15000.0,30,8,1.0,2.0,0.5,15000,1.9361459895210615,13.466649443027563,15000
evaluation_budget_15000,evaluation_budget,15000.0,30,9,1.0,2.0,0.5,15000,1.9298467885369193,13.68442743900232,15000
evaluation_budget_15000,evaluation_budget,15000.0,30,10,1.0,2.0,0.5,15000,1.9361459895210613,13.546768386964686,15000
evaluation_budget_15000,evaluation_budget,15000.0,30,11,1.0,2.0,0.5,15000,1.9337416810526524,13.415682618971914,15000
evaluation_budget_15000,evaluation_budget,15000.0,30,12,1.0,2.0,0.5,15000,1.955778070372509,13.872016954002902,15000
evaluation_budget_15000,evaluation_budget,15000.0,30,13,1.0,2.0,0.5,15000,1.9298467885369193,13.406724548898637,15000
evaluation_budget_15000,evaluation_budget,15000.0,30,14,1.0,2.0,0.5,15000,1.9361459895210615,13.472079350962304,15000
evaluation_budget_15000,evaluation_budget,15000.0,30,15,1.0,2.0,0.5,15000,1.9361459895210613,13.824627619003877,15000
evaluation_budget_15000,evaluation_budget,15000.0,30,16,1.0,2.0,0.5,15000,1.9361459895210613,13.878187008900568,15000
evaluation_budget_15000,evaluation_budget,15000.0,30,17,1.0,2.0,0.5,15000,1.9298467885369193,13.583565374952741,15000
evaluation_budget_15000,evaluation_budget,15000.0,30,18,1.0,2.0,0.5,15000,1.9298467885369195,13.628533822949976,15000
evaluation_budget_15000,evaluation_budget,15000.0,30,19,1.0,2.0,0.5,15000,1.9337416810526524,13.831155044957995,15000
evaluation_budget_3750,evaluation_budget,3750.0,1,0,1.0,2.0,0.5,3750,1.7739991125114165,3.0514836239162832,3750
evaluation_budget_3750,evaluation_budget,3750.0,1,1,1.0,2.0,0.5,3750,1.7739991125114165,3.134165011928417,3750
evaluation_budget_3750,evaluation_budget,3750.0,1,2,1.0,2.0,0.5,3750,1.7739991125114165,3.0544913969933987,3750
evaluation_budget_3750,evaluation_budget,3750.0,1,3,1.0,2.0,0.5,3750,1.7739991125114165,3.0602340849582106,3750
evaluation_budget_3750,evaluation_budget,3750.0,1,4,1.0,2.0,0.5,3750,1.7739991125114165,3.068910266039893,3750
evaluation_budget_3750,evaluation_budget,3750.0,1,5,1.0,2.0,0.5,3750,1.7739991125114165,3.1830831080442294,3750
evaluation_budget_3750,evaluation_budget,3750.0,1,6,1.0,2.0,0.5,3750,1.7739991125114165,3.060560191050172,3750
evaluation_budget_3750,evaluation_budget,3750.0,1,7,1.0,2.0,0.5,3750,1.7739991125114165,3.204521817038767,3750
evaluation_budget_3750,evaluation_budget,3750.0,1,8,1.0,2.0,0.5,3750,1.7739991125114165,3.074424042017199,3750
evaluation_budget_3750,evaluation_budget,3750.0,1,9,1.0,2.0,0.5,3750,1.7739991125114165,3.119776623090729,3750
evaluation_budget_3750,evaluation_budget,3750.0,1,10,1.0,2.0,0.5,3750,1.7739991125114165,3.6496899960329756,3750
evaluation_budget_3750,evaluation_budget,3750.0,1,11,1.0,2.0,0.5,3750,1.7739991125114165,3.0728696670848876,3750
evaluation_budget_3750,evaluation_budget,3750.0,1,12,1.0,2.0,0.5,3750,1.7739991125114165,3.5100197040010244,3750
evaluation_budget_3750,evaluation_budget,3750.0,1,13,1.0,2.0,0.5,3750,1.7739991125114165,3.1900751610519364,3750
evaluation_budget_3750,evaluation_budget,3750.0,1,14,1.0,2.0,0.5,3750,1.7739991125114165,3.124999974970706,3750
evaluation_budget_3750,evaluation_budget,3750.0,1,15,1.0,2.0,0.5,3750,1.7739991125114165,3.1769087000284344,3750
evaluation_budget_3750,evaluation_budget,3750.0,1,16,1.0,2.0,0.5,3750,1.7739991125114165,3.136802521068603,3750
evaluation_budget_3750,evaluation_budget,3750.0,1,17,1.0,2.0,0.5,3750,1.7739991125114165,3.043834010954015,3750
evaluation_budget_3750,evaluation_budget,3750.0,1,18,1.0,2.0,0.5,3750,1.7739991125114165,3.1935869930312037,3750
evaluation_budget_3750,evaluation_budget,3750.0,1,19,1.0,2.0,0.5,3750,1.7739991125114165,3.1142329210415483,3750
evaluation_budget_3750,evaluation_budget,3750.0,2,0,1.0,2.0,0.5,3750,2.279975082456949,3.09267361194361,3750
evaluation_budget_3750,evaluation_budget,3750.0,2,1,1.0,2.0,0.5,3750,2.279975082456949,3.069385489099659,3750
evaluation_budget_3750,evaluation_budget,3750.0,2,2,1.0,2.0,0.5,3750,2.279975082456949,3.2318515239749104,3750
evaluation_budget_3750,evaluation_budget,3750.0,2,3,1.0,2.0,0.5,3750,2.279975082456949,3.145304597914219,3750
evaluation_budget_3750,evaluation_budget,3750.0,2,4,1.0,2.0,0.5,3750,2.279975082456949,3.1719391730148345,3750
evaluation_budget_3750,evaluation_budget,3750.0,2,5,1.0,2.0,0.5,3750,2.279975082456949,3.0760179180651903,3750
evaluation_budget_3750,evaluation_budget,3750.0,2,6,1.0,2.0,0.5,3750,2.279975082456949,3.2691155429929495,3750
evaluation_budget_3750,evaluation_budget,3750.0,2,7,1.0,2.0,0.5,3750,2.279975082456949,3.072944813990034,3750
evaluation_budget_3750,evaluation_budget,3750.0,2,8,1.0,2.0,0.5,3750,2.279975082456949,3.2206636749906465,3750
evaluation_budget_3750,evaluation_budget,3750.0,2,9,1.0,2.0,0.5,3750,2.279975082456949,3.1394978360040113,3750
evaluation_budget_3750,evaluation_budget,3750.0,2,10,1.0,2.0,0.5,3750,2.279975082456949,3.086161987972446,3750
evaluation_budget_3750,evaluation_budget,3750.0,2,11,1.0,2.0,0.5,3750,2.279975082456949,3.178521657944657,3750
evaluation_budget_3750,evaluation_budget,3750.0,2,12,1.0,2.0,0.5,3750,2.279975082456949,3.0926304870517924,3750
evaluation_budget_3750,evaluation_budget,3750.0,2,13,1.0,2.0,0.5,3750,2.279975082456949,3.2010883489856496,3750
evaluation_budget_3750,evaluation_budget,3750.0,2,14,1.0,2.0,0.5,3750,2.279975082456949,3.1386397620663047,3750
evaluation_budget_3750,evaluation_budget,3750.0,2,15,1.0,2.0,0.5,3750,2.279975082456949,3.2402580820489675,3750
evaluation_budget_3750,evaluation_budget,3750.0,2,16,1.0,2.0,0.5,3750,2.279975082456949,3.240412757033482,3750
evaluation_budget_3750,evaluation_budget,3750.0,2,17,1.0,2.0,0.5,3750,2.279975082456949,3.1380090109305456,3750
evaluation_budget_3750,evaluation_budget,3750.0,2,18,1.0,2.0,0.5,3750,2.279975082456949,3.2607568490784615,3750
evaluation_budget_3750,evaluation_budget,3750.0,2,19,1.0,2.0,0.5,3750,2.279975082456949,3.169836550951004,3750
evaluation_budget_3750,evaluation_budget,3750.0,3,0,1.0,2.0,0.5,3750,2.5554615909469742,4.587880400009453,3750
evaluation_budget_3750,evaluation_budget,3750.0,3,1,1.0,2.0,0.5,3750,2.5554615909469742,4.672899432014674,3750
evaluation_budget_3750,evaluation_budget,3750.0,3,2,1.0,2.0,0.5,3750,2.5554615909469742,4.5383505038917065,3750
evaluation_budget_3750,evaluation_budget,3750.0,3,3,1.0,2.0,0.5,3750,2.5554615909469742,4.683040717965923,3750
evaluation_budget_3750,evaluation_budget,3750.0,3,4,1.0,2.0,0.5,3750,2.5554615909469742,4.643678941996768,3750
evaluation_budget_3750,evaluation_budget,3750.0,3,5,1.0,2.0,0.5,3750,2.5554615909469742,4.563750598928891,3750
evaluation_budget_3750,evaluation_budget,3750.0,3,6,1.0,2.0,0.5,3750,2.5554615909469742,4.682889058953151,3750
evaluation_budget_3750,evaluation_budget,3750.0,3,7,1.0,2.0,0.5,3750,2.5554615909469742,4.563493301044218,3750
evaluation_budget_3750,evaluation_budget,3750.0,3,8,1.0,2.0,0.5,3750,2.5773142587776494,4.752660428057425,3750
evaluation_budget_3750,evaluation_budget,3750.0,3,9,1.0,2.0,0.5,3750,2.5554615909469742,4.536798510001972,3750
evaluation_budget_3750,evaluation_budget,3750.0,3,10,1.0,2.0,0.5,3750,2.5554615909469742,4.559016448096372,3750
evaluation_budget_3750,evaluation_budget,3750.0,3,11,1.0,2.0,0.5,3750,2.5554615909469742,4.509320495999418,3750
evaluation_budget_3750,evaluation_budget,3750.0,3,12,1.0,2.0,0.5,3750,2.5554615909469742,4.715453007025644,3750
evaluation_budget_3750,evaluation_budget,3750.0,3,13,1.0,2.0,0.5,3750,2.5554615909469742,4.637062044930644,3750
evaluation_budget_3750,evaluation_budget,3750.0,3,14,1.0,2.0,0.5,3750,2.566419880972624,4.699250511010177,3750
evaluation_budget_3750,evaluation_budget,3750.0,3,15,1.0,2.0,0.5,3750,2.5554615909469742,4.583879811922088,3750
evaluation_budget_3750,evaluation_budget,3750.0,3,16,1.0,2.0,0.5,3750,2.5773142587776494,4.648369348025881,3750
evaluation_budget_3750,evaluation_budget,3750.0,3,17,1.0,2.0,0.5,3750,2.5554615909469742,4.4714828880969435,3750
evaluation_budget_3750,evaluation_budget,3750.0,3,18,1.0,2.0,0.5,3750,2.5554615909469742,4.682996065937914,3750
evaluation_budget_3750,evaluation_budget,3750.0,3,19,1.0,2.0,0.5,3750,2.5554615909469742,4.511879901983775,3750
evaluation_budget_3750,evaluation_budget,3750.0,4,0,1.0,2.0,0.5,3750,2.1335996845890683,3.3615353640634567,3750
evaluation_budget_3750,evaluation_budget,3750.0,4,1,1.0,2.0,0.5,3750,2.1336449325725337,3.385026762029156,3750
evaluation_budget_3750,evaluation_budget,3750.0,4,2,1.0,2.0,0.5,3750,2.1335996845890683,4.426366389961913,3750
evaluation_budget_3750,evaluation_budget,3750.0,4,3,1.0,2.0,0.5,3750,2.1335996845890683,3.460640409961343,3750
evaluation_budget_3750,evaluation_budget,3750.0,4,4,1.0,2.0,0.5,3750,2.1336449325725337,3.4078293269267306,3750
evaluation_budget_3750,evaluation_budget,3750.0,4,5,1.0,2.0,0.5,3750,2.1335996845890683,3.343465961050242,3750
evaluation_budget_3750,evaluation_budget,3750.0,4,6,1.0,2.0,0.5,3750,2.1335996845890683,3.3383141240337864,3750
evaluation_budget_3750,evaluation_budget,3750.0,4,7,1.0,2.0,0.5,3750,2.1336449325725337,3.3553069150075316,3750
evaluation_budget_3750,evaluation_budget,3750.0,4,8,1.0,2.0,0.5,3750,2.1336449325725337,3.319428925984539,3750
evaluation_budget_3750,evaluation_budget,3750.0,4,9,1.0,2.0,0.5,3750,2.1335996845890683,3.373940955963917,3750
evaluation_budget_3750,evaluation_budget,3750.0,4,10,1.0,2.0,0.5,3750,2.1335996845890683,4.392526556039229,3750
evaluation_budget_3750,evaluation_budget,3750.0,4,11,1.0,2.0,0.5,3750,2.1336449325725337,3.3677325929747894,3750
evaluation_budget_3750,evaluation_budget,3750.0,4,12,1.0,2.0,0.5,3750,2.1335996845890683,3.517633604002185,3750
evaluation_budget_3750,evaluation_budget,3750.0,4,13,1.0,2.0,0.5,3750,2.1335996845890683,3.3849044730886817,3750
evaluation_budget_3750,evaluation_budget,3750.0,4,14,1.0,2.0,0.5,3750,2.1336449325725337,3.4098834609612823,3750
evaluation_budget_3750,evaluation_budget,3750.0,4,15,1.0,2.0,0.5,3750,2.1335996845890683,3.432469223975204,3750
evaluation_budget_3750,evaluation_budget,3750.0,4,16,1.0,2.0,0.5,3750,2.1335996845890683,3.3499320880509913,3750
evaluation_budget_3750,evaluation_budget,3750.0,4,17,1.0,2.0,0.5,3750,2.1335996845890683,3.426792824990116,3750
evaluation_budget_3750,evaluation_budget,3750.0,4,18,1.0,2.0,0.5,3750,2.1336449325725337,3.3546670679934323,3750
evaluation_budget_3750,evaluation_budget,3750.0,4,19,1.0,2.0,0.5,3750,2.1336449325725337,3.4926776309730485,3750
evaluation_budget_3750,evaluation_budget,3750.0,5,0,1.0,2.0,0.5,3750,1.865074221023855,3.343232851009816,3750
evaluation_budget_3750,evaluation_budget,3750.0,5,1,1.0,2.0,0.5,3750,1.865074221023855,3.330232078093104,3750
evaluation_budget_3750,evaluation_budget,3750.0,5,2,1.0,2.0,0.5,3750,1.865074221023855,3.4861239260062575,3750
evaluation_budget_3750,evaluation_budget,3750.0,5,3,1.0,2.0,0.5,3750,1.865074221023855,3.420190575066954,3750
evaluation_budget_3750,evaluation_budget,3750.0,5,4,1.0,2.0,0.5,3750,1.865074221023855,3.4109564180253074,3750
evaluation_budget_3750,evaluation_budget,3750.0,5,5,1.0,2.0,0.5,3750,1.865074221023855,3.478369073010981,3750
evaluation_budget_3750,evaluation_budget,3750.0,5,6,1.0,2.0,0.5,3750,1.865074221023855,3.346488785929978,3750
evaluation_budget_3750,evaluation_budget,3750.0,5,7,1.0,2.0,0.5,3750,1.8650742210238551,3.6039246259024367,3750
evaluation_budget_3750,evaluation_budget,3750.0,5,8,1.0,2.0,0.5,3750,1.865074221023855,3.4167815829860047,3750
evaluation_budget_3750,evaluation_budget,3750.0,5,9,1.0,2.0,0.5,3750,1.8650742210238551,3.392191661056131,3750
evaluation_budget_3750,evaluation_budget,3750.0,5,10,1.0,2.0,0.5,3750,1.865074221023855,3.3465832360088825,3750
evaluation_budget_3750,evaluation_budget,3750.0,5,11,1.0,2.0,0.5,3750,1.8650742210238551,3.5494677069364116,3750
evaluation_budget_3750,evaluation_budget,3750.0,5,12,1.0,2.0,0.5,3750,1.865074221023855,3.4721832260256633,3750
evaluation_budget_3750,evaluation_budget,3750.0,5,13,1.0,2.0,0.5,3750,1.865074221023855,3.4311496319714934,3750
evaluation_budget_3750,evaluation_budget,3750.0,5,14,1.0,2.0,0.5,3750,1.8650742210238551,3.4167779290582985,3750
evaluation_budget_3750,evaluation_budget,3750.0,5,15,1.0,2.0,0.5,3750,1.865074221023855,3.4326122850179672,3750
evaluation_budget_3750,evaluation_budget,3750.0,5,16,1.0,2.0,0.5,3750,1.865074221023855,3.394951630034484,3750
evaluation_budget_3750,evaluation_budget,3750.0,5,17,1.0,2.0,0.5,3750,1.865074221023855,3.5581137320259586,3750
evaluation_budget_3750,evaluation_budget,3750.0,5,18,1.0,2.0,0.5,3750,1.865074221023855,3.323367487057112,3750
evaluation_budget_3750,evaluation_budget,3750.0,5,19,1.0,2.0,0.5,3750,1.8650742210238551,3.5072504020063207,3750
evaluation_budget_3750,evaluation_budget,3750.0,6,0,1.0,2.0,0.5,3750,1.756456461232624,3.11696567106992,3750
evaluation_budget_3750,evaluation_budget,3750.0,6,1,1.0,2.0,0.5,3750,1.756456461232624,3.0429438879946247,3750
evaluation_budget_3750,evaluation_budget,3750.0,6,2,1.0,2.0,0.5,3750,1.756456461232624,3.1181831259746104,3750
evaluation_budget_3750,evaluation_budget,3750.0,6,3,1.0,2.0,0.5,3750,1.756456461232624,3.0965201350627467,3750
evaluation_budget_3750,evaluation_budget,3750.0,6,4,1.0,2.0,0.5,3750,1.756456461232624,3.1637658060062677,3750
evaluation_budget_3750,evaluation_budget,3750.0,6,5,1.0,2.0,0.5,3750,1.756456461232624,3.0319921899354085,3750
evaluation_budget_3750,evaluation_budget,3750.0,6,6,1.0,2.0,0.5,3750,1.756456461232624,3.088837235001847,3750
evaluation_budget_3750,evaluation_budget,3750.0,6,7,1.0,2.0,0.5,3750,1.756456461232624,3.1101011770078912,3750
evaluation_budget_3750,evaluation_budget,3750.0,6,8,1.0,2.0,0.5,3750,1.756456461232624,3.0701474850066006,3750
evaluation_budget_3750,evaluation_budget,3750.0,6,9,1.0,2.0,0.5,3750,1.756456461232624,3.119385138968937,3750
evaluation_budget_3750,evaluation_budget,3750.0,6,10,1.0,2.0,0.5,3750,1.756456461232624,3.074295272002928,3750
evaluation_budget_3750,evaluation_budget,3750.0,6,11,1.0,2.0,0.5,3750,1.756456461232624,3.0998502400470898,3750
evaluation_budget_3750,evaluation_budget,3750.0,6,12,1.0,2.0,0.5,3750,1.756456461232624,3.1737271500751376,3750
evaluation_budget_3750,evaluation_budget,3750.0,6,13,1.0,2.0,0.5,3750,1.756456461232624,3.223619382013567,3750
evaluation_budget_3750,evaluation_budget,3750.0,6,14,1.0,2.0,0.5,3750,1.756456461232624,3.204528472968377,3750
evaluation_budget_3750,evaluation_budget,3750.0,6,15,1.0,2.0,0.5,3750,1.756456461232624,3.145774157019332,3750
evaluation_budget_3750,evaluation_budget,3750.0,6,16,1.0,2.0,0.5,3750,1.756456461232624,3.070085430983454,3750
evaluation_budget_3750,evaluation_budget,3750.0,6,17,1.0,2.0,0.5,3750,1.756456461232624,3.0779776700073853,3750
evaluation_budget_3750,evaluation_budget,3750.0,6,18,1.0,2.0,0.5,3750,1.756456461232624,3.1545127059798688,3750
evaluation_budget_3750,evaluation_budget,3750.0,6,19,1.0,2.0,0.5,3750,1.756456461232624,3.1176735799526796,3750
evaluation_budget_3750,evaluation_budget,3750.0,7,0,1.0,2.0,0.5,3750,1.8418822070973002,2.219940743991174,3750
evaluation_budget_3750,evaluation_budget,3750.0,7,1,1.0,2.0,0.5,3750,1.8418822070973002,2.3174557120073587,3750
evaluation_budget_3750,evaluation_budget,3750.0,7,2,1.0,2.0,0.5,3750,1.8418822070973002,2.1663716100156307,3750
evaluation_budget_3750,evaluation_budget,3750.0,7,3,1.0,2.0,0.5,3750,1.8418822070973002,2.217402729904279,3750
evaluation_budget_3750,evaluation_budget,3750.0,7,4,1.0,2.0,0.5,3750,1.8418822070973002,2.2994907030370086,3750
evaluation_budget_3750,evaluation_budget,3750.0,7,5,1.0,2.0,0.5,3750,1.8418822070973002,2.1705229160143062,3750
evaluation_budget_3750,evaluation_budget,3750.0,7,6,1.0,2.0,0.5,3750,1.8418822070973002,2.2168469780590385,3750
evaluation_budget_3750,evaluation_budget,3750.0,7,7,1.0,2.0,0.5,3750,1.8418822070973002,2.2191711789928377,3750
evaluation_budget_3750,evaluation_budget,3750.0,7,8,1.0,2.0,0.5,3750,1.8418822070973002,2.1758208160754293,3750
evaluation_budget_3750,evaluation_budget,3750.0,7,9,1.0,2.0,0.5,3750,1.8418822070973002,2.2568432959960774,3750
evaluation_budget_3750,evaluation_budget,3750.0,7,10,1.0,2.0,0.5,3750,1.8418822070973002,2.1742991670034826,3750
evaluation_budget_3750,evaluation_budget,3750.0,7,11,1.0,2.0,0.5,3750,1.8418822070973002,2.205405854037963,3750
evaluation_budget_3750,evaluation_budget,3750.0,7,12,1.0,2.0,0.5,3750,1.8418822070973002,2.1878084669588134,3750
evaluation_budget_3750,evaluation_budget,3750.0,7,13,1.0,2.0,0.5,3750,1.8418822070973002,2.806681412970647,3750
evaluation_budget_3750,evaluation_budget,3750.0,7,14,1.0,2.0,0.5,3750,1.8418822070973002,2.853299365960993,3750
evaluation_budget_3750,evaluation_budget,3750.0,7,15,1.0,2.0,0.5,3750,1.8418822070973002,2.234255239018239,3750
evaluation_budget_3750,evaluation_budget,3750.0,7,16,1.0,2.0,0.5,3750,1.8418822070973002,2.1877210050588474,3750
evaluation_budget_3750,evaluation_budget,3750.0,7,17,1.0,2.0,0.5,3750,1.8418822070973002,2.2949635799741372,3750
evaluation_budget_3750,evaluation_budget,3750.0,7,18,1.0,2.0,0.5,3750,1.8418822070973002,2.218697785981931,3750
evaluation_budget_3750,evaluation_budget,3750.0,7,19,1.0,2.0,0.5,3750,1.8418822070973002,2.1543783079832792,3750
evaluation_budget_3750,evaluation_budget,3750.0,8,0,1.0,2.0,0.5,3750,2.4314289960780373,5.36700144095812,3750
evaluation_budget_3750,evaluation_budget,3750.0,8,1,1.0,2.0,0.5,3750,2.4314289960780373,5.511745069059543,3750
evaluation_budget_3750,evaluation_budget,3750.0,8,2,1.0,2.0,0.5,3750,2.4314289960780373,5.283494128962047,3750
evaluation_budget_3750,evaluation_budget,3750.0,8,3,1.0,2.0,0.5,3750,2.4314289960780373,5.372381719993427,3750
evaluation_budget_3750,evaluation_budget,3750.0,8,4,1.0,2.0,0.5,3750,2.4314289960780373,5.484224771033041,3750
evaluation_budget_3750,evaluation_budget,3750.0,8,5,1.0,2.0,0.5,3750,2.4314289960780373,5.359586386941373,3750
evaluation_budget_3750,evaluation_budget,3750.0,8,6,1.0,2.0,0.5,3750,2.4314289960780373,5.360677043092437,3750
evaluation_budget_3750,evaluation_budget,3750.0,8,7,1.0,2.0,0.5,3750,2.4314289960780373,5.39977162797004,3750
evaluation_budget_3750,evaluation_budget,3750.0,8,8,1.0,2.0,0.5,3750,2.4314289960780373,5.34569833194837,3750
evaluation_budget_3750,evaluation_budget,3750.0,8,9,1.0,2.0,0.5,3750,2.4314289960780373,5.456154939951375,3750
evaluation_budget_3750,evaluation_budget,3750.0,8,10,1.0,2.0,0.5,3750,2.4352585724179385,5.28434103098698,3750
evaluation_budget_3750,evaluation_budget,3750.0,8,11,1.0,2.0,0.5,3750,2.4314289960780373,5.400927996030077,3750
evaluation_budget_3750,evaluation_budget,3750.0,8,12,1.0,2.0,0.5,3750,2.4314289960780373,5.345437398995273,3750
evaluation_budget_3750,evaluation_budget,3750.0,8,13,1.0,2.0,0.5,3750,2.4352585724179385,5.283759933896363,3750
evaluation_budget_3750,evaluation_budget,3750.0,8,14,1.0,2.0,0.5,3750,2.4314289960780373,5.504529005032964,3750
evaluation_budget_3750,evaluation_budget,3750.0,8,15,1.0,2.0,0.5,3750,2.4314289960780373,5.352826038026251,3750
evaluation_budget_3750,evaluation_budget,3750.0,8,16,1.0,2.0,0.5,3750,2.4314289960780373,5.410254838061519,3750
evaluation_budget_3750,evaluation_budget,3750.0,8,17,1.0,2.0,0.5,3750,2.4314289960780373,5.668006877065636,3750
evaluation_budget_3750,evaluation_budget,3750.0,8,18,1.0,2.0,0.5,3750,2.4314289960780373,5.687556772027165,3750
evaluation_budget_3750,evaluation_budget,3750.0,8,19,1.0,2.0,0.5,3750,2.4314289960780373,5.5886395800625905,3750
evaluation_budget_3750,evaluation_budget,3750.0,9,0,1.0,2.0,0.5,3750,2.4122006554120246,3.6946086620446295,3750
evaluation_budget_3750,evaluation_budget,3750.0,9,1,1.0,2.0,0.5,3750,2.4122006554120246,3.6311991380061954,3750
evaluation_budget_3750,evaluation_budget,3750.0,9,2,1.0,2.0,0.5,3750,2.4122006554120246,3.7876710810232908,3750
evaluation_budget_3750,evaluation_budget,3750.0,9,3,1.0,2.0,0.5,3750,2.4122006554120246,3.697043000953272,3750
evaluation_budget_3750,evaluation_budget,3750.0,9,4,1.0,2.0,0.5,3750,2.4122006554120246,3.635916389990598,3750
evaluation_budget_3750,evaluation_budget,3750.0,9,5,1.0,2.0,0.5,3750,2.4122006554120246,3.7241970230825245,3750
evaluation_budget_3750,evaluation_budget,3750.0,9,6,1.0,2.0,0.5,3750,2.4122006554120246,3.6687813650351018,3750
evaluation_budget_3750,evaluation_budget,3750.0,9,7,1.0,2.0,0.5,3750,2.4122006554120246,3.6820121520431712,3750
evaluation_budget_3750,evaluation_budget,3750.0,9,8,1.0,2.0,0.5,3750,2.4122006554120246,3.652794285095297,3750
evaluation_budget_3750,evaluation_budget,3750.0,9,9,1.0,2.0,0.5,3750,2.4122006554120246,3.692040835041553,3750
evaluation_budget_3750,evaluation_budget,3750.0,9,10,1.0,2.0,0.5,3750,2.4122006554120246,3.7876571549568325,3750
evaluation_budget_3750,evaluation_budget,3750.0,9,11,1.0,2.0,0.5,3750,2.4122006554120246,3.6408990890486166,3750
evaluation_budget_3750,evaluation_budget,3750.0,9,12,1.0,2.0,0.5,3750,2.4122006554120246,3.699819443980232,3750
evaluation_budget_3750,evaluation_budget,3750.0,9,13,1.0,2.0,0.5,3750,2.4122006554120246,3.6512664729962125,3750
evaluation_budget_3750,evaluation_budget,3750.0,9,14,1.0,2.0,0.5,3750,2.4122006554120246,3.6094401830341667,3750
evaluation_budget_3750,evaluation_budget,3750.0,9,15,1.0,2.0,0.5,3750,2.4122006554120246,3.7696215769974515,3750
evaluation_budget_3750,evaluation_budget,3750.0,9,16,1.0,2.0,0.5,3750,2.4122006554120246,3.822797467932105,3750
evaluation_budget_3750,evaluation_budget,3750.0,9,17,1.0,2.0,0.5,3750,2.4122006554120246,3.8661934100091457,3750
evaluation_budget_3750,evaluation_budget,3750.0,9,18,1.0,2.0,0.5,3750,2.4122006554120246,3.8001776279415935,3750
evaluation_budget_3750,evaluation_budget,3750.0,9,19,1.0,2.0,0.5,3750,2.4122006554120246,3.759614650043659,3750
evaluation_budget_3750,evaluation_budget,3750.0,10,0,1.0,2.0,0.5,3750,2.2847926646599612,3.125461161020212,3750
evaluation_budget_3750,evaluation_budget,3750.0,10,1,1.0,2.0,0.5,3750,2.3140252728719384,3.0687079300405458,3750
evaluation_budget_3750,evaluation_budget,3750.0,10,2,1.0,2.0,0.5,3750,2.3140252728719384,3.065939605003223,3750
evaluation_budget_3750,evaluation_budget,3750.0,10,3,1.0,2.0,0.5,3750,2.3140252728719384,3.0623861129861325,3750
evaluation_budget_3750,evaluation_budget,3750.0,10,4,1.0,2.0,0.5,3750,2.3140252728719384,3.256582668982446,3750
evaluation_budget_3750,evaluation_budget,3750.0,10,5,1.0,2.0,0.5,3750,2.3140252728719384,3.1494709099642932,3750
evaluation_budget_3750,evaluation_budget,3750.0,10,6,1.0,2.0,0.5,3750,2.3140252728719384,3.069252598914318,3750
evaluation_budget_3750,evaluation_budget,3750.0,10,7,1.0,2.0,0.5,3750,2.3140252728719384,3.0633921950357035,3750
evaluation_budget_3750,evaluation_budget,3750.0,10,8,1.0,2.0,0.5,3750,2.2847926646599612,3.055023667984642,3750
evaluation_budget_3750,evaluation_budget,3750.0,10,9,1.0,2.0,0.5,3750,2.2847926646599612,3.103554054046981,3750
evaluation_budget_3750,evaluation_budget,3750.0,10,10,1.0,2.0,0.5,3750,2.2847926646599612,3.228021314018406,3750
evaluation_budget_3750,evaluation_budget,3750.0,10,11,1.0,2.0,0.5,3750,2.2847926646599612,3.0352870349306613,3750
evaluation_budget_3750,evaluation_budget,3750.0,10,12,1.0,2.0,0.5,3750,2.3140252728719384,3.1985254840692505,3750
evaluation_budget_3750,evaluation_budget,3750.0,10,13,1.0,2.0,0.5,3750,2.3140252728719384,3.041641682968475,3750
evaluation_budget_3750,evaluation_budget,3750.0,10,14,1.0,2.0,0.5,3750,2.3140252728719384,3.050865453085862,3750
evaluation_budget_3750,evaluation_budget,3750.0,10,15,1.0,2.0,0.5,3750,2.2847926646599612,3.1291652569780126,3750
evaluation_budget_3750,evaluation_budget,3750.0,10,16,1.0,2.0,0.5,3750,2.2847926646599612,3.215164349996485,3750
evaluation_budget_3750,evaluation_budget,3750.0,10,17,1.0,2.0,0.5,3750,2.3140252728719384,3.166083395946771,3750
evaluation_budget_3750,evaluation_budget,3750.0,10,18,1.0,2.0,0.5,3750,2.2847926646599612,3.2040072180097923,3750
evaluation_budget_3750,evaluation_budget,3750.0,10,19,1.0,2.0,0.5,3750,2.3140252728719384,3.2218747129663825,3750
evaluation_budget_3750,evaluation_budget,3750.0,11,0,1.0,2.0,0.5,3750,2.724613222909853,3.134276526980102,3750
evaluation_budget_3750,evaluation_budget,3750.0,11,1,1.0,2.0,0.5,3750,2.8321930686067613,3.1063225499819964,3750
evaluation_budget_3750,evaluation_budget,3750.0,11,2,1.0,2.0,0.5,3750,2.6881673361169907,3.0788513290463015,3750
evaluation_budget_3750,evaluation_budget,3750.0,11,3,1.0,2.0,0.5,3750,2.782425103851911,3.122126783011481,3750
evaluation_budget_3750,evaluation_budget,3750.0,11,4,1.0,2.0,0.5,3750,2.6881673361169907,3.143791136913933,3750
evaluation_budget_3750,evaluation_budget,3750.0,11,5,1.0,2.0,0.5,3750,2.694971670426138,3.0903890129411593,3750
evaluation_budget_3750,evaluation_budget,3750.0,11,6,1.0,2.0,0.5,3750,2.8321930686067613,3.1716796749969944,3750
evaluation_budget_3750,evaluation_budget,3750.0,11,7,1.0,2.0,0.5,3750,2.7982154383869875,3.096725931041874,3750
evaluation_budget_3750,evaluation_budget,3750.0,11,8,1.0,2.0,0.5,3750,2.782425103851911,3.0794779560528696,3750
evaluation_budget_3750,evaluation_budget,3750.0,11,9,1.0,2.0,0.5,3750,2.694971670426138,3.0650511590065435,3750
evaluation_budget_3750,evaluation_budget,3750.0,11,10,1.0,2.0,0.5,3750,2.866604229159078,3.1713186210254207,3750
evaluation_budget_3750,evaluation_budget,3750.0,11,11,1.0,2.0,0.5,3750,2.7982154383869875,3.0766034200787544,3750
evaluation_budget_3750,evaluation_budget,3750.0,11,12,1.0,2.0,0.5,3750,2.694971670426138,3.1070615630596876,3750
evaluation_budget_3750,evaluation_budget,3750.0,11,13,1.0,2.0,0.5,3750,2.724613222909853,3.071351509075612,3750
evaluation_budget_3750,evaluation_budget,3750.0,11,14,1.0,2.0,0.5,3750,2.694971670426138,3.079155881074257,3750
evaluation_budget_3750,evaluation_budget,3750.0,11,15,1.0,2.0,0.5,3750,2.7982154383869875,3.166170404991135,3750
evaluation_budget_3750,evaluation_budget,3750.0,11,16,1.0,2.0,0.5,3750,2.7982154383869875,3.228918522945605,3750
evaluation_budget_3750,evaluation_budget,3750.0,11,17,1.0,2.0,0.5,3750,2.7982154383869875,3.172903635073453,3750
evaluation_budget_3750,evaluation_budget,3750.0,11,18,1.0,2.0,0.5,3750,2.694971670426138,3.190427118912339,3750
evaluation_budget_3750,evaluation_budget,3750.0,11,19,1.0,2.0,0.5,3750,2.8210526565615557,3.1762730419868603,3750
evaluation_budget_3750,evaluation_budget,3750.0,12,0,1.0,2.0,0.5,3750,1.4263484665422361,4.2131871620658785,3750
evaluation_budget_3750,evaluation_budget,3750.0,12,1,1.0,2.0,0.5,3750,1.4263484665422361,4.25280004797969,3750
evaluation_budget_3750,evaluation_budget,3750.0,12,2,1.0,2.0,0.5,3750,1.4263484665422361,4.230709841009229,3750
evaluation_budget_3750,evaluation_budget,3750.0,12,3,1.0,2.0,0.5,3750,1.439743516359057,4.304250671993941,3750
evaluation_budget_3750,evaluation_budget,3750.0,12,4,1.0,2.0,0.5,3750,1.4400682975484465,4.1645294590853155,3750
evaluation_budget_3750,evaluation_budget,3750.0,12,5,1.0,2.0,0.5,3750,1.4629409667745168,4.3310916130431,3750
evaluation_budget_3750,evaluation_budget,3750.0,12,6,1.0,2.0,0.5,3750,1.4263484665422361,4.368208896950819,3750
evaluation_budget_3750,evaluation_budget,3750.0,12,7,1.0,2.0,0.5,3750,1.4260236853528467,4.208010426023975,3750
evaluation_budget_3750,evaluation_budget,3750.0,12,8,1.0,2.0,0.5,3750,1.4263484665422361,4.186717367963865,3750
evaluation_budget_3750,evaluation_budget,3750.0,12,9,1.0,2.0,0.5,3750,1.4263484665422361,4.199926588917151,3750
evaluation_budget_3750,evaluation_budget,3750.0,12,10,1.0,2.0,0.5,3750,1.4629409667745168,4.3083701870637015,3750
evaluation_budget_3750,evaluation_budget,3750.0,12,11,1.0,2.0,0.5,3750,1.4400682975484465,4.197012676973827,3750
evaluation_budget_3750,evaluation_budget,3750.0,12,12,1.0,2.0,0.5,3750,1.4263484665422361,4.160593522945419,3750
evaluation_budget_3750,evaluation_budget,3750.0,12,13,1.0,2.0,0.5,3750,1.4263484665422361,4.278490590979345,3750
evaluation_budget_3750,evaluation_budget,3750.0,12,14,1.0,2.0,0.5,3750,1.4400682975484465,4.18762392597273,3750
evaluation_budget_3750,evaluation_budget,3750.0,12,15,1.0,2.0,0.5,3750,1.4629409667745168,4.273259244044311,3750
evaluation_budget_3750,evaluation_budget,3750.0,12,16,1.0,2.0,0.5,3750,1.4263484665422361,4.318940203986131,3750
evaluation_budget_3750,evaluation_budget,3750.0,12,17,1.0,2.0,0.5,3750,1.4400682975484465,4.283220611047,3750
evaluation_budget_3750,evaluation_budget,3750.0,12,18,1.0,2.0,0.5,3750,1.4400682975484465,4.394220635062084,3750
evaluation_budget_3750,evaluation_budget,3750.0,12,19,1.0,2.0,0.5,3750,1.4260236853528467,4.33760945009999,3750
evaluation_budget_3750,evaluation_budget,3750.0,13,0,1.0,2.0,0.5,3750,2.026911186852802,3.115744833019562,3750
evaluation_budget_3750,evaluation_budget,3750.0,13,1,1.0,2.0,0.5,3750,2.064340106337574,3.3309952470008284,3750
evaluation_budget_3750,evaluation_budget,3750.0,13,2,1.0,2.0,0.5,3750,2.026911186852802,3.099513794062659,3750
evaluation_budget_3750,evaluation_budget,3750.0,13,3,1.0,2.0,0.5,3750,2.026911186852802,3.0459120830055326,3750
evaluation_budget_3750,evaluation_budget,3750.0,13,4,1.0,2.0,0.5,3750,2.026911186852802,3.353582508978434,3750
evaluation_budget_3750,evaluation_budget,3750.0,13,5,1.0,2.0,0.5,3750,2.026911186852802,3.2067956749815494,3750
evaluation_budget_3750,evaluation_budget,3750.0,13,6,1.0,2.0,0.5,3750,2.026911186852802,3.1480925229843706,3750
evaluation_budget_3750,evaluation_budget,3750.0,13,7,1.0,2.0,0.5,3750,2.064340106337574,3.1043972320621833,3750
evaluation_budget_3750,evaluation_budget,3750.0,13,8,1.0,2.0,0.5,3750,2.064340106337574,3.232557170907967,3750
evaluation_budget_3750,evaluation_budget,3750.0,13,9,1.0,2.0,0.5,3750,2.026911186852802,3.0820925530279055,3750
evaluation_budget_3750,evaluation_budget,3750.0,13,10,1.0,2.0,0.5,3750,2.026911186852802,3.148114262963645,3750
evaluation_budget_3750,evaluation_budget,3750.0,13,11,1.0,2.0,0.5,3750,2.064340106337574,3.1090257060714066,3750
evaluation_budget_3750,evaluation_budget,3750.0,13,12,1.0,2.0,0.5,3750,2.026911186852802,3.105111474986188,3750
evaluation_budget_3750,evaluation_budget,3750.0,13,13,1.0,2.0,0.5,3750,2.064340106337574,3.0630331960273907,3750
evaluation_budget_3750,evaluation_budget,3750.0,13,14,1.0,2.0,0.5,3750,2.026911186852802,3.3198126850184053,3750
evaluation_budget_3750,evaluation_budget,3750.0,13,15,1.0,2.0,0.5,3750,2.026911186852802,3.1478121960535645,3750
evaluation_budget_3750,evaluation_budget,3750.0,13,16,1.0,2.0,0.5,3750,2.064340106337574,3.228282588068396,3750
evaluation_budget_3750,evaluation_budget,3750.0,13,17,1.0,2.0,0.5,3750,2.064340106337574,3.1900985059328377,3750
evaluation_budget_3750,evaluation_budget,3750.0,13,18,1.0,2.0,0.5,3750,2.026911186852802,3.3796611820580438,3750
evaluation_budget_3750,evaluation_budget,3750.0,13,19,1.0,2.0,0.5,3750,2.064340106337574,3.1185836769873276,3750
evaluation_budget_3750,evaluation_budget,3750.0,14,0,1.0,2.0,0.5,3750,1.067134550587395,1.432538134045899,3750
evaluation_budget_3750,evaluation_budget,3750.0,14,1,1.0,2.0,0.5,3750,1.067134550587395,1.4191758499946445,3750
evaluation_budget_3750,evaluation_budget,3750.0,14,2,1.0,2.0,0.5,3750,1.067134550587395,1.4306907429127023,3750
evaluation_budget_3750,evaluation_budget,3750.0,14,3,1.0,2.0,0.5,3750,1.067134550587395,1.3779935130150989,3750
evaluation_budget_3750,evaluation_budget,3750.0,14,4,1.0,2.0,0.5,3750,1.067134550587395,1.41938201605808,3750
evaluation_budget_3750,evaluation_budget,3750.0,14,5,1.0,2.0,0.5,3750,1.067134550587395,1.4134923679521307,3750
evaluation_budget_3750,evaluation_budget,3750.0,14,6,1.0,2.0,0.5,3750,1.067134550587395,1.3993004590738565,3750
evaluation_budget_3750,evaluation_budget,3750.0,14,7,1.0,2.0,0.5,3750,1.067134550587395,1.382822780054994,3750
evaluation_budget_3750,evaluation_budget,3750.0,14,8,1.0,2.0,0.5,3750,1.067134550587395,1.4457520289579406,3750
evaluation_budget_3750,evaluation_budget,3750.0,14,9,1.0,2.0,0.5,3750,1.067134550587395,1.3838363999966532,3750
evaluation_budget_3750,evaluation_budget,3750.0,14,10,1.0,2.0,0.5,3750,1.067134550587395,1.4417794810142368,3750
evaluation_budget_3750,evaluation_budget,3750.0,14,11,1.0,2.0,0.5,3750,1.067134550587395,1.4427144069923088,3750
evaluation_budget_3750,evaluation_budget,3750.0,14,12,1.0,2.0,0.5,3750,1.067134550587395,1.396637788042426,3750
evaluation_budget_3750,evaluation_budget,3750.0,14,13,1.0,2.0,0.5,3750,1.067134550587395,1.3943240729859099,3750
evaluation_budget_3750,evaluation_budget,3750.0,14,14,1.0,2.0,0.5,3750,1.067134550587395,1.3887491900241002,3750
evaluation_budget_3750,evaluation_budget,3750.0,14,15,1.0,2.0,0.5,3750,1.067134550587395,1.4486691030906513,3750
evaluation_budget_3750,evaluation_budget,3750.0,14,16,1.0,2.0,0.5,3750,1.067134550587395,1.4253646809374914,3750
evaluation_budget_3750,evaluation_budget,3750.0,14,17,1.0,2.0,0.5,3750,1.067134550587395,1.421745706931688,3750
evaluation_budget_3750,evaluation_budget,3750.0,14,18,1.0,2.0,0.5,3750,1.067134550587395,1.40340918302536,3750
evaluation_budget_3750,evaluation_budget,3750.0,14,19,1.0,2.0,0.5,3750,1.067134550587395,1.4090365710435435,3750
evaluation_budget_3750,evaluation_budget,3750.0,15,0,1.0,2.0,0.5,3750,2.112602871122433,2.5287036680383608,3750
evaluation_budget_3750,evaluation_budget,3750.0,15,1,1.0,2.0,0.5,3750,2.112602871122433,2.616803021985106,3750
evaluation_budget_3750,evaluation_budget,3750.0,15,2,1.0,2.0,0.5,3750,2.112602871122433,2.5396660290425643,3750
evaluation_budget_3750,evaluation_budget,3750.0,15,3,1.0,2.0,0.5,3750,2.112602871122433,2.66914362704847,3750
evaluation_budget_3750,evaluation_budget,3750.0,15,4,1.0,2.0,0.5,3750,2.112602871122433,2.5000794210936874,3750
evaluation_budget_3750,evaluation_budget,3750.0,15,5,1.0,2.0,0.5,3750,2.112602871122433,2.5831378480652347,3750
evaluation_budget_3750,evaluation_budget,3750.0,15,6,1.0,2.0,0.5,3750,2.112602871122433,2.6598599950084463,3750
evaluation_budget_3750,evaluation_budget,3750.0,15,7,1.0,2.0,0.5,3750,2.112602871122433,2.6678597329882905,3750
evaluation_budget_3750,evaluation_budget,3750.0,15,8,1.0,2.0,0.5,3750,2.112602871122433,2.5528529639123008,3750
evaluation_budget_3750,evaluation_budget,3750.0,15,9,1.0,2.0,0.5,3750,2.112602871122433,2.627597804996185,3750
evaluation_budget_3750,evaluation_budget,3750.0,15,10,1.0,2.0,0.5,3750,2.112602871122433,2.627722579985857,3750
evaluation_budget_3750,evaluation_budget,3750.0,15,11,1.0,2.0,0.5,3750,2.112602871122433,2.5938775700051337,3750
evaluation_budget_3750,evaluation_budget,3750.0,15,12,1.0,2.0,0.5,3750,2.1177134803020645,2.5577425829833373,3750
evaluation_budget_3750,evaluation_budget,3750.0,15,13,1.0,2.0,0.5,3750,2.112602871122433,2.580360715975985,3750
evaluation_budget_3750,evaluation_budget,3750.0,15,14,1.0,2.0,0.5,3750,2.112602871122433,2.5488702000584453,3750
evaluation_budget_3750,evaluation_budget,3750.0,15,15,1.0,2.0,0.5,3750,2.112602871122433,2.61669915902894,3750
evaluation_budget_3750,evaluation_budget,3750.0,15,16,1.0,2.0,0.5,3750,2.112602871122433,2.6424119039438665,3750
evaluation_budget_3750,evaluation_budget,3750.0,15,17,1.0,2.0,0.5,3750,2.112602871122433,2.550178724923171,3750
evaluation_budget_3750,evaluation_budget,3750.0,15,18,1.0,2.0,0.5,3750,2.112602871122433,2.5394014089833945,3750
evaluation_budget_3750,evaluation_budget,3750.0,15,19,1.0,2.0,0.5,3750,2.112602871122433,2.5904584910022095,3750
evaluation_budget_3750,evaluation_budget,3750.0,16,0,1.0,2.0,0.5,3750,2.159640501700675,4.831260642968118,3750
evaluation_budget_3750,evaluation_budget,3750.0,16,1,1.0,2.0,0.5,3750,2.159640501700675,4.837864179047756,3750
evaluation_budget_3750,evaluation_budget,3750.0,16,2,1.0,2.0,0.5,3750,2.159640501700675,4.917468586936593,3750
evaluation_budget_3750,evaluation_budget,3750.0,16,3,1.0,2.0,0.5,3750,2.159640501700675,4.763464565039612,3750
evaluation_budget_3750,evaluation_budget,3750.0,16,4,1.0,2.0,0.5,3750,2.163603088423454,5.128778804093599,3750
evaluation_budget_3750,evaluation_budget,3750.0,16,5,1.0,2.0,0.5,3750,2.159640501700675,4.9241586269345134,3750
evaluation_budget_3750,evaluation_budget,3750.0,16,6,1.0,2.0,0.5,3750,2.159640501700675,5.121800804045051,3750
evaluation_budget_3750,evaluation_budget,3750.0,16,7,1.0,2.0,0.5,3750,2.163603088423454,4.782326109008864,3750
evaluation_budget_3750,evaluation_budget,3750.0,16,8,1.0,2.0,0.5,3750,2.159640501700675,4.919840040965937,3750
evaluation_budget_3750,evaluation_budget,3750.0,16,9,1.0,2.0,0.5,3750,2.1632901501485526,4.924849548959173,3750
evaluation_budget_3750,evaluation_budget,3750.0,16,10,1.0,2.0,0.5,3750,2.163603088423454,4.9180421099299565,3750
evaluation_budget_3750,evaluation_budget,3750.0,16,11,1.0,2.0,0.5,3750,2.159640501700675,4.866835601977073,3750
evaluation_budget_3750,evaluation_budget,3750.0,16,12,1.0,2.0,0.5,3750,2.159640501700675,4.7611420470057055,3750
evaluation_budget_3750,evaluation_budget,3750.0,16,13,1.0,2.0,0.5,3750,2.165852252724251,4.797496913000941,3750
evaluation_budget_3750,evaluation_budget,3750.0,16,14,1.0,2.0,0.5,3750,2.159640501700675,4.7964681959711015,3750
evaluation_budget_3750,evaluation_budget,3750.0,16,15,1.0,2.0,0.5,3750,2.159640501700675,4.877244929084554,3750
evaluation_budget_3750,evaluation_budget,3750.0,16,16,1.0,2.0,0.5,3750,2.159640501700675,5.053651441005059,3750
evaluation_budget_3750,evaluation_budget,3750.0,16,17,1.0,2.0,0.5,3750,2.159640501700675,4.774585878010839,3750
evaluation_budget_3750,evaluation_budget,3750.0,16,18,1.0,2.0,0.5,3750,2.165852252724251,4.875994535977952,3750
evaluation_budget_3750,evaluation_budget,3750.0,16,19,1.0,2.0,0.5,3750,2.159640501700675,4.80944740306586,3750
evaluation_budget_3750,evaluation_budget,3750.0,17,0,1.0,2.0,0.5,3750,2.0100547196305705,1.9542071089381352,3750
evaluation_budget_3750,evaluation_budget,3750.0,17,1,1.0,2.0,0.5,3750,2.0100547196305705,1.9251897399080917,3750
evaluation_budget_3750,evaluation_budget,3750.0,17,2,1.0,2.0,0.5,3750,2.0100547196305705,2.4625325080705807,3750
evaluation_budget_3750,evaluation_budget,3750.0,17,3,1.0,2.0,0.5,3750,2.0100547196305705,1.9733156419824809,3750
evaluation_budget_3750,evaluation_budget,3750.0,17,4,1.0,2.0,0.5,3750,2.0100547196305705,1.9715150709962472,3750
evaluation_budget_3750,evaluation_budget,3750.0,17,5,1.0,2.0,0.5,3750,2.0100547196305705,1.9937680040020496,3750
evaluation_budget_3750,evaluation_budget,3750.0,17,6,1.0,2.0,0.5,3750,2.0100547196305705,1.9134604890132323,3750
evaluation_budget_3750,evaluation_budget,3750.0,17,7,1.0,2.0,0.5,3750,2.0100547196305705,1.9088615059154108,3750
evaluation_budget_3750,evaluation_budget,3750.0,17,8,1.0,2.0,0.5,3750,2.0100547196305705,2.066182196023874,3750
evaluation_budget_3750,evaluation_budget,3750.0,17,9,1.0,2.0,0.5,3750,2.0100547196305705,2.006697167060338,3750
evaluation_budget_3750,evaluation_budget,3750.0,17,10,1.0,2.0,0.5,3750,2.0100547196305705,1.9846539630088955,3750
evaluation_budget_3750,evaluation_budget,3750.0,17,11,1.0,2.0,0.5,3750,2.0100547196305705,1.8983652930473909,3750
evaluation_budget_3750,evaluation_budget,3750.0,17,12,1.0,2.0,0.5,3750,2.0100547196305705,1.9659916090313345,3750
evaluation_budget_3750,evaluation_budget,3750.0,17,13,1.0,2.0,0.5,3750,2.0100547196305705,1.9241752210073173,3750
evaluation_budget_3750,evaluation_budget,3750.0,17,14,1.0,2.0,0.5,3750,2.0100547196305705,1.9909942239755765,3750
evaluation_budget_3750,evaluation_budget,3750.0,17,15,1.0,2.0,0.5,3750,2.0100547196305705,1.9729296560399234,3750
evaluation_budget_3750,evaluation_budget,3750.0,17,16,1.0,2.0,0.5,3750,2.0100547196305705,1.971768639050424,3750
evaluation_budget_3750,evaluation_budget,3750.0,17,17,1.0,2.0,0.5,3750,2.0100547196305705,1.9778526360169053,3750
evaluation_budget_3750,evaluation_budget,3750.0,17,18,1.0,2.0,0.5,3750,2.0100547196305705,1.9106145659461617,3750
evaluation_budget_3750,evaluation_budget,3750.0,17,19,1.0,2.0,0.5,3750,2.0100547196305705,2.4731916609453037,3750
evaluation_budget_3750,evaluation_budget,3750.0,18,0,1.0,2.0,0.5,3750,2.7052757751641314,4.736180323990993,3750
evaluation_budget_3750,evaluation_budget,3750.0,18,1,1.0,2.0,0.5,3750,2.7052757751641314,4.731407760991715,3750
evaluation_budget_3750,evaluation_budget,3750.0,18,2,1.0,2.0,0.5,3750,2.7052757751641314,4.821336025954224,3750
evaluation_budget_3750,evaluation_budget,3750.0,18,3,1.0,2.0,0.5,3750,2.7052757751641314,4.89134701306466,3750
evaluation_budget_3750,evaluation_budget,3750.0,18,4,1.0,2.0,0.5,3750,2.7052757751641314,5.039701086003333,3750
evaluation_budget_3750,evaluation_budget,3750.0,18,5,1.0,2.0,0.5,3750,2.7052757751641314,4.98786996002309,3750
evaluation_budget_3750,evaluation_budget,3750.0,18,6,1.0,2.0,0.5,3750,2.7052757751641314,4.78893512499053,3750
evaluation_budget_3750,evaluation_budget,3750.0,18,7,1.0,2.0,0.5,3750,2.7052757751641314,4.70531878201291,3750
evaluation_budget_3750,evaluation_budget,3750.0,18,8,1.0,2.0,0.5,3750,2.7052757751641314,4.875975933042355,3750
evaluation_budget_3750,evaluation_budget,3750.0,18,9,1.0,2.0,0.5,3750,2.7052757751641314,4.807093486073427,3750
evaluation_budget_3750,evaluation_budget,3750.0,18,10,1.0,2.0,0.5,3750,2.7052757751641314,4.904039005981758,3750
evaluation_budget_3750,evaluation_budget,3750.0,18,11,1.0,2.0,0.5,3750,2.7052757751641314,4.938589581986889,3750
evaluation_budget_3750,evaluation_budget,3750.0,18,12,1.0,2.0,0.5,3750,2.7052757751641314,4.820763475960121,3750
evaluation_budget_3750,evaluation_budget,3750.0,18,13,1.0,2.0,0.5,3750,2.7052757751641314,4.949354005977511,3750
evaluation_budget_3750,evaluation_budget,3750.0,18,14,1.0,2.0,0.5,3750,2.7052757751641314,4.864621001062915,3750
evaluation_budget_3750,evaluation_budget,3750.0,18,15,1.0,2.0,0.5,3750,2.7052757751641314,4.845575432991609,3750
evaluation_budget_3750,evaluation_budget,3750.0,18,16,1.0,2.0,0.5,3750,2.7052757751641314,4.856604709057137,3750
evaluation_budget_3750,evaluation_budget,3750.0,18,17,1.0,2.0,0.5,3750,2.7052757751641314,4.7900581900030375,3750
evaluation_budget_3750,evaluation_budget,3750.0,18,18,1.0,2.0,0.5,3750,2.7052757751641314,4.799588804016821,3750
evaluation_budget_3750,evaluation_budget,3750.0,18,19,1.0,2.0,0.5,3750,2.7052757751641314,4.805398127995431,3750
evaluation_budget_3750,evaluation_budget,3750.0,19,0,1.0,2.0,0.5,3750,1.908463713665149,1.6408055330393836,3750
evaluation_budget_3750,evaluation_budget,3750.0,19,1,1.0,2.0,0.5,3750,1.908463713665149,1.6446726600406691,3750
evaluation_budget_3750,evaluation_budget,3750.0,19,2,1.0,2.0,0.5,3750,1.908463713665149,1.725040032994002,3750
evaluation_budget_3750,evaluation_budget,3750.0,19,3,1.0,2.0,0.5,3750,1.908463713665149,1.7230937930289656,3750
evaluation_budget_3750,evaluation_budget,3750.0,19,4,1.0,2.0,0.5,3750,1.908463713665149,1.6748603690648451,3750
evaluation_budget_3750,evaluation_budget,3750.0,19,5,1.0,2.0,0.5,3750,1.908463713665149,1.6573561220429838,3750
evaluation_budget_3750,evaluation_budget,3750.0,19,6,1.0,2.0,0.5,3750,1.908463713665149,1.7375826550414786,3750
evaluation_budget_3750,evaluation_budget,3750.0,19,7,1.0,2.0,0.5,3750,1.908463713665149,1.6909134680172428,3750
evaluation_budget_3750,evaluation_budget,3750.0,19,8,1.0,2.0,0.5,3750,1.908463713665149,1.6459428450325504,3750
evaluation_budget_3750,evaluation_budget,3750.0,19,9,1.0,2.0,0.5,3750,1.908463713665149,1.7558552629780024,3750
evaluation_budget_3750,evaluation_budget,3750.0,19,10,1.0,2.0,0.5,3750,1.908463713665149,1.6814801270375028,3750
evaluation_budget_3750,evaluation_budget,3750.0,19,11,1.0,2.0,0.5,3750,1.908463713665149,1.7296677209669724,3750
evaluation_budget_3750,evaluation_budget,3750.0,19,12,1.0,2.0,0.5,3750,1.908463713665149,1.6965211080387235,3750
evaluation_budget_3750,evaluation_budget,3750.0,19,13,1.0,2.0,0.5,3750,1.908463713665149,1.7244251009542495,3750
evaluation_budget_3750,evaluation_budget,3750.0,19,14,1.0,2.0,0.5,3750,1.908463713665149,1.702539341058582,3750
evaluation_budget_3750,evaluation_budget,3750.0,19,15,1.0,2.0,0.5,3750,1.908463713665149,1.7141301829833537,3750
evaluation_budget_3750,evaluation_budget,3750.0,19,16,1.0,2.0,0.5,3750,1.908463713665149,1.6777902590110898,3750
evaluation_budget_3750,evaluation_budget,3750.0,19,17,1.0,2.0,0.5,3750,1.908463713665149,1.6391159349586815,3750
evaluation_budget_3750,evaluation_budget,3750.0,19,18,1.0,2.0,0.5,3750,1.908463713665149,1.980343549977988,3750
evaluation_budget_3750,evaluation_budget,3750.0,19,19,1.0,2.0,0.5,3750,1.908463713665149,1.6710680179530755,3750
evaluation_budget_3750,evaluation_budget,3750.0,20,0,1.0,2.0,0.5,3750,2.1697468439523346,2.819177715922706,3750
evaluation_budget_3750,evaluation_budget,3750.0,20,1,1.0,2.0,0.5,3750,2.1697468439523346,2.9349125999724492,3750
evaluation_budget_3750,evaluation_budget,3750.0,20,2,1.0,2.0,0.5,3750,2.1697468439523346,2.7580628289142624,3750
evaluation_budget_3750,evaluation_budget,3750.0,20,3,1.0,2.0,0.5,3750,2.1697468439523346,2.8546376990852877,3750
evaluation_budget_3750,evaluation_budget,3750.0,20,4,1.0,2.0,0.5,3750,2.1697468439523346,2.9304989309748635,3750
evaluation_budget_3750,evaluation_budget,3750.0,20,5,1.0,2.0,0.5,3750,2.1697468439523346,2.784834877937101,3750
evaluation_budget_3750,evaluation_budget,3750.0,20,6,1.0,2.0,0.5,3750,2.1697468439523346,2.8068296940764412,3750
evaluation_budget_3750,evaluation_budget,3750.0,20,7,1.0,2.0,0.5,3750,2.1697468439523346,2.9133391909999773,3750
evaluation_budget_3750,evaluation_budget,3750.0,20,8,1.0,2.0,0.5,3750,2.1697468439523346,2.8026424170238897,3750
evaluation_budget_3750,evaluation_budget,3750.0,20,9,1.0,2.0,0.5,3750,2.1697468439523346,2.86065938801039,3750
evaluation_budget_3750,evaluation_budget,3750.0,20,10,1.0,2.0,0.5,3750,2.1697468439523346,2.8902824979741126,3750
evaluation_budget_3750,evaluation_budget,3750.0,20,11,1.0,2.0,0.5,3750,2.1697468439523346,2.8787581480573863,3750
evaluation_budget_3750,evaluation_budget,3750.0,20,12,1.0,2.0,0.5,3750,2.1697468439523346,2.929346002987586,3750
evaluation_budget_3750,evaluation_budget,3750.0,20,13,1.0,2.0,0.5,3750,2.1697468439523346,2.8550157139543444,3750
evaluation_budget_3750,evaluation_budget,3750.0,20,14,1.0,2.0,0.5,3750,2.1697468439523346,2.880005625076592,3750
evaluation_budget_3750,evaluation_budget,3750.0,20,15,1.0,2.0,0.5,3750,2.1697468439523346,2.817145291948691,3750
evaluation_budget_3750,evaluation_budget,3750.0,20,16,1.0,2.0,0.5,3750,2.1697468439523346,2.8745188440661877,3750
evaluation_budget_3750,evaluation_budget,3750.0,20,17,1.0,2.0,0.5,3750,2.1697468439523346,2.786265037022531,3750
evaluation_budget_3750,evaluation_budget,3750.0,20,18,1.0,2.0,0.5,3750,2.1697468439523346,2.859346539946273,3750
evaluation_budget_3750,evaluation_budget,3750.0,20,19,1.0,2.0,0.5,3750,2.1697468439523346,2.854161777999252,3750
evaluation_budget_3750,evaluation_budget,3750.0,21,0,1.0,2.0,0.5,3750,2.207342884706021,1.9229735089465976,3750
evaluation_budget_3750,evaluation_budget,3750.0,21,1,1.0,2.0,0.5,3750,2.207342884706021,1.9696450859773904,3750
evaluation_budget_3750,evaluation_budget,3750.0,21,2,1.0,2.0,0.5,3750,2.207342884706021,1.911970776040107,3750
evaluation_budget_3750,evaluation_budget,3750.0,21,3,1.0,2.0,0.5,3750,2.207342884706021,1.9600661810254678,3750
evaluation_budget_3750,evaluation_budget,3750.0,21,4,1.0,2.0,0.5,3750,2.207342884706021,1.9142023149179295,3750
evaluation_budget_3750,evaluation_budget,3750.0,21,5,1.0,2.0,0.5,3750,2.207342884706021,1.9114415280055255,3750
evaluation_budget_3750,evaluation_budget,3750.0,21,6,1.0,2.0,0.5,3750,2.207342884706021,1.9434679209953174,3750
evaluation_budget_3750,evaluation_budget,3750.0,21,7,1.0,2.0,0.5,3750,2.207342884706021,1.9092407759744674,3750
evaluation_budget_3750,evaluation_budget,3750.0,21,8,1.0,2.0,0.5,3750,2.207342884706021,1.9891719969455153,3750
evaluation_budget_3750,evaluation_budget,3750.0,21,9,1.0,2.0,0.5,3750,2.207342884706021,1.9520739529980347,3750
evaluation_budget_3750,evaluation_budget,3750.0,21,10,1.0,2.0,0.5,3750,2.207342884706021,2.0000040559098125,3750
evaluation_budget_3750,evaluation_budget,3750.0,21,11,1.0,2.0,0.5,3750,2.207342884706021,1.988884860998951,3750
evaluation_budget_3750,evaluation_budget,3750.0,21,12,1.0,2.0,0.5,3750,2.207342884706021,1.9850436380365863,3750
evaluation_budget_3750,evaluation_budget,3750.0,21,13,1.0,2.0,0.5,3750,2.207342884706021,1.935256205033511,3750
evaluation_budget_3750,evaluation_budget,3750.0,21,14,1.0,2.0,0.5,3750,2.207342884706021,1.9364290600642562,3750
evaluation_budget_3750,evaluation_budget,3750.0,21,15,1.0,2.0,0.5,3750,2.207342884706021,2.009834602009505,3750
evaluation_budget_3750,evaluation_budget,3750.0,21,16,1.0,2.0,0.5,3750,2.207342884706021,1.9896148550324142,3750
evaluation_budget_3750,evaluation_budget,3750.0,21,17,1.0,2.0,0.5,3750,2.207342884706021,1.9431616259971634,3750
evaluation_budget_3750,evaluation_budget,3750.0,21,18,1.0,2.0,0.5,3750,2.207342884706021,1.8935960530070588,3750
evaluation_budget_3750,evaluation_budget,3750.0,21,19,1.0,2.0,0.5,3750,2.207342884706021,2.0242758919484913,3750
evaluation_budget_3750,evaluation_budget,3750.0,22,0,1.0,2.0,0.5,3750,0.6495626464756479,11.931541381054558,3750
evaluation_budget_3750,evaluation_budget,3750.0,22,1,1.0,2.0,0.5,3750,0.6495626464756479,11.740693358005956,3750
evaluation_budget_3750,evaluation_budget,3750.0,22,2,1.0,2.0,0.5,3750,0.6495626464756479,11.798714759992436,3750
evaluation_budget_3750,evaluation_budget,3750.0,22,3,1.0,2.0,0.5,3750,0.6495626464756479,12.173311950988136,3750
evaluation_budget_3750,evaluation_budget,3750.0,22,4,1.0,2.0,0.5,3750,0.6495626464756479,11.800648620002903,3750
evaluation_budget_3750,evaluation_budget,3750.0,22,5,1.0,2.0,0.5,3750,0.6495626464756479,11.841497294954024,3750
evaluation_budget_3750,evaluation_budget,3750.0,22,6,1.0,2.0,0.5,3750,0.6495626464756479,11.991014073020779,3750
evaluation_budget_3750,evaluation_budget,3750.0,22,7,1.0,2.0,0.5,3750,0.6495626464756479,11.887594504049048,3750
evaluation_budget_3750,evaluation_budget,3750.0,22,8,1.0,2.0,0.5,3750,0.6495626464756479,12.365529309026897,3750
evaluation_budget_3750,evaluation_budget,3750.0,22,9,1.0,2.0,0.5,3750,0.6495626464756479,12.09970417805016,3750
evaluation_budget_3750,evaluation_budget,3750.0,22,10,1.0,2.0,0.5,3750,0.6495626464756479,12.171008687932044,3750
evaluation_budget_3750,evaluation_budget,3750.0,22,11,1.0,2.0,0.5,3750,0.6495626464756479,11.874623249983415,3750
evaluation_budget_3750,evaluation_budget,3750.0,22,12,1.0,2.0,0.5,3750,0.6495626464756479,11.809204722056165,3750
evaluation_budget_3750,evaluation_budget,3750.0,22,13,1.0,2.0,0.5,3750,0.6495626464756479,12.140653606969863,3750
evaluation_budget_3750,evaluation_budget,3750.0,22,14,1.0,2.0,0.5,3750,0.6495626464756479,12.199116126983427,3750
evaluation_budget_3750,evaluation_budget,3750.0,22,15,1.0,2.0,0.5,3750,0.6495626464756479,12.33168001298327,3750
evaluation_budget_3750,evaluation_budget,3750.0,22,16,1.0,2.0,0.5,3750,0.6495626464756479,12.219205470057204,3750
evaluation_budget_3750,evaluation_budget,3750.0,22,17,1.0,2.0,0.5,3750,0.6495626464756479,12.395864350022748,3750
evaluation_budget_3750,evaluation_budget,3750.0,22,18,1.0,2.0,0.5,3750,0.6495626464756479,11.935145164025016,3750
evaluation_budget_3750,evaluation_budget,3750.0,22,19,1.0,2.0,0.5,3750,0.6495626464756479,12.088873235043138,3750
evaluation_budget_3750,evaluation_budget,3750.0,23,0,1.0,2.0,0.5,3750,2.01067302300028,1.1362865989794955,3750
evaluation_budget_3750,evaluation_budget,3750.0,23,1,1.0,2.0,0.5,3750,2.01067302300028,1.1293445240007713,3750
evaluation_budget_3750,evaluation_budget,3750.0,23,2,1.0,2.0,0.5,3750,2.01067302300028,1.0932677809614688,3750
evaluation_budget_3750,evaluation_budget,3750.0,23,3,1.0,2.0,0.5,3750,2.01067302300028,1.1225439179688692,3750
evaluation_budget_3750,evaluation_budget,3750.0,23,4,1.0,2.0,0.5,3750,2.01067302300028,1.1214868850074708,3750
evaluation_budget_3750,evaluation_budget,3750.0,23,5,1.0,2.0,0.5,3750,2.01067302300028,1.1362174639943987,3750
evaluation_budget_3750,evaluation_budget,3750.0,23,6,1.0,2.0,0.5,3750,2.01067302300028,1.156355693936348,3750
evaluation_budget_3750,evaluation_budget,3750.0,23,7,1.0,2.0,0.5,3750,2.01067302300028,1.1139373739715666,3750
evaluation_budget_3750,evaluation_budget,3750.0,23,8,1.0,2.0,0.5,3750,2.01067302300028,1.1590505770873278,3750
evaluation_budget_3750,evaluation_budget,3750.0,23,9,1.0,2.0,0.5,3750,2.01067302300028,1.1431083099450916,3750
evaluation_budget_3750,evaluation_budget,3750.0,23,10,1.0,2.0,0.5,3750,2.01067302300028,1.1133003369905055,3750
evaluation_budget_3750,evaluation_budget,3750.0,23,11,1.0,2.0,0.5,3750,2.01067302300028,1.137162588071078,3750
evaluation_budget_3750,evaluation_budget,3750.0,23,12,1.0,2.0,0.5,3750,2.01067302300028,1.132854409981519,3750
evaluation_budget_3750,evaluation_budget,3750.0,23,13,1.0,2.0,0.5,3750,2.01067302300028,1.0988741019973531,3750
evaluation_budget_3750,evaluation_budget,3750.0,23,14,1.0,2.0,0.5,3750,2.01067302300028,1.1615749510237947,3750
evaluation_budget_3750,evaluation_budget,3750.0,23,15,1.0,2.0,0.5,3750,2.01067302300028,1.1458843000000343,3750
evaluation_budget_3750,evaluation_budget,3750.0,23,16,1.0,2.0,0.5,3750,2.01067302300028,1.1598337920149788,3750
evaluation_budget_3750,evaluation_budget,3750.0,23,17,1.0,2.0,0.5,3750,2.01067302300028,1.141234689974226,3750
evaluation_budget_3750,evaluation_budget,3750.0,23,18,1.0,2.0,0.5,3750,2.01067302300028,1.1594823260093108,3750
evaluation_budget_3750,evaluation_budget,3750.0,23,19,1.0,2.0,0.5,3750,2.01067302300028,1.1524514500051737,3750
evaluation_budget_3750,evaluation_budget,3750.0,24,0,1.0,2.0,0.5,3750,1.3508272334785483,1.118684813962318,3750
evaluation_budget_3750,evaluation_budget,3750.0,24,1,1.0,2.0,0.5,3750,1.3508272334785483,1.1278476249426603,3750
evaluation_budget_3750,evaluation_budget,3750.0,24,2,1.0,2.0,0.5,3750,1.3508272334785483,1.1066970319952816,3750
evaluation_budget_3750,evaluation_budget,3750.0,24,3,1.0,2.0,0.5,3750,1.3508272334785483,1.145441337954253,3750
evaluation_budget_3750,evaluation_budget,3750.0,24,4,1.0,2.0,0.5,3750,1.3508272334785483,1.1471747979521751,3750
evaluation_budget_3750,evaluation_budget,3750.0,24,5,1.0,2.0,0.5,3750,1.3508272334785483,1.1533012290019542,3750
evaluation_budget_3750,evaluation_budget,3750.0,24,6,1.0,2.0,0.5,3750,1.3508272334785483,1.1479130850639194,3750
evaluation_budget_3750,evaluation_budget,3750.0,24,7,1.0,2.0,0.5,3750,1.3508272334785483,1.1180746930185705,3750
evaluation_budget_3750,evaluation_budget,3750.0,24,8,1.0,2.0,0.5,3750,1.3508272334785483,1.1095981469843537,3750
evaluation_budget_3750,evaluation_budget,3750.0,24,9,1.0,2.0,0.5,3750,1.3508272334785483,1.155622520018369,3750
evaluation_budget_3750,evaluation_budget,3750.0,24,10,1.0,2.0,0.5,3750,1.3508272334785483,1.110376150929369,3750
evaluation_budget_3750,evaluation_budget,3750.0,24,11,1.0,2.0,0.5,3750,1.3508272334785483,1.1216892210068181,3750
evaluation_budget_3750,evaluation_budget,3750.0,24,12,1.0,2.0,0.5,3750,1.3508272334785483,1.1035445029847324,3750
evaluation_budget_3750,evaluation_budget,3750.0,24,13,1.0,2.0,0.5,3750,1.3508272334785483,1.1270188700873405,3750
evaluation_budget_3750,evaluation_budget,3750.0,24,14,1.0,2.0,0.5,3750,1.3508272334785483,1.145693212049082,3750
evaluation_budget_3750,evaluation_budget,3750.0,24,15,1.0,2.0,0.5,3750,1.3508272334785483,1.1742361870128661,3750
evaluation_budget_3750,evaluation_budget,3750.0,24,16,1.0,2.0,0.5,3750,1.3508272334785483,1.1536157330265269,3750
evaluation_budget_3750,evaluation_budget,3750.0,24,17,1.0,2.0,0.5,3750,1.3508272334785483,1.1325824719388038,3750
evaluation_budget_3750,evaluation_budget,3750.0,24,18,1.0,2.0,0.5,3750,1.3508272334785483,1.1696419049985707,3750
evaluation_budget_3750,evaluation_budget,3750.0,24,19,1.0,2.0,0.5,3750,1.3508272334785483,1.1633441490121186,3750
evaluation_budget_3750,evaluation_budget,3750.0,25,0,1.0,2.0,0.5,3750,1.9406169918137253,1.6501156319864094,3750
evaluation_budget_3750,evaluation_budget,3750.0,25,1,1.0,2.0,0.5,3750,1.9406169918137253,1.6930296709761024,3750
evaluation_budget_3750,evaluation_budget,3750.0,25,2,1.0,2.0,0.5,3750,1.9406169918137253,1.655567053006962,3750
evaluation_budget_3750,evaluation_budget,3750.0,25,3,1.0,2.0,0.5,3750,1.9406169918137253,1.7044368819333613,3750
evaluation_budget_3750,evaluation_budget,3750.0,25,4,1.0,2.0,0.5,3750,1.9406169918137253,1.6866804579040036,3750
evaluation_budget_3750,evaluation_budget,3750.0,25,5,1.0,2.0,0.5,3750,1.9406169918137253,1.6630876240087673,3750
evaluation_budget_3750,evaluation_budget,3750.0,25,6,1.0,2.0,0.5,3750,1.9406169918137253,1.6401251220377162,3750
evaluation_budget_3750,evaluation_budget,3750.0,25,7,1.0,2.0,0.5,3750,1.9406169918137253,1.7175444490276277,3750
evaluation_budget_3750,evaluation_budget,3750.0,25,8,1.0,2.0,0.5,3750,1.9406169918137253,1.6486931360559538,3750
evaluation_budget_3750,evaluation_budget,3750.0,25,9,1.0,2.0,0.5,3750,1.9406169918137253,1.6519955969415605,3750
evaluation_budget_3750,evaluation_budget,3750.0,25,10,1.0,2.0,0.5,3750,1.9406169918137253,1.6548247480532154,3750
evaluation_budget_3750,evaluation_budget,3750.0,25,11,1.0,2.0,0.5,3750,1.9406169918137253,1.6313179939752445,3750
evaluation_budget_3750,evaluation_budget,3750.0,25,12,1.0,2.0,0.5,3750,1.9406169918137253,1.6673354209633544,3750
evaluation_budget_3750,evaluation_budget,3750.0,25,13,1.0,2.0,0.5,3750,1.9406169918137253,1.6705501780379564,3750
evaluation_budget_3750,evaluation_budget,3750.0,25,14,1.0,2.0,0.5,3750,1.9406169918137253,1.705019390094094,3750
evaluation_budget_3750,evaluation_budget,3750.0,25,15,1.0,2.0,0.5,3750,1.9406169918137253,1.6323569879168645,3750
evaluation_budget_3750,evaluation_budget,3750.0,25,16,1.0,2.0,0.5,3750,1.9406169918137253,1.7082904549315572,3750
evaluation_budget_3750,evaluation_budget,3750.0,25,17,1.0,2.0,0.5,3750,1.9406169918137253,1.718593727098778,3750
evaluation_budget_3750,evaluation_budget,3750.0,25,18,1.0,2.0,0.5,3750,1.9406169918137253,1.7015003570122644,3750
evaluation_budget_3750,evaluation_budget,3750.0,25,19,1.0,2.0,0.5,3750,1.9406169918137253,1.7073804419487715,3750
evaluation_budget_3750,evaluation_budget,3750.0,26,0,1.0,2.0,0.5,3750,2.218200980928021,2.8048566880170256,3750
evaluation_budget_3750,evaluation_budget,3750.0,26,1,1.0,2.0,0.5,3750,2.218200980928021,2.8489560190355405,3750
evaluation_budget_3750,evaluation_budget,3750.0,26,2,1.0,2.0,0.5,3750,2.218200980928021,2.7701863000402227,3750
evaluation_budget_3750,evaluation_budget,3750.0,26,3,1.0,2.0,0.5,3750,2.218200980928021,2.9570459210081026,3750
evaluation_budget_3750,evaluation_budget,3750.0,26,4,1.0,2.0,0.5,3750,2.218200980928021,2.805274872109294,3750
evaluation_budget_3750,evaluation_budget,3750.0,26,5,1.0,2.0,0.5,3750,2.218200980928021,2.771911260089837,3750
evaluation_budget_3750,evaluation_budget,3750.0,26,6,1.0,2.0,0.5,3750,2.218200980928021,2.8475619970122352,3750
evaluation_budget_3750,evaluation_budget,3750.0,26,7,1.0,2.0,0.5,3750,2.218200980928021,2.900092541007325,3750
evaluation_budget_3750,evaluation_budget,3750.0,26,8,1.0,2.0,0.5,3750,2.218200980928021,2.828102813917212,3750
evaluation_budget_3750,evaluation_budget,3750.0,26,9,1.0,2.0,0.5,3750,2.218200980928021,2.835169967962429,3750
evaluation_budget_3750,evaluation_budget,3750.0,26,10,1.0,2.0,0.5,3750,2.218200980928021,2.7553515910403803,3750
evaluation_budget_3750,evaluation_budget,3750.0,26,11,1.0,2.0,0.5,3750,2.218200980928021,2.7863845960237086,3750
evaluation_budget_3750,evaluation_budget,3750.0,26,12,1.0,2.0,0.5,3750,2.218200980928021,2.7650316370418295,3750
evaluation_budget_3750,evaluation_budget,3750.0,26,13,1.0,2.0,0.5,3750,2.218200980928021,2.8332561049610376,3750
evaluation_budget_3750,evaluation_budget,3750.0,26,14,1.0,2.0,0.5,3750,2.218200980928021,2.8355302149429917,3750
evaluation_budget_3750,evaluation_budget,3750.0,26,15,1.0,2.0,0.5,3750,2.218200980928021,3.030968333943747,3750
evaluation_budget_3750,evaluation_budget,3750.0,26,16,1.0,2.0,0.5,3750,2.218200980928021,2.879344091983512,3750
evaluation_budget_3750,evaluation_budget,3750.0,26,17,1.0,2.0,0.5,3750,2.218200980928021,2.868954553967342,3750
evaluation_budget_3750,evaluation_budget,3750.0,26,18,1.0,2.0,0.5,3750,2.218200980928021,2.869903056998737,3750
evaluation_budget_3750,evaluation_budget,3750.0,26,19,1.0,2.0,0.5,3750,2.218200980928021,2.858054740005173,3750
evaluation_budget_3750,evaluation_budget,3750.0,27,0,1.0,2.0,0.5,3750,1.9000621512377234,1.375910418923013,3750
evaluation_budget_3750,evaluation_budget,3750.0,27,1,1.0,2.0,0.5,3750,1.9000621512377234,1.3768456869293004,3750
evaluation_budget_3750,evaluation_budget,3750.0,27,2,1.0,2.0,0.5,3750,1.9000621512377234,1.4060307369800285,3750
evaluation_budget_3750,evaluation_budget,3750.0,27,3,1.0,2.0,0.5,3750,1.9000621512377234,1.3814767990261316,3750
evaluation_budget_3750,evaluation_budget,3750.0,27,4,1.0,2.0,0.5,3750,1.9000621512377234,1.4019395239884034,3750
evaluation_budget_3750,evaluation_budget,3750.0,27,5,1.0,2.0,0.5,3750,1.9000621512377234,1.416332300985232,3750
evaluation_budget_3750,evaluation_budget,3750.0,27,6,1.0,2.0,0.5,3750,1.9000621512377234,1.4270180530147627,3750
evaluation_budget_3750,evaluation_budget,3750.0,27,7,1.0,2.0,0.5,3750,1.9000621512377234,1.3889098579529673,3750
evaluation_budget_3750,evaluation_budget,3750.0,27,8,1.0,2.0,0.5,3750,1.9000621512377234,1.4097045799717307,3750
evaluation_budget_3750,evaluation_budget,3750.0,27,9,1.0,2.0,0.5,3750,1.9000621512377234,1.386554247001186,3750
evaluation_budget_3750,evaluation_budget,3750.0,27,10,1.0,2.0,0.5,3750,1.9000621512377234,1.3868457580683753,3750
evaluation_budget_3750,evaluation_budget,3750.0,27,11,1.0,2.0,0.5,3750,1.9000621512377234,1.404320255969651,3750
evaluation_budget_3750,evaluation_budget,3750.0,27,12,1.0,2.0,0.5,3750,1.9000621512377234,1.3824507109820843,3750
evaluation_budget_3750,evaluation_budget,3750.0,27,13,1.0,2.0,0.5,3750,1.9000621512377234,1.4002379899611697,3750
evaluation_budget_3750,evaluation_budget,3750.0,27,14,1.0,2.0,0.5,3750,1.9000621512377234,1.386552920914255,3750
evaluation_budget_3750,evaluation_budget,3750.0,27,15,1.0,2.0,0.5,3750,1.9000621512377234,1.4389452029718086,3750
evaluation_budget_3750,evaluation_budget,3750.0,27,16,1.0,2.0,0.5,3750,1.9000621512377234,1.4197240120265633,3750
evaluation_budget_3750,evaluation_budget,3750.0,27,17,1.0,2.0,0.5,3750,1.9000621512377234,1.4409826890332624,3750
evaluation_budget_3750,evaluation_budget,3750.0,27,18,1.0,2.0,0.5,3750,1.9000621512377234,1.454328184016049,3750
evaluation_budget_3750,evaluation_budget,3750.0,27,19,1.0,2.0,0.5,3750,1.9000621512377234,1.4311208289582282,3750
evaluation_budget_3750,evaluation_budget,3750.0,28,0,1.0,2.0,0.5,3750,2.075186983843156,2.7720505330944434,3750
evaluation_budget_3750,evaluation_budget,3750.0,28,1,1.0,2.0,0.5,3750,2.025980418950708,2.839358536992222,3750
evaluation_budget_3750,evaluation_budget,3750.0,28,2,1.0,2.0,0.5,3750,2.025980418950708,2.851967536029406,3750
evaluation_budget_3750,evaluation_budget,3750.0,28,3,1.0,2.0,0.5,3750,2.025980418950708,2.8078241569455713,3750
evaluation_budget_3750,evaluation_budget,3750.0,28,4,1.0,2.0,0.5,3750,2.025980418950708,2.847691767034121,3750
evaluation_budget_3750,evaluation_budget,3750.0,28,5,1.0,2.0,0.5,3750,2.025989929914813,2.89045174990315,3750
evaluation_budget_3750,evaluation_budget,3750.0,28,6,1.0,2.0,0.5,3750,2.025989929914813,2.8755332169821486,3750
evaluation_budget_3750,evaluation_budget,3750.0,28,7,1.0,2.0,0.5,3750,2.025980418950708,2.7737422649515793,3750
evaluation_budget_3750,evaluation_budget,3750.0,28,8,1.0,2.0,0.5,3750,2.025980418950708,2.837020018021576,3750
evaluation_budget_3750,evaluation_budget,3750.0,28,9,1.0,2.0,0.5,3750,2.025980418950708,2.787573868990876,3750
evaluation_budget_3750,evaluation_budget,3750.0,28,10,1.0,2.0,0.5,3750,2.025980418950708,2.7946970310295,3750
evaluation_budget_3750,evaluation_budget,3750.0,28,11,1.0,2.0,0.5,3750,2.025980418950708,2.789992628036998,3750
evaluation_budget_3750,evaluation_budget,3750.0,28,12,1.0,2.0,0.5,3750,2.025989929914813,2.7879290990531445,3750
evaluation_budget_3750,evaluation_budget,3750.0,28,13,1.0,2.0,0.5,3750,2.025980418950708,2.8284660240169615,3750
evaluation_budget_3750,evaluation_budget,3750.0,28,14,1.0,2.0,0.5,3750,2.025980418950708,2.8240141469286755,3750
evaluation_budget_3750,evaluation_budget,3750.0,28,15,1.0,2.0,0.5,3750,2.025989929914813,2.905368904932402,3750
evaluation_budget_3750,evaluation_budget,3750.0,28,16,1.0,2.0,0.5,3750,2.025989929914813,2.861964436015114,3750
evaluation_budget_3750,evaluation_budget,3750.0,28,17,1.0,2.0,0.5,3750,2.025980418950708,2.873820499982685,3750
evaluation_budget_3750,evaluation_budget,3750.0,28,18,1.0,2.0,0.5,3750,2.025980418950708,2.9522480730665848,3750
evaluation_budget_3750,evaluation_budget,3750.0,28,19,1.0,2.0,0.5,3750,2.025989929914813,2.878771106014028,3750
evaluation_budget_3750,evaluation_budget,3750.0,29,0,1.0,2.0,0.5,3750,2.4917912704064307,5.583040113095194,3750
evaluation_budget_3750,evaluation_budget,3750.0,29,1,1.0,2.0,0.5,3750,2.5080353247368983,5.639759262907319,3750
evaluation_budget_3750,evaluation_budget,3750.0,29,2,1.0,2.0,0.5,3750,2.5089433821497114,6.112563130096532,3750
evaluation_budget_3750,evaluation_budget,3750.0,29,3,1.0,2.0,0.5,3750,2.5089433821497114,5.617333122063428,3750
evaluation_budget_3750,evaluation_budget,3750.0,29,4,1.0,2.0,0.5,3750,2.511038097295691,5.675164501997642,3750
evaluation_budget_3750,evaluation_budget,3750.0,29,5,1.0,2.0,0.5,3750,2.4917912704064307,5.571184562984854,3750
evaluation_budget_3750,evaluation_budget,3750.0,29,6,1.0,2.0,0.5,3750,2.5080353247368983,5.792872717953287,3750
evaluation_budget_3750,evaluation_budget,3750.0,29,7,1.0,2.0,0.5,3750,2.4917912704064307,6.018733715056442,3750
evaluation_budget_3750,evaluation_budget,3750.0,29,8,1.0,2.0,0.5,3750,2.511038097295691,5.613834353047423,3750
evaluation_budget_3750,evaluation_budget,3750.0,29,9,1.0,2.0,0.5,3750,2.5185469193175045,5.7091402360238135,3750
evaluation_budget_3750,evaluation_budget,3750.0,29,10,1.0,2.0,0.5,3750,2.5185469193175045,5.704454649006948,3750
evaluation_budget_3750,evaluation_budget,3750.0,29,11,1.0,2.0,0.5,3750,2.4917912704064307,5.626803130959161,3750
evaluation_budget_3750,evaluation_budget,3750.0,29,12,1.0,2.0,0.5,3750,2.5194549767303167,5.703112830989994,3750
evaluation_budget_3750,evaluation_budget,3750.0,29,13,1.0,2.0,0.5,3750,2.4917912704064307,5.705292242928408,3750
evaluation_budget_3750,evaluation_budget,3750.0,29,14,1.0,2.0,0.5,3750,2.4908832129936185,5.590368155040778,3750
evaluation_budget_3750,evaluation_budget,3750.0,29,15,1.0,2.0,0.5,3750,2.5185469193175045,5.837068681023084,3750
evaluation_budget_3750,evaluation_budget,3750.0,29,16,1.0,2.0,0.5,3750,2.5089433821497114,5.804113207035698,3750
evaluation_budget_3750,evaluation_budget,3750.0,29,17,1.0,2.0,0.5,3750,2.5190029202233744,5.793919957941398,3750
evaluation_budget_3750,evaluation_budget,3750.0,29,18,1.0,2.0,0.5,3750,2.4917912704064307,5.755842881044373,3750
evaluation_budget_3750,evaluation_budget,3750.0,29,19,1.0,2.0,0.5,3750,2.4917912704064307,5.743207392981276,3750
evaluation_budget_3750,evaluation_budget,3750.0,30,0,1.0,2.0,0.5,3750,1.9337416810526524,3.3020947630284354,3750
evaluation_budget_3750,evaluation_budget,3750.0,30,1,1.0,2.0,0.5,3750,1.9298467885369193,3.419795537018217,3750
evaluation_budget_3750,evaluation_budget,3750.0,30,2,1.0,2.0,0.5,3750,1.9337416810526524,3.470163337071426,3750
evaluation_budget_3750,evaluation_budget,3750.0,30,3,1.0,2.0,0.5,3750,1.935846346871392,3.3305893120123073,3750
evaluation_budget_3750,evaluation_budget,3750.0,30,4,1.0,2.0,0.5,3750,1.9361459895210615,3.402278997004032,3750
evaluation_budget_3750,evaluation_budget,3750.0,30,5,1.0,2.0,0.5,3750,1.9298467885369193,3.3882539418991655,3750
evaluation_budget_3750,evaluation_budget,3750.0,30,6,1.0,2.0,0.5,3750,1.9337416810526524,3.386854105978273,3750
evaluation_budget_3750,evaluation_budget,3750.0,30,7,1.0,2.0,0.5,3750,1.9337416810526524,3.4872572360327467,3750
evaluation_budget_3750,evaluation_budget,3750.0,30,8,1.0,2.0,0.5,3750,1.9361459895210615,3.388041867990978,3750
evaluation_budget_3750,evaluation_budget,3750.0,30,9,1.0,2.0,0.5,3750,1.9298467885369193,3.5882311989553273,3750
evaluation_budget_3750,evaluation_budget,3750.0,30,10,1.0,2.0,0.5,3750,1.9361459895210613,3.7343602679902688,3750
evaluation_budget_3750,evaluation_budget,3750.0,30,11,1.0,2.0,0.5,3750,1.9337416810526524,3.5303060490405187,3750
evaluation_budget_3750,evaluation_budget,3750.0,30,12,1.0,2.0,0.5,3750,1.955778070372509,3.756173924077302,3750
evaluation_budget_3750,evaluation_budget,3750.0,30,13,1.0,2.0,0.5,3750,1.9298467885369193,3.460378656978719,3750
evaluation_budget_3750,evaluation_budget,3750.0,30,14,1.0,2.0,0.5,3750,1.9361459895210615,3.331092476961203,3750
evaluation_budget_3750,evaluation_budget,3750.0,30,15,1.0,2.0,0.5,3750,1.9361459895210613,3.4841159790521488,3750
evaluation_budget_3750,evaluation_budget,3750.0,30,16,1.0,2.0,0.5,3750,1.9361459895210613,3.495804131962359,3750
evaluation_budget_3750,evaluation_budget,3750.0,30,17,1.0,2.0,0.5,3750,1.9298467885369193,3.3363231000257656,3750
evaluation_budget_3750,evaluation_budget,3750.0,30,18,1.0,2.0,0.5,3750,1.9298467885369195,3.4491712040035054,3750
evaluation_budget_3750,evaluation_budget,3750.0,30,19,1.0,2.0,0.5,3750,1.9337416810526524,3.478242630022578,3750
evaporation_0.2,evaporation,0.2,1,0,1.0,2.0,0.2,7500,1.7739991125114165,6.233334459946491,7500
evaporation_0.2,evaporation,0.2,1,1,1.0,2.0,0.2,7500,1.7739991125114165,6.2107608478982,7500
evaporation_0.2,evaporation,0.2,1,2,1.0,2.0,0.2,7500,1.7739991125114165,6.75697690306697,7500
evaporation_0.2,evaporation,0.2,1,3,1.0,2.0,0.2,7500,1.7739991125114165,6.162352647050284,7500
evaporation_0.2,evaporation,0.2,1,4,1.0,2.0,0.2,7500,1.7739991125114165,6.191976903006434,7500
evaporation_0.2,evaporation,0.2,1,5,1.0,2.0,0.2,7500,1.7739991125114165,6.354659869917668,7500
evaporation_0.2,evaporation,0.2,1,6,1.0,2.0,0.2,7500,1.7739991125114165,6.1344139649299905,7500
evaporation_0.2,evaporation,0.2,1,7,1.0,2.0,0.2,7500,1.7739991125114165,6.37104902905412,7500
evaporation_0.2,evaporation,0.2,1,8,1.0,2.0,0.2,7500,1.7739991125114165,6.4147062610136345,7500
evaporation_0.2,evaporation,0.2,1,9,1.0,2.0,0.2,7500,1.7739991125114165,7.062161308014765,7500
evaporation_0.2,evaporation,0.2,1,10,1.0,2.0,0.2,7500,1.7739991125114165,6.2769701241049916,7500
evaporation_0.2,evaporation,0.2,1,11,1.0,2.0,0.2,7500,1.7739991125114165,6.697869411087595,7500
evaporation_0.2,evaporation,0.2,1,12,1.0,2.0,0.2,7500,1.7739991125114165,6.180838278960437,7500
evaporation_0.2,evaporation,0.2,1,13,1.0,2.0,0.2,7500,1.7739991125114165,6.306336120935157,7500
evaporation_0.2,evaporation,0.2,1,14,1.0,2.0,0.2,7500,1.7739991125114165,6.401595122064464,7500
evaporation_0.2,evaporation,0.2,1,15,1.0,2.0,0.2,7500,1.7739991125114165,6.243927347008139,7500
evaporation_0.2,evaporation,0.2,1,16,1.0,2.0,0.2,7500,1.7739991125114165,6.534897358971648,7500
evaporation_0.2,evaporation,0.2,1,17,1.0,2.0,0.2,7500,1.7739991125114165,6.368596627027728,7500
evaporation_0.2,evaporation,0.2,1,18,1.0,2.0,0.2,7500,1.7739991125114165,7.165938628022559,7500
evaporation_0.2,evaporation,0.2,1,19,1.0,2.0,0.2,7500,1.7739991125114165,6.772884930949658,7500
evaporation_0.2,evaporation,0.2,2,0,1.0,2.0,0.2,7500,2.279975082456949,6.272221744060516,7500
evaporation_0.2,evaporation,0.2,2,1,1.0,2.0,0.2,7500,2.279975082456949,6.154345843940973,7500
evaporation_0.2,evaporation,0.2,2,2,1.0,2.0,0.2,7500,2.279975082456949,6.167151439003646,7500
evaporation_0.2,evaporation,0.2,2,3,1.0,2.0,0.2,7500,2.279975082456949,6.169427584973164,7500
evaporation_0.2,evaporation,0.2,2,4,1.0,2.0,0.2,7500,2.279975082456949,6.417527885991149,7500
evaporation_0.2,evaporation,0.2,2,5,1.0,2.0,0.2,7500,2.279975082456949,6.280049555003643,7500
evaporation_0.2,evaporation,0.2,2,6,1.0,2.0,0.2,7500,2.279975082456949,6.212278196937405,7500
evaporation_0.2,evaporation,0.2,2,7,1.0,2.0,0.2,7500,2.279975082456949,6.519576485967264,7500
evaporation_0.2,evaporation,0.2,2,8,1.0,2.0,0.2,7500,2.279975082456949,6.436289556906559,7500
evaporation_0.2,evaporation,0.2,2,9,1.0,2.0,0.2,7500,2.279975082456949,6.206082697957754,7500
evaporation_0.2,evaporation,0.2,2,10,1.0,2.0,0.2,7500,2.279975082456949,7.8262373090256006,7500
evaporation_0.2,evaporation,0.2,2,11,1.0,2.0,0.2,7500,2.279975082456949,6.128665567026474,7500
evaporation_0.2,evaporation,0.2,2,12,1.0,2.0,0.2,7500,2.279975082456949,6.185810653027147,7500
evaporation_0.2,evaporation,0.2,2,13,1.0,2.0,0.2,7500,2.279975082456949,6.5108632820192724,7500
evaporation_0.2,evaporation,0.2,2,14,1.0,2.0,0.2,7500,2.279975082456949,6.678261597990058,7500
evaporation_0.2,evaporation,0.2,2,15,1.0,2.0,0.2,7500,2.279975082456949,6.394368577050045,7500
evaporation_0.2,evaporation,0.2,2,16,1.0,2.0,0.2,7500,2.279975082456949,6.480501558049582,7500
evaporation_0.2,evaporation,0.2,2,17,1.0,2.0,0.2,7500,2.279975082456949,6.401531622046605,7500
evaporation_0.2,evaporation,0.2,2,18,1.0,2.0,0.2,7500,2.279975082456949,6.3663997140247375,7500
evaporation_0.2,evaporation,0.2,2,19,1.0,2.0,0.2,7500,2.279975082456949,7.648553611943498,7500
evaporation_0.2,evaporation,0.2,3,0,1.0,2.0,0.2,7500,2.5554615909469742,8.939250907045789,7500
evaporation_0.2,evaporation,0.2,3,1,1.0,2.0,0.2,7500,2.5554615909469742,9.031626165029593,7500
evaporation_0.2,evaporation,0.2,3,2,1.0,2.0,0.2,7500,2.5554615909469742,9.055309660034254,7500
evaporation_0.2,evaporation,0.2,3,3,1.0,2.0,0.2,7500,2.5554615909469742,8.986623340053484,7500
evaporation_0.2,evaporation,0.2,3,4,1.0,2.0,0.2,7500,2.5554615909469742,9.226365225040354,7500
evaporation_0.2,evaporation,0.2,3,5,1.0,2.0,0.2,7500,2.5554615909469742,9.297156687011011,7500
evaporation_0.2,evaporation,0.2,3,6,1.0,2.0,0.2,7500,2.5554615909469742,9.100663128076121,7500
evaporation_0.2,evaporation,0.2,3,7,1.0,2.0,0.2,7500,2.5554615909469742,9.379571197088808,7500
evaporation_0.2,evaporation,0.2,3,8,1.0,2.0,0.2,7500,2.5554615909469742,9.128843280952424,7500
evaporation_0.2,evaporation,0.2,3,9,1.0,2.0,0.2,7500,2.5554615909469742,9.333335681934841,7500
evaporation_0.2,evaporation,0.2,3,10,1.0,2.0,0.2,7500,2.5554615909469742,9.034271960961632,7500
evaporation_0.2,evaporation,0.2,3,11,1.0,2.0,0.2,7500,2.5554615909469742,8.974917185027152,7500
evaporation_0.2,evaporation,0.2,3,12,1.0,2.0,0.2,7500,2.5554615909469742,9.246722173993476,7500
evaporation_0.2,evaporation,0.2,3,13,1.0,2.0,0.2,7500,2.5554615909469742,9.380904437974095,7500
evaporation_0.2,evaporation,0.2,3,14,1.0,2.0,0.2,7500,2.5554615909469742,9.089770719059743,7500
evaporation_0.2,evaporation,0.2,3,15,1.0,2.0,0.2,7500,2.5554615909469742,9.374043124960735,7500
evaporation_0.2,evaporation,0.2,3,16,1.0,2.0,0.2,7500,2.5554615909469742,9.316384361940436,7500
evaporation_0.2,evaporation,0.2,3,17,1.0,2.0,0.2,7500,2.5554615909469742,9.118367130984552,7500
evaporation_0.2,evaporation,0.2,3,18,1.0,2.0,0.2,7500,2.5554615909469742,9.225558604928665,7500
evaporation_0.2,evaporation,0.2,3,19,1.0,2.0,0.2,7500,2.5554615909469742,9.386845668894239,7500
evaporation_0.2,evaporation,0.2,4,0,1.0,2.0,0.2,7500,2.1335996845890683,6.684894528007135,7500
evaporation_0.2,evaporation,0.2,4,1,1.0,2.0,0.2,7500,2.1335996845890683,6.785286417929456,7500
evaporation_0.2,evaporation,0.2,4,2,1.0,2.0,0.2,7500,2.1335996845890683,6.722765458049253,7500
evaporation_0.2,evaporation,0.2,4,3,1.0,2.0,0.2,7500,2.1335996845890683,6.7823119449894875,7500
evaporation_0.2,evaporation,0.2,4,4,1.0,2.0,0.2,7500,2.1336449325725337,6.872571233892813,7500
evaporation_0.2,evaporation,0.2,4,5,1.0,2.0,0.2,7500,2.1335996845890683,6.813591826939955,7500
evaporation_0.2,evaporation,0.2,4,6,1.0,2.0,0.2,7500,2.1335996845890683,6.918193990015425,7500
evaporation_0.2,evaporation,0.2,4,7,1.0,2.0,0.2,7500,2.1335996845890683,6.759479485917836,7500
evaporation_0.2,evaporation,0.2,4,8,1.0,2.0,0.2,7500,2.1335996845890683,6.714565481059253,7500
evaporation_0.2,evaporation,0.2,4,9,1.0,2.0,0.2,7500,2.1335996845890683,6.939044951926917,7500
evaporation_0.2,evaporation,0.2,4,10,1.0,2.0,0.2,7500,2.1335996845890683,6.955263753072359,7500
evaporation_0.2,evaporation,0.2,4,11,1.0,2.0,0.2,7500,2.1335996845890683,7.019012472010218,7500
evaporation_0.2,evaporation,0.2,4,12,1.0,2.0,0.2,7500,2.1335996845890683,7.055445016012527,7500
evaporation_0.2,evaporation,0.2,4,13,1.0,2.0,0.2,7500,2.1335996845890683,6.826378147001378,7500
evaporation_0.2,evaporation,0.2,4,14,1.0,2.0,0.2,7500,2.1335996845890683,7.014350884011947,7500
evaporation_0.2,evaporation,0.2,4,15,1.0,2.0,0.2,7500,2.1335996845890683,7.036306537920609,7500
evaporation_0.2,evaporation,0.2,4,16,1.0,2.0,0.2,7500,2.1335996845890683,6.774167638039216,7500
evaporation_0.2,evaporation,0.2,4,17,1.0,2.0,0.2,7500,2.1335996845890683,7.287997692008503,7500
evaporation_0.2,evaporation,0.2,4,18,1.0,2.0,0.2,7500,2.1335996845890683,6.761092105065472,7500
evaporation_0.2,evaporation,0.2,4,19,1.0,2.0,0.2,7500,2.1335996845890683,6.874484425992705,7500
evaporation_0.2,evaporation,0.2,5,0,1.0,2.0,0.2,7500,1.865074221023855,6.803990951972082,7500
evaporation_0.2,evaporation,0.2,5,1,1.0,2.0,0.2,7500,1.865074221023855,7.071047384990379,7500
evaporation_0.2,evaporation,0.2,5,2,1.0,2.0,0.2,7500,1.865074221023855,6.7008073589531705,7500
evaporation_0.2,evaporation,0.2,5,3,1.0,2.0,0.2,7500,1.865074221023855,6.69235575501807,7500
evaporation_0.2,evaporation,0.2,5,4,1.0,2.0,0.2,7500,1.865074221023855,6.807387626031414,7500
evaporation_0.2,evaporation,0.2,5,5,1.0,2.0,0.2,7500,1.865074221023855,6.885514387045987,7500
evaporation_0.2,evaporation,0.2,5,6,1.0,2.0,0.2,7500,1.865074221023855,7.249804078950547,7500
evaporation_0.2,evaporation,0.2,5,7,1.0,2.0,0.2,7500,1.865074221023855,6.780238388921134,7500
evaporation_0.2,evaporation,0.2,5,8,1.0,2.0,0.2,7500,1.865074221023855,6.787302645039745,7500
evaporation_0.2,evaporation,0.2,5,9,1.0,2.0,0.2,7500,1.865074221023855,6.889635817031376,7500
evaporation_0.2,evaporation,0.2,5,10,1.0,2.0,0.2,7500,1.865074221023855,6.894750721985474,7500
evaporation_0.2,evaporation,0.2,5,11,1.0,2.0,0.2,7500,1.865074221023855,6.944228891050443,7500
evaporation_0.2,evaporation,0.2,5,12,1.0,2.0,0.2,7500,1.865074221023855,6.840317588998005,7500
evaporation_0.2,evaporation,0.2,5,13,1.0,2.0,0.2,7500,1.865074221023855,7.068413028959185,7500
evaporation_0.2,evaporation,0.2,5,14,1.0,2.0,0.2,7500,1.865074221023855,6.992516863974743,7500
evaporation_0.2,evaporation,0.2,5,15,1.0,2.0,0.2,7500,1.865074221023855,6.974866010947153,7500
evaporation_0.2,evaporation,0.2,5,16,1.0,2.0,0.2,7500,1.865074221023855,6.703656284022145,7500
evaporation_0.2,evaporation,0.2,5,17,1.0,2.0,0.2,7500,1.865074221023855,6.700824856990948,7500
evaporation_0.2,evaporation,0.2,5,18,1.0,2.0,0.2,7500,1.865074221023855,6.718068571062759,7500
evaporation_0.2,evaporation,0.2,5,19,1.0,2.0,0.2,7500,1.865074221023855,6.85241487598978,7500
evaporation_0.2,evaporation,0.2,6,0,1.0,2.0,0.2,7500,1.756456461232624,6.23373310896568,7500
evaporation_0.2,evaporation,0.2,6,1,1.0,2.0,0.2,7500,1.756456461232624,6.582161540980451,7500
evaporation_0.2,evaporation,0.2,6,2,1.0,2.0,0.2,7500,1.756456461232624,6.121459919959307,7500
evaporation_0.2,evaporation,0.2,6,3,1.0,2.0,0.2,7500,1.756456461232624,6.169727739994414,7500
evaporation_0.2,evaporation,0.2,6,4,1.0,2.0,0.2,7500,1.756456461232624,6.2203893039841205,7500
evaporation_0.2,evaporation,0.2,6,5,1.0,2.0,0.2,7500,1.756456461232624,6.2279265789547935,7500
evaporation_0.2,evaporation,0.2,6,6,1.0,2.0,0.2,7500,1.756456461232624,6.36528437002562,7500
evaporation_0.2,evaporation,0.2,6,7,1.0,2.0,0.2,7500,1.756456461232624,6.245738546946086,7500
evaporation_0.2,evaporation,0.2,6,8,1.0,2.0,0.2,7500,1.756456461232624,6.177566193975508,7500
evaporation_0.2,evaporation,0.2,6,9,1.0,2.0,0.2,7500,1.756456461232624,6.337239284068346,7500
evaporation_0.2,evaporation,0.2,6,10,1.0,2.0,0.2,7500,1.756456461232624,6.408649004995823,7500
evaporation_0.2,evaporation,0.2,6,11,1.0,2.0,0.2,7500,1.756456461232624,6.524575919029303,7500
evaporation_0.2,evaporation,0.2,6,12,1.0,2.0,0.2,7500,1.756456461232624,6.258772976929322,7500
evaporation_0.2,evaporation,0.2,6,13,1.0,2.0,0.2,7500,1.756456461232624,6.446223955019377,7500
evaporation_0.2,evaporation,0.2,6,14,1.0,2.0,0.2,7500,1.756456461232624,6.366600976092741,7500
evaporation_0.2,evaporation,0.2,6,15,1.0,2.0,0.2,7500,1.756456461232624,6.865275920019485,7500
evaporation_0.2,evaporation,0.2,6,16,1.0,2.0,0.2,7500,1.756456461232624,6.435026768012904,7500
evaporation_0.2,evaporation,0.2,6,17,1.0,2.0,0.2,7500,1.756456461232624,6.187678727088496,7500
evaporation_0.2,evaporation,0.2,6,18,1.0,2.0,0.2,7500,1.756456461232624,6.489508016966283,7500
evaporation_0.2,evaporation,0.2,6,19,1.0,2.0,0.2,7500,1.756456461232624,6.204686637967825,7500
evaporation_0.2,evaporation,0.2,7,0,1.0,2.0,0.2,7500,1.8418822070973002,4.495610932004638,7500
evaporation_0.2,evaporation,0.2,7,1,1.0,2.0,0.2,7500,1.8418822070973002,4.41745460301172,7500
evaporation_0.2,evaporation,0.2,7,2,1.0,2.0,0.2,7500,1.8418822070973002,4.424406407983042,7500
evaporation_0.2,evaporation,0.2,7,3,1.0,2.0,0.2,7500,1.8418822070973002,4.57567926205229,7500
evaporation_0.2,evaporation,0.2,7,4,1.0,2.0,0.2,7500,1.8418822070973002,4.456122430972755,7500
evaporation_0.2,evaporation,0.2,7,5,1.0,2.0,0.2,7500,1.8418822070973002,4.393963456968777,7500
evaporation_0.2,evaporation,0.2,7,6,1.0,2.0,0.2,7500,1.8418822070973002,4.444597593974322,7500
evaporation_0.2,evaporation,0.2,7,7,1.0,2.0,0.2,7500,1.8418822070973002,4.872199775069021,7500
evaporation_0.2,evaporation,0.2,7,8,1.0,2.0,0.2,7500,1.8418822070973002,4.418849283014424,7500
evaporation_0.2,evaporation,0.2,7,9,1.0,2.0,0.2,7500,1.8418822070973002,4.541825207066722,7500
evaporation_0.2,evaporation,0.2,7,10,1.0,2.0,0.2,7500,1.8418822070973002,4.486109123099595,7500
evaporation_0.2,evaporation,0.2,7,11,1.0,2.0,0.2,7500,1.8418822070973002,4.5664401589892805,7500
evaporation_0.2,evaporation,0.2,7,12,1.0,2.0,0.2,7500,1.8418822070973002,4.460413855966181,7500
evaporation_0.2,evaporation,0.2,7,13,1.0,2.0,0.2,7500,1.8418822070973002,4.605362528935075,7500
evaporation_0.2,evaporation,0.2,7,14,1.0,2.0,0.2,7500,1.8418822070973002,4.5468591100070626,7500
evaporation_0.2,evaporation,0.2,7,15,1.0,2.0,0.2,7500,1.8418822070973002,4.6284085819497705,7500
evaporation_0.2,evaporation,0.2,7,16,1.0,2.0,0.2,7500,1.8418822070973002,4.454540200065821,7500
evaporation_0.2,evaporation,0.2,7,17,1.0,2.0,0.2,7500,1.8418822070973002,4.368462254991755,7500
evaporation_0.2,evaporation,0.2,7,18,1.0,2.0,0.2,7500,1.8418822070973002,4.457699464983307,7500
evaporation_0.2,evaporation,0.2,7,19,1.0,2.0,0.2,7500,1.8418822070973002,4.823715503094718,7500
evaporation_0.2,evaporation,0.2,8,0,1.0,2.0,0.2,7500,2.4314289960780373,10.663883520988747,7500
evaporation_0.2,evaporation,0.2,8,1,1.0,2.0,0.2,7500,2.4314289960780373,10.674286046996713,7500
evaporation_0.2,evaporation,0.2,8,2,1.0,2.0,0.2,7500,2.4314289960780373,10.736970904050395,7500
evaporation_0.2,evaporation,0.2,8,3,1.0,2.0,0.2,7500,2.4314289960780373,10.962581887026317,7500
evaporation_0.2,evaporation,0.2,8,4,1.0,2.0,0.2,7500,2.4314289960780373,10.87009624694474,7500
evaporation_0.2,evaporation,0.2,8,5,1.0,2.0,0.2,7500,2.4314289960780373,10.817289020982571,7500
evaporation_0.2,evaporation,0.2,8,6,1.0,2.0,0.2,7500,2.4314289960780373,10.863936648936942,7500
evaporation_0.2,evaporation,0.2,8,7,1.0,2.0,0.2,7500,2.4314289960780373,10.794530629063956,7500
evaporation_0.2,evaporation,0.2,8,8,1.0,2.0,0.2,7500,2.4314289960780373,10.932672329014167,7500
evaporation_0.2,evaporation,0.2,8,9,1.0,2.0,0.2,7500,2.4314289960780373,10.901367260958068,7500
evaporation_0.2,evaporation,0.2,8,10,1.0,2.0,0.2,7500,2.4314289960780373,11.084082000073977,7500
evaporation_0.2,evaporation,0.2,8,11,1.0,2.0,0.2,7500,2.4314289960780373,10.959632136044092,7500
evaporation_0.2,evaporation,0.2,8,12,1.0,2.0,0.2,7500,2.4314289960780373,11.10478122101631,7500
evaporation_0.2,evaporation,0.2,8,13,1.0,2.0,0.2,7500,2.4314289960780373,11.084916798979975,7500
evaporation_0.2,evaporation,0.2,8,14,1.0,2.0,0.2,7500,2.4314289960780373,11.069740129052661,7500
evaporation_0.2,evaporation,0.2,8,15,1.0,2.0,0.2,7500,2.4314289960780373,11.190242654993199,7500
evaporation_0.2,evaporation,0.2,8,16,1.0,2.0,0.2,7500,2.4314289960780373,10.853191692032851,7500
evaporation_0.2,evaporation,0.2,8,17,1.0,2.0,0.2,7500,2.4314289960780373,10.921289338031784,7500
evaporation_0.2,evaporation,0.2,8,18,1.0,2.0,0.2,7500,2.4314289960780373,11.085543123073876,7500
evaporation_0.2,evaporation,0.2,8,19,1.0,2.0,0.2,7500,2.4314289960780373,11.074085068074055,7500
evaporation_0.2,evaporation,0.2,9,0,1.0,2.0,0.2,7500,2.4122006554120246,7.361903905053623,7500
evaporation_0.2,evaporation,0.2,9,1,1.0,2.0,0.2,7500,2.4122006554120246,7.304760143044405,7500
evaporation_0.2,evaporation,0.2,9,2,1.0,2.0,0.2,7500,2.4122006554120246,7.266356331994757,7500
evaporation_0.2,evaporation,0.2,9,3,1.0,2.0,0.2,7500,2.4122006554120246,7.340240033110604,7500
evaporation_0.2,evaporation,0.2,9,4,1.0,2.0,0.2,7500,2.4122006554120246,7.422426959965378,7500
evaporation_0.2,evaporation,0.2,9,5,1.0,2.0,0.2,7500,2.4122006554120246,7.338972139987163,7500
evaporation_0.2,evaporation,0.2,9,6,1.0,2.0,0.2,7500,2.4122006554120246,7.326140834018588,7500
evaporation_0.2,evaporation,0.2,9,7,1.0,2.0,0.2,7500,2.4122006554120246,7.3451361450133845,7500
evaporation_0.2,evaporation,0.2,9,8,1.0,2.0,0.2,7500,2.4122006554120246,7.3679767129942775,7500
evaporation_0.2,evaporation,0.2,9,9,1.0,2.0,0.2,7500,2.4122006554120246,7.507762662949972,7500
evaporation_0.2,evaporation,0.2,9,10,1.0,2.0,0.2,7500,2.4122006554120246,7.611896081012674,7500
evaporation_0.2,evaporation,0.2,9,11,1.0,2.0,0.2,7500,2.4122006554120246,7.448175276978873,7500
evaporation_0.2,evaporation,0.2,9,12,1.0,2.0,0.2,7500,2.4122006554120246,7.622493415954523,7500
evaporation_0.2,evaporation,0.2,9,13,1.0,2.0,0.2,7500,2.4122006554120246,7.524680614937097,7500
evaporation_0.2,evaporation,0.2,9,14,1.0,2.0,0.2,7500,2.4122006554120246,7.496715013985522,7500
evaporation_0.2,evaporation,0.2,9,15,1.0,2.0,0.2,7500,2.4122006554120246,7.333404497010633,7500
evaporation_0.2,evaporation,0.2,9,16,1.0,2.0,0.2,7500,2.4122006554120246,7.324335069046356,7500
evaporation_0.2,evaporation,0.2,9,17,1.0,2.0,0.2,7500,2.4122006554120246,7.5694554190849885,7500
evaporation_0.2,evaporation,0.2,9,18,1.0,2.0,0.2,7500,2.4122006554120246,7.418465038994327,7500
evaporation_0.2,evaporation,0.2,9,19,1.0,2.0,0.2,7500,2.4122006554120246,7.475617348914966,7500
evaporation_0.2,evaporation,0.2,10,0,1.0,2.0,0.2,7500,2.2847926646599612,6.15085579699371,7500
evaporation_0.2,evaporation,0.2,10,1,1.0,2.0,0.2,7500,2.2847926646599612,6.1061569979647174,7500
evaporation_0.2,evaporation,0.2,10,2,1.0,2.0,0.2,7500,2.2847926646599612,6.099789776024409,7500
evaporation_0.2,evaporation,0.2,10,3,1.0,2.0,0.2,7500,2.2847926646599612,6.139714882941917,7500
evaporation_0.2,evaporation,0.2,10,4,1.0,2.0,0.2,7500,2.2847926646599612,6.208859706996009,7500
evaporation_0.2,evaporation,0.2,10,5,1.0,2.0,0.2,7500,2.2847926646599612,6.151632857974619,7500
evaporation_0.2,evaporation,0.2,10,6,1.0,2.0,0.2,7500,2.3140252728719384,6.093975847004913,7500
evaporation_0.2,evaporation,0.2,10,7,1.0,2.0,0.2,7500,2.2847926646599612,6.133701300946996,7500
evaporation_0.2,evaporation,0.2,10,8,1.0,2.0,0.2,7500,2.3140252728719384,6.17442088900134,7500
evaporation_0.2,evaporation,0.2,10,9,1.0,2.0,0.2,7500,2.2847926646599612,6.245522678946145,7500
evaporation_0.2,evaporation,0.2,10,10,1.0,2.0,0.2,7500,2.2847926646599612,6.347517040907405,7500
evaporation_0.2,evaporation,0.2,10,11,1.0,2.0,0.2,7500,2.2847926646599612,6.197628405992873,7500
evaporation_0.2,evaporation,0.2,10,12,1.0,2.0,0.2,7500,2.2847926646599612,6.335602061008103,7500
evaporation_0.2,evaporation,0.2,10,13,1.0,2.0,0.2,7500,2.2847926646599612,6.0979692419059575,7500
evaporation_0.2,evaporation,0.2,10,14,1.0,2.0,0.2,7500,2.2847926646599612,6.3288263260619715,7500
evaporation_0.2,evaporation,0.2,10,15,1.0,2.0,0.2,7500,2.2847926646599612,6.3387944779824466,7500
evaporation_0.2,evaporation,0.2,10,16,1.0,2.0,0.2,7500,2.2847926646599612,6.135982468957081,7500
evaporation_0.2,evaporation,0.2,10,17,1.0,2.0,0.2,7500,2.2847926646599612,6.4764134919969365,7500
evaporation_0.2,evaporation,0.2,10,18,1.0,2.0,0.2,7500,2.2847926646599612,6.24686614703387,7500
evaporation_0.2,evaporation,0.2,10,19,1.0,2.0,0.2,7500,2.2847926646599612,6.412868076004088,7500
evaporation_0.2,evaporation,0.2,11,0,1.0,2.0,0.2,7500,2.724613222909853,6.11814499204047,7500
evaporation_0.2,evaporation,0.2,11,1,1.0,2.0,0.2,7500,2.694971670426138,6.71476680599153,7500
evaporation_0.2,evaporation,0.2,11,2,1.0,2.0,0.2,7500,2.694971670426138,6.175185943953693,7500
evaporation_0.2,evaporation,0.2,11,3,1.0,2.0,0.2,7500,2.7982154383869875,6.167587911011651,7500
evaporation_0.2,evaporation,0.2,11,4,1.0,2.0,0.2,7500,2.6881673361169907,6.3548171180300415,7500
evaporation_0.2,evaporation,0.2,11,5,1.0,2.0,0.2,7500,2.694971670426138,6.183747421950102,7500
evaporation_0.2,evaporation,0.2,11,6,1.0,2.0,0.2,7500,2.694971670426138,6.083366998936981,7500
evaporation_0.2,evaporation,0.2,11,7,1.0,2.0,0.2,7500,2.7982154383869875,6.114255796070211,7500
evaporation_0.2,evaporation,0.2,11,8,1.0,2.0,0.2,7500,2.694971670426138,6.1575542940991,7500
evaporation_0.2,evaporation,0.2,11,9,1.0,2.0,0.2,7500,2.7854641086774925,6.558408522978425,7500
evaporation_0.2,evaporation,0.2,11,10,1.0,2.0,0.2,7500,2.8278569908707025,6.586106657981873,7500
evaporation_0.2,evaporation,0.2,11,11,1.0,2.0,0.2,7500,2.7982154383869875,6.460776177002117,7500
evaporation_0.2,evaporation,0.2,11,12,1.0,2.0,0.2,7500,2.694971670426138,6.398736178991385,7500
evaporation_0.2,evaporation,0.2,11,13,1.0,2.0,0.2,7500,2.694971670426138,6.209181957063265,7500
evaporation_0.2,evaporation,0.2,11,14,1.0,2.0,0.2,7500,2.6881673361169907,6.182541663991287,7500
evaporation_0.2,evaporation,0.2,11,15,1.0,2.0,0.2,7500,2.694971670426138,6.33922553807497,7500
evaporation_0.2,evaporation,0.2,11,16,1.0,2.0,0.2,7500,2.694971670426138,6.335366521961987,7500
evaporation_0.2,evaporation,0.2,11,17,1.0,2.0,0.2,7500,2.7854641086774925,6.210201453999616,7500
evaporation_0.2,evaporation,0.2,11,18,1.0,2.0,0.2,7500,2.694971670426138,6.401457734988071,7500
evaporation_0.2,evaporation,0.2,11,19,1.0,2.0,0.2,7500,2.6881673361169907,6.241586223011836,7500
evaporation_0.2,evaporation,0.2,12,0,1.0,2.0,0.2,7500,1.4263484665422361,8.311498253024183,7500
evaporation_0.2,evaporation,0.2,12,1,1.0,2.0,0.2,7500,1.4260236853528467,8.323720942018554,7500
evaporation_0.2,evaporation,0.2,12,2,1.0,2.0,0.2,7500,1.439743516359057,9.032799914013594,7500
evaporation_0.2,evaporation,0.2,12,3,1.0,2.0,0.2,7500,1.4400682975484465,8.412654563086107,7500
evaporation_0.2,evaporation,0.2,12,4,1.0,2.0,0.2,7500,1.4263484665422361,8.319130057934672,7500
evaporation_0.2,evaporation,0.2,12,5,1.0,2.0,0.2,7500,1.4263484665422361,8.615145195974037,7500
evaporation_0.2,evaporation,0.2,12,6,1.0,2.0,0.2,7500,1.4260236853528467,8.47941902896855,7500
evaporation_0.2,evaporation,0.2,12,7,1.0,2.0,0.2,7500,1.4263484665422361,8.765528850024566,7500
evaporation_0.2,evaporation,0.2,12,8,1.0,2.0,0.2,7500,1.4263484665422361,8.411082576960325,7500
evaporation_0.2,evaporation,0.2,12,9,1.0,2.0,0.2,7500,1.4263484665422361,8.542561160982586,7500
evaporation_0.2,evaporation,0.2,12,10,1.0,2.0,0.2,7500,1.4629409667745168,8.681282468955033,7500
evaporation_0.2,evaporation,0.2,12,11,1.0,2.0,0.2,7500,1.4400682975484465,8.396017770981416,7500
evaporation_0.2,evaporation,0.2,12,12,1.0,2.0,0.2,7500,1.4263484665422361,8.362782304058783,7500
evaporation_0.2,evaporation,0.2,12,13,1.0,2.0,0.2,7500,1.4263484665422361,8.64847932010889,7500
evaporation_0.2,evaporation,0.2,12,14,1.0,2.0,0.2,7500,1.4260236853528467,9.251200945931487,7500
evaporation_0.2,evaporation,0.2,12,15,1.0,2.0,0.2,7500,1.4400682975484462,8.635310834040865,7500
evaporation_0.2,evaporation,0.2,12,16,1.0,2.0,0.2,7500,1.4260236853528467,8.686467760009691,7500
evaporation_0.2,evaporation,0.2,12,17,1.0,2.0,0.2,7500,1.4263484665422361,8.581169934943318,7500
evaporation_0.2,evaporation,0.2,12,18,1.0,2.0,0.2,7500,1.4263484665422361,8.761002990067936,7500
evaporation_0.2,evaporation,0.2,12,19,1.0,2.0,0.2,7500,1.4260236853528467,8.684821620001458,7500
evaporation_0.2,evaporation,0.2,13,0,1.0,2.0,0.2,7500,2.026911186852802,6.145034827990457,7500
evaporation_0.2,evaporation,0.2,13,1,1.0,2.0,0.2,7500,2.064340106337574,6.1804450650233775,7500
evaporation_0.2,evaporation,0.2,13,2,1.0,2.0,0.2,7500,2.026911186852802,6.150751477922313,7500
evaporation_0.2,evaporation,0.2,13,3,1.0,2.0,0.2,7500,2.026911186852802,6.247773520997725,7500
evaporation_0.2,evaporation,0.2,13,4,1.0,2.0,0.2,7500,2.026911186852802,6.169616988976486,7500
evaporation_0.2,evaporation,0.2,13,5,1.0,2.0,0.2,7500,2.026911186852802,6.342336431029253,7500
evaporation_0.2,evaporation,0.2,13,6,1.0,2.0,0.2,7500,2.026911186852802,6.201683097984642,7500
evaporation_0.2,evaporation,0.2,13,7,1.0,2.0,0.2,7500,2.026911186852802,6.843956435914151,7500
evaporation_0.2,evaporation,0.2,13,8,1.0,2.0,0.2,7500,2.064340106337574,6.364014310063794,7500
evaporation_0.2,evaporation,0.2,13,9,1.0,2.0,0.2,7500,2.026911186852802,6.260636527906172,7500
evaporation_0.2,evaporation,0.2,13,10,1.0,2.0,0.2,7500,2.026911186852802,6.236113765044138,7500
evaporation_0.2,evaporation,0.2,13,11,1.0,2.0,0.2,7500,2.064340106337574,6.309105220017955,7500
evaporation_0.2,evaporation,0.2,13,12,1.0,2.0,0.2,7500,2.026911186852802,6.181606475031003,7500
evaporation_0.2,evaporation,0.2,13,13,1.0,2.0,0.2,7500,2.026911186852802,6.4689089639578015,7500
evaporation_0.2,evaporation,0.2,13,14,1.0,2.0,0.2,7500,2.026911186852802,6.400993348914199,7500
evaporation_0.2,evaporation,0.2,13,15,1.0,2.0,0.2,7500,2.026911186852802,6.341035240096971,7500
evaporation_0.2,evaporation,0.2,13,16,1.0,2.0,0.2,7500,2.026911186852802,6.259044166072272,7500
evaporation_0.2,evaporation,0.2,13,17,1.0,2.0,0.2,7500,2.026911186852802,6.216654033982195,7500
evaporation_0.2,evaporation,0.2,13,18,1.0,2.0,0.2,7500,2.026911186852802,6.364991904934868,7500
evaporation_0.2,evaporation,0.2,13,19,1.0,2.0,0.2,7500,2.026911186852802,6.227805516915396,7500
evaporation_0.2,evaporation,0.2,14,0,1.0,2.0,0.2,7500,1.067134550587395,2.7498431489802897,7500
evaporation_0.2,evaporation,0.2,14,1,1.0,2.0,0.2,7500,1.067134550587395,2.77970944205299,7500
evaporation_0.2,evaporation,0.2,14,2,1.0,2.0,0.2,7500,1.067134550587395,2.7814672390231863,7500
evaporation_0.2,evaporation,0.2,14,3,1.0,2.0,0.2,7500,1.067134550587395,2.8382807259913534,7500
evaporation_0.2,evaporation,0.2,14,4,1.0,2.0,0.2,7500,1.067134550587395,2.7723321999656036,7500
evaporation_0.2,evaporation,0.2,14,5,1.0,2.0,0.2,7500,1.067134550587395,2.8159132750006393,7500
evaporation_0.2,evaporation,0.2,14,6,1.0,2.0,0.2,7500,1.067134550587395,2.8478097799234092,7500
evaporation_0.2,evaporation,0.2,14,7,1.0,2.0,0.2,7500,1.067134550587395,2.7590581430122256,7500
evaporation_0.2,evaporation,0.2,14,8,1.0,2.0,0.2,7500,1.067134550587395,2.785239938995801,7500
evaporation_0.2,evaporation,0.2,14,9,1.0,2.0,0.2,7500,1.067134550587395,2.8791713670361787,7500
evaporation_0.2,evaporation,0.2,14,10,1.0,2.0,0.2,7500,1.067134550587395,2.767482206923887,7500
evaporation_0.2,evaporation,0.2,14,11,1.0,2.0,0.2,7500,1.067134550587395,2.8420746490592137,7500
evaporation_0.2,evaporation,0.2,14,12,1.0,2.0,0.2,7500,1.067134550587395,2.8073063750052825,7500
evaporation_0.2,evaporation,0.2,14,13,1.0,2.0,0.2,7500,1.067134550587395,2.7987349251052365,7500
evaporation_0.2,evaporation,0.2,14,14,1.0,2.0,0.2,7500,1.067134550587395,2.7854481510585174,7500
evaporation_0.2,evaporation,0.2,14,15,1.0,2.0,0.2,7500,1.067134550587395,2.9159736579749733,7500
evaporation_0.2,evaporation,0.2,14,16,1.0,2.0,0.2,7500,1.067134550587395,2.769020469044335,7500
evaporation_0.2,evaporation,0.2,14,17,1.0,2.0,0.2,7500,1.067134550587395,2.845188131905161,7500
evaporation_0.2,evaporation,0.2,14,18,1.0,2.0,0.2,7500,1.067134550587395,2.8865418849745765,7500
evaporation_0.2,evaporation,0.2,14,19,1.0,2.0,0.2,7500,1.067134550587395,2.776650915038772,7500
evaporation_0.2,evaporation,0.2,15,0,1.0,2.0,0.2,7500,2.112602871122433,5.233946720021777,7500
evaporation_0.2,evaporation,0.2,15,1,1.0,2.0,0.2,7500,2.112602871122433,5.289369850070216,7500
evaporation_0.2,evaporation,0.2,15,2,1.0,2.0,0.2,7500,2.112602871122433,5.20911109901499,7500
evaporation_0.2,evaporation,0.2,15,3,1.0,2.0,0.2,7500,2.112602871122433,5.045818569022231,7500
evaporation_0.2,evaporation,0.2,15,4,1.0,2.0,0.2,7500,2.112602871122433,5.04503346607089,7500
evaporation_0.2,evaporation,0.2,15,5,1.0,2.0,0.2,7500,2.112602871122433,5.935584523016587,7500
evaporation_0.2,evaporation,0.2,15,6,1.0,2.0,0.2,7500,2.112602871122433,5.125626660068519,7500
evaporation_0.2,evaporation,0.2,15,7,1.0,2.0,0.2,7500,2.112602871122433,5.318101487006061,7500
evaporation_0.2,evaporation,0.2,15,8,1.0,2.0,0.2,7500,2.112602871122433,5.173574687098153,7500
evaporation_0.2,evaporation,0.2,15,9,1.0,2.0,0.2,7500,2.112602871122433,5.030289951013401,7500
evaporation_0.2,evaporation,0.2,15,10,1.0,2.0,0.2,7500,2.112602871122433,5.128920273040421,7500
evaporation_0.2,evaporation,0.2,15,11,1.0,2.0,0.2,7500,2.112602871122433,5.714323648950085,7500
evaporation_0.2,evaporation,0.2,15,12,1.0,2.0,0.2,7500,2.112602871122433,5.025767512037419,7500
evaporation_0.2,evaporation,0.2,15,13,1.0,2.0,0.2,7500,2.112602871122433,5.112935040029697,7500
evaporation_0.2,evaporation,0.2,15,14,1.0,2.0,0.2,7500,2.112602871122433,5.001991233089939,7500
evaporation_0.2,evaporation,0.2,15,15,1.0,2.0,0.2,7500,2.112602871122433,5.11347542097792,7500
evaporation_0.2,evaporation,0.2,15,16,1.0,2.0,0.2,7500,2.112602871122433,5.153437597909942,7500
evaporation_0.2,evaporation,0.2,15,17,1.0,2.0,0.2,7500,2.112602871122433,5.601691061980091,7500
evaporation_0.2,evaporation,0.2,15,18,1.0,2.0,0.2,7500,2.112602871122433,5.028425235999748,7500
evaporation_0.2,evaporation,0.2,15,19,1.0,2.0,0.2,7500,2.112602871122433,5.279043897986412,7500
evaporation_0.2,evaporation,0.2,16,0,1.0,2.0,0.2,7500,2.159640501700675,9.887487827101722,7500
evaporation_0.2,evaporation,0.2,16,1,1.0,2.0,0.2,7500,2.159640501700675,9.58758102694992,7500
evaporation_0.2,evaporation,0.2,16,2,1.0,2.0,0.2,7500,2.159640501700675,9.887579403002746,7500
evaporation_0.2,evaporation,0.2,16,3,1.0,2.0,0.2,7500,2.159640501700675,10.061227887985297,7500
evaporation_0.2,evaporation,0.2,16,4,1.0,2.0,0.2,7500,2.159640501700675,9.739825234981254,7500
evaporation_0.2,evaporation,0.2,16,5,1.0,2.0,0.2,7500,2.159640501700675,9.574510458041914,7500
evaporation_0.2,evaporation,0.2,16,6,1.0,2.0,0.2,7500,2.159640501700675,9.562049126951024,7500
evaporation_0.2,evaporation,0.2,16,7,1.0,2.0,0.2,7500,2.159640501700675,9.804094374994747,7500
evaporation_0.2,evaporation,0.2,16,8,1.0,2.0,0.2,7500,2.159640501700675,9.918217152007855,7500
evaporation_0.2,evaporation,0.2,16,9,1.0,2.0,0.2,7500,2.159640501700675,9.7533477130346,7500
evaporation_0.2,evaporation,0.2,16,10,1.0,2.0,0.2,7500,2.163603088423454,9.667868202086538,7500
evaporation_0.2,evaporation,0.2,16,11,1.0,2.0,0.2,7500,2.159640501700675,9.558481639949605,7500
evaporation_0.2,evaporation,0.2,16,12,1.0,2.0,0.2,7500,2.159640501700675,9.590657589957118,7500
evaporation_0.2,evaporation,0.2,16,13,1.0,2.0,0.2,7500,2.163290150148553,9.607554701040499,7500
evaporation_0.2,evaporation,0.2,16,14,1.0,2.0,0.2,7500,2.163603088423454,9.641891106963158,7500
evaporation_0.2,evaporation,0.2,16,15,1.0,2.0,0.2,7500,2.159640501700675,9.924092901055701,7500
evaporation_0.2,evaporation,0.2,16,16,1.0,2.0,0.2,7500,2.159640501700675,9.903078702976927,7500
evaporation_0.2,evaporation,0.2,16,17,1.0,2.0,0.2,7500,2.159640501700675,9.615099566988647,7500
evaporation_0.2,evaporation,0.2,16,18,1.0,2.0,0.2,7500,2.159640501700675,9.92675340292044,7500
evaporation_0.2,evaporation,0.2,16,19,1.0,2.0,0.2,7500,2.159640501700675,9.956711928010918,7500
evaporation_0.2,evaporation,0.2,17,0,1.0,2.0,0.2,7500,2.0100547196305705,3.8492745090043172,7500
evaporation_0.2,evaporation,0.2,17,1,1.0,2.0,0.2,7500,2.0100547196305705,4.0223979980219156,7500
evaporation_0.2,evaporation,0.2,17,2,1.0,2.0,0.2,7500,2.0100547196305705,3.9184008369920775,7500
evaporation_0.2,evaporation,0.2,17,3,1.0,2.0,0.2,7500,2.0100547196305705,4.0181950799888,7500
evaporation_0.2,evaporation,0.2,17,4,1.0,2.0,0.2,7500,2.0100547196305705,3.932499603019096,7500
evaporation_0.2,evaporation,0.2,17,5,1.0,2.0,0.2,7500,2.0100547196305705,4.02770212595351,7500
evaporation_0.2,evaporation,0.2,17,6,1.0,2.0,0.2,7500,2.0100547196305705,3.8484934190055355,7500
evaporation_0.2,evaporation,0.2,17,7,1.0,2.0,0.2,7500,2.0100547196305705,4.0258470620028675,7500
evaporation_0.2,evaporation,0.2,17,8,1.0,2.0,0.2,7500,2.0100547196305705,3.9714306780369952,7500
evaporation_0.2,evaporation,0.2,17,9,1.0,2.0,0.2,7500,2.0100547196305705,3.8886059520300478,7500
evaporation_0.2,evaporation,0.2,17,10,1.0,2.0,0.2,7500,2.0100547196305705,4.0427754550473765,7500
evaporation_0.2,evaporation,0.2,17,11,1.0,2.0,0.2,7500,2.0100547196305705,3.883329199044965,7500
evaporation_0.2,evaporation,0.2,17,12,1.0,2.0,0.2,7500,2.0100547196305705,3.930765878991224,7500
evaporation_0.2,evaporation,0.2,17,13,1.0,2.0,0.2,7500,2.0100547196305705,3.839541992987506,7500
evaporation_0.2,evaporation,0.2,17,14,1.0,2.0,0.2,7500,2.0100547196305705,3.9262482170015574,7500
evaporation_0.2,evaporation,0.2,17,15,1.0,2.0,0.2,7500,2.0100547196305705,3.9236465509748086,7500
evaporation_0.2,evaporation,0.2,17,16,1.0,2.0,0.2,7500,2.0100547196305705,3.9816512159304693,7500
evaporation_0.2,evaporation,0.2,17,17,1.0,2.0,0.2,7500,2.0100547196305705,3.893795762094669,7500
evaporation_0.2,evaporation,0.2,17,18,1.0,2.0,0.2,7500,2.0100547196305705,3.9757740539498627,7500
evaporation_0.2,evaporation,0.2,17,19,1.0,2.0,0.2,7500,2.0100547196305705,4.02818527398631,7500
evaporation_0.2,evaporation,0.2,18,0,1.0,2.0,0.2,7500,2.7052757751641314,9.613444664049894,7500
evaporation_0.2,evaporation,0.2,18,1,1.0,2.0,0.2,7500,2.7052757751641314,9.493061760091223,7500
evaporation_0.2,evaporation,0.2,18,2,1.0,2.0,0.2,7500,2.7052757751641314,9.84634167898912,7500
evaporation_0.2,evaporation,0.2,18,3,1.0,2.0,0.2,7500,2.7052757751641314,9.8457226799801,7500
evaporation_0.2,evaporation,0.2,18,4,1.0,2.0,0.2,7500,2.7052757751641314,9.53640512295533,7500
evaporation_0.2,evaporation,0.2,18,5,1.0,2.0,0.2,7500,2.7052757751641314,9.94397086603567,7500
evaporation_0.2,evaporation,0.2,18,6,1.0,2.0,0.2,7500,2.7052757751641314,9.543283544946462,7500
evaporation_0.2,evaporation,0.2,18,7,1.0,2.0,0.2,7500,2.7052757751641314,9.856445653946139,7500
evaporation_0.2,evaporation,0.2,18,8,1.0,2.0,0.2,7500,2.7052757751641314,9.513451402890496,7500
evaporation_0.2,evaporation,0.2,18,9,1.0,2.0,0.2,7500,2.7052757751641314,9.772567767999135,7500
evaporation_0.2,evaporation,0.2,18,10,1.0,2.0,0.2,7500,2.7052757751641314,9.859471269068308,7500
evaporation_0.2,evaporation,0.2,18,11,1.0,2.0,0.2,7500,2.7052757751641314,9.520476697012782,7500
evaporation_0.2,evaporation,0.2,18,12,1.0,2.0,0.2,7500,2.7052757751641314,9.492743639973924,7500
evaporation_0.2,evaporation,0.2,18,13,1.0,2.0,0.2,7500,2.7052757751641314,9.590708735981025,7500
evaporation_0.2,evaporation,0.2,18,14,1.0,2.0,0.2,7500,2.7052757751641314,9.532454448984936,7500
evaporation_0.2,evaporation,0.2,18,15,1.0,2.0,0.2,7500,2.7052757751641314,9.710493281949311,7500
evaporation_0.2,evaporation,0.2,18,16,1.0,2.0,0.2,7500,2.7052757751641314,9.654199617914855,7500
evaporation_0.2,evaporation,0.2,18,17,1.0,2.0,0.2,7500,2.7052757751641314,9.798091155011207,7500
evaporation_0.2,evaporation,0.2,18,18,1.0,2.0,0.2,7500,2.7052757751641314,9.895740707986988,7500
evaporation_0.2,evaporation,0.2,18,19,1.0,2.0,0.2,7500,2.7052757751641314,9.862318090046756,7500
evaporation_0.2,evaporation,0.2,19,0,1.0,2.0,0.2,7500,1.908463713665149,3.30396639497485,7500
evaporation_0.2,evaporation,0.2,19,1,1.0,2.0,0.2,7500,1.908463713665149,3.2859793789684772,7500
evaporation_0.2,evaporation,0.2,19,2,1.0,2.0,0.2,7500,1.908463713665149,3.3721073729684576,7500
evaporation_0.2,evaporation,0.2,19,3,1.0,2.0,0.2,7500,1.908463713665149,3.519965115003288,7500
evaporation_0.2,evaporation,0.2,19,4,1.0,2.0,0.2,7500,1.908463713665149,3.317495997995138,7500
evaporation_0.2,evaporation,0.2,19,5,1.0,2.0,0.2,7500,1.908463713665149,3.4145377980312333,7500
evaporation_0.2,evaporation,0.2,19,6,1.0,2.0,0.2,7500,1.908463713665149,3.498332425020635,7500
evaporation_0.2,evaporation,0.2,19,7,1.0,2.0,0.2,7500,1.908463713665149,3.30525797593873,7500
evaporation_0.2,evaporation,0.2,19,8,1.0,2.0,0.2,7500,1.908463713665149,3.3388867269968614,7500
evaporation_0.2,evaporation,0.2,19,9,1.0,2.0,0.2,7500,1.908463713665149,3.436984446947463,7500
evaporation_0.2,evaporation,0.2,19,10,1.0,2.0,0.2,7500,1.908463713665149,3.412906997022219,7500
evaporation_0.2,evaporation,0.2,19,11,1.0,2.0,0.2,7500,1.908463713665149,3.373604965978302,7500
evaporation_0.2,evaporation,0.2,19,12,1.0,2.0,0.2,7500,1.908463713665149,3.4891854629386216,7500
evaporation_0.2,evaporation,0.2,19,13,1.0,2.0,0.2,7500,1.908463713665149,3.314404946984723,7500
evaporation_0.2,evaporation,0.2,19,14,1.0,2.0,0.2,7500,1.908463713665149,3.302317528054118,7500
evaporation_0.2,evaporation,0.2,19,15,1.0,2.0,0.2,7500,1.908463713665149,3.3940038320142776,7500
evaporation_0.2,evaporation,0.2,19,16,1.0,2.0,0.2,7500,1.908463713665149,3.363938515074551,7500
evaporation_0.2,evaporation,0.2,19,17,1.0,2.0,0.2,7500,1.908463713665149,3.4219442879548296,7500
evaporation_0.2,evaporation,0.2,19,18,1.0,2.0,0.2,7500,1.908463713665149,3.4518274870933965,7500
evaporation_0.2,evaporation,0.2,19,19,1.0,2.0,0.2,7500,1.908463713665149,3.3422012580558658,7500
evaporation_0.2,evaporation,0.2,20,0,1.0,2.0,0.2,7500,2.1697468439523346,5.78498540900182,7500
evaporation_0.2,evaporation,0.2,20,1,1.0,2.0,0.2,7500,2.1697468439523346,5.620121023035608,7500
evaporation_0.2,evaporation,0.2,20,2,1.0,2.0,0.2,7500,2.1697468439523346,5.6882907539838925,7500
evaporation_0.2,evaporation,0.2,20,3,1.0,2.0,0.2,7500,2.1697468439523346,5.712077489006333,7500
evaporation_0.2,evaporation,0.2,20,4,1.0,2.0,0.2,7500,2.1697468439523346,5.8096219330327585,7500
evaporation_0.2,evaporation,0.2,20,5,1.0,2.0,0.2,7500,2.1697468439523346,5.799244825961068,7500
evaporation_0.2,evaporation,0.2,20,6,1.0,2.0,0.2,7500,2.1697468439523346,5.637412759009749,7500
evaporation_0.2,evaporation,0.2,20,7,1.0,2.0,0.2,7500,2.1697468439523346,5.843545695068315,7500
evaporation_0.2,evaporation,0.2,20,8,1.0,2.0,0.2,7500,2.1697468439523346,5.587777017033659,7500
evaporation_0.2,evaporation,0.2,20,9,1.0,2.0,0.2,7500,2.1697468439523346,6.70070201496128,7500
evaporation_0.2,evaporation,0.2,20,10,1.0,2.0,0.2,7500,2.1697468439523346,5.7880616979673505,7500
evaporation_0.2,evaporation,0.2,20,11,1.0,2.0,0.2,7500,2.1697468439523346,5.639419600949623,7500
evaporation_0.2,evaporation,0.2,20,12,1.0,2.0,0.2,7500,2.1697468439523346,5.593848861055449,7500
evaporation_0.2,evaporation,0.2,20,13,1.0,2.0,0.2,7500,2.1697468439523346,5.877870346070267,7500
evaporation_0.2,evaporation,0.2,20,14,1.0,2.0,0.2,7500,2.1697468439523346,5.646816910011694,7500
evaporation_0.2,evaporation,0.2,20,15,1.0,2.0,0.2,7500,2.1697468439523346,5.683802121900953,7500
evaporation_0.2,evaporation,0.2,20,16,1.0,2.0,0.2,7500,2.1697468439523346,5.791027930914424,7500
evaporation_0.2,evaporation,0.2,20,17,1.0,2.0,0.2,7500,2.1697468439523346,5.834596539963968,7500
evaporation_0.2,evaporation,0.2,20,18,1.0,2.0,0.2,7500,2.1697468439523346,5.682136996067129,7500
evaporation_0.2,evaporation,0.2,20,19,1.0,2.0,0.2,7500,2.1697468439523346,5.823833956033923,7500
evaporation_0.2,evaporation,0.2,21,0,1.0,2.0,0.2,7500,2.207342884706021,3.8304865489481017,7500
evaporation_0.2,evaporation,0.2,21,1,1.0,2.0,0.2,7500,2.207342884706021,3.991087396047078,7500
evaporation_0.2,evaporation,0.2,21,2,1.0,2.0,0.2,7500,2.207342884706021,3.910774679039605,7500
evaporation_0.2,evaporation,0.2,21,3,1.0,2.0,0.2,7500,2.207342884706021,3.8078193640103564,7500
evaporation_0.2,evaporation,0.2,21,4,1.0,2.0,0.2,7500,2.207342884706021,4.005057226982899,7500
evaporation_0.2,evaporation,0.2,21,5,1.0,2.0,0.2,7500,2.207342884706021,3.9886013109935448,7500
evaporation_0.2,evaporation,0.2,21,6,1.0,2.0,0.2,7500,2.207342884706021,3.9734043839853257,7500
evaporation_0.2,evaporation,0.2,21,7,1.0,2.0,0.2,7500,2.207342884706021,3.8743679800536484,7500
evaporation_0.2,evaporation,0.2,21,8,1.0,2.0,0.2,7500,2.207342884706021,3.974197961972095,7500
evaporation_0.2,evaporation,0.2,21,9,1.0,2.0,0.2,7500,2.207342884706021,3.8523584820795804,7500
evaporation_0.2,evaporation,0.2,21,10,1.0,2.0,0.2,7500,2.207342884706021,3.8949460979783908,7500
evaporation_0.2,evaporation,0.2,21,11,1.0,2.0,0.2,7500,2.207342884706021,3.9891272039385512,7500
evaporation_0.2,evaporation,0.2,21,12,1.0,2.0,0.2,7500,2.207342884706021,3.857161871972494,7500
evaporation_0.2,evaporation,0.2,21,13,1.0,2.0,0.2,7500,2.207342884706021,4.027976694982499,7500
evaporation_0.2,evaporation,0.2,21,14,1.0,2.0,0.2,7500,2.207342884706021,3.938260554918088,7500
evaporation_0.2,evaporation,0.2,21,15,1.0,2.0,0.2,7500,2.207342884706021,3.964040145976469,7500
evaporation_0.2,evaporation,0.2,21,16,1.0,2.0,0.2,7500,2.207342884706021,3.953025986091234,7500
evaporation_0.2,evaporation,0.2,21,17,1.0,2.0,0.2,7500,2.207342884706021,4.606613949057646,7500
evaporation_0.2,evaporation,0.2,21,18,1.0,2.0,0.2,7500,2.207342884706021,3.8822581379208714,7500
evaporation_0.2,evaporation,0.2,21,19,1.0,2.0,0.2,7500,2.207342884706021,4.0521106029627845,7500
evaporation_0.2,evaporation,0.2,22,0,1.0,2.0,0.2,7500,0.6495626464756479,24.372691993019544,7500
evaporation_0.2,evaporation,0.2,22,1,1.0,2.0,0.2,7500,0.6495626464756479,24.986398190027103,7500
evaporation_0.2,evaporation,0.2,22,2,1.0,2.0,0.2,7500,0.6495626464756479,24.316447913995944,7500
evaporation_0.2,evaporation,0.2,22,3,1.0,2.0,0.2,7500,0.6495626464756479,23.919356072088704,7500
evaporation_0.2,evaporation,0.2,22,4,1.0,2.0,0.2,7500,0.6495626464756479,26.239706727908924,7500
evaporation_0.2,evaporation,0.2,22,5,1.0,2.0,0.2,7500,0.6495626464756479,24.78542613994796,7500
evaporation_0.2,evaporation,0.2,22,6,1.0,2.0,0.2,7500,0.6495626464756479,25.531606768025085,7500
evaporation_0.2,evaporation,0.2,22,7,1.0,2.0,0.2,7500,0.6495626464756479,24.100295834010467,7500
evaporation_0.2,evaporation,0.2,22,8,1.0,2.0,0.2,7500,0.6495626464756479,24.913242670940235,7500
evaporation_0.2,evaporation,0.2,22,9,1.0,2.0,0.2,7500,0.6495626464756479,24.265286808018573,7500
evaporation_0.2,evaporation,0.2,22,10,1.0,2.0,0.2,7500,0.6495626464756479,24.385768211912364,7500
evaporation_0.2,evaporation,0.2,22,11,1.0,2.0,0.2,7500,0.6495626464756479,24.923343564965762,7500
evaporation_0.2,evaporation,0.2,22,12,1.0,2.0,0.2,7500,0.6495626464756479,24.511367656989023,7500
evaporation_0.2,evaporation,0.2,22,13,1.0,2.0,0.2,7500,0.6495626464756479,25.30816588702146,7500
evaporation_0.2,evaporation,0.2,22,14,1.0,2.0,0.2,7500,0.6495626464756479,24.325323131051846,7500
evaporation_0.2,evaporation,0.2,22,15,1.0,2.0,0.2,7500,0.6495626464756479,24.3677365409676,7500
evaporation_0.2,evaporation,0.2,22,16,1.0,2.0,0.2,7500,0.6495626464756479,24.459315394982696,7500
evaporation_0.2,evaporation,0.2,22,17,1.0,2.0,0.2,7500,0.6495626464756479,24.215812413021922,7500
evaporation_0.2,evaporation,0.2,22,18,1.0,2.0,0.2,7500,0.6495626464756479,25.58753241598606,7500
evaporation_0.2,evaporation,0.2,22,19,1.0,2.0,0.2,7500,0.6495626464756479,24.929648451972753,7500
evaporation_0.2,evaporation,0.2,23,0,1.0,2.0,0.2,7500,2.01067302300028,2.244169823010452,7500
evaporation_0.2,evaporation,0.2,23,1,1.0,2.0,0.2,7500,2.01067302300028,2.288326765061356,7500
evaporation_0.2,evaporation,0.2,23,2,1.0,2.0,0.2,7500,2.01067302300028,2.8728099929867312,7500
evaporation_0.2,evaporation,0.2,23,3,1.0,2.0,0.2,7500,2.01067302300028,2.324065267923288,7500
evaporation_0.2,evaporation,0.2,23,4,1.0,2.0,0.2,7500,2.01067302300028,2.2901451740181074,7500
evaporation_0.2,evaporation,0.2,23,5,1.0,2.0,0.2,7500,2.01067302300028,2.380452394951135,7500
evaporation_0.2,evaporation,0.2,23,6,1.0,2.0,0.2,7500,2.01067302300028,2.296742188045755,7500
evaporation_0.2,evaporation,0.2,23,7,1.0,2.0,0.2,7500,2.01067302300028,2.2984097179723904,7500
evaporation_0.2,evaporation,0.2,23,8,1.0,2.0,0.2,7500,2.01067302300028,2.9015714559936896,7500
evaporation_0.2,evaporation,0.2,23,9,1.0,2.0,0.2,7500,2.01067302300028,2.31509698391892,7500
evaporation_0.2,evaporation,0.2,23,10,1.0,2.0,0.2,7500,2.01067302300028,2.2742953050183132,7500
evaporation_0.2,evaporation,0.2,23,11,1.0,2.0,0.2,7500,2.01067302300028,2.3393984489375725,7500
evaporation_0.2,evaporation,0.2,23,12,1.0,2.0,0.2,7500,2.01067302300028,2.3318319419631734,7500
evaporation_0.2,evaporation,0.2,23,13,1.0,2.0,0.2,7500,2.01067302300028,2.367916240938939,7500
evaporation_0.2,evaporation,0.2,23,14,1.0,2.0,0.2,7500,2.01067302300028,2.293083695927635,7500
evaporation_0.2,evaporation,0.2,23,15,1.0,2.0,0.2,7500,2.01067302300028,2.3495722379302606,7500
evaporation_0.2,evaporation,0.2,23,16,1.0,2.0,0.2,7500,2.01067302300028,2.3041063280543312,7500
evaporation_0.2,evaporation,0.2,23,17,1.0,2.0,0.2,7500,2.01067302300028,2.378145906026475,7500
evaporation_0.2,evaporation,0.2,23,18,1.0,2.0,0.2,7500,2.01067302300028,2.3269405480241403,7500
evaporation_0.2,evaporation,0.2,23,19,1.0,2.0,0.2,7500,2.01067302300028,2.2864989690715447,7500
evaporation_0.2,evaporation,0.2,24,0,1.0,2.0,0.2,7500,1.3508272334785483,2.339247470954433,7500
evaporation_0.2,evaporation,0.2,24,1,1.0,2.0,0.2,7500,1.3508272334785483,2.2698473990894854,7500
evaporation_0.2,evaporation,0.2,24,2,1.0,2.0,0.2,7500,1.3508272334785483,2.773574218968861,7500
evaporation_0.2,evaporation,0.2,24,3,1.0,2.0,0.2,7500,1.3508272334785483,2.2402682669926435,7500
evaporation_0.2,evaporation,0.2,24,4,1.0,2.0,0.2,7500,1.3508272334785483,2.2999236560426652,7500
evaporation_0.2,evaporation,0.2,24,5,1.0,2.0,0.2,7500,1.3508272334785483,2.2797321199905127,7500
evaporation_0.2,evaporation,0.2,24,6,1.0,2.0,0.2,7500,1.3508272334785483,2.33910753892269,7500
evaporation_0.2,evaporation,0.2,24,7,1.0,2.0,0.2,7500,1.3508272334785483,2.378695267951116,7500
evaporation_0.2,evaporation,0.2,24,8,1.0,2.0,0.2,7500,1.3508272334785483,2.2779729629401118,7500
evaporation_0.2,evaporation,0.2,24,9,1.0,2.0,0.2,7500,1.3508272334785483,2.4077226440422237,7500
evaporation_0.2,evaporation,0.2,24,10,1.0,2.0,0.2,7500,1.3508272334785483,2.392276866012253,7500
evaporation_0.2,evaporation,0.2,24,11,1.0,2.0,0.2,7500,1.3508272334785483,2.301098927971907,7500
evaporation_0.2,evaporation,0.2,24,12,1.0,2.0,0.2,7500,1.3508272334785483,2.4096723250113428,7500
evaporation_0.2,evaporation,0.2,24,13,1.0,2.0,0.2,7500,1.3508272334785483,2.339034793083556,7500
evaporation_0.2,evaporation,0.2,24,14,1.0,2.0,0.2,7500,1.3508272334785483,2.3008172400295734,7500
evaporation_0.2,evaporation,0.2,24,15,1.0,2.0,0.2,7500,1.3508272334785483,2.3777263739611953,7500
evaporation_0.2,evaporation,0.2,24,16,1.0,2.0,0.2,7500,1.3508272334785483,2.356094493996352,7500
evaporation_0.2,evaporation,0.2,24,17,1.0,2.0,0.2,7500,1.3508272334785483,2.375611016061157,7500
evaporation_0.2,evaporation,0.2,24,18,1.0,2.0,0.2,7500,1.3508272334785483,2.2920825210167095,7500
evaporation_0.2,evaporation,0.2,24,19,1.0,2.0,0.2,7500,1.3508272334785483,2.3549852840369567,7500
evaporation_0.2,evaporation,0.2,25,0,1.0,2.0,0.2,7500,1.9406169918137253,3.401083922944963,7500
evaporation_0.2,evaporation,0.2,25,1,1.0,2.0,0.2,7500,1.9406169918137253,3.4582466069841757,7500
evaporation_0.2,evaporation,0.2,25,2,1.0,2.0,0.2,7500,1.9406169918137253,3.2995697740698233,7500
evaporation_0.2,evaporation,0.2,25,3,1.0,2.0,0.2,7500,1.9406169918137253,3.3055397130083293,7500
evaporation_0.2,evaporation,0.2,25,4,1.0,2.0,0.2,7500,1.9406169918137253,3.455350921023637,7500
evaporation_0.2,evaporation,0.2,25,5,1.0,2.0,0.2,7500,1.9406169918137253,3.4007417620159686,7500
evaporation_0.2,evaporation,0.2,25,6,1.0,2.0,0.2,7500,1.9406169918137253,3.479633021983318,7500
evaporation_0.2,evaporation,0.2,25,7,1.0,2.0,0.2,7500,1.9406169918137253,3.482685562921688,7500
evaporation_0.2,evaporation,0.2,25,8,1.0,2.0,0.2,7500,1.9406169918137253,3.3115060650743544,7500
evaporation_0.2,evaporation,0.2,25,9,1.0,2.0,0.2,7500,1.9406169918137253,3.3701007020426914,7500
evaporation_0.2,evaporation,0.2,25,10,1.0,2.0,0.2,7500,1.9406169918137253,3.398814252112061,7500
evaporation_0.2,evaporation,0.2,25,11,1.0,2.0,0.2,7500,1.9406169918137253,3.5150304379640147,7500
evaporation_0.2,evaporation,0.2,25,12,1.0,2.0,0.2,7500,1.9406169918137253,3.400154320988804,7500
evaporation_0.2,evaporation,0.2,25,13,1.0,2.0,0.2,7500,1.9406169918137253,3.406089855940081,7500
evaporation_0.2,evaporation,0.2,25,14,1.0,2.0,0.2,7500,1.9406169918137253,3.5018467409536242,7500
evaporation_0.2,evaporation,0.2,25,15,1.0,2.0,0.2,7500,1.9406169918137253,3.4129263589857146,7500
evaporation_0.2,evaporation,0.2,25,16,1.0,2.0,0.2,7500,1.9406169918137253,3.398853842052631,7500
evaporation_0.2,evaporation,0.2,25,17,1.0,2.0,0.2,7500,1.9406169918137253,3.4471254650270566,7500
evaporation_0.2,evaporation,0.2,25,18,1.0,2.0,0.2,7500,1.9406169918137253,3.337424495955929,7500
evaporation_0.2,evaporation,0.2,25,19,1.0,2.0,0.2,7500,1.9406169918137253,3.4689420360373333,7500
evaporation_0.2,evaporation,0.2,26,0,1.0,2.0,0.2,7500,2.218200980928021,5.76895891292952,7500
evaporation_0.2,evaporation,0.2,26,1,1.0,2.0,0.2,7500,2.218200980928021,5.912462105974555,7500
evaporation_0.2,evaporation,0.2,26,2,1.0,2.0,0.2,7500,2.218200980928021,5.739123859908432,7500
evaporation_0.2,evaporation,0.2,26,3,1.0,2.0,0.2,7500,2.218200980928021,5.664760509040207,7500
evaporation_0.2,evaporation,0.2,26,4,1.0,2.0,0.2,7500,2.218200980928021,6.204515259014443,7500
evaporation_0.2,evaporation,0.2,26,5,1.0,2.0,0.2,7500,2.218200980928021,5.788060049992055,7500
evaporation_0.2,evaporation,0.2,26,6,1.0,2.0,0.2,7500,2.218200980928021,5.972837158013135,7500
evaporation_0.2,evaporation,0.2,26,7,1.0,2.0,0.2,7500,2.218200980928021,5.665637506986968,7500
evaporation_0.2,evaporation,0.2,26,8,1.0,2.0,0.2,7500,2.218200980928021,6.000857006991282,7500
evaporation_0.2,evaporation,0.2,26,9,1.0,2.0,0.2,7500,2.218200980928021,5.814875941025093,7500
evaporation_0.2,evaporation,0.2,26,10,1.0,2.0,0.2,7500,2.218200980928021,5.731929216999561,7500
evaporation_0.2,evaporation,0.2,26,11,1.0,2.0,0.2,7500,2.218200980928021,5.665236457018182,7500
evaporation_0.2,evaporation,0.2,26,12,1.0,2.0,0.2,7500,2.218200980928021,5.732527934014797,7500
evaporation_0.2,evaporation,0.2,26,13,1.0,2.0,0.2,7500,2.218200980928021,6.282038946985267,7500
evaporation_0.2,evaporation,0.2,26,14,1.0,2.0,0.2,7500,2.218200980928021,5.996119632036425,7500
evaporation_0.2,evaporation,0.2,26,15,1.0,2.0,0.2,7500,2.218200980928021,5.7387932650744915,7500
evaporation_0.2,evaporation,0.2,26,16,1.0,2.0,0.2,7500,2.218200980928021,5.838825914077461,7500
evaporation_0.2,evaporation,0.2,26,17,1.0,2.0,0.2,7500,2.218200980928021,5.699057601043023,7500
evaporation_0.2,evaporation,0.2,26,18,1.0,2.0,0.2,7500,2.218200980928021,5.866819103015587,7500
evaporation_0.2,evaporation,0.2,26,19,1.0,2.0,0.2,7500,2.218200980928021,5.967334241955541,7500
evaporation_0.2,evaporation,0.2,27,0,1.0,2.0,0.2,7500,1.9000621512377234,2.8329967779573053,7500
evaporation_0.2,evaporation,0.2,27,1,1.0,2.0,0.2,7500,1.9000621512377234,2.9247824400663376,7500
evaporation_0.2,evaporation,0.2,27,2,1.0,2.0,0.2,7500,1.9000621512377234,2.8418528460897505,7500
evaporation_0.2,evaporation,0.2,27,3,1.0,2.0,0.2,7500,1.9000621512377234,2.78480866109021,7500
evaporation_0.2,evaporation,0.2,27,4,1.0,2.0,0.2,7500,1.9000621512377234,2.8155466880416498,7500
evaporation_0.2,evaporation,0.2,27,5,1.0,2.0,0.2,7500,1.9000621512377234,2.9613190579693764,7500
evaporation_0.2,evaporation,0.2,27,6,1.0,2.0,0.2,7500,1.9000621512377234,2.8318222380476072,7500
evaporation_0.2,evaporation,0.2,27,7,1.0,2.0,0.2,7500,1.9000621512377234,2.8739084020489827,7500
evaporation_0.2,evaporation,0.2,27,8,1.0,2.0,0.2,7500,1.9000621512377234,2.950027671060525,7500
evaporation_0.2,evaporation,0.2,27,9,1.0,2.0,0.2,7500,1.9000621512377234,2.8924768620636314,7500
evaporation_0.2,evaporation,0.2,27,10,1.0,2.0,0.2,7500,1.9000621512377234,2.8028087290003896,7500
evaporation_0.2,evaporation,0.2,27,11,1.0,2.0,0.2,7500,1.9000621512377234,2.8115394649794325,7500
evaporation_0.2,evaporation,0.2,27,12,1.0,2.0,0.2,7500,1.9000621512377234,2.894301038933918,7500
evaporation_0.2,evaporation,0.2,27,13,1.0,2.0,0.2,7500,1.9000621512377234,2.8800467050168663,7500
evaporation_0.2,evaporation,0.2,27,14,1.0,2.0,0.2,7500,1.9000621512377234,2.8700320039642975,7500
evaporation_0.2,evaporation,0.2,27,15,1.0,2.0,0.2,7500,1.9000621512377234,2.9014605470001698,7500
evaporation_0.2,evaporation,0.2,27,16,1.0,2.0,0.2,7500,1.9000621512377234,2.883367525995709,7500
evaporation_0.2,evaporation,0.2,27,17,1.0,2.0,0.2,7500,1.9000621512377234,2.8706566659966484,7500
evaporation_0.2,evaporation,0.2,27,18,1.0,2.0,0.2,7500,1.9000621512377234,2.8620938929961994,7500
evaporation_0.2,evaporation,0.2,27,19,1.0,2.0,0.2,7500,1.9000621512377234,2.9294492789776996,7500
evaporation_0.2,evaporation,0.2,28,0,1.0,2.0,0.2,7500,2.025980418950708,5.643203257001005,7500
evaporation_0.2,evaporation,0.2,28,1,1.0,2.0,0.2,7500,2.025980418950708,5.958483368973248,7500
evaporation_0.2,evaporation,0.2,28,2,1.0,2.0,0.2,7500,2.025980418950708,5.618532033986412,7500
evaporation_0.2,evaporation,0.2,28,3,1.0,2.0,0.2,7500,2.025980418950708,5.800788421998732,7500
evaporation_0.2,evaporation,0.2,28,4,1.0,2.0,0.2,7500,2.025980418950708,5.69128707901109,7500
evaporation_0.2,evaporation,0.2,28,5,1.0,2.0,0.2,7500,2.025980418950708,5.724349665106274,7500
evaporation_0.2,evaporation,0.2,28,6,1.0,2.0,0.2,7500,2.025980418950708,5.919976442004554,7500
evaporation_0.2,evaporation,0.2,28,7,1.0,2.0,0.2,7500,2.025980418950708,6.529421341023408,7500
evaporation_0.2,evaporation,0.2,28,8,1.0,2.0,0.2,7500,2.025980418950708,5.598468095995486,7500
evaporation_0.2,evaporation,0.2,28,9,1.0,2.0,0.2,7500,2.025980418950708,5.629176792921498,7500
evaporation_0.2,evaporation,0.2,28,10,1.0,2.0,0.2,7500,2.025980418950708,5.7408796440577134,7500
evaporation_0.2,evaporation,0.2,28,11,1.0,2.0,0.2,7500,2.025980418950708,5.8767483500996605,7500
evaporation_0.2,evaporation,0.2,28,12,1.0,2.0,0.2,7500,2.025980418950708,5.775215058005415,7500
evaporation_0.2,evaporation,0.2,28,13,1.0,2.0,0.2,7500,2.025980418950708,5.7457481840392575,7500
evaporation_0.2,evaporation,0.2,28,14,1.0,2.0,0.2,7500,2.025980418950708,5.757737301988527,7500
evaporation_0.2,evaporation,0.2,28,15,1.0,2.0,0.2,7500,2.025980418950708,5.782860585022718,7500
evaporation_0.2,evaporation,0.2,28,16,1.0,2.0,0.2,7500,2.025980418950708,5.644086295040324,7500
evaporation_0.2,evaporation,0.2,28,17,1.0,2.0,0.2,7500,2.025980418950708,5.763519343920052,7500
evaporation_0.2,evaporation,0.2,28,18,1.0,2.0,0.2,7500,2.025980418950708,5.83914326003287,7500
evaporation_0.2,evaporation,0.2,28,19,1.0,2.0,0.2,7500,2.025980418950708,5.881674653035589,7500
evaporation_0.2,evaporation,0.2,29,0,1.0,2.0,0.2,7500,2.4917912704064307,11.520176885998808,7500
evaporation_0.2,evaporation,0.2,29,1,1.0,2.0,0.2,7500,2.4917912704064307,12.094512842944823,7500
evaporation_0.2,evaporation,0.2,29,2,1.0,2.0,0.2,7500,2.4908832129936185,11.584507436025888,7500
evaporation_0.2,evaporation,0.2,29,3,1.0,2.0,0.2,7500,2.4917912704064307,12.38616884406656,7500
evaporation_0.2,evaporation,0.2,29,4,1.0,2.0,0.2,7500,2.4917912704064307,11.496891618939117,7500
evaporation_0.2,evaporation,0.2,29,5,1.0,2.0,0.2,7500,2.490883212993618,11.538174400106072,7500
evaporation_0.2,evaporation,0.2,29,6,1.0,2.0,0.2,7500,2.4908832129936185,11.379174566012807,7500
evaporation_0.2,evaporation,0.2,29,7,1.0,2.0,0.2,7500,2.4917912704064307,11.98353174305521,7500
evaporation_0.2,evaporation,0.2,29,8,1.0,2.0,0.2,7500,2.4917912704064307,11.491114651900716,7500
evaporation_0.2,evaporation,0.2,29,9,1.0,2.0,0.2,7500,2.5185469193175045,11.574232371989638,7500
evaporation_0.2,evaporation,0.2,29,10,1.0,2.0,0.2,7500,2.4908832129936185,11.521366763976403,7500
evaporation_0.2,evaporation,0.2,29,11,1.0,2.0,0.2,7500,2.4908832129936185,11.776070315972902,7500
evaporation_0.2,evaporation,0.2,29,12,1.0,2.0,0.2,7500,2.4908832129936185,11.624710754025728,7500
evaporation_0.2,evaporation,0.2,29,13,1.0,2.0,0.2,7500,2.4917912704064307,11.598103079013526,7500
evaporation_0.2,evaporation,0.2,29,14,1.0,2.0,0.2,7500,2.4917912704064307,11.612074311939068,7500
evaporation_0.2,evaporation,0.2,29,15,1.0,2.0,0.2,7500,2.4917912704064307,11.73815728595946,7500
evaporation_0.2,evaporation,0.2,29,16,1.0,2.0,0.2,7500,2.4908832129936185,11.988143690046854,7500
evaporation_0.2,evaporation,0.2,29,17,1.0,2.0,0.2,7500,2.4908832129936185,11.55487615801394,7500
evaporation_0.2,evaporation,0.2,29,18,1.0,2.0,0.2,7500,2.4908832129936185,11.804792835959233,7500
evaporation_0.2,evaporation,0.2,29,19,1.0,2.0,0.2,7500,2.4908832129936185,11.844968519057147,7500
evaporation_0.2,evaporation,0.2,30,0,1.0,2.0,0.2,7500,1.9337416810526524,6.925255582085811,7500
evaporation_0.2,evaporation,0.2,30,1,1.0,2.0,0.2,7500,1.9298467885369193,6.873618706013076,7500
evaporation_0.2,evaporation,0.2,30,2,1.0,2.0,0.2,7500,1.9298467885369193,6.828851841040887,7500
evaporation_0.2,evaporation,0.2,30,3,1.0,2.0,0.2,7500,1.935846346871392,6.735077615012415,7500
evaporation_0.2,evaporation,0.2,30,4,1.0,2.0,0.2,7500,1.9467712636633852,6.76545652304776,7500
evaporation_0.2,evaporation,0.2,30,5,1.0,2.0,0.2,7500,1.9337416810526524,6.881574742030352,7500
evaporation_0.2,evaporation,0.2,30,6,1.0,2.0,0.2,7500,1.9337416810526524,6.8091224119998515,7500
evaporation_0.2,evaporation,0.2,30,7,1.0,2.0,0.2,7500,1.9337416810526524,6.997989883064292,7500
evaporation_0.2,evaporation,0.2,30,8,1.0,2.0,0.2,7500,1.9337416810526524,6.795587241998874,7500
evaporation_0.2,evaporation,0.2,30,9,1.0,2.0,0.2,7500,1.9361459895210615,6.951208904036321,7500
evaporation_0.2,evaporation,0.2,30,10,1.0,2.0,0.2,7500,1.9337416810526524,7.150802882970311,7500
evaporation_0.2,evaporation,0.2,30,11,1.0,2.0,0.2,7500,1.9298467885369193,7.034363416954875,7500
evaporation_0.2,evaporation,0.2,30,12,1.0,2.0,0.2,7500,1.955778070372509,7.080566229997203,7500
evaporation_0.2,evaporation,0.2,30,13,1.0,2.0,0.2,7500,1.9298467885369195,7.413933288073167,7500
evaporation_0.2,evaporation,0.2,30,14,1.0,2.0,0.2,7500,1.9298467885369193,6.841542984941043,7500
evaporation_0.2,evaporation,0.2,30,15,1.0,2.0,0.2,7500,1.935846346871392,7.012105052010156,7500
evaporation_0.2,evaporation,0.2,30,16,1.0,2.0,0.2,7500,1.935846346871392,7.142726931953803,7500
evaporation_0.2,evaporation,0.2,30,17,1.0,2.0,0.2,7500,1.9337416810526524,7.031737385084853,7500
evaporation_0.2,evaporation,0.2,30,18,1.0,2.0,0.2,7500,1.9298467885369195,6.978187778964639,7500
evaporation_0.2,evaporation,0.2,30,19,1.0,2.0,0.2,7500,1.9337416810526524,7.19459878501948,7500
evaporation_0.8,evaporation,0.8,1,0,1.0,2.0,0.8,7500,1.7739991125114165,6.192178355064243,7500
evaporation_0.8,evaporation,0.8,1,1,1.0,2.0,0.8,7500,1.7739991125114165,6.345742990029976,7500
evaporation_0.8,evaporation,0.8,1,2,1.0,2.0,0.8,7500,1.7739991125114165,6.425155467004515,7500
evaporation_0.8,evaporation,0.8,1,3,1.0,2.0,0.8,7500,1.7739991125114165,6.16524781496264,7500
evaporation_0.8,evaporation,0.8,1,4,1.0,2.0,0.8,7500,1.7739991125114165,6.722954020020552,7500
evaporation_0.8,evaporation,0.8,1,5,1.0,2.0,0.8,7500,1.7739991125114165,6.217426914023235,7500
evaporation_0.8,evaporation,0.8,1,6,1.0,2.0,0.8,7500,1.7851835857089084,6.1240668770624325,7500
evaporation_0.8,evaporation,0.8,1,7,1.0,2.0,0.8,7500,1.7739991125114165,6.366161105921492,7500
evaporation_0.8,evaporation,0.8,1,8,1.0,2.0,0.8,7500,1.7739991125114165,6.842732068966143,7500
evaporation_0.8,evaporation,0.8,1,9,1.0,2.0,0.8,7500,1.7739991125114165,6.328940354986116,7500
evaporation_0.8,evaporation,0.8,1,10,1.0,2.0,0.8,7500,1.7739991125114165,6.241453422931954,7500
evaporation_0.8,evaporation,0.8,1,11,1.0,2.0,0.8,7500,1.7739991125114165,6.293397014960647,7500
evaporation_0.8,evaporation,0.8,1,12,1.0,2.0,0.8,7500,1.7739991125114165,6.522678712033667,7500
evaporation_0.8,evaporation,0.8,1,13,1.0,2.0,0.8,7500,1.7739991125114165,6.468243403942324,7500
evaporation_0.8,evaporation,0.8,1,14,1.0,2.0,0.8,7500,1.7739991125114165,6.368160350015387,7500
evaporation_0.8,evaporation,0.8,1,15,1.0,2.0,0.8,7500,1.7739991125114165,6.453585807932541,7500
evaporation_0.8,evaporation,0.8,1,16,1.0,2.0,0.8,7500,1.7739991125114165,6.7180252419784665,7500
evaporation_0.8,evaporation,0.8,1,17,1.0,2.0,0.8,7500,1.7739991125114165,6.484602292999625,7500
evaporation_0.8,evaporation,0.8,1,18,1.0,2.0,0.8,7500,1.7739991125114165,6.392562831984833,7500
evaporation_0.8,evaporation,0.8,1,19,1.0,2.0,0.8,7500,1.7739991125114165,6.4738966369768605,7500
evaporation_0.8,evaporation,0.8,2,0,1.0,2.0,0.8,7500,2.279975082456949,6.605989966075867,7500
evaporation_0.8,evaporation,0.8,2,1,1.0,2.0,0.8,7500,2.279975082456949,6.798718128004111,7500
evaporation_0.8,evaporation,0.8,2,2,1.0,2.0,0.8,7500,2.279975082456949,6.14981189800892,7500
evaporation_0.8,evaporation,0.8,2,3,1.0,2.0,0.8,7500,2.279975082456949,6.399097358924337,7500
evaporation_0.8,evaporation,0.8,2,4,1.0,2.0,0.8,7500,2.279975082456949,6.202025066013448,7500
evaporation_0.8,evaporation,0.8,2,5,1.0,2.0,0.8,7500,2.279975082456949,6.140191707992926,7500
evaporation_0.8,evaporation,0.8,2,6,1.0,2.0,0.8,7500,2.279975082456949,6.103238703915849,7500
evaporation_0.8,evaporation,0.8,2,7,1.0,2.0,0.8,7500,2.279975082456949,6.277886401978321,7500
evaporation_0.8,evaporation,0.8,2,8,1.0,2.0,0.8,7500,2.279975082456949,6.2736361540155485,7500
evaporation_0.8,evaporation,0.8,2,9,1.0,2.0,0.8,7500,2.279975082456949,6.204868943081237,7500
evaporation_0.8,evaporation,0.8,2,10,1.0,2.0,0.8,7500,2.279975082456949,6.38350833998993,7500
evaporation_0.8,evaporation,0.8,2,11,1.0,2.0,0.8,7500,2.279975082456949,6.3871057940414175,7500
evaporation_0.8,evaporation,0.8,2,12,1.0,2.0,0.8,7500,2.279975082456949,6.36559209600091,7500
evaporation_0.8,evaporation,0.8,2,13,1.0,2.0,0.8,7500,2.279975082456949,6.499737272039056,7500
evaporation_0.8,evaporation,0.8,2,14,1.0,2.0,0.8,7500,2.279975082456949,6.451193762943149,7500
evaporation_0.8,evaporation,0.8,2,15,1.0,2.0,0.8,7500,2.279975082456949,6.345835064072162,7500
evaporation_0.8,evaporation,0.8,2,16,1.0,2.0,0.8,7500,2.279975082456949,6.431175842997618,7500
evaporation_0.8,evaporation,0.8,2,17,1.0,2.0,0.8,7500,2.279975082456949,6.47660321497824,7500
evaporation_0.8,evaporation,0.8,2,18,1.0,2.0,0.8,7500,2.279975082456949,7.144290287978947,7500
evaporation_0.8,evaporation,0.8,2,19,1.0,2.0,0.8,7500,2.279975082456949,6.46240574400872,7500
evaporation_0.8,evaporation,0.8,3,0,1.0,2.0,0.8,7500,2.5554615909469742,8.968187782913446,7500
evaporation_0.8,evaporation,0.8,3,1,1.0,2.0,0.8,7500,2.5554615909469742,8.947803532006219,7500
evaporation_0.8,evaporation,0.8,3,2,1.0,2.0,0.8,7500,2.5554615909469742,9.230104298098013,7500
evaporation_0.8,evaporation,0.8,3,3,1.0,2.0,0.8,7500,2.5554615909469742,9.074385726009496,7500
evaporation_0.8,evaporation,0.8,3,4,1.0,2.0,0.8,7500,2.5554615909469742,9.304694171063602,7500
evaporation_0.8,evaporation,0.8,3,5,1.0,2.0,0.8,7500,2.5554615909469742,9.085194192943163,7500
evaporation_0.8,evaporation,0.8,3,6,1.0,2.0,0.8,7500,2.5554615909469742,8.999432574026287,7500
evaporation_0.8,evaporation,0.8,3,7,1.0,2.0,0.8,7500,2.5554615909469742,9.118195443996228,7500
evaporation_0.8,evaporation,0.8,3,8,1.0,2.0,0.8,7500,2.5554615909469742,9.06928495701868,7500
evaporation_0.8,evaporation,0.8,3,9,1.0,2.0,0.8,7500,2.5554615909469742,9.070751611026935,7500
evaporation_0.8,evaporation,0.8,3,10,1.0,2.0,0.8,7500,2.589072221752102,9.257701770984568,7500
evaporation_0.8,evaporation,0.8,3,11,1.0,2.0,0.8,7500,2.5554615909469742,9.139308430952951,7500
evaporation_0.8,evaporation,0.8,3,12,1.0,2.0,0.8,7500,2.5554615909469742,9.338554524001665,7500
evaporation_0.8,evaporation,0.8,3,13,1.0,2.0,0.8,7500,2.5554615909469742,9.351896553998813,7500
evaporation_0.8,evaporation,0.8,3,14,1.0,2.0,0.8,7500,2.584574629456312,9.19602546398528,7500
evaporation_0.8,evaporation,0.8,3,15,1.0,2.0,0.8,7500,2.5554615909469742,9.23330660792999,7500
evaporation_0.8,evaporation,0.8,3,16,1.0,2.0,0.8,7500,2.5664198809726244,9.622275435947813,7500
evaporation_0.8,evaporation,0.8,3,17,1.0,2.0,0.8,7500,2.5554615909469742,9.333922249032184,7500
evaporation_0.8,evaporation,0.8,3,18,1.0,2.0,0.8,7500,2.5554615909469742,9.369900524034165,7500
evaporation_0.8,evaporation,0.8,3,19,1.0,2.0,0.8,7500,2.5554615909469742,9.208002989995293,7500
evaporation_0.8,evaporation,0.8,4,0,1.0,2.0,0.8,7500,2.1336449325725337,7.329542433959432,7500
evaporation_0.8,evaporation,0.8,4,1,1.0,2.0,0.8,7500,2.1336449325725337,6.919551586033776,7500
evaporation_0.8,evaporation,0.8,4,2,1.0,2.0,0.8,7500,2.1335996845890683,6.90277042996604,7500
evaporation_0.8,evaporation,0.8,4,3,1.0,2.0,0.8,7500,2.133644932572534,7.000095046008937,7500
evaporation_0.8,evaporation,0.8,4,4,1.0,2.0,0.8,7500,2.1335996845890683,6.934953326941468,7500
evaporation_0.8,evaporation,0.8,4,5,1.0,2.0,0.8,7500,2.1336449325725337,6.826612435048446,7500
evaporation_0.8,evaporation,0.8,4,6,1.0,2.0,0.8,7500,2.1335996845890683,6.843053749063984,7500
evaporation_0.8,evaporation,0.8,4,7,1.0,2.0,0.8,7500,2.133644932572534,7.640085836988874,7500
evaporation_0.8,evaporation,0.8,4,8,1.0,2.0,0.8,7500,2.1335996845890683,6.833657425013371,7500
evaporation_0.8,evaporation,0.8,4,9,1.0,2.0,0.8,7500,2.1336449325725337,7.054938777000643,7500
evaporation_0.8,evaporation,0.8,4,10,1.0,2.0,0.8,7500,2.1336449325725337,7.030766234034672,7500
evaporation_0.8,evaporation,0.8,4,11,1.0,2.0,0.8,7500,2.1336449325725337,7.191148729994893,7500
evaporation_0.8,evaporation,0.8,4,12,1.0,2.0,0.8,7500,2.1336449325725337,7.125261247041635,7500
evaporation_0.8,evaporation,0.8,4,13,1.0,2.0,0.8,7500,2.1335996845890683,7.0096089609432966,7500
evaporation_0.8,evaporation,0.8,4,14,1.0,2.0,0.8,7500,2.1335996845890683,7.086812141002156,7500
evaporation_0.8,evaporation,0.8,4,15,1.0,2.0,0.8,7500,2.1335996845890683,7.086744696018286,7500
evaporation_0.8,evaporation,0.8,4,16,1.0,2.0,0.8,7500,2.1335996845890683,7.140792433987372,7500
evaporation_0.8,evaporation,0.8,4,17,1.0,2.0,0.8,7500,2.1335996845890683,7.355781121994369,7500
evaporation_0.8,evaporation,0.8,4,18,1.0,2.0,0.8,7500,2.1335996845890683,6.901813086005859,7500
evaporation_0.8,evaporation,0.8,4,19,1.0,2.0,0.8,7500,2.133644932572534,7.110285446047783,7500
evaporation_0.8,evaporation,0.8,5,0,1.0,2.0,0.8,7500,1.865074221023855,6.70983359508682,7500
evaporation_0.8,evaporation,0.8,5,1,1.0,2.0,0.8,7500,1.865074221023855,7.018871896085329,7500
evaporation_0.8,evaporation,0.8,5,2,1.0,2.0,0.8,7500,1.865074221023855,6.812410370097496,7500
evaporation_0.8,evaporation,0.8,5,3,1.0,2.0,0.8,7500,1.865074221023855,6.747206748928875,7500
evaporation_0.8,evaporation,0.8,5,4,1.0,2.0,0.8,7500,1.865074221023855,6.649860925972462,7500
evaporation_0.8,evaporation,0.8,5,5,1.0,2.0,0.8,7500,1.865074221023855,6.9739357409998775,7500
evaporation_0.8,evaporation,0.8,5,6,1.0,2.0,0.8,7500,1.865074221023855,6.647870376938954,7500
evaporation_0.8,evaporation,0.8,5,7,1.0,2.0,0.8,7500,1.865074221023855,6.771637898054905,7500
evaporation_0.8,evaporation,0.8,5,8,1.0,2.0,0.8,7500,1.865074221023855,6.792751957080327,7500
evaporation_0.8,evaporation,0.8,5,9,1.0,2.0,0.8,7500,1.865074221023855,6.885925383074209,7500
evaporation_0.8,evaporation,0.8,5,10,1.0,2.0,0.8,7500,1.865074221023855,6.823464866029099,7500
evaporation_0.8,evaporation,0.8,5,11,1.0,2.0,0.8,7500,1.865074221023855,6.882271234993823,7500
evaporation_0.8,evaporation,0.8,5,12,1.0,2.0,0.8,7500,1.865074221023855,6.9390901499427855,7500
evaporation_0.8,evaporation,0.8,5,13,1.0,2.0,0.8,7500,1.865074221023855,6.932428359985352,7500
evaporation_0.8,evaporation,0.8,5,14,1.0,2.0,0.8,7500,1.865074221023855,7.029444921063259,7500
evaporation_0.8,evaporation,0.8,5,15,1.0,2.0,0.8,7500,1.865074221023855,6.901302626938559,7500
evaporation_0.8,evaporation,0.8,5,16,1.0,2.0,0.8,7500,1.865074221023855,6.920086365076713,7500
evaporation_0.8,evaporation,0.8,5,17,1.0,2.0,0.8,7500,1.865074221023855,7.068600491969846,7500
evaporation_0.8,evaporation,0.8,5,18,1.0,2.0,0.8,7500,1.865074221023855,6.809104411047883,7500
evaporation_0.8,evaporation,0.8,5,19,1.0,2.0,0.8,7500,1.865074221023855,6.958004486979917,7500
evaporation_0.8,evaporation,0.8,6,0,1.0,2.0,0.8,7500,1.756456461232624,6.469498825026676,7500
evaporation_0.8,evaporation,0.8,6,1,1.0,2.0,0.8,7500,1.756456461232624,6.481468589045107,7500
evaporation_0.8,evaporation,0.8,6,2,1.0,2.0,0.8,7500,1.756456461232624,6.128354883985594,7500
evaporation_0.8,evaporation,0.8,6,3,1.0,2.0,0.8,7500,1.756456461232624,6.245976725011133,7500
evaporation_0.8,evaporation,0.8,6,4,1.0,2.0,0.8,7500,1.756456461232624,6.0999973060097545,7500
evaporation_0.8,evaporation,0.8,6,5,1.0,2.0,0.8,7500,1.756456461232624,6.187346208957024,7500
evaporation_0.8,evaporation,0.8,6,6,1.0,2.0,0.8,7500,1.756456461232624,6.147545396001078,7500
evaporation_0.8,evaporation,0.8,6,7,1.0,2.0,0.8,7500,1.756456461232624,6.190182454069145,7500
evaporation_0.8,evaporation,0.8,6,8,1.0,2.0,0.8,7500,1.756456461232624,6.278660485055298,7500
evaporation_0.8,evaporation,0.8,6,9,1.0,2.0,0.8,7500,1.756456461232624,6.392756871995516,7500
evaporation_0.8,evaporation,0.8,6,10,1.0,2.0,0.8,7500,1.756456461232624,6.3662736979313195,7500
evaporation_0.8,evaporation,0.8,6,11,1.0,2.0,0.8,7500,1.756456461232624,6.3671038571046665,7500
evaporation_0.8,evaporation,0.8,6,12,1.0,2.0,0.8,7500,1.756456461232624,6.424911195994355,7500
evaporation_0.8,evaporation,0.8,6,13,1.0,2.0,0.8,7500,1.756456461232624,6.3700466610025615,7500
evaporation_0.8,evaporation,0.8,6,14,1.0,2.0,0.8,7500,1.756456461232624,6.4788266129326075,7500
evaporation_0.8,evaporation,0.8,6,15,1.0,2.0,0.8,7500,1.756456461232624,6.603841361007653,7500
evaporation_0.8,evaporation,0.8,6,16,1.0,2.0,0.8,7500,1.756456461232624,6.371014942065813,7500
evaporation_0.8,evaporation,0.8,6,17,1.0,2.0,0.8,7500,1.756456461232624,6.261748426943086,7500
evaporation_0.8,evaporation,0.8,6,18,1.0,2.0,0.8,7500,1.756456461232624,6.216321540996432,7500
evaporation_0.8,evaporation,0.8,6,19,1.0,2.0,0.8,7500,1.756456461232624,6.457421623985283,7500
evaporation_0.8,evaporation,0.8,7,0,1.0,2.0,0.8,7500,1.8418822070973002,4.372340849018656,7500
evaporation_0.8,evaporation,0.8,7,1,1.0,2.0,0.8,7500,1.8418822070973002,4.328630271949805,7500
evaporation_0.8,evaporation,0.8,7,2,1.0,2.0,0.8,7500,1.8418822070973002,4.3677239280659705,7500
evaporation_0.8,evaporation,0.8,7,3,1.0,2.0,0.8,7500,1.8418822070973002,4.626918304944411,7500
evaporation_0.8,evaporation,0.8,7,4,1.0,2.0,0.8,7500,1.8418822070973002,4.366783689940348,7500
evaporation_0.8,evaporation,0.8,7,5,1.0,2.0,0.8,7500,1.8418822070973002,4.423462353996001,7500
evaporation_0.8,evaporation,0.8,7,6,1.0,2.0,0.8,7500,1.8418822070973002,4.416097578010522,7500
evaporation_0.8,evaporation,0.8,7,7,1.0,2.0,0.8,7500,1.8418822070973002,4.415881629916839,7500
evaporation_0.8,evaporation,0.8,7,8,1.0,2.0,0.8,7500,1.8418822070973002,4.331271942006424,7500
evaporation_0.8,evaporation,0.8,7,9,1.0,2.0,0.8,7500,1.8418822070973002,5.114270554040559,7500
evaporation_0.8,evaporation,0.8,7,10,1.0,2.0,0.8,7500,1.8418822070973002,5.1908100330038,7500
evaporation_0.8,evaporation,0.8,7,11,1.0,2.0,0.8,7500,1.8418822070973002,4.468202717020176,7500
evaporation_0.8,evaporation,0.8,7,12,1.0,2.0,0.8,7500,1.8418822070973002,4.481651704991236,7500
evaporation_0.8,evaporation,0.8,7,13,1.0,2.0,0.8,7500,1.8418822070973002,4.69080506102182,7500
evaporation_0.8,evaporation,0.8,7,14,1.0,2.0,0.8,7500,1.8418822070973002,4.605818575015292,7500
evaporation_0.8,evaporation,0.8,7,15,1.0,2.0,0.8,7500,1.8418822070973002,4.552166966954246,7500
evaporation_0.8,evaporation,0.8,7,16,1.0,2.0,0.8,7500,1.8418822070973002,4.577897886978462,7500
evaporation_0.8,evaporation,0.8,7,17,1.0,2.0,0.8,7500,1.8418822070973002,4.355168131063692,7500
evaporation_0.8,evaporation,0.8,7,18,1.0,2.0,0.8,7500,1.8418822070973002,4.425992664997466,7500
evaporation_0.8,evaporation,0.8,7,19,1.0,2.0,0.8,7500,1.8418822070973002,4.6004162159515545,7500
evaporation_0.8,evaporation,0.8,8,0,1.0,2.0,0.8,7500,2.4314289960780373,10.592432599049062,7500
evaporation_0.8,evaporation,0.8,8,1,1.0,2.0,0.8,7500,2.4314289960780373,10.747879033908248,7500
evaporation_0.8,evaporation,0.8,8,2,1.0,2.0,0.8,7500,2.4314289960780373,10.480084701091982,7500
evaporation_0.8,evaporation,0.8,8,3,1.0,2.0,0.8,7500,2.4314289960780373,10.614344937959686,7500
evaporation_0.8,evaporation,0.8,8,4,1.0,2.0,0.8,7500,2.4352585724179385,10.809335198020563,7500
evaporation_0.8,evaporation,0.8,8,5,1.0,2.0,0.8,7500,2.4314289960780373,10.696035196073353,7500
evaporation_0.8,evaporation,0.8,8,6,1.0,2.0,0.8,7500,2.4314289960780373,11.061616915976629,7500
evaporation_0.8,evaporation,0.8,8,7,1.0,2.0,0.8,7500,2.476530843043769,10.78705490694847,7500
evaporation_0.8,evaporation,0.8,8,8,1.0,2.0,0.8,7500,2.4314289960780373,10.596858234028332,7500
evaporation_0.8,evaporation,0.8,8,9,1.0,2.0,0.8,7500,2.4314289960780373,10.932839688030072,7500
evaporation_0.8,evaporation,0.8,8,10,1.0,2.0,0.8,7500,2.4916731609193374,11.004627167945728,7500
evaporation_0.8,evaporation,0.8,8,11,1.0,2.0,0.8,7500,2.4314289960780373,10.894452070002444,7500
evaporation_0.8,evaporation,0.8,8,12,1.0,2.0,0.8,7500,2.4314289960780373,11.274697145912796,7500
evaporation_0.8,evaporation,0.8,8,13,1.0,2.0,0.8,7500,2.4314289960780373,11.122759716003202,7500
evaporation_0.8,evaporation,0.8,8,14,1.0,2.0,0.8,7500,2.4314289960780373,11.13287842401769,7500
evaporation_0.8,evaporation,0.8,8,15,1.0,2.0,0.8,7500,2.4314289960780373,11.113322418997996,7500
evaporation_0.8,evaporation,0.8,8,16,1.0,2.0,0.8,7500,2.4314289960780373,10.824900856940076,7500
evaporation_0.8,evaporation,0.8,8,17,1.0,2.0,0.8,7500,2.4314289960780373,10.943125952966511,7500
evaporation_0.8,evaporation,0.8,8,18,1.0,2.0,0.8,7500,2.4314289960780373,10.747058892971836,7500
evaporation_0.8,evaporation,0.8,8,19,1.0,2.0,0.8,7500,2.4352585724179385,11.177626920049079,7500
evaporation_0.8,evaporation,0.8,9,0,1.0,2.0,0.8,7500,2.4122006554120246,7.435821739956737,7500
evaporation_0.8,evaporation,0.8,9,1,1.0,2.0,0.8,7500,2.4122006554120246,7.17785268696025,7500
evaporation_0.8,evaporation,0.8,9,2,1.0,2.0,0.8,7500,2.4122006554120246,7.3778332059737295,7500
evaporation_0.8,evaporation,0.8,9,3,1.0,2.0,0.8,7500,2.4122006554120246,7.204248065012507,7500
evaporation_0.8,evaporation,0.8,9,4,1.0,2.0,0.8,7500,2.4122006554120246,7.345784501056187,7500
evaporation_0.8,evaporation,0.8,9,5,1.0,2.0,0.8,7500,2.4122006554120246,7.344026502920315,7500
evaporation_0.8,evaporation,0.8,9,6,1.0,2.0,0.8,7500,2.4122006554120246,7.530343727907166,7500
evaporation_0.8,evaporation,0.8,9,7,1.0,2.0,0.8,7500,2.4122006554120246,7.333717204048298,7500
evaporation_0.8,evaporation,0.8,9,8,1.0,2.0,0.8,7500,2.4122006554120246,7.399380479007959,7500
evaporation_0.8,evaporation,0.8,9,9,1.0,2.0,0.8,7500,2.4122006554120246,7.491279478999786,7500
evaporation_0.8,evaporation,0.8,9,10,1.0,2.0,0.8,7500,2.4122006554120246,7.402440997073427,7500
evaporation_0.8,evaporation,0.8,9,11,1.0,2.0,0.8,7500,2.4122006554120246,7.506289120996371,7500
evaporation_0.8,evaporation,0.8,9,12,1.0,2.0,0.8,7500,2.4122006554120246,7.565239042043686,7500
evaporation_0.8,evaporation,0.8,9,13,1.0,2.0,0.8,7500,2.4122006554120246,7.522708107018843,7500
evaporation_0.8,evaporation,0.8,9,14,1.0,2.0,0.8,7500,2.4122006554120246,7.271748382947408,7500
evaporation_0.8,evaporation,0.8,9,15,1.0,2.0,0.8,7500,2.4122006554120246,7.584212910034694,7500
evaporation_0.8,evaporation,0.8,9,16,1.0,2.0,0.8,7500,2.4122006554120246,7.552615143940784,7500
evaporation_0.8,evaporation,0.8,9,17,1.0,2.0,0.8,7500,2.4122006554120246,7.267899463069625,7500
evaporation_0.8,evaporation,0.8,9,18,1.0,2.0,0.8,7500,2.4122006554120246,7.367353816982359,7500
evaporation_0.8,evaporation,0.8,9,19,1.0,2.0,0.8,7500,2.4122006554120246,7.622473655035719,7500
evaporation_0.8,evaporation,0.8,10,0,1.0,2.0,0.8,7500,2.2847926646599612,6.371735717984848,7500
evaporation_0.8,evaporation,0.8,10,1,1.0,2.0,0.8,7500,2.3140252728719384,6.1453009160468355,7500
evaporation_0.8,evaporation,0.8,10,2,1.0,2.0,0.8,7500,2.3140252728719384,6.208413077052683,7500
evaporation_0.8,evaporation,0.8,10,3,1.0,2.0,0.8,7500,2.3140252728719384,6.195404954021797,7500
evaporation_0.8,evaporation,0.8,10,4,1.0,2.0,0.8,7500,2.2847926646599612,6.279277486959472,7500
evaporation_0.8,evaporation,0.8,10,5,1.0,2.0,0.8,7500,2.3140252728719384,6.327802096027881,7500
evaporation_0.8,evaporation,0.8,10,6,1.0,2.0,0.8,7500,2.3140252728719384,6.386548792012036,7500
evaporation_0.8,evaporation,0.8,10,7,1.0,2.0,0.8,7500,2.2847926646599612,6.401697827968746,7500
evaporation_0.8,evaporation,0.8,10,8,1.0,2.0,0.8,7500,2.2847926646599612,6.131777089089155,7500
evaporation_0.8,evaporation,0.8,10,9,1.0,2.0,0.8,7500,2.3140252728719384,6.355490006972104,7500
evaporation_0.8,evaporation,0.8,10,10,1.0,2.0,0.8,7500,2.2847926646599612,6.320472022052854,7500
evaporation_0.8,evaporation,0.8,10,11,1.0,2.0,0.8,7500,2.3140252728719384,6.3383966139517725,7500
evaporation_0.8,evaporation,0.8,10,12,1.0,2.0,0.8,7500,2.2847926646599612,6.202226549037732,7500
evaporation_0.8,evaporation,0.8,10,13,1.0,2.0,0.8,7500,2.2847926646599612,6.487185065983795,7500
evaporation_0.8,evaporation,0.8,10,14,1.0,2.0,0.8,7500,2.2847926646599612,6.722473822068423,7500
evaporation_0.8,evaporation,0.8,10,15,1.0,2.0,0.8,7500,2.3140252728719384,6.156470463029109,7500
evaporation_0.8,evaporation,0.8,10,16,1.0,2.0,0.8,7500,2.2847926646599612,6.532059304998256,7500
evaporation_0.8,evaporation,0.8,10,17,1.0,2.0,0.8,7500,2.2847926646599612,6.584940450033173,7500
evaporation_0.8,evaporation,0.8,10,18,1.0,2.0,0.8,7500,2.3148178967915585,6.387838818016462,7500
evaporation_0.8,evaporation,0.8,10,19,1.0,2.0,0.8,7500,2.3140252728719384,6.493039596010931,7500
evaporation_0.8,evaporation,0.8,11,0,1.0,2.0,0.8,7500,2.8536361372638583,6.093260577996261,7500
evaporation_0.8,evaporation,0.8,11,1,1.0,2.0,0.8,7500,2.866604229159078,6.523568974924274,7500
evaporation_0.8,evaporation,0.8,11,2,1.0,2.0,0.8,7500,2.6881673361169907,6.200412663980387,7500
evaporation_0.8,evaporation,0.8,11,3,1.0,2.0,0.8,7500,2.7982154383869875,6.244857409968972,7500
evaporation_0.8,evaporation,0.8,11,4,1.0,2.0,0.8,7500,2.694971670426138,6.246596704004332,7500
evaporation_0.8,evaporation,0.8,11,5,1.0,2.0,0.8,7500,2.694971670426138,6.456328328000382,7500
evaporation_0.8,evaporation,0.8,11,6,1.0,2.0,0.8,7500,2.8321930686067613,6.156897765002213,7500
evaporation_0.8,evaporation,0.8,11,7,1.0,2.0,0.8,7500,2.866604229159078,6.205131001072004,7500
evaporation_0.8,evaporation,0.8,11,8,1.0,2.0,0.8,7500,2.866604229159078,6.490807050024159,7500
evaporation_0.8,evaporation,0.8,11,9,1.0,2.0,0.8,7500,2.694971670426138,6.422844756045379,7500
evaporation_0.8,evaporation,0.8,11,10,1.0,2.0,0.8,7500,2.866604229159078,6.378991859965026,7500
evaporation_0.8,evaporation,0.8,11,11,1.0,2.0,0.8,7500,2.7982154383869875,6.40078151691705,7500
evaporation_0.8,evaporation,0.8,11,12,1.0,2.0,0.8,7500,2.866604229159078,6.237514236941934,7500
evaporation_0.8,evaporation,0.8,11,13,1.0,2.0,0.8,7500,2.8321930686067613,6.196843782905489,7500
evaporation_0.8,evaporation,0.8,11,14,1.0,2.0,0.8,7500,2.8321930686067613,6.435913296067156,7500
evaporation_0.8,evaporation,0.8,11,15,1.0,2.0,0.8,7500,2.8321930686067613,6.426605421002023,7500
evaporation_0.8,evaporation,0.8,11,16,1.0,2.0,0.8,7500,2.8239945847801433,6.401365507976152,7500
evaporation_0.8,evaporation,0.8,11,17,1.0,2.0,0.8,7500,2.8239945847801433,6.381142872036435,7500
evaporation_0.8,evaporation,0.8,11,18,1.0,2.0,0.8,7500,2.694971670426138,6.440961349057034,7500
evaporation_0.8,evaporation,0.8,11,19,1.0,2.0,0.8,7500,2.724613222909853,6.435792854055762,7500
evaporation_0.8,evaporation,0.8,12,0,1.0,2.0,0.8,7500,1.4400682975484465,8.286677576950751,7500
evaporation_0.8,evaporation,0.8,12,1,1.0,2.0,0.8,7500,1.4263484665422361,8.411708450992592,7500
evaporation_0.8,evaporation,0.8,12,2,1.0,2.0,0.8,7500,1.4629409667745168,8.407708099926822,7500
evaporation_0.8,evaporation,0.8,12,3,1.0,2.0,0.8,7500,1.439743516359057,8.49453147710301,7500
evaporation_0.8,evaporation,0.8,12,4,1.0,2.0,0.8,7500,1.4480307851671983,8.560744025977328,7500
evaporation_0.8,evaporation,0.8,12,5,1.0,2.0,0.8,7500,1.4480307851671983,8.510520079988055,7500
evaporation_0.8,evaporation,0.8,12,6,1.0,2.0,0.8,7500,1.4263484665422361,8.467936848057434,7500
evaporation_0.8,evaporation,0.8,12,7,1.0,2.0,0.8,7500,1.439743516359057,8.444809350068681,7500
evaporation_0.8,evaporation,0.8,12,8,1.0,2.0,0.8,7500,1.4400682975484465,8.751804945990443,7500
evaporation_0.8,evaporation,0.8,12,9,1.0,2.0,0.8,7500,1.4263484665422361,8.645372177939862,7500
evaporation_0.8,evaporation,0.8,12,10,1.0,2.0,0.8,7500,1.4629409667745168,9.18251281697303,7500
evaporation_0.8,evaporation,0.8,12,11,1.0,2.0,0.8,7500,1.4400682975484465,8.557721677003428,7500
evaporation_0.8,evaporation,0.8,12,12,1.0,2.0,0.8,7500,1.4263484665422361,8.424586845911108,7500
evaporation_0.8,evaporation,0.8,12,13,1.0,2.0,0.8,7500,1.4400682975484465,9.135203176992945,7500
evaporation_0.8,evaporation,0.8,12,14,1.0,2.0,0.8,7500,1.4400682975484465,8.64069249399472,7500
evaporation_0.8,evaporation,0.8,12,15,1.0,2.0,0.8,7500,1.4629409667745168,8.660506805987097,7500
evaporation_0.8,evaporation,0.8,12,16,1.0,2.0,0.8,7500,1.4263484665422361,8.458273764001206,7500
evaporation_0.8,evaporation,0.8,12,17,1.0,2.0,0.8,7500,1.4400682975484465,8.625246781040914,7500
evaporation_0.8,evaporation,0.8,12,18,1.0,2.0,0.8,7500,1.4400682975484465,8.566600037971511,7500
evaporation_0.8,evaporation,0.8,12,19,1.0,2.0,0.8,7500,1.4260236853528467,8.715624072938226,7500
evaporation_0.8,evaporation,0.8,13,0,1.0,2.0,0.8,7500,2.080079610501402,6.272885187994689,7500
evaporation_0.8,evaporation,0.8,13,1,1.0,2.0,0.8,7500,2.0269111868528022,6.193891469971277,7500
evaporation_0.8,evaporation,0.8,13,2,1.0,2.0,0.8,7500,2.026911186852802,6.193750658072531,7500
evaporation_0.8,evaporation,0.8,13,3,1.0,2.0,0.8,7500,2.026911186852802,6.289926018915139,7500
evaporation_0.8,evaporation,0.8,13,4,1.0,2.0,0.8,7500,2.064340106337574,6.179657388012856,7500
evaporation_0.8,evaporation,0.8,13,5,1.0,2.0,0.8,7500,2.026911186852802,6.2090428720694035,7500
evaporation_0.8,evaporation,0.8,13,6,1.0,2.0,0.8,7500,2.080079610501402,6.192098799045198,7500
evaporation_0.8,evaporation,0.8,13,7,1.0,2.0,0.8,7500,2.026911186852802,6.217461783089675,7500
evaporation_0.8,evaporation,0.8,13,8,1.0,2.0,0.8,7500,2.064340106337574,6.431675555068068,7500
evaporation_0.8,evaporation,0.8,13,9,1.0,2.0,0.8,7500,2.064340106337574,6.279131043935195,7500
evaporation_0.8,evaporation,0.8,13,10,1.0,2.0,0.8,7500,2.026911186852802,6.1313430920708925,7500
evaporation_0.8,evaporation,0.8,13,11,1.0,2.0,0.8,7500,2.064340106337574,6.330130420974456,7500
evaporation_0.8,evaporation,0.8,13,12,1.0,2.0,0.8,7500,2.0726502832263325,6.3747502689948305,7500
evaporation_0.8,evaporation,0.8,13,13,1.0,2.0,0.8,7500,2.026911186852802,6.320023577078246,7500
evaporation_0.8,evaporation,0.8,13,14,1.0,2.0,0.8,7500,2.026911186852802,6.26605880795978,7500
evaporation_0.8,evaporation,0.8,13,15,1.0,2.0,0.8,7500,2.026911186852802,6.193834831006825,7500
evaporation_0.8,evaporation,0.8,13,16,1.0,2.0,0.8,7500,2.0269111868528022,6.462263387045823,7500
evaporation_0.8,evaporation,0.8,13,17,1.0,2.0,0.8,7500,2.026911186852802,6.330306140007451,7500
evaporation_0.8,evaporation,0.8,13,18,1.0,2.0,0.8,7500,2.026911186852802,6.252478049020283,7500
evaporation_0.8,evaporation,0.8,13,19,1.0,2.0,0.8,7500,2.026911186852802,6.356475056963973,7500
evaporation_0.8,evaporation,0.8,14,0,1.0,2.0,0.8,7500,1.067134550587395,2.809833760955371,7500
evaporation_0.8,evaporation,0.8,14,1,1.0,2.0,0.8,7500,1.067134550587395,2.767749020946212,7500
evaporation_0.8,evaporation,0.8,14,2,1.0,2.0,0.8,7500,1.067134550587395,2.800928501994349,7500
evaporation_0.8,evaporation,0.8,14,3,1.0,2.0,0.8,7500,1.067134550587395,2.846000541932881,7500
evaporation_0.8,evaporation,0.8,14,4,1.0,2.0,0.8,7500,1.067134550587395,2.7838340629823506,7500
evaporation_0.8,evaporation,0.8,14,5,1.0,2.0,0.8,7500,1.067134550587395,2.811250972095877,7500
evaporation_0.8,evaporation,0.8,14,6,1.0,2.0,0.8,7500,1.067134550587395,2.818702276912518,7500
evaporation_0.8,evaporation,0.8,14,7,1.0,2.0,0.8,7500,1.067134550587395,2.831816787016578,7500
evaporation_0.8,evaporation,0.8,14,8,1.0,2.0,0.8,7500,1.067134550587395,2.890958945034072,7500
evaporation_0.8,evaporation,0.8,14,9,1.0,2.0,0.8,7500,1.067134550587395,2.7799409930594265,7500
evaporation_0.8,evaporation,0.8,14,10,1.0,2.0,0.8,7500,1.067134550587395,2.8877014570171013,7500
evaporation_0.8,evaporation,0.8,14,11,1.0,2.0,0.8,7500,1.067134550587395,2.81872165389359,7500
evaporation_0.8,evaporation,0.8,14,12,1.0,2.0,0.8,7500,1.067134550587395,2.7861067780759186,7500
evaporation_0.8,evaporation,0.8,14,13,1.0,2.0,0.8,7500,1.067134550587395,2.8532928969943896,7500
evaporation_0.8,evaporation,0.8,14,14,1.0,2.0,0.8,7500,1.067134550587395,2.7944562630727887,7500
evaporation_0.8,evaporation,0.8,14,15,1.0,2.0,0.8,7500,1.067134550587395,2.7865271769696847,7500
evaporation_0.8,evaporation,0.8,14,16,1.0,2.0,0.8,7500,1.067134550587395,2.8617899080272764,7500
evaporation_0.8,evaporation,0.8,14,17,1.0,2.0,0.8,7500,1.067134550587395,2.7941873009549454,7500
evaporation_0.8,evaporation,0.8,14,18,1.0,2.0,0.8,7500,1.067134550587395,2.7784574480028823,7500
evaporation_0.8,evaporation,0.8,14,19,1.0,2.0,0.8,7500,1.067134550587395,2.8959851590916514,7500
evaporation_0.8,evaporation,0.8,15,0,1.0,2.0,0.8,7500,2.112602871122433,5.06236323795747,7500
evaporation_0.8,evaporation,0.8,15,1,1.0,2.0,0.8,7500,2.112602871122433,5.043730886070989,7500
evaporation_0.8,evaporation,0.8,15,2,1.0,2.0,0.8,7500,2.112602871122433,5.19500736403279,7500
evaporation_0.8,evaporation,0.8,15,3,1.0,2.0,0.8,7500,2.112602871122433,5.216365235974081,7500
evaporation_0.8,evaporation,0.8,15,4,1.0,2.0,0.8,7500,2.1148327769950863,5.208810489042662,7500
evaporation_0.8,evaporation,0.8,15,5,1.0,2.0,0.8,7500,2.1148327769950863,5.341533840983175,7500
evaporation_0.8,evaporation,0.8,15,6,1.0,2.0,0.8,7500,2.112602871122433,5.249725030967966,7500
evaporation_0.8,evaporation,0.8,15,7,1.0,2.0,0.8,7500,2.112602871122433,5.244180875946768,7500
evaporation_0.8,evaporation,0.8,15,8,1.0,2.0,0.8,7500,2.112602871122433,4.964585743029602,7500
evaporation_0.8,evaporation,0.8,15,9,1.0,2.0,0.8,7500,2.112602871122433,5.814818740007468,7500
evaporation_0.8,evaporation,0.8,15,10,1.0,2.0,0.8,7500,2.112602871122433,5.072803676943295,7500
evaporation_0.8,evaporation,0.8,15,11,1.0,2.0,0.8,7500,2.112602871122433,5.23487263394054,7500
evaporation_0.8,evaporation,0.8,15,12,1.0,2.0,0.8,7500,2.112602871122433,5.109329586965032,7500
evaporation_0.8,evaporation,0.8,15,13,1.0,2.0,0.8,7500,2.1148327769950863,5.170373354922049,7500
evaporation_0.8,evaporation,0.8,15,14,1.0,2.0,0.8,7500,2.112602871122433,5.354554936988279,7500
evaporation_0.8,evaporation,0.8,15,15,1.0,2.0,0.8,7500,2.112602871122433,5.075390937039629,7500
evaporation_0.8,evaporation,0.8,15,16,1.0,2.0,0.8,7500,2.112602871122433,5.103321600938216,7500
evaporation_0.8,evaporation,0.8,15,17,1.0,2.0,0.8,7500,2.112602871122433,5.123515293002129,7500
evaporation_0.8,evaporation,0.8,15,18,1.0,2.0,0.8,7500,2.1201527161838998,5.0054624860640615,7500
evaporation_0.8,evaporation,0.8,15,19,1.0,2.0,0.8,7500,2.112602871122433,5.180307648028247,7500
evaporation_0.8,evaporation,0.8,16,0,1.0,2.0,0.8,7500,2.159640501700675,9.576391470967792,7500
evaporation_0.8,evaporation,0.8,16,1,1.0,2.0,0.8,7500,2.163603088423454,9.549115455010906,7500
evaporation_0.8,evaporation,0.8,16,2,1.0,2.0,0.8,7500,2.159640501700675,9.716230535064824,7500
evaporation_0.8,evaporation,0.8,16,3,1.0,2.0,0.8,7500,2.159640501700675,9.899711617035791,7500
evaporation_0.8,evaporation,0.8,16,4,1.0,2.0,0.8,7500,2.1596405017006752,9.52481885603629,7500
evaporation_0.8,evaporation,0.8,16,5,1.0,2.0,0.8,7500,2.159640501700675,9.765493968036026,7500
evaporation_0.8,evaporation,0.8,16,6,1.0,2.0,0.8,7500,2.159640501700675,9.803238449036144,7500
evaporation_0.8,evaporation,0.8,16,7,1.0,2.0,0.8,7500,2.159640501700675,9.370374483987689,7500
evaporation_0.8,evaporation,0.8,16,8,1.0,2.0,0.8,7500,2.159640501700675,9.768443375010975,7500
evaporation_0.8,evaporation,0.8,16,9,1.0,2.0,0.8,7500,2.159640501700675,9.502307186019607,7500
evaporation_0.8,evaporation,0.8,16,10,1.0,2.0,0.8,7500,2.1632901501485526,9.577191911987029,7500
evaporation_0.8,evaporation,0.8,16,11,1.0,2.0,0.8,7500,2.159640501700675,9.875687573920004,7500
evaporation_0.8,evaporation,0.8,16,12,1.0,2.0,0.8,7500,2.163603088423454,9.755825095926411,7500
evaporation_0.8,evaporation,0.8,16,13,1.0,2.0,0.8,7500,2.163603088423454,9.458970300969668,7500
evaporation_0.8,evaporation,0.8,16,14,1.0,2.0,0.8,7500,2.159640501700675,9.880048388033174,7500
evaporation_0.8,evaporation,0.8,16,15,1.0,2.0,0.8,7500,2.159640501700675,9.724110849900171,7500
evaporation_0.8,evaporation,0.8,16,16,1.0,2.0,0.8,7500,2.159640501700675,9.567668952979147,7500
evaporation_0.8,evaporation,0.8,16,17,1.0,2.0,0.8,7500,2.1596405017006752,9.851406861911528,7500
evaporation_0.8,evaporation,0.8,16,18,1.0,2.0,0.8,7500,2.163603088423454,9.537523080012761,7500
evaporation_0.8,evaporation,0.8,16,19,1.0,2.0,0.8,7500,2.1596405017006752,9.827753247926012,7500
evaporation_0.8,evaporation,0.8,17,0,1.0,2.0,0.8,7500,2.0100547196305705,3.9263168360339478,7500
evaporation_0.8,evaporation,0.8,17,1,1.0,2.0,0.8,7500,2.0100547196305705,3.9207143780076876,7500
evaporation_0.8,evaporation,0.8,17,2,1.0,2.0,0.8,7500,2.0100547196305705,3.948947384953499,7500
evaporation_0.8,evaporation,0.8,17,3,1.0,2.0,0.8,7500,2.0100547196305705,3.843577246996574,7500
evaporation_0.8,evaporation,0.8,17,4,1.0,2.0,0.8,7500,2.0100547196305705,4.050364988972433,7500
evaporation_0.8,evaporation,0.8,17,5,1.0,2.0,0.8,7500,2.0100547196305705,3.8557876308914274,7500
evaporation_0.8,evaporation,0.8,17,6,1.0,2.0,0.8,7500,2.0100547196305705,3.993911096942611,7500
evaporation_0.8,evaporation,0.8,17,7,1.0,2.0,0.8,7500,2.0100547196305705,3.9984428400639445,7500
evaporation_0.8,evaporation,0.8,17,8,1.0,2.0,0.8,7500,2.0100547196305705,3.9154587601078674,7500
evaporation_0.8,evaporation,0.8,17,9,1.0,2.0,0.8,7500,2.0100547196305705,3.876252128975466,7500
evaporation_0.8,evaporation,0.8,17,10,1.0,2.0,0.8,7500,2.0100547196305705,3.8875974799739197,7500
evaporation_0.8,evaporation,0.8,17,11,1.0,2.0,0.8,7500,2.0100547196305705,3.933021926903166,7500
evaporation_0.8,evaporation,0.8,17,12,1.0,2.0,0.8,7500,2.0100547196305705,4.030601806007326,7500
evaporation_0.8,evaporation,0.8,17,13,1.0,2.0,0.8,7500,2.0100547196305705,3.974580795969814,7500
evaporation_0.8,evaporation,0.8,17,14,1.0,2.0,0.8,7500,2.0100547196305705,3.989229612983763,7500
evaporation_0.8,evaporation,0.8,17,15,1.0,2.0,0.8,7500,2.0100547196305705,4.165326442103833,7500
evaporation_0.8,evaporation,0.8,17,16,1.0,2.0,0.8,7500,2.0100547196305705,3.938927431940101,7500
evaporation_0.8,evaporation,0.8,17,17,1.0,2.0,0.8,7500,2.0100547196305705,4.0053560610394925,7500
evaporation_0.8,evaporation,0.8,17,18,1.0,2.0,0.8,7500,2.0100547196305705,4.5371020110324025,7500
evaporation_0.8,evaporation,0.8,17,19,1.0,2.0,0.8,7500,2.0100547196305705,4.017970247077756,7500
evaporation_0.8,evaporation,0.8,18,0,1.0,2.0,0.8,7500,2.7052757751641314,9.768656047992408,7500
evaporation_0.8,evaporation,0.8,18,1,1.0,2.0,0.8,7500,2.7052757751641314,9.654590021003969,7500
evaporation_0.8,evaporation,0.8,18,2,1.0,2.0,0.8,7500,2.7052757751641314,9.558471808908507,7500
evaporation_0.8,evaporation,0.8,18,3,1.0,2.0,0.8,7500,2.7052757751641314,9.753228081041016,7500
evaporation_0.8,evaporation,0.8,18,4,1.0,2.0,0.8,7500,2.7052757751641314,9.69117462891154,7500
evaporation_0.8,evaporation,0.8,18,5,1.0,2.0,0.8,7500,2.7052757751641314,9.877341790008359,7500
evaporation_0.8,evaporation,0.8,18,6,1.0,2.0,0.8,7500,2.7052757751641314,10.072591103962623,7500
evaporation_0.8,evaporation,0.8,18,7,1.0,2.0,0.8,7500,2.7052757751641314,10.201669291011058,7500
evaporation_0.8,evaporation,0.8,18,8,1.0,2.0,0.8,7500,2.7052757751641314,9.98695620894432,7500
evaporation_0.8,evaporation,0.8,18,9,1.0,2.0,0.8,7500,2.7052757751641314,9.579416016000323,7500
evaporation_0.8,evaporation,0.8,18,10,1.0,2.0,0.8,7500,2.7052757751641314,9.91454239806626,7500
evaporation_0.8,evaporation,0.8,18,11,1.0,2.0,0.8,7500,2.7052757751641314,9.557891673990525,7500
evaporation_0.8,evaporation,0.8,18,12,1.0,2.0,0.8,7500,2.7052757751641314,9.829531594994478,7500
evaporation_0.8,evaporation,0.8,18,13,1.0,2.0,0.8,7500,2.7052757751641314,9.94859152205754,7500
evaporation_0.8,evaporation,0.8,18,14,1.0,2.0,0.8,7500,2.7052757751641314,9.562114762025885,7500
evaporation_0.8,evaporation,0.8,18,15,1.0,2.0,0.8,7500,2.7052757751641314,9.6424147519283,7500
evaporation_0.8,evaporation,0.8,18,16,1.0,2.0,0.8,7500,2.7052757751641314,9.82949189899955,7500
evaporation_0.8,evaporation,0.8,18,17,1.0,2.0,0.8,7500,2.7052757751641314,10.144453880027868,7500
evaporation_0.8,evaporation,0.8,18,18,1.0,2.0,0.8,7500,2.7052757751641314,9.929993084981106,7500
evaporation_0.8,evaporation,0.8,18,19,1.0,2.0,0.8,7500,2.7052757751641314,9.91925261192955,7500
evaporation_0.8,evaporation,0.8,19,0,1.0,2.0,0.8,7500,1.908463713665149,3.340324567980133,7500
evaporation_0.8,evaporation,0.8,19,1,1.0,2.0,0.8,7500,1.908463713665149,3.3464581730077043,7500
evaporation_0.8,evaporation,0.8,19,2,1.0,2.0,0.8,7500,1.908463713665149,3.473084514029324,7500
evaporation_0.8,evaporation,0.8,19,3,1.0,2.0,0.8,7500,1.908463713665149,3.4089469409082085,7500
evaporation_0.8,evaporation,0.8,19,4,1.0,2.0,0.8,7500,1.908463713665149,3.3258084889966995,7500
evaporation_0.8,evaporation,0.8,19,5,1.0,2.0,0.8,7500,1.908463713665149,3.4408350739395246,7500
evaporation_0.8,evaporation,0.8,19,6,1.0,2.0,0.8,7500,1.908463713665149,3.432243249961175,7500
evaporation_0.8,evaporation,0.8,19,7,1.0,2.0,0.8,7500,1.908463713665149,3.29743288399186,7500
evaporation_0.8,evaporation,0.8,19,8,1.0,2.0,0.8,7500,1.908463713665149,3.4357236749492586,7500
evaporation_0.8,evaporation,0.8,19,9,1.0,2.0,0.8,7500,1.908463713665149,3.4208831409923732,7500
evaporation_0.8,evaporation,0.8,19,10,1.0,2.0,0.8,7500,1.908463713665149,3.386532333912328,7500
evaporation_0.8,evaporation,0.8,19,11,1.0,2.0,0.8,7500,1.908463713665149,3.4058497940422967,7500
evaporation_0.8,evaporation,0.8,19,12,1.0,2.0,0.8,7500,1.908463713665149,3.3123495150357485,7500
evaporation_0.8,evaporation,0.8,19,13,1.0,2.0,0.8,7500,1.908463713665149,3.361523392959498,7500
evaporation_0.8,evaporation,0.8,19,14,1.0,2.0,0.8,7500,1.908463713665149,3.2913379619130865,7500
evaporation_0.8,evaporation,0.8,19,15,1.0,2.0,0.8,7500,1.908463713665149,3.4894034439930692,7500
evaporation_0.8,evaporation,0.8,19,16,1.0,2.0,0.8,7500,1.908463713665149,3.429353056009859,7500
evaporation_0.8,evaporation,0.8,19,17,1.0,2.0,0.8,7500,1.908463713665149,3.538061228930019,7500
evaporation_0.8,evaporation,0.8,19,18,1.0,2.0,0.8,7500,1.908463713665149,3.359837612020783,7500
evaporation_0.8,evaporation,0.8,19,19,1.0,2.0,0.8,7500,1.908463713665149,3.315216177026741,7500
evaporation_0.8,evaporation,0.8,20,0,1.0,2.0,0.8,7500,2.1697468439523346,5.774567535030656,7500
evaporation_0.8,evaporation,0.8,20,1,1.0,2.0,0.8,7500,2.1697468439523346,5.734046719968319,7500
evaporation_0.8,evaporation,0.8,20,2,1.0,2.0,0.8,7500,2.1697468439523346,5.912852191017009,7500
evaporation_0.8,evaporation,0.8,20,3,1.0,2.0,0.8,7500,2.1697468439523346,5.703559678047895,7500
evaporation_0.8,evaporation,0.8,20,4,1.0,2.0,0.8,7500,2.1697468439523346,5.645118550979532,7500
evaporation_0.8,evaporation,0.8,20,5,1.0,2.0,0.8,7500,2.1697468439523346,5.8157798970351,7500
evaporation_0.8,evaporation,0.8,20,6,1.0,2.0,0.8,7500,2.1697468439523346,5.737553602899425,7500
evaporation_0.8,evaporation,0.8,20,7,1.0,2.0,0.8,7500,2.1697468439523346,5.643763839034364,7500
evaporation_0.8,evaporation,0.8,20,8,1.0,2.0,0.8,7500,2.1697468439523346,5.794787024962716,7500
evaporation_0.8,evaporation,0.8,20,9,1.0,2.0,0.8,7500,2.1697468439523346,5.699677364900708,7500
evaporation_0.8,evaporation,0.8,20,10,1.0,2.0,0.8,7500,2.1697468439523346,5.90041442704387,7500
evaporation_0.8,evaporation,0.8,20,11,1.0,2.0,0.8,7500,2.1697468439523346,5.658818151103333,7500
evaporation_0.8,evaporation,0.8,20,12,1.0,2.0,0.8,7500,2.1697468439523346,5.64904494502116,7500
evaporation_0.8,evaporation,0.8,20,13,1.0,2.0,0.8,7500,2.1697468439523346,5.613191041047685,7500
evaporation_0.8,evaporation,0.8,20,14,1.0,2.0,0.8,7500,2.1697468439523346,5.571822942001745,7500
evaporation_0.8,evaporation,0.8,20,15,1.0,2.0,0.8,7500,2.1697468439523346,5.795109099010006,7500
evaporation_0.8,evaporation,0.8,20,16,1.0,2.0,0.8,7500,2.1697468439523346,5.813776730909012,7500
evaporation_0.8,evaporation,0.8,20,17,1.0,2.0,0.8,7500,2.1697468439523346,5.6931180011015385,7500
evaporation_0.8,evaporation,0.8,20,18,1.0,2.0,0.8,7500,2.1697468439523346,5.80013442505151,7500
evaporation_0.8,evaporation,0.8,20,19,1.0,2.0,0.8,7500,2.1697468439523346,5.62131657009013,7500
evaporation_0.8,evaporation,0.8,21,0,1.0,2.0,0.8,7500,2.207342884706021,3.9243813230423257,7500
evaporation_0.8,evaporation,0.8,21,1,1.0,2.0,0.8,7500,2.207342884706021,3.8606030109804124,7500
evaporation_0.8,evaporation,0.8,21,2,1.0,2.0,0.8,7500,2.207342884706021,3.853512563975528,7500
evaporation_0.8,evaporation,0.8,21,3,1.0,2.0,0.8,7500,2.207342884706021,3.943594564916566,7500
evaporation_0.8,evaporation,0.8,21,4,1.0,2.0,0.8,7500,2.207342884706021,4.1143682800466195,7500
evaporation_0.8,evaporation,0.8,21,5,1.0,2.0,0.8,7500,2.207342884706021,3.9958148379810154,7500
evaporation_0.8,evaporation,0.8,21,6,1.0,2.0,0.8,7500,2.207342884706021,3.826755870017223,7500
evaporation_0.8,evaporation,0.8,21,7,1.0,2.0,0.8,7500,2.207342884706021,3.9488984319614246,7500
evaporation_0.8,evaporation,0.8,21,8,1.0,2.0,0.8,7500,2.207342884706021,3.9532488450640813,7500
evaporation_0.8,evaporation,0.8,21,9,1.0,2.0,0.8,7500,2.207342884706021,3.9777917369501665,7500
evaporation_0.8,evaporation,0.8,21,10,1.0,2.0,0.8,7500,2.207342884706021,3.928120694006793,7500
evaporation_0.8,evaporation,0.8,21,11,1.0,2.0,0.8,7500,2.207342884706021,3.8864024489885196,7500
evaporation_0.8,evaporation,0.8,21,12,1.0,2.0,0.8,7500,2.207342884706021,3.8722462380537763,7500
evaporation_0.8,evaporation,0.8,21,13,1.0,2.0,0.8,7500,2.207342884706021,3.8119279169477522,7500
evaporation_0.8,evaporation,0.8,21,14,1.0,2.0,0.8,7500,2.207342884706021,3.8365154140628874,7500
evaporation_0.8,evaporation,0.8,21,15,1.0,2.0,0.8,7500,2.207342884706021,4.000303079024889,7500
evaporation_0.8,evaporation,0.8,21,16,1.0,2.0,0.8,7500,2.207342884706021,3.9634549219626933,7500
evaporation_0.8,evaporation,0.8,21,17,1.0,2.0,0.8,7500,2.207342884706021,3.87462068896275,7500
evaporation_0.8,evaporation,0.8,21,18,1.0,2.0,0.8,7500,2.207342884706021,3.834048831020482,7500
evaporation_0.8,evaporation,0.8,21,19,1.0,2.0,0.8,7500,2.207342884706021,3.9915228500030935,7500
evaporation_0.8,evaporation,0.8,22,0,1.0,2.0,0.8,7500,0.6495626464756479,24.222716958029196,7500
evaporation_0.8,evaporation,0.8,22,1,1.0,2.0,0.8,7500,0.6495626464756479,24.675288876052946,7500
evaporation_0.8,evaporation,0.8,22,2,1.0,2.0,0.8,7500,0.6495626464756479,23.955324518028647,7500
evaporation_0.8,evaporation,0.8,22,3,1.0,2.0,0.8,7500,0.6495626464756479,24.44777519593481,7500
evaporation_0.8,evaporation,0.8,22,4,1.0,2.0,0.8,7500,0.6495626464756479,24.73076774692163,7500
evaporation_0.8,evaporation,0.8,22,5,1.0,2.0,0.8,7500,0.6495626464756479,23.953010246972553,7500
evaporation_0.8,evaporation,0.8,22,6,1.0,2.0,0.8,7500,0.6495626464756479,24.914035091991536,7500
evaporation_0.8,evaporation,0.8,22,7,1.0,2.0,0.8,7500,0.6495626464756479,28.20617221307475,7500
evaporation_0.8,evaporation,0.8,22,8,1.0,2.0,0.8,7500,0.6495626464756479,24.350113624008372,7500
evaporation_0.8,evaporation,0.8,22,9,1.0,2.0,0.8,7500,0.6495626464756479,24.698420931003056,7500
evaporation_0.8,evaporation,0.8,22,10,1.0,2.0,0.8,7500,0.6495626464756479,23.753909309976734,7500
evaporation_0.8,evaporation,0.8,22,11,1.0,2.0,0.8,7500,0.6495626464756479,23.871157580055296,7500
evaporation_0.8,evaporation,0.8,22,12,1.0,2.0,0.8,7500,0.6495626464756479,24.07490254100412,7500
evaporation_0.8,evaporation,0.8,22,13,1.0,2.0,0.8,7500,0.6495626464756479,27.486485500936396,7500
evaporation_0.8,evaporation,0.8,22,14,1.0,2.0,0.8,7500,0.6495626464756479,23.76381913397927,7500
evaporation_0.8,evaporation,0.8,22,15,1.0,2.0,0.8,7500,0.6495626464756479,24.682922492036596,7500
evaporation_0.8,evaporation,0.8,22,16,1.0,2.0,0.8,7500,0.6495626464756479,24.49334531603381,7500
evaporation_0.8,evaporation,0.8,22,17,1.0,2.0,0.8,7500,0.6495626464756479,23.871770504978485,7500
evaporation_0.8,evaporation,0.8,22,18,1.0,2.0,0.8,7500,0.6495626464756479,23.946656033978797,7500
evaporation_0.8,evaporation,0.8,22,19,1.0,2.0,0.8,7500,0.6495626464756479,24.480322659015656,7500
evaporation_0.8,evaporation,0.8,23,0,1.0,2.0,0.8,7500,2.01067302300028,2.2445389970671386,7500
evaporation_0.8,evaporation,0.8,23,1,1.0,2.0,0.8,7500,2.01067302300028,2.257183198002167,7500
evaporation_0.8,evaporation,0.8,23,2,1.0,2.0,0.8,7500,2.01067302300028,2.3140937340212986,7500
evaporation_0.8,evaporation,0.8,23,3,1.0,2.0,0.8,7500,2.01067302300028,2.2934074699878693,7500
evaporation_0.8,evaporation,0.8,23,4,1.0,2.0,0.8,7500,2.01067302300028,2.2486282739555463,7500
evaporation_0.8,evaporation,0.8,23,5,1.0,2.0,0.8,7500,2.01067302300028,2.3701981829945,7500
evaporation_0.8,evaporation,0.8,23,6,1.0,2.0,0.8,7500,2.01067302300028,2.3083631489425898,7500
evaporation_0.8,evaporation,0.8,23,7,1.0,2.0,0.8,7500,2.01067302300028,2.3130324699450284,7500
evaporation_0.8,evaporation,0.8,23,8,1.0,2.0,0.8,7500,2.01067302300028,2.405082285986282,7500
evaporation_0.8,evaporation,0.8,23,9,1.0,2.0,0.8,7500,2.01067302300028,2.3074031590949744,7500
evaporation_0.8,evaporation,0.8,23,10,1.0,2.0,0.8,7500,2.01067302300028,2.368102354928851,7500
evaporation_0.8,evaporation,0.8,23,11,1.0,2.0,0.8,7500,2.01067302300028,2.329879643046297,7500
evaporation_0.8,evaporation,0.8,23,12,1.0,2.0,0.8,7500,2.01067302300028,2.4047846250468865,7500
evaporation_0.8,evaporation,0.8,23,13,1.0,2.0,0.8,7500,2.01067302300028,2.336640577064827,7500
evaporation_0.8,evaporation,0.8,23,14,1.0,2.0,0.8,7500,2.01067302300028,2.375640448066406,7500
evaporation_0.8,evaporation,0.8,23,15,1.0,2.0,0.8,7500,2.01067302300028,2.321250920998864,7500
evaporation_0.8,evaporation,0.8,23,16,1.0,2.0,0.8,7500,2.01067302300028,2.895260651013814,7500
evaporation_0.8,evaporation,0.8,23,17,1.0,2.0,0.8,7500,2.01067302300028,2.392591916024685,7500
evaporation_0.8,evaporation,0.8,23,18,1.0,2.0,0.8,7500,2.01067302300028,2.8417345610214397,7500
evaporation_0.8,evaporation,0.8,23,19,1.0,2.0,0.8,7500,2.01067302300028,2.328710164059885,7500
evaporation_0.8,evaporation,0.8,24,0,1.0,2.0,0.8,7500,1.3508272334785483,2.351929307100363,7500
evaporation_0.8,evaporation,0.8,24,1,1.0,2.0,0.8,7500,1.3508272334785483,2.3614939299877733,7500
evaporation_0.8,evaporation,0.8,24,2,1.0,2.0,0.8,7500,1.3508272334785483,2.30539159104228,7500
evaporation_0.8,evaporation,0.8,24,3,1.0,2.0,0.8,7500,1.3508272334785483,2.2883605180541053,7500
evaporation_0.8,evaporation,0.8,24,4,1.0,2.0,0.8,7500,1.3508272334785483,2.231462773983367,7500
evaporation_0.8,evaporation,0.8,24,5,1.0,2.0,0.8,7500,1.3508272334785483,2.279970617033541,7500
evaporation_0.8,evaporation,0.8,24,6,1.0,2.0,0.8,7500,1.3508272334785483,2.2606057960074395,7500
evaporation_0.8,evaporation,0.8,24,7,1.0,2.0,0.8,7500,1.3508272334785483,2.3163489339640364,7500
evaporation_0.8,evaporation,0.8,24,8,1.0,2.0,0.8,7500,1.3508272334785483,2.3118191900430247,7500
evaporation_0.8,evaporation,0.8,24,9,1.0,2.0,0.8,7500,1.3508272334785483,2.2321007759310305,7500
evaporation_0.8,evaporation,0.8,24,10,1.0,2.0,0.8,7500,1.3508272334785483,2.361720890039578,7500
evaporation_0.8,evaporation,0.8,24,11,1.0,2.0,0.8,7500,1.3508272334785483,2.339040098944679,7500
evaporation_0.8,evaporation,0.8,24,12,1.0,2.0,0.8,7500,1.3508272334785483,2.316276027006097,7500
evaporation_0.8,evaporation,0.8,24,13,1.0,2.0,0.8,7500,1.3508272334785483,2.265896046999842,7500
evaporation_0.8,evaporation,0.8,24,14,1.0,2.0,0.8,7500,1.3508272334785483,2.312400222988799,7500
evaporation_0.8,evaporation,0.8,24,15,1.0,2.0,0.8,7500,1.3508272334785483,2.330308648990467,7500
evaporation_0.8,evaporation,0.8,24,16,1.0,2.0,0.8,7500,1.3508272334785483,2.2882565789623186,7500
evaporation_0.8,evaporation,0.8,24,17,1.0,2.0,0.8,7500,1.3508272334785483,2.2780679889256135,7500
evaporation_0.8,evaporation,0.8,24,18,1.0,2.0,0.8,7500,1.3508272334785483,2.309101618011482,7500
evaporation_0.8,evaporation,0.8,24,19,1.0,2.0,0.8,7500,1.3508272334785483,2.346625472069718,7500
evaporation_0.8,evaporation,0.8,25,0,1.0,2.0,0.8,7500,1.9406169918137253,3.7388224500464275,7500
evaporation_0.8,evaporation,0.8,25,1,1.0,2.0,0.8,7500,1.9406169918137253,3.373862302978523,7500
evaporation_0.8,evaporation,0.8,25,2,1.0,2.0,0.8,7500,1.9406169918137253,3.465521849109791,7500
evaporation_0.8,evaporation,0.8,25,3,1.0,2.0,0.8,7500,1.9406169918137253,3.35438040306326,7500
evaporation_0.8,evaporation,0.8,25,4,1.0,2.0,0.8,7500,1.9406169918137253,3.3340497550088912,7500
evaporation_0.8,evaporation,0.8,25,5,1.0,2.0,0.8,7500,1.9406169918137253,3.29485087597277,7500
evaporation_0.8,evaporation,0.8,25,6,1.0,2.0,0.8,7500,1.9406169918137253,3.2824196780566126,7500
evaporation_0.8,evaporation,0.8,25,7,1.0,2.0,0.8,7500,1.9406169918137253,3.422517503029667,7500
evaporation_0.8,evaporation,0.8,25,8,1.0,2.0,0.8,7500,1.9406169918137253,3.4713469410780817,7500
evaporation_0.8,evaporation,0.8,25,9,1.0,2.0,0.8,7500,1.9406169918137253,3.2863196809776127,7500
evaporation_0.8,evaporation,0.8,25,10,1.0,2.0,0.8,7500,1.9406169918137253,3.4226041260408238,7500
evaporation_0.8,evaporation,0.8,25,11,1.0,2.0,0.8,7500,1.9406169918137253,3.3418665640056133,7500
evaporation_0.8,evaporation,0.8,25,12,1.0,2.0,0.8,7500,1.9406169918137253,3.353177128941752,7500
evaporation_0.8,evaporation,0.8,25,13,1.0,2.0,0.8,7500,1.9406169918137253,3.3343139549251646,7500
evaporation_0.8,evaporation,0.8,25,14,1.0,2.0,0.8,7500,1.9406169918137253,3.8574166930047795,7500
evaporation_0.8,evaporation,0.8,25,15,1.0,2.0,0.8,7500,1.9406169918137253,3.459898820030503,7500
evaporation_0.8,evaporation,0.8,25,16,1.0,2.0,0.8,7500,1.9406169918137253,3.3799806920578703,7500
evaporation_0.8,evaporation,0.8,25,17,1.0,2.0,0.8,7500,1.9406169918137253,3.3143561909673735,7500
evaporation_0.8,evaporation,0.8,25,18,1.0,2.0,0.8,7500,1.9406169918137253,3.425175233045593,7500
evaporation_0.8,evaporation,0.8,25,19,1.0,2.0,0.8,7500,1.9406169918137253,3.4696729829302058,7500
evaporation_0.8,evaporation,0.8,26,0,1.0,2.0,0.8,7500,2.218200980928021,5.716284535010345,7500
evaporation_0.8,evaporation,0.8,26,1,1.0,2.0,0.8,7500,2.218200980928021,5.6726781169418246,7500
evaporation_0.8,evaporation,0.8,26,2,1.0,2.0,0.8,7500,2.218200980928021,5.884049952030182,7500
evaporation_0.8,evaporation,0.8,26,3,1.0,2.0,0.8,7500,2.218200980928021,5.687993320054375,7500
evaporation_0.8,evaporation,0.8,26,4,1.0,2.0,0.8,7500,2.218200980928021,5.634783343994059,7500
evaporation_0.8,evaporation,0.8,26,5,1.0,2.0,0.8,7500,2.218200980928021,5.631927053909749,7500
evaporation_0.8,evaporation,0.8,26,6,1.0,2.0,0.8,7500,2.218200980928021,5.655527464929037,7500
evaporation_0.8,evaporation,0.8,26,7,1.0,2.0,0.8,7500,2.218200980928021,5.858564577996731,7500
evaporation_0.8,evaporation,0.8,26,8,1.0,2.0,0.8,7500,2.2337418668032214,5.648792384075932,7500
evaporation_0.8,evaporation,0.8,26,9,1.0,2.0,0.8,7500,2.218200980928021,5.829364569042809,7500
evaporation_0.8,evaporation,0.8,26,10,1.0,2.0,0.8,7500,2.218200980928021,5.891273934976198,7500
evaporation_0.8,evaporation,0.8,26,11,1.0,2.0,0.8,7500,2.218200980928021,5.701846020994708,7500
evaporation_0.8,evaporation,0.8,26,12,1.0,2.0,0.8,7500,2.2337418668032214,5.6391630350844935,7500
evaporation_0.8,evaporation,0.8,26,13,1.0,2.0,0.8,7500,2.218200980928021,5.713771337992512,7500
evaporation_0.8,evaporation,0.8,26,14,1.0,2.0,0.8,7500,2.218200980928021,5.646713125985116,7500
evaporation_0.8,evaporation,0.8,26,15,1.0,2.0,0.8,7500,2.218200980928021,5.726775530958548,7500
evaporation_0.8,evaporation,0.8,26,16,1.0,2.0,0.8,7500,2.218200980928021,5.90714032005053,7500
evaporation_0.8,evaporation,0.8,26,17,1.0,2.0,0.8,7500,2.218200980928021,5.905686452053487,7500
evaporation_0.8,evaporation,0.8,26,18,1.0,2.0,0.8,7500,2.218200980928021,5.858676539035514,7500
evaporation_0.8,evaporation,0.8,26,19,1.0,2.0,0.8,7500,2.218200980928021,5.7998609519563615,7500
evaporation_0.8,evaporation,0.8,27,0,1.0,2.0,0.8,7500,1.9000621512377234,2.900849155965261,7500
evaporation_0.8,evaporation,0.8,27,1,1.0,2.0,0.8,7500,1.9000621512377234,2.8326483499258757,7500
evaporation_0.8,evaporation,0.8,27,2,1.0,2.0,0.8,7500,1.9000621512377234,2.7963094719452783,7500
evaporation_0.8,evaporation,0.8,27,3,1.0,2.0,0.8,7500,1.9000621512377234,2.7923096269369125,7500
evaporation_0.8,evaporation,0.8,27,4,1.0,2.0,0.8,7500,1.9000621512377234,2.822412226931192,7500
evaporation_0.8,evaporation,0.8,27,5,1.0,2.0,0.8,7500,1.9000621512377234,2.9091302149463445,7500
evaporation_0.8,evaporation,0.8,27,6,1.0,2.0,0.8,7500,1.9000621512377234,2.7535947639262304,7500
evaporation_0.8,evaporation,0.8,27,7,1.0,2.0,0.8,7500,1.9000621512377234,3.0808491809293628,7500
evaporation_0.8,evaporation,0.8,27,8,1.0,2.0,0.8,7500,1.9000621512377234,2.893248717999086,7500
evaporation_0.8,evaporation,0.8,27,9,1.0,2.0,0.8,7500,1.9000621512377234,2.849359937943518,7500
evaporation_0.8,evaporation,0.8,27,10,1.0,2.0,0.8,7500,1.9000621512377234,2.828817724948749,7500
evaporation_0.8,evaporation,0.8,27,11,1.0,2.0,0.8,7500,1.9000621512377234,2.7936141620157287,7500
evaporation_0.8,evaporation,0.8,27,12,1.0,2.0,0.8,7500,1.9000621512377234,2.911695788963698,7500
evaporation_0.8,evaporation,0.8,27,13,1.0,2.0,0.8,7500,1.9000621512377234,2.8396274669794366,7500
evaporation_0.8,evaporation,0.8,27,14,1.0,2.0,0.8,7500,1.9000621512377234,2.7869952738983557,7500
evaporation_0.8,evaporation,0.8,27,15,1.0,2.0,0.8,7500,1.9000621512377234,2.8357343330280855,7500
evaporation_0.8,evaporation,0.8,27,16,1.0,2.0,0.8,7500,1.9000621512377234,2.8769109309650958,7500
evaporation_0.8,evaporation,0.8,27,17,1.0,2.0,0.8,7500,1.9000621512377234,2.8118391210446134,7500
evaporation_0.8,evaporation,0.8,27,18,1.0,2.0,0.8,7500,1.9000621512377234,3.7823918170761317,7500
evaporation_0.8,evaporation,0.8,27,19,1.0,2.0,0.8,7500,1.9000621512377234,2.8971686529694125,7500
evaporation_0.8,evaporation,0.8,28,0,1.0,2.0,0.8,7500,2.075186983843156,5.6460342690115795,7500
evaporation_0.8,evaporation,0.8,28,1,1.0,2.0,0.8,7500,2.025989929914813,5.8109557119896635,7500
evaporation_0.8,evaporation,0.8,28,2,1.0,2.0,0.8,7500,2.025980418950708,5.624529356951825,7500
evaporation_0.8,evaporation,0.8,28,3,1.0,2.0,0.8,7500,2.025980418950708,5.788663464947604,7500
evaporation_0.8,evaporation,0.8,28,4,1.0,2.0,0.8,7500,2.025980418950708,5.854211886064149,7500
evaporation_0.8,evaporation,0.8,28,5,1.0,2.0,0.8,7500,2.025989929914813,5.652353839017451,7500
evaporation_0.8,evaporation,0.8,28,6,1.0,2.0,0.8,7500,2.025989929914813,5.799415051005781,7500
evaporation_0.8,evaporation,0.8,28,7,1.0,2.0,0.8,7500,2.025980418950708,6.463740054052323,7500
evaporation_0.8,evaporation,0.8,28,8,1.0,2.0,0.8,7500,2.025989929914813,5.750860492000356,7500
evaporation_0.8,evaporation,0.8,28,9,1.0,2.0,0.8,7500,2.025989929914813,5.721924150013365,7500
evaporation_0.8,evaporation,0.8,28,10,1.0,2.0,0.8,7500,2.025989929914813,5.7533824109705165,7500
evaporation_0.8,evaporation,0.8,28,11,1.0,2.0,0.8,7500,2.025980418950708,5.72538297099527,7500
evaporation_0.8,evaporation,0.8,28,12,1.0,2.0,0.8,7500,2.025989929914813,5.824882484041154,7500
evaporation_0.8,evaporation,0.8,28,13,1.0,2.0,0.8,7500,2.025989929914813,5.816436522058211,7500
evaporation_0.8,evaporation,0.8,28,14,1.0,2.0,0.8,7500,2.025980418950708,6.010652509052306,7500
evaporation_0.8,evaporation,0.8,28,15,1.0,2.0,0.8,7500,2.025989929914813,5.7179936659522355,7500
evaporation_0.8,evaporation,0.8,28,16,1.0,2.0,0.8,7500,2.025989929914813,5.833176877000369,7500
evaporation_0.8,evaporation,0.8,28,17,1.0,2.0,0.8,7500,2.025980418950708,5.842948237084784,7500
evaporation_0.8,evaporation,0.8,28,18,1.0,2.0,0.8,7500,2.025980418950708,5.806555363000371,7500
evaporation_0.8,evaporation,0.8,28,19,1.0,2.0,0.8,7500,2.025980418950708,5.911370221991092,7500
evaporation_0.8,evaporation,0.8,29,0,1.0,2.0,0.8,7500,2.4917912704064307,11.446741978055798,7500
evaporation_0.8,evaporation,0.8,29,1,1.0,2.0,0.8,7500,2.4917912704064307,11.21794066496659,7500
evaporation_0.8,evaporation,0.8,29,2,1.0,2.0,0.8,7500,2.5119461547085034,11.508482006029226,7500
evaporation_0.8,evaporation,0.8,29,3,1.0,2.0,0.8,7500,2.5185469193175045,11.224122940911911,7500
evaporation_0.8,evaporation,0.8,29,4,1.0,2.0,0.8,7500,2.5089433821497114,11.367312000016682,7500
evaporation_0.8,evaporation,0.8,29,5,1.0,2.0,0.8,7500,2.5194549767303167,11.263563344953582,7500
evaporation_0.8,evaporation,0.8,29,6,1.0,2.0,0.8,7500,2.4917912704064307,11.753518191049807,7500
evaporation_0.8,evaporation,0.8,29,7,1.0,2.0,0.8,7500,2.4908832129936185,11.505840732017532,7500
evaporation_0.8,evaporation,0.8,29,8,1.0,2.0,0.8,7500,2.5185469193175045,11.28232373308856,7500
evaporation_0.8,evaporation,0.8,29,9,1.0,2.0,0.8,7500,2.5273035071321948,11.368226279970258,7500
evaporation_0.8,evaporation,0.8,29,10,1.0,2.0,0.8,7500,2.5185469193175045,11.414831720059738,7500
evaporation_0.8,evaporation,0.8,29,11,1.0,2.0,0.8,7500,2.527046339802911,11.676231425022706,7500
evaporation_0.8,evaporation,0.8,29,12,1.0,2.0,0.8,7500,2.5185469193175045,11.293662014068104,7500
evaporation_0.8,evaporation,0.8,29,13,1.0,2.0,0.8,7500,2.4917912704064307,11.246893343050033,7500
evaporation_0.8,evaporation,0.8,29,14,1.0,2.0,0.8,7500,2.5089433821497114,11.422512417077087,7500
evaporation_0.8,evaporation,0.8,29,15,1.0,2.0,0.8,7500,2.4917912704064307,11.50811861292459,7500
evaporation_0.8,evaporation,0.8,29,16,1.0,2.0,0.8,7500,2.5185469193175045,11.75880369998049,7500
evaporation_0.8,evaporation,0.8,29,17,1.0,2.0,0.8,7500,2.4908832129936185,11.49048852303531,7500
evaporation_0.8,evaporation,0.8,29,18,1.0,2.0,0.8,7500,2.4908832129936185,11.793637986993417,7500
evaporation_0.8,evaporation,0.8,29,19,1.0,2.0,0.8,7500,2.4917912704064307,11.63776395295281,7500
evaporation_0.8,evaporation,0.8,30,0,1.0,2.0,0.8,7500,1.9337416810526524,6.682256915024482,7500
evaporation_0.8,evaporation,0.8,30,1,1.0,2.0,0.8,7500,1.9578827361912488,6.72657585691195,7500
evaporation_0.8,evaporation,0.8,30,2,1.0,2.0,0.8,7500,1.9337416810526524,6.783430440002121,7500
evaporation_0.8,evaporation,0.8,30,3,1.0,2.0,0.8,7500,1.9578827361912485,6.772795926895924,7500
evaporation_0.8,evaporation,0.8,30,4,1.0,2.0,0.8,7500,1.9407853417292793,6.731875977944583,7500
evaporation_0.8,evaporation,0.8,30,5,1.0,2.0,0.8,7500,1.9337416810526524,6.765734064974822,7500
evaporation_0.8,evaporation,0.8,30,6,1.0,2.0,0.8,7500,1.9654791468987833,6.655143941054121,7500
evaporation_0.8,evaporation,0.8,30,7,1.0,2.0,0.8,7500,1.9337416810526524,7.036121292971075,7500
evaporation_0.8,evaporation,0.8,30,8,1.0,2.0,0.8,7500,1.9298467885369193,7.193403962999582,7500
evaporation_0.8,evaporation,0.8,30,9,1.0,2.0,0.8,7500,1.955778070372509,7.103373460005969,7500
evaporation_0.8,evaporation,0.8,30,10,1.0,2.0,0.8,7500,1.955778070372509,6.7828075990546495,7500
evaporation_0.8,evaporation,0.8,30,11,1.0,2.0,0.8,7500,1.9298467885369193,6.707485589082353,7500
evaporation_0.8,evaporation,0.8,30,12,1.0,2.0,0.8,7500,1.9654791468987833,6.764918298926204,7500
evaporation_0.8,evaporation,0.8,30,13,1.0,2.0,0.8,7500,1.9361459895210613,6.933193493052386,7500
evaporation_0.8,evaporation,0.8,30,14,1.0,2.0,0.8,7500,1.9298467885369193,6.834354000049643,7500
evaporation_0.8,evaporation,0.8,30,15,1.0,2.0,0.8,7500,1.9298467885369195,7.002802020055242,7500
evaporation_0.8,evaporation,0.8,30,16,1.0,2.0,0.8,7500,1.9298467885369193,6.855845010955818,7500
evaporation_0.8,evaporation,0.8,30,17,1.0,2.0,0.8,7500,1.9298467885369193,6.977379301912151,7500
evaporation_0.8,evaporation,0.8,30,18,1.0,2.0,0.8,7500,1.9298467885369195,7.112612670985982,7500
evaporation_0.8,evaporation,0.8,30,19,1.0,2.0,0.8,7500,1.9470845427134211,7.014697819016874,7500
