task_id,method,seed,length_km,runtime_s,evaluations,valid,selected_method,order,metadata
1,ACO,0,1.7739991125114165,4.39603781607002,7500,True,,"[0, 1, 2, 5, 3, 4, 8, 10, 6, 9, 7]","{""alpha"": 1.0, ""beta"": 2.0, ""evaluation_budget"": 7500, ""evaporation"": 0.5, ""population"": 50}"
1,ACO×3,0,1.7739991125114165,13.238105789059771,22500,True,ACO stream 1,"[0, 1, 2, 5, 3, 4, 8, 10, 6, 9, 7]","{""candidate_lengths_km"": [1.7739991125114165, 1.7739991125114165, 1.7739991125114165], ""candidate_seeds"": [0, 20, 40], ""tie_tolerance_km"": 1e-12}"
1,DE,0,1.792075276738653,0.7499184060143307,7500,True,,"[0, 1, 2, 5, 6, 7, 9, 10, 8, 4, 3]",{}
1,NN+2opt,0,1.7739991125114165,0.0011539460392668,109,True,,"[0, 1, 2, 5, 3, 4, 8, 10, 6, 9, 7]",{}
1,PSO,0,1.922051995636784,0.0812691240571439,7500,True,,"[3, 2, 1, 7, 9, 6, 10, 8, 4, 5, 0]",{}
1,Portfolio,0,1.7739991125114165,5.229021981242113,22610,True,NN+2opt,"[0, 1, 2, 5, 3, 4, 8, 10, 6, 9, 7]","{""candidate_evaluations"": {""ACO"": 7500, ""DE"": 7500, ""NN+2opt"": 109, ""PSO"": 7500, ""Raw"": 1}, ""candidate_lengths_km"": {""ACO"": 1.7739991125114165, ""DE"": 1.792075276738653, ""NN+2opt"": 1.7739991125114165, ""PSO"": 1.9220519956367836, ""Raw"": 2.0787263410060044}, ""priority"": [""Raw"", ""NN+2opt"", ""ACO"", ""DE"", ""PSO""], ""tie_tolerance_km"": 1e-12}"
1,Raw,0,2.0787263410060044,0.0006306220311671,1,True,,"[0, 1, 2, 3, 4, 5, 6, 7, 8, 9, 10]",{}
1,ACO,1,1.7739991125114165,4.897118189954199,7500,True,,"[0, 1, 2, 5, 3, 4, 8, 10, 6, 9, 7]","{""alpha"": 1.0, ""beta"": 2.0, ""evaluation_budget"": 7500, ""evaporation"": 0.5, ""population"": 50}"
1,ACO×3,1,1.7739991125114165,13.91657859296538,22500,True,ACO stream 1,"[0, 1, 2, 5, 3, 4, 8, 10, 6, 9, 7]","{""candidate_lengths_km"": [1.7739991125114165, 1.7739991125114165, 1.7739991125114165], ""candidate_seeds"": [1, 21, 41], ""tie_tolerance_km"": 1e-12}"
1,DE,1,1.785183585708909,0.7453271980630234,7500,True,,"[7, 6, 9, 10, 8, 4, 3, 5, 2, 1, 0]",{}
1,NN+2opt,1,1.7739991125114165,0.0011486849980428,109,True,,"[0, 1, 2, 5, 3, 4, 8, 10, 6, 9, 7]",{}
1,PSO,1,1.792075276738653,0.0824201729847118,7500,True,,"[0, 1, 2, 5, 6, 7, 9, 10, 8, 4, 3]",{}
1,Portfolio,1,1.7739991125114165,5.726580552873202,22610,True,NN+2opt,"[0, 1, 2, 5, 3, 4, 8, 10, 6, 9, 7]","{""candidate_evaluations"": {""ACO"": 7500, ""DE"": 7500, ""NN+2opt"": 109, ""PSO"": 7500, ""Raw"": 1}, ""candidate_lengths_km"": {""ACO"": 1.7739991125114165, ""DE"": 1.7851835857089087, ""NN+2opt"": 1.7739991125114165, ""PSO"": 1.792075276738653, ""Raw"": 2.0787263410060044}, ""priority"": [""Raw"", ""NN+2opt"", ""ACO"", ""DE"", ""PSO""], ""tie_tolerance_km"": 1e-12}"
1,Raw,1,2.0787263410060044,0.0005543449660763,1,True,,"[0, 1, 2, 3, 4, 5, 6, 7, 8, 9, 10]",{}
1,ACO,2,1.7739991125114165,4.876475248020142,7500,True,,"[0, 1, 2, 5, 3, 4, 8, 10, 6, 9, 7]","{""alpha"": 1.0, ""beta"": 2.0, ""evaluation_budget"": 7500, ""evaporation"": 0.5, ""population"": 50}"
1,ACO×3,2,1.7739991125114165,13.912315692054108,22500,True,ACO stream 1,"[0, 1, 2, 5, 3, 4, 8, 10, 6, 9, 7]","{""candidate_lengths_km"": [1.7739991125114165, 1.7739991125114165, 1.7739991125114165], ""candidate_seeds"": [2, 22, 42], ""tie_tolerance_km"": 1e-12}"
1,DE,2,1.7739991125114167,0.7956627759849653,7500,True,,"[7, 9, 6, 10, 8, 4, 3, 5, 2, 1, 0]",{}
1,NN+2opt,2,1.7739991125114165,0.0011876649223268,109,True,,"[0, 1, 2, 5, 3, 4, 8, 10, 6, 9, 7]",{}
1,PSO,2,1.8319983919768736,0.0885738750221207,7500,True,,"[7, 9, 10, 8, 6, 5, 2, 1, 0, 3, 4]",{}
1,Portfolio,2,1.7739991125114165,5.762930626049638,22610,True,NN+2opt,"[0, 1, 2, 5, 3, 4, 8, 10, 6, 9, 7]","{""candidate_evaluations"": {""ACO"": 7500, ""DE"": 7500, ""NN+2opt"": 109, ""PSO"": 7500, ""Raw"": 1}, ""candidate_lengths_km"": {""ACO"": 1.7739991125114165, ""DE"": 1.7739991125114167, ""NN+2opt"": 1.7739991125114165, ""PSO"": 1.8319983919768736, ""Raw"": 2.0787263410060044}, ""priority"": [""Raw"", ""NN+2opt"", ""ACO"", ""DE"", ""PSO""], ""tie_tolerance_km"": 1e-12}"
1,Raw,2,2.0787263410060044,0.0010193639900535,1,True,,"[0, 1, 2, 3, 4, 5, 6, 7, 8, 9, 10]",{}
1,ACO,3,1.7739991125114165,4.517676535062492,7500,True,,"[0, 1, 2, 5, 3, 4, 8, 10, 6, 9, 7]","{""alpha"": 1.0, ""beta"": 2.0, ""evaluation_budget"": 7500, ""evaporation"": 0.5, ""population"": 50}"
1,ACO×3,3,1.7739991125114165,13.337736551067792,22500,True,ACO stream 1,"[0, 1, 2, 5, 3, 4, 8, 10, 6, 9, 7]","{""candidate_lengths_km"": [1.7739991125114165, 1.7739991125114165, 1.7739991125114165], ""candidate_seeds"": [3, 23, 43], ""tie_tolerance_km"": 1e-12}"
1,DE,3,1.8317880025490052,0.7611778610153124,7500,True,,"[0, 7, 9, 10, 8, 6, 5, 2, 1, 3, 4]",{}
1,NN+2opt,3,1.7739991125114165,0.0011565230088308,109,True,,"[0, 1, 2, 5, 3, 4, 8, 10, 6, 9, 7]",{}
1,PSO,3,1.8981452964934855,0.0829777820035815,7500,True,,"[0, 1, 4, 8, 10, 9, 7, 6, 5, 2, 3]",{}
1,Portfolio,3,1.7739991125114165,5.363695513107814,22610,True,NN+2opt,"[0, 1, 2, 5, 3, 4, 8, 10, 6, 9, 7]","{""candidate_evaluations"": {""ACO"": 7500, ""DE"": 7500, ""NN+2opt"": 109, ""PSO"": 7500, ""Raw"": 1}, ""candidate_lengths_km"": {""ACO"": 1.7739991125114165, ""DE"": 1.8317880025490054, ""NN+2opt"": 1.7739991125114165, ""PSO"": 1.8981452964934857, ""Raw"": 2.0787263410060044}, ""priority"": [""Raw"", ""NN+2opt"", ""ACO"", ""DE"", ""PSO""], ""tie_tolerance_km"": 1e-12}"
1,Raw,3,2.0787263410060044,0.0006830190541222,1,True,,"[0, 1, 2, 3, 4, 5, 6, 7, 8, 9, 10]",{}
1,ACO,4,1.7739991125114165,4.532786210998893,7500,True,,"[0, 1, 2, 5, 3, 4, 8, 10, 6, 9, 7]","{""alpha"": 1.0, ""beta"": 2.0, ""evaluation_budget"": 7500, ""evaporation"": 0.5, ""population"": 50}"
1,ACO×3,4,1.7739991125114165,13.491197744966485,22500,True,ACO stream 1,"[0, 1, 2, 5, 3, 4, 8, 10, 6, 9, 7]","{""candidate_lengths_km"": [1.7739991125114165, 1.7739991125114165, 1.7739991125114165], ""candidate_seeds"": [4, 24, 44], ""tie_tolerance_km"": 1e-12}"
1,DE,4,1.792075276738653,0.7768509789602831,7500,True,,"[0, 1, 2, 5, 6, 7, 9, 10, 8, 4, 3]",{}
1,NN+2opt,4,1.7739991125114165,0.0011471209581941,109,True,,"[0, 1, 2, 5, 3, 4, 8, 10, 6, 9, 7]",{}
1,PSO,4,1.9252860218772887,0.0838209789944812,7500,True,,"[3, 5, 1, 7, 9, 6, 10, 8, 4, 2, 0]",{}
1,Portfolio,4,1.7739991125114165,5.395189793896861,22610,True,NN+2opt,"[0, 1, 2, 5, 3, 4, 8, 10, 6, 9, 7]","{""candidate_evaluations"": {""ACO"": 7500, ""DE"": 7500, ""NN+2opt"": 109, ""PSO"": 7500, ""Raw"": 1}, ""candidate_lengths_km"": {""ACO"": 1.7739991125114165, ""DE"": 1.792075276738653, ""NN+2opt"": 1.7739991125114165, ""PSO"": 1.9252860218772891, ""Raw"": 2.0787263410060044}, ""priority"": [""Raw"", ""NN+2opt"", ""ACO"", ""DE"", ""PSO""], ""tie_tolerance_km"": 1e-12}"
1,Raw,4,2.0787263410060044,0.0005727889947593,1,True,,"[0, 1, 2, 3, 4, 5, 6, 7, 8, 9, 10]",{}
1,ACO,5,1.7739991125114165,4.480949553078972,7500,True,,"[0, 1, 2, 5, 3, 4, 8, 10, 6, 9, 7]","{""alpha"": 1.0, ""beta"": 2.0, ""evaluation_budget"": 7500, ""evaporation"": 0.5, ""population"": 50}"
1,ACO×3,5,1.7739991125114165,13.452978544053622,22500,True,ACO stream 1,"[0, 1, 2, 5, 3, 4, 8, 10, 6, 9, 7]","{""candidate_lengths_km"": [1.7739991125114165, 1.7739991125114165, 1.7739991125114165], ""candidate_seeds"": [5, 25, 45], ""tie_tolerance_km"": 1e-12}"
1,DE,5,1.7851835857089084,0.7753583240555599,7500,True,,"[0, 1, 2, 5, 3, 4, 8, 10, 9, 6, 7]",{}
1,NN+2opt,5,1.7739991125114165,0.0011471189791336,109,True,,"[0, 1, 2, 5, 3, 4, 8, 10, 6, 9, 7]",{}
1,PSO,5,1.7920752767386523,0.0817291210405528,7500,True,,"[3, 4, 8, 10, 9, 7, 6, 5, 2, 1, 0]",{}
1,Portfolio,5,1.7739991125114165,5.33983880514279,22610,True,NN+2opt,"[0, 1, 2, 5, 3, 4, 8, 10, 6, 9, 7]","{""candidate_evaluations"": {""ACO"": 7500, ""DE"": 7500, ""NN+2opt"": 109, ""PSO"": 7500, ""Raw"": 1}, ""candidate_lengths_km"": {""ACO"": 1.7739991125114165, ""DE"": 1.7851835857089084, ""NN+2opt"": 1.7739991125114165, ""PSO"": 1.7920752767386525, ""Raw"": 2.0787263410060044}, ""priority"": [""Raw"", ""NN+2opt"", ""ACO"", ""DE"", ""PSO""], ""tie_tolerance_km"": 1e-12}"
1,Raw,5,2.0787263410060044,0.0006430329522117,1,True,,"[0, 1, 2, 3, 4, 5, 6, 7, 8, 9, 10]",{}
1,ACO,6,1.7739991125114165,5.080699522048235,7500,True,,"[0, 1, 2, 5, 3, 4, 8, 10, 6, 9, 7]","{""alpha"": 1.0, ""beta"": 2.0, ""evaluation_budget"": 7500, ""evaporation"": 0.5, ""population"": 50}"
1,ACO×3,6,1.7739991125114165,13.95651706296485,22500,True,ACO stream 1,"[0, 1, 2, 5, 3, 4, 8, 10, 6, 9, 7]","{""candidate_lengths_km"": [1.7739991125114165, 1.7739991125114165, 1.7739991125114165], ""candidate_seeds"": [6, 26, 46], ""tie_tolerance_km"": 1e-12}"
1,DE,6,1.7739991125114167,0.769695802940987,7500,True,,"[7, 9, 6, 10, 8, 4, 3, 5, 2, 1, 0]",{}
1,NN+2opt,6,1.7739991125114165,0.0011459150118753,109,True,,"[0, 1, 2, 5, 3, 4, 8, 10, 6, 9, 7]",{}
1,PSO,6,1.792075276738653,0.0850304019404575,7500,True,,"[0, 1, 2, 5, 6, 7, 9, 10, 8, 4, 3]",{}
1,Portfolio,6,1.7739991125114165,5.9375916389981285,22610,True,NN+2opt,"[0, 1, 2, 5, 3, 4, 8, 10, 6, 9, 7]","{""candidate_evaluations"": {""ACO"": 7500, ""DE"": 7500, ""NN+2opt"": 109, ""PSO"": 7500, ""Raw"": 1}, ""candidate_lengths_km"": {""ACO"": 1.7739991125114165, ""DE"": 1.7739991125114167, ""NN+2opt"": 1.7739991125114165, ""PSO"": 1.792075276738653, ""Raw"": 2.0787263410060044}, ""priority"": [""Raw"", ""NN+2opt"", ""ACO"", ""DE"", ""PSO""], ""tie_tolerance_km"": 1e-12}"
1,Raw,6,2.0787263410060044,0.0010084210662171,1,True,,"[0, 1, 2, 3, 4, 5, 6, 7, 8, 9, 10]",{}
1,ACO,7,1.7739991125114165,4.529642862966284,7500,True,,"[0, 1, 2, 5, 3, 4, 8, 10, 6, 9, 7]","{""alpha"": 1.0, ""beta"": 2.0, ""evaluation_budget"": 7500, ""evaporation"": 0.5, ""population"": 50}"
1,ACO×3,7,1.7739991125114165,13.65903349092696,22500,True,ACO stream 1,"[0, 1, 2, 5, 3, 4, 8, 10, 6, 9, 7]","{""candidate_lengths_km"": [1.7739991125114165, 1.7739991125114165, 1.7739991125114165], ""candidate_seeds"": [7, 27, 47], ""tie_tolerance_km"": 1e-12}"
1,DE,7,1.7920752767386523,0.7834032980026677,7500,True,,"[3, 4, 8, 10, 9, 7, 6, 5, 2, 1, 0]",{}
1,NN+2opt,7,1.7739991125114165,0.0011504610301926,109,True,,"[0, 1, 2, 5, 3, 4, 8, 10, 6, 9, 7]",{}
1,PSO,7,1.7920752767386523,0.0834017130546271,7500,True,,"[3, 4, 8, 10, 9, 7, 6, 5, 2, 1, 0]",{}
1,Portfolio,7,1.7739991125114165,5.398284432129003,22610,True,NN+2opt,"[0, 1, 2, 5, 3, 4, 8, 10, 6, 9, 7]","{""candidate_evaluations"": {""ACO"": 7500, ""DE"": 7500, ""NN+2opt"": 109, ""PSO"": 7500, ""Raw"": 1}, ""candidate_lengths_km"": {""ACO"": 1.7739991125114165, ""DE"": 1.7920752767386525, ""NN+2opt"": 1.7739991125114165, ""PSO"": 1.7920752767386525, ""Raw"": 2.0787263410060044}, ""priority"": [""Raw"", ""NN+2opt"", ""ACO"", ""DE"", ""PSO""], ""tie_tolerance_km"": 1e-12}"
1,Raw,7,2.0787263410060044,0.000673993024975,1,True,,"[0, 1, 2, 3, 4, 5, 6, 7, 8, 9, 10]",{}
1,ACO,8,1.7739991125114165,4.579080061987042,7500,True,,"[0, 1, 2, 5, 3, 4, 8, 10, 6, 9, 7]","{""alpha"": 1.0, ""beta"": 2.0, ""evaluation_budget"": 7500, ""evaporation"": 0.5, ""population"": 50}"
1,ACO×3,8,1.7739991125114165,14.06520888383966,22500,True,ACO stream 1,"[0, 1, 2, 5, 3, 4, 8, 10, 6, 9, 7]","{""candidate_lengths_km"": [1.7739991125114165, 1.7739991125114165, 1.7739991125114165], ""candidate_seeds"": [8, 28, 48], ""tie_tolerance_km"": 1e-12}"
1,DE,8,1.817746145843221,0.7852156959706917,7500,True,,"[0, 7, 9, 6, 10, 8, 4, 3, 5, 2, 1]",{}
1,NN+2opt,8,1.7739991125114165,0.0011409299913793,109,True,,"[0, 1, 2, 5, 3, 4, 8, 10, 6, 9, 7]",{}
1,PSO,8,1.8623981889352208,0.0854547139024362,7500,True,,"[0, 1, 5, 3, 4, 8, 10, 6, 9, 7, 2]",{}
1,Portfolio,8,1.7739991125114165,5.451497210888192,22610,True,NN+2opt,"[0, 1, 2, 5, 3, 4, 8, 10, 6, 9, 7]","{""candidate_evaluations"": {""ACO"": 7500, ""DE"": 7500, ""NN+2opt"": 109, ""PSO"": 7500, ""Raw"": 1}, ""candidate_lengths_km"": {""ACO"": 1.7739991125114165, ""DE"": 1.817746145843221, ""NN+2opt"": 1.7739991125114165, ""PSO"": 1.8623981889352206, ""Raw"": 2.0787263410060044}, ""priority"": [""Raw"", ""NN+2opt"", ""ACO"", ""DE"", ""PSO""], ""tie_tolerance_km"": 1e-12}"
1,Raw,8,2.0787263410060044,0.0005939219845458,1,True,,"[0, 1, 2, 3, 4, 5, 6, 7, 8, 9, 10]",{}
1,ACO,9,1.7739991125114165,4.540340070030652,7500,True,,"[0, 1, 2, 5, 3, 4, 8, 10, 6, 9, 7]","{""alpha"": 1.0, ""beta"": 2.0, ""evaluation_budget"": 7500, ""evaporation"": 0.5, ""population"": 50}"
1,ACO×3,9,1.7739991125114165,14.108276562998071,22500,True,ACO stream 1,"[0, 1, 2, 5, 3, 4, 8, 10, 6, 9, 7]","{""candidate_lengths_km"": [1.7739991125114165, 1.7739991125114165, 1.7739991125114165], ""candidate_seeds"": [9, 29, 49], ""tie_tolerance_km"": 1e-12}"
1,DE,9,1.7739991125114165,0.7819682180415839,7500,True,,"[0, 1, 2, 5, 3, 4, 8, 10, 6, 9, 7]",{}
1,NN+2opt,9,1.7739991125114165,0.0011909559834748,109,True,,"[0, 1, 2, 5, 3, 4, 8, 10, 6, 9, 7]",{}
1,PSO,9,1.7739991125114167,0.0827177779283374,7500,True,,"[7, 9, 6, 10, 8, 4, 3, 5, 2, 1, 0]",{}
1,Portfolio,9,1.7739991125114165,5.406673930003308,22610,True,NN+2opt,"[0, 1, 2, 5, 3, 4, 8, 10, 6, 9, 7]","{""candidate_evaluations"": {""ACO"": 7500, ""DE"": 7500, ""NN+2opt"": 109, ""PSO"": 7500, ""Raw"": 1}, ""candidate_lengths_km"": {""ACO"": 1.7739991125114165, ""DE"": 1.7739991125114165, ""NN+2opt"": 1.7739991125114165, ""PSO"": 1.7739991125114167, ""Raw"": 2.0787263410060044}, ""priority"": [""Raw"", ""NN+2opt"", ""ACO"", ""DE"", ""PSO""], ""tie_tolerance_km"": 1e-12}"
1,Raw,9,2.0787263410060044,0.0004438180476427,1,True,,"[0, 1, 2, 3, 4, 5, 6, 7, 8, 9, 10]",{}
1,ACO,10,1.7739991125114165,4.424753985018469,7500,True,,"[0, 1, 2, 5, 3, 4, 8, 10, 6, 9, 7]","{""alpha"": 1.0, ""beta"": 2.0, ""evaluation_budget"": 7500, ""evaporation"": 0.5, ""population"": 50}"
1,ACO×3,10,1.7739991125114165,13.312963358010164,22500,True,ACO stream 1,"[0, 1, 2, 5, 3, 4, 8, 10, 6, 9, 7]","{""candidate_lengths_km"": [1.7739991125114165, 1.7739991125114165, 1.7739991125114165], ""candidate_seeds"": [10, 30, 50], ""tie_tolerance_km"": 1e-12}"
1,DE,10,1.7920752767386523,0.7566097780363634,7500,True,,"[3, 4, 8, 10, 9, 7, 6, 5, 2, 1, 0]",{}
1,NN+2opt,10,1.7739991125114165,0.0011402970412746,109,True,,"[0, 1, 2, 5, 3, 4, 8, 10, 6, 9, 7]",{}
1,PSO,10,1.9203974684006777,0.0811019480461254,7500,True,,"[4, 3, 0, 1, 5, 6, 8, 10, 9, 7, 2]",{}
1,Portfolio,10,1.7739991125114165,5.264178410288878,22610,True,NN+2opt,"[0, 1, 2, 5, 3, 4, 8, 10, 6, 9, 7]","{""candidate_evaluations"": {""ACO"": 7500, ""DE"": 7500, ""NN+2opt"": 109, ""PSO"": 7500, ""Raw"": 1}, ""candidate_lengths_km"": {""ACO"": 1.7739991125114165, ""DE"": 1.7920752767386525, ""NN+2opt"": 1.7739991125114165, ""PSO"": 1.9203974684006777, ""Raw"": 2.0787263410060044}, ""priority"": [""Raw"", ""NN+2opt"", ""ACO"", ""DE"", ""PSO""], ""tie_tolerance_km"": 1e-12}"
1,Raw,10,2.0787263410060044,0.0005603590980172,1,True,,"[0, 1, 2, 3, 4, 5, 6, 7, 8, 9, 10]",{}
1,ACO,11,1.7739991125114165,5.06676255306229,7500,True,,"[0, 1, 2, 5, 3, 4, 8, 10, 6, 9, 7]","{""alpha"": 1.0, ""beta"": 2.0, ""evaluation_budget"": 7500, ""evaporation"": 0.5, ""population"": 50}"
1,ACO×3,11,1.7739991125114165,13.849605032010004,22500,True,ACO stream 1,"[0, 1, 2, 5, 3, 4, 8, 10, 6, 9, 7]","{""candidate_lengths_km"": [1.7739991125114165, 1.7739991125114165, 1.7739991125114165], ""candidate_seeds"": [11, 31, 51], ""tie_tolerance_km"": 1e-12}"
1,DE,11,1.7739991125114165,0.7554617009591311,7500,True,,"[0, 1, 2, 5, 3, 4, 8, 10, 6, 9, 7]",{}
1,NN+2opt,11,1.7739991125114165,0.001143074943684,109,True,,"[0, 1, 2, 5, 3, 4, 8, 10, 6, 9, 7]",{}
1,PSO,11,1.8458880183619093,0.0845890620257705,7500,True,,"[7, 0, 1, 2, 5, 6, 9, 10, 8, 4, 3]",{}
1,Portfolio,11,1.7739991125114165,5.908929614932276,22610,True,NN+2opt,"[0, 1, 2, 5, 3, 4, 8, 10, 6, 9, 7]","{""candidate_evaluations"": {""ACO"": 7500, ""DE"": 7500, ""NN+2opt"": 109, ""PSO"": 7500, ""Raw"": 1}, ""candidate_lengths_km"": {""ACO"": 1.7739991125114165, ""DE"": 1.7739991125114165, ""NN+2opt"": 1.7739991125114165, ""PSO"": 1.8458880183619093, ""Raw"": 2.0787263410060044}, ""priority"": [""Raw"", ""NN+2opt"", ""ACO"", ""DE"", ""PSO""], ""tie_tolerance_km"": 1e-12}"
1,Raw,11,2.0787263410060044,0.0009615469025447,1,True,,"[0, 1, 2, 3, 4, 5, 6, 7, 8, 9, 10]",{}
1,ACO,12,1.7739991125114165,4.511032014037482,7500,True,,"[0, 1, 2, 5, 3, 4, 8, 10, 6, 9, 7]","{""alpha"": 1.0, ""beta"": 2.0, ""evaluation_budget"": 7500, ""evaporation"": 0.5, ""population"": 50}"
1,ACO×3,12,1.7739991125114165,13.411618270096367,22500,True,ACO stream 1,"[0, 1, 2, 5, 3, 4, 8, 10, 6, 9, 7]","{""candidate_lengths_km"": [1.7739991125114165, 1.7739991125114165, 1.7739991125114165], ""candidate_seeds"": [12, 32, 52], ""tie_tolerance_km"": 1e-12}"
1,DE,12,1.792075276738653,0.7705758560914546,7500,True,,"[0, 1, 2, 5, 6, 7, 9, 10, 8, 4, 3]",{}
1,NN+2opt,12,1.7739991125114165,0.0011632989626377,109,True,,"[0, 1, 2, 5, 3, 4, 8, 10, 6, 9, 7]",{}
1,PSO,12,1.8470647330315852,0.0841523919953033,7500,True,,"[1, 7, 9, 6, 10, 8, 4, 3, 5, 2, 0]",{}
1,Portfolio,12,1.7739991125114165,5.367497998056933,22610,True,NN+2opt,"[0, 1, 2, 5, 3, 4, 8, 10, 6, 9, 7]","{""candidate_evaluations"": {""ACO"": 7500, ""DE"": 7500, ""NN+2opt"": 109, ""PSO"": 7500, ""Raw"": 1}, ""candidate_lengths_km"": {""ACO"": 1.7739991125114165, ""DE"": 1.792075276738653, ""NN+2opt"": 1.7739991125114165, ""PSO"": 1.8470647330315855, ""Raw"": 2.0787263410060044}, ""priority"": [""Raw"", ""NN+2opt"", ""ACO"", ""DE"", ""PSO""], ""tie_tolerance_km"": 1e-12}"
1,Raw,12,2.0787263410060044,0.0005624919431284,1,True,,"[0, 1, 2, 3, 4, 5, 6, 7, 8, 9, 10]",{}
1,ACO,13,1.7739991125114165,4.494678949937224,7500,True,,"[0, 1, 2, 5, 3, 4, 8, 10, 6, 9, 7]","{""alpha"": 1.0, ""beta"": 2.0, ""evaluation_budget"": 7500, ""evaporation"": 0.5, ""population"": 50}"
1,ACO×3,13,1.7739991125114165,13.255631685839036,22500,True,ACO stream 1,"[0, 1, 2, 5, 3, 4, 8, 10, 6, 9, 7]","{""candidate_lengths_km"": [1.7739991125114165, 1.7739991125114165, 1.7739991125114165], ""candidate_seeds"": [13, 33, 53], ""tie_tolerance_km"": 1e-12}"
1,DE,13,1.792075276738653,0.7668496370315552,7500,True,,"[0, 1, 2, 5, 6, 7, 9, 10, 8, 4, 3]",{}
1,NN+2opt,13,1.7739991125114165,0.0011480699758976,109,True,,"[0, 1, 2, 5, 3, 4, 8, 10, 6, 9, 7]",{}
1,PSO,13,1.8549110024944744,0.0811346139525994,7500,True,,"[1, 5, 6, 7, 9, 10, 8, 4, 3, 2, 0]",{}
1,Portfolio,13,1.7739991125114165,5.344737391918898,22610,True,NN+2opt,"[0, 1, 2, 5, 3, 4, 8, 10, 6, 9, 7]","{""candidate_evaluations"": {""ACO"": 7500, ""DE"": 7500, ""NN+2opt"": 109, ""PSO"": 7500, ""Raw"": 1}, ""candidate_lengths_km"": {""ACO"": 1.7739991125114165, ""DE"": 1.792075276738653, ""NN+2opt"": 1.7739991125114165, ""PSO"": 1.8549110024944746, ""Raw"": 2.0787263410060044}, ""priority"": [""Raw"", ""NN+2opt"", ""ACO"", ""DE"", ""PSO""], ""tie_tolerance_km"": 1e-12}"
1,Raw,13,2.0787263410060044,0.000912184943445,1,True,,"[0, 1, 2, 3, 4, 5, 6, 7, 8, 9, 10]",{}
1,ACO,14,1.7739991125114165,4.487390007008798,7500,True,,"[0, 1, 2, 5, 3, 4, 8, 10, 6, 9, 7]","{""alpha"": 1.0, ""beta"": 2.0, ""evaluation_budget"": 7500, ""evaporation"": 0.5, ""population"": 50}"
1,ACO×3,14,1.7739991125114165,13.563510339008644,22500,True,ACO stream 1,"[0, 1, 2, 5, 3, 4, 8, 10, 6, 9, 7]","{""candidate_lengths_km"": [1.7739991125114165, 1.7739991125114165, 1.7739991125114165], ""candidate_seeds"": [14, 34, 54], ""tie_tolerance_km"": 1e-12}"
1,DE,14,1.7739991125114167,0.7797258379869163,7500,True,,"[7, 9, 6, 10, 8, 4, 3, 5, 2, 1, 0]",{}
1,NN+2opt,14,1.7739991125114165,0.0011376240290701,109,True,,"[0, 1, 2, 5, 3, 4, 8, 10, 6, 9, 7]",{}
1,PSO,14,1.7920752767386523,0.0826937989331781,7500,True,,"[3, 4, 8, 10, 9, 7, 6, 5, 2, 1, 0]",{}
1,Portfolio,14,1.7739991125114165,5.351606297888793,22610,True,NN+2opt,"[0, 1, 2, 5, 3, 4, 8, 10, 6, 9, 7]","{""candidate_evaluations"": {""ACO"": 7500, ""DE"": 7500, ""NN+2opt"": 109, ""PSO"": 7500, ""Raw"": 1}, ""candidate_lengths_km"": {""ACO"": 1.7739991125114165, ""DE"": 1.7739991125114167, ""NN+2opt"": 1.7739991125114165, ""PSO"": 1.7920752767386525, ""Raw"": 2.0787263410060044}, ""priority"": [""Raw"", ""NN+2opt"", ""ACO"", ""DE"", ""PSO""], ""tie_tolerance_km"": 1e-12}"
1,Raw,14,2.0787263410060044,0.0006467549828812,1,True,,"[0, 1, 2, 3, 4, 5, 6, 7, 8, 9, 10]",{}
1,ACO,15,1.7739991125114165,4.499046274926513,7500,True,,"[0, 1, 2, 5, 3, 4, 8, 10, 6, 9, 7]","{""alpha"": 1.0, ""beta"": 2.0, ""evaluation_budget"": 7500, ""evaporation"": 0.5, ""population"": 50}"
1,ACO×3,15,1.7739991125114165,13.580524397082629,22500,True,ACO stream 1,"[0, 1, 2, 5, 3, 4, 8, 10, 6, 9, 7]","{""candidate_lengths_km"": [1.7739991125114165, 1.7739991125114165, 1.7739991125114165], ""candidate_seeds"": [15, 35, 55], ""tie_tolerance_km"": 1e-12}"
1,DE,15,1.7739991125114165,0.7644385829335079,7500,True,,"[0, 1, 2, 5, 3, 4, 8, 10, 6, 9, 7]",{}
1,NN+2opt,15,1.7739991125114165,0.0012439830461516,109,True,,"[0, 1, 2, 5, 3, 4, 8, 10, 6, 9, 7]",{}
1,PSO,15,1.8177461458432207,0.0837548819836229,7500,True,,"[1, 2, 5, 3, 4, 8, 10, 6, 9, 7, 0]",{}
1,Portfolio,15,1.7739991125114165,5.349120597005822,22610,True,NN+2opt,"[0, 1, 2, 5, 3, 4, 8, 10, 6, 9, 7]","{""candidate_evaluations"": {""ACO"": 7500, ""DE"": 7500, ""NN+2opt"": 109, ""PSO"": 7500, ""Raw"": 1}, ""candidate_lengths_km"": {""ACO"": 1.7739991125114165, ""DE"": 1.7739991125114165, ""NN+2opt"": 1.7739991125114165, ""PSO"": 1.8177461458432207, ""Raw"": 2.0787263410060044}, ""priority"": [""Raw"", ""NN+2opt"", ""ACO"", ""DE"", ""PSO""], ""tie_tolerance_km"": 1e-12}"
1,Raw,15,2.0787263410060044,0.0006137270247563,1,True,,"[0, 1, 2, 3, 4, 5, 6, 7, 8, 9, 10]",{}
1,ACO,16,1.7739991125114165,4.5621969369240105,7500,True,,"[0, 1, 2, 5, 3, 4, 8, 10, 6, 9, 7]","{""alpha"": 1.0, ""beta"": 2.0, ""evaluation_budget"": 7500, ""evaporation"": 0.5, ""population"": 50}"
1,ACO×3,16,1.7739991125114165,13.904808870865963,22500,True,ACO stream 1,"[0, 1, 2, 5, 3, 4, 8, 10, 6, 9, 7]","{""candidate_lengths_km"": [1.7739991125114165, 1.7739991125114165, 1.7739991125114165], ""candidate_seeds"": [16, 36, 56], ""tie_tolerance_km"": 1e-12}"
1,DE,16,1.7739991125114165,0.7894139779964462,7500,True,,"[0, 1, 2, 5, 3, 4, 8, 10, 6, 9, 7]",{}
1,NN+2opt,16,1.7739991125114165,0.0011861880775541,109,True,,"[0, 1, 2, 5, 3, 4, 8, 10, 6, 9, 7]",{}
1,PSO,16,1.905346066337969,0.0868427250534296,7500,True,,"[5, 8, 10, 6, 9, 7, 0, 1, 2, 3, 4]",{}
1,Portfolio,16,1.7739991125114165,5.440112426993437,22610,True,NN+2opt,"[0, 1, 2, 5, 3, 4, 8, 10, 6, 9, 7]","{""candidate_evaluations"": {""ACO"": 7500, ""DE"": 7500, ""NN+2opt"": 109, ""PSO"": 7500, ""Raw"": 1}, ""candidate_lengths_km"": {""ACO"": 1.7739991125114165, ""DE"": 1.7739991125114165, ""NN+2opt"": 1.7739991125114165, ""PSO"": 1.9053460663379693, ""Raw"": 2.0787263410060044}, ""priority"": [""Raw"", ""NN+2opt"", ""ACO"", ""DE"", ""PSO""], ""tie_tolerance_km"": 1e-12}"
1,Raw,16,2.0787263410060044,0.0004608089802786,1,True,,"[0, 1, 2, 3, 4, 5, 6, 7, 8, 9, 10]",{}
1,ACO,17,1.7739991125114165,4.520234992960468,7500,True,,"[0, 1, 2, 5, 3, 4, 8, 10, 6, 9, 7]","{""alpha"": 1.0, ""beta"": 2.0, ""evaluation_budget"": 7500, ""evaporation"": 0.5, ""population"": 50}"
1,ACO×3,17,1.7739991125114165,13.49407579191029,22500,True,ACO stream 1,"[0, 1, 2, 5, 3, 4, 8, 10, 6, 9, 7]","{""candidate_lengths_km"": [1.7739991125114165, 1.7739991125114165, 1.7739991125114165], ""candidate_seeds"": [17, 37, 57], ""tie_tolerance_km"": 1e-12}"
1,DE,17,1.792075276738653,0.7797127410303801,7500,True,,"[0, 1, 2, 5, 6, 7, 9, 10, 8, 4, 3]",{}
1,NN+2opt,17,1.7739991125114165,0.0011373409070074,109,True,,"[0, 1, 2, 5, 3, 4, 8, 10, 6, 9, 7]",{}
1,PSO,17,1.8930855351714344,0.0823776309844106,7500,True,,"[1, 2, 7, 9, 10, 8, 6, 5, 4, 3, 0]",{}
1,Portfolio,17,1.7739991125114165,5.383962807827629,22610,True,NN+2opt,"[0, 1, 2, 5, 3, 4, 8, 10, 6, 9, 7]","{""candidate_evaluations"": {""ACO"": 7500, ""DE"": 7500, ""NN+2opt"": 109, ""PSO"": 7500, ""Raw"": 1}, ""candidate_lengths_km"": {""ACO"": 1.7739991125114165, ""DE"": 1.792075276738653, ""NN+2opt"": 1.7739991125114165, ""PSO"": 1.8930855351714344, ""Raw"": 2.0787263410060044}, ""priority"": [""Raw"", ""NN+2opt"", ""ACO"", ""DE"", ""PSO""], ""tie_tolerance_km"": 1e-12}"
1,Raw,17,2.0787263410060044,0.0004878289764747,1,True,,"[0, 1, 2, 3, 4, 5, 6, 7, 8, 9, 10]",{}
1,ACO,18,1.7739991125114165,4.549034953932278,7500,True,,"[0, 1, 2, 5, 3, 4, 8, 10, 6, 9, 7]","{""alpha"": 1.0, ""beta"": 2.0, ""evaluation_budget"": 7500, ""evaporation"": 0.5, ""population"": 50}"
1,ACO×3,18,1.7739991125114165,13.632570031913929,22500,True,ACO stream 1,"[0, 1, 2, 5, 3, 4, 8, 10, 6, 9, 7]","{""candidate_lengths_km"": [1.7739991125114165, 1.7739991125114165, 1.7739991125114165], ""candidate_seeds"": [18, 38, 58], ""tie_tolerance_km"": 1e-12}"
1,DE,18,1.8317880025490052,0.7825307459570467,7500,True,,"[0, 7, 9, 10, 8, 6, 5, 2, 1, 3, 4]",{}
1,NN+2opt,18,1.7739991125114165,0.0011302299099043,109,True,,"[0, 1, 2, 5, 3, 4, 8, 10, 6, 9, 7]",{}
1,PSO,18,1.8657924281328573,0.0848913009976968,7500,True,,"[4, 8, 10, 9, 7, 6, 5, 3, 2, 1, 0]",{}
1,Portfolio,18,1.7739991125114165,5.418264866922982,22610,True,NN+2opt,"[0, 1, 2, 5, 3, 4, 8, 10, 6, 9, 7]","{""candidate_evaluations"": {""ACO"": 7500, ""DE"": 7500, ""NN+2opt"": 109, ""PSO"": 7500, ""Raw"": 1}, ""candidate_lengths_km"": {""ACO"": 1.7739991125114165, ""DE"": 1.8317880025490054, ""NN+2opt"": 1.7739991125114165, ""PSO"": 1.8657924281328573, ""Raw"": 2.0787263410060044}, ""priority"": [""Raw"", ""NN+2opt"", ""ACO"", ""DE"", ""PSO""], ""tie_tolerance_km"": 1e-12}"
1,Raw,18,2.0787263410060044,0.0006657240446656,1,True,,"[0, 1, 2, 3, 4, 5, 6, 7, 8, 9, 10]",{}
1,ACO,19,1.7739991125114165,4.50378452707082,7500,True,,"[0, 1, 2, 5, 3, 4, 8, 10, 6, 9, 7]","{""alpha"": 1.0, ""beta"": 2.0, ""evaluation_budget"": 7500, ""evaporation"": 0.5, ""population"": 50}"
1,ACO×3,19,1.7739991125114165,13.51301521412097,22500,True,ACO stream 1,"[0, 1, 2, 5, 3, 4, 8, 10, 6, 9, 7]","{""candidate_lengths_km"": [1.7739991125114165, 1.7739991125114165, 1.7739991125114165], ""candidate_seeds"": [19, 39, 59], ""tie_tolerance_km"": 1e-12}"
1,DE,19,1.7739991125114165,0.7924591369228438,7500,True,,"[0, 1, 2, 5, 3, 4, 8, 10, 6, 9, 7]",{}
1,NN+2opt,19,1.7739991125114165,0.0011539349798113,109,True,,"[0, 1, 2, 5, 3, 4, 8, 10, 6, 9, 7]",{}
1,PSO,19,1.7739991125114167,0.0827990889083594,7500,True,,"[7, 9, 6, 10, 8, 4, 3, 5, 2, 1, 0]",{}
1,Portfolio,19,1.7739991125114165,5.380839175893925,22610,True,NN+2opt,"[0, 1, 2, 5, 3, 4, 8, 10, 6, 9, 7]","{""candidate_evaluations"": {""ACO"": 7500, ""DE"": 7500, ""NN+2opt"": 109, ""PSO"": 7500, ""Raw"": 1}, ""candidate_lengths_km"": {""ACO"": 1.7739991125114165, ""DE"": 1.7739991125114165, ""NN+2opt"": 1.7739991125114165, ""PSO"": 1.7739991125114167, ""Raw"": 2.0787263410060044}, ""priority"": [""Raw"", ""NN+2opt"", ""ACO"", ""DE"", ""PSO""], ""tie_tolerance_km"": 1e-12}"
1,Raw,19,2.0787263410060044,0.0006307769799605,1,True,,"[0, 1, 2, 3, 4, 5, 6, 7, 8, 9, 10]",{}
2,ACO,0,2.279975082456949,4.478369219927117,7500,True,,"[0, 1, 2, 4, 7, 10, 8, 9, 6, 3, 5]","{""alpha"": 1.0, ""beta"": 2.0, ""evaluation_budget"": 7500, ""evaporation"": 0.5, ""population"": 50}"
2,ACO×3,0,2.279975082456949,13.35024253593292,22500,True,ACO stream 1,"[0, 1, 2, 4, 7, 10, 8, 9, 6, 3, 5]","{""candidate_lengths_km"": [2.279975082456949, 2.279975082456949, 2.279975082456949], ""candidate_seeds"": [0, 20, 40], ""tie_tolerance_km"": 1e-12}"
2,DE,0,2.279975082456949,0.7630149459000677,7500,True,,"[0, 1, 2, 4, 7, 10, 8, 9, 6, 3, 5]",{}
2,NN+2opt,0,2.279975082456949,0.0013297270052134,158,True,,"[0, 1, 2, 4, 7, 10, 8, 9, 6, 3, 5]",{}
2,PSO,0,2.4392603064536464,0.0813153679482638,7500,True,,"[5, 3, 6, 1, 2, 4, 7, 10, 8, 9, 0]",{}
2,Portfolio,0,2.279975082456949,5.324263555812649,22659,True,NN+2opt,"[0, 1, 2, 4, 7, 10, 8, 9, 6, 3, 5]","{""candidate_evaluations"": {""ACO"": 7500, ""DE"": 7500, ""NN+2opt"": 158, ""PSO"": 7500, ""Raw"": 1}, ""candidate_lengths_km"": {""ACO"": 2.279975082456949, ""DE"": 2.279975082456949, ""NN+2opt"": 2.279975082456949, ""PSO"": 2.4392603064536464, ""Raw"": 3.4379145512158162}, ""priority"": [""Raw"", ""NN+2opt"", ""ACO"", ""DE"", ""PSO""], ""tie_tolerance_km"": 1e-12}"
2,Raw,0,3.437914551215816,0.0002252981066703,1,True,,"[0, 1, 2, 3, 4, 5, 6, 7, 8, 9, 10]",{}
2,ACO,1,2.279975082456949,4.41089510906022,7500,True,,"[0, 1, 2, 4, 7, 10, 8, 9, 6, 3, 5]","{""alpha"": 1.0, ""beta"": 2.0, ""evaluation_budget"": 7500, ""evaporation"": 0.5, ""population"": 50}"
2,ACO×3,1,2.279975082456949,13.291304065031,22500,True,ACO stream 1,"[0, 1, 2, 4, 7, 10, 8, 9, 6, 3, 5]","{""candidate_lengths_km"": [2.279975082456949, 2.279975082456949, 2.279975082456949], ""candidate_seeds"": [1, 21, 41], ""tie_tolerance_km"": 1e-12}"
2,DE,1,2.279975082456949,0.7662187439855188,7500,True,,"[0, 1, 2, 4, 7, 10, 8, 9, 6, 3, 5]",{}
2,NN+2opt,1,2.279975082456949,0.0013375160051509,158,True,,"[0, 1, 2, 4, 7, 10, 8, 9, 6, 3, 5]",{}
2,PSO,1,2.4915071217568023,0.082320851041004,7500,True,,"[9, 8, 10, 7, 4, 2, 1, 6, 3, 5, 0]",{}
2,Portfolio,1,2.279975082456949,5.260915355174802,22659,True,NN+2opt,"[0, 1, 2, 4, 7, 10, 8, 9, 6, 3, 5]","{""candidate_evaluations"": {""ACO"": 7500, ""DE"": 7500, ""NN+2opt"": 158, ""PSO"": 7500, ""Raw"": 1}, ""candidate_lengths_km"": {""ACO"": 2.279975082456949, ""DE"": 2.279975082456949, ""NN+2opt"": 2.279975082456949, ""PSO"": 2.4915071217568023, ""Raw"": 3.4379145512158162}, ""priority"": [""Raw"", ""NN+2opt"", ""ACO"", ""DE"", ""PSO""], ""tie_tolerance_km"": 1e-12}"
2,Raw,1,3.437914551215816,0.0001343020703643,1,True,,"[0, 1, 2, 3, 4, 5, 6, 7, 8, 9, 10]",{}
2,ACO,2,2.279975082456949,4.444522772915661,7500,True,,"[0, 1, 2, 4, 7, 10, 8, 9, 6, 3, 5]","{""alpha"": 1.0, ""beta"": 2.0, ""evaluation_budget"": 7500, ""evaporation"": 0.5, ""population"": 50}"
2,ACO×3,2,2.279975082456949,13.456754800863564,22500,True,ACO stream 1,"[0, 1, 2, 4, 7, 10, 8, 9, 6, 3, 5]","{""candidate_lengths_km"": [2.279975082456949, 2.279975082456949, 2.279975082456949], ""candidate_seeds"": [2, 22, 42], ""tie_tolerance_km"": 1e-12}"
2,DE,2,2.279975082456949,0.7809243990341201,7500,True,,"[0, 1, 2, 4, 7, 10, 8, 9, 6, 3, 5]",{}
2,NN+2opt,2,2.279975082456949,0.0013844980858266,158,True,,"[0, 1, 2, 4, 7, 10, 8, 9, 6, 3, 5]",{}
2,PSO,2,2.3191511019619835,0.0820711470441892,7500,True,,"[1, 2, 4, 7, 10, 8, 9, 6, 3, 5, 0]",{}
2,Portfolio,2,2.279975082456949,5.309043491026387,22659,True,NN+2opt,"[0, 1, 2, 4, 7, 10, 8, 9, 6, 3, 5]","{""candidate_evaluations"": {""ACO"": 7500, ""DE"": 7500, ""NN+2opt"": 158, ""PSO"": 7500, ""Raw"": 1}, ""candidate_lengths_km"": {""ACO"": 2.279975082456949, ""DE"": 2.279975082456949, ""NN+2opt"": 2.279975082456949, ""PSO"": 2.3191511019619835, ""Raw"": 3.4379145512158162}, ""priority"": [""Raw"", ""NN+2opt"", ""ACO"", ""DE"", ""PSO""], ""tie_tolerance_km"": 1e-12}"
2,Raw,2,3.437914551215816,0.0001316179987043,1,True,,"[0, 1, 2, 3, 4, 5, 6, 7, 8, 9, 10]",{}
2,ACO,3,2.279975082456949,4.473859440069646,7500,True,,"[5, 3, 6, 9, 8, 10, 7, 4, 2, 1, 0]","{""alpha"": 1.0, ""beta"": 2.0, ""evaluation_budget"": 7500, ""evaporation"": 0.5, ""population"": 50}"
2,ACO×3,3,2.279975082456949,13.419179479125887,22500,True,ACO stream 1,"[5, 3, 6, 9, 8, 10, 7, 4, 2, 1, 0]","{""candidate_lengths_km"": [2.279975082456949, 2.279975082456949, 2.279975082456949], ""candidate_seeds"": [3, 23, 43], ""tie_tolerance_km"": 1e-12}"
2,DE,3,2.319151101961984,0.7878771950490773,7500,True,,"[0, 5, 3, 6, 9, 8, 10, 7, 4, 2, 1]",{}
2,NN+2opt,3,2.279975082456949,0.0017483010888099,158,True,,"[0, 1, 2, 4, 7, 10, 8, 9, 6, 3, 5]",{}
2,PSO,3,2.279975082456949,0.0863105020252987,7500,True,,"[5, 3, 6, 9, 8, 10, 7, 4, 2, 1, 0]",{}
2,Portfolio,3,2.279975082456949,5.349935962120071,22659,True,NN+2opt,"[0, 1, 2, 4, 7, 10, 8, 9, 6, 3, 5]","{""candidate_evaluations"": {""ACO"": 7500, ""DE"": 7500, ""NN+2opt"": 158, ""PSO"": 7500, ""Raw"": 1}, ""candidate_lengths_km"": {""ACO"": 2.279975082456949, ""DE"": 2.319151101961984, ""NN+2opt"": 2.279975082456949, ""PSO"": 2.279975082456949, ""Raw"": 3.4379145512158162}, ""priority"": [""Raw"", ""NN+2opt"", ""ACO"", ""DE"", ""PSO""], ""tie_tolerance_km"": 1e-12}"
2,Raw,3,3.437914551215816,0.0001309619983658,1,True,,"[0, 1, 2, 3, 4, 5, 6, 7, 8, 9, 10]",{}
2,ACO,4,2.279975082456949,4.388594259973615,7500,True,,"[5, 3, 6, 9, 8, 10, 7, 4, 2, 1, 0]","{""alpha"": 1.0, ""beta"": 2.0, ""evaluation_budget"": 7500, ""evaporation"": 0.5, ""population"": 50}"
2,ACO×3,4,2.279975082456949,13.34778957895469,22500,True,ACO stream 1,"[5, 3, 6, 9, 8, 10, 7, 4, 2, 1, 0]","{""candidate_lengths_km"": [2.279975082456949, 2.279975082456949, 2.279975082456949], ""candidate_seeds"": [4, 24, 44], ""tie_tolerance_km"": 1e-12}"
2,DE,4,2.279975082456949,0.7577598199713975,7500,True,,"[0, 1, 2, 4, 7, 10, 8, 9, 6, 3, 5]",{}
2,NN+2opt,4,2.279975082456949,0.0013709489721804,158,True,,"[0, 1, 2, 4, 7, 10, 8, 9, 6, 3, 5]",{}
2,PSO,4,2.507792601128473,0.0820686990628019,7500,True,,"[5, 3, 1, 6, 9, 8, 10, 7, 4, 2, 0]",{}
2,Portfolio,4,2.279975082456949,5.229936448973604,22659,True,NN+2opt,"[0, 1, 2, 4, 7, 10, 8, 9, 6, 3, 5]","{""candidate_evaluations"": {""ACO"": 7500, ""DE"": 7500, ""NN+2opt"": 158, ""PSO"": 7500, ""Raw"": 1}, ""candidate_lengths_km"": {""ACO"": 2.279975082456949, ""DE"": 2.279975082456949, ""NN+2opt"": 2.279975082456949, ""PSO"": 2.5077926011284726, ""Raw"": 3.4379145512158162}, ""priority"": [""Raw"", ""NN+2opt"", ""ACO"", ""DE"", ""PSO""], ""tie_tolerance_km"": 1e-12}"
2,Raw,4,3.437914551215816,0.0001337230205535,1,True,,"[0, 1, 2, 3, 4, 5, 6, 7, 8, 9, 10]",{}
2,ACO,5,2.279975082456949,4.600497980020009,7500,True,,"[0, 1, 2, 4, 7, 10, 8, 9, 6, 3, 5]","{""alpha"": 1.0, ""beta"": 2.0, ""evaluation_budget"": 7500, ""evaporation"": 0.5, ""population"": 50}"
2,ACO×3,5,2.279975082456949,13.909830032964235,22500,True,ACO stream 1,"[0, 1, 2, 4, 7, 10, 8, 9, 6, 3, 5]","{""candidate_lengths_km"": [2.279975082456949, 2.279975082456949, 2.279975082456949], ""candidate_seeds"": [5, 25, 45], ""tie_tolerance_km"": 1e-12}"
2,DE,5,2.331639390639827,0.8106749240541831,7500,True,,"[0, 1, 2, 6, 4, 7, 10, 8, 9, 3, 5]",{}
2,NN+2opt,5,2.279975082456949,0.0013508180854842,158,True,,"[0, 1, 2, 4, 7, 10, 8, 9, 6, 3, 5]",{}
2,PSO,5,2.4235598691259943,0.081956417998299,7500,True,,"[3, 6, 1, 2, 4, 7, 10, 8, 9, 5, 0]",{}
2,Portfolio,5,2.279975082456949,5.494621636113152,22659,True,NN+2opt,"[0, 1, 2, 4, 7, 10, 8, 9, 6, 3, 5]","{""candidate_evaluations"": {""ACO"": 7500, ""DE"": 7500, ""NN+2opt"": 158, ""PSO"": 7500, ""Raw"": 1}, ""candidate_lengths_km"": {""ACO"": 2.279975082456949, ""DE"": 2.331639390639827, ""NN+2opt"": 2.279975082456949, ""PSO"": 2.4235598691259943, ""Raw"": 3.4379145512158162}, ""priority"": [""Raw"", ""NN+2opt"", ""ACO"", ""DE"", ""PSO""], ""tie_tolerance_km"": 1e-12}"
2,Raw,5,3.437914551215816,0.0001320149749517,1,True,,"[0, 1, 2, 3, 4, 5, 6, 7, 8, 9, 10]",{}
2,ACO,6,2.279975082456949,4.551850894931704,7500,True,,"[0, 1, 2, 4, 7, 10, 8, 9, 6, 3, 5]","{""alpha"": 1.0, ""beta"": 2.0, ""evaluation_budget"": 7500, ""evaporation"": 0.5, ""population"": 50}"
2,ACO×3,6,2.279975082456949,13.986822580103762,22500,True,ACO stream 1,"[0, 1, 2, 4, 7, 10, 8, 9, 6, 3, 5]","{""candidate_lengths_km"": [2.279975082456949, 2.279975082456949, 2.279975082456949], ""candidate_seeds"": [6, 26, 46], ""tie_tolerance_km"": 1e-12}"
2,DE,6,2.279975082456949,0.7789398680906743,7500,True,,"[0, 1, 2, 4, 7, 10, 8, 9, 6, 3, 5]",{}
2,NN+2opt,6,2.279975082456949,0.0013277160469442,158,True,,"[0, 1, 2, 4, 7, 10, 8, 9, 6, 3, 5]",{}
2,PSO,6,2.4235598691259943,0.0818928050575777,7500,True,,"[3, 6, 1, 2, 4, 7, 10, 8, 9, 5, 0]",{}
2,Portfolio,6,2.279975082456949,5.414153346093372,22659,True,NN+2opt,"[0, 1, 2, 4, 7, 10, 8, 9, 6, 3, 5]","{""candidate_evaluations"": {""ACO"": 7500, ""DE"": 7500, ""NN+2opt"": 158, ""PSO"": 7500, ""Raw"": 1}, ""candidate_lengths_km"": {""ACO"": 2.279975082456949, ""DE"": 2.279975082456949, ""NN+2opt"": 2.279975082456949, ""PSO"": 2.4235598691259943, ""Raw"": 3.4379145512158162}, ""priority"": [""Raw"", ""NN+2opt"", ""ACO"", ""DE"", ""PSO""], ""tie_tolerance_km"": 1e-12}"
2,Raw,6,3.437914551215816,0.0001324289478361,1,True,,"[0, 1, 2, 3, 4, 5, 6, 7, 8, 9, 10]",{}
2,ACO,7,2.279975082456949,4.46897267003078,7500,True,,"[0, 1, 2, 4, 7, 10, 8, 9, 6, 3, 5]","{""alpha"": 1.0, ""beta"": 2.0, ""evaluation_budget"": 7500, ""evaporation"": 0.5, ""population"": 50}"
2,ACO×3,7,2.279975082456949,13.609665505005978,22500,True,ACO stream 1,"[0, 1, 2, 4, 7, 10, 8, 9, 6, 3, 5]","{""candidate_lengths_km"": [2.279975082456949, 2.279975082456949, 2.279975082456949], ""candidate_seeds"": [7, 27, 47], ""tie_tolerance_km"": 1e-12}"
2,DE,7,2.279975082456949,0.8294182200916111,7500,True,,"[0, 1, 2, 4, 7, 10, 8, 9, 6, 3, 5]",{}
2,NN+2opt,7,2.279975082456949,0.001378652988933,158,True,,"[0, 1, 2, 4, 7, 10, 8, 9, 6, 3, 5]",{}
2,PSO,7,2.357571922848387,0.0880227519664913,7500,True,,"[0, 3, 6, 1, 2, 4, 7, 10, 8, 9, 5]",{}
2,Portfolio,7,2.279975082456949,5.387933719088323,22659,True,NN+2opt,"[0, 1, 2, 4, 7, 10, 8, 9, 6, 3, 5]","{""candidate_evaluations"": {""ACO"": 7500, ""DE"": 7500, ""NN+2opt"": 158, ""PSO"": 7500, ""Raw"": 1}, ""candidate_lengths_km"": {""ACO"": 2.279975082456949, ""DE"": 2.279975082456949, ""NN+2opt"": 2.279975082456949, ""PSO"": 2.357571922848387, ""Raw"": 3.4379145512158162}, ""priority"": [""Raw"", ""NN+2opt"", ""ACO"", ""DE"", ""PSO""], ""tie_tolerance_km"": 1e-12}"
2,Raw,7,3.437914551215816,0.000132116023451,1,True,,"[0, 1, 2, 3, 4, 5, 6, 7, 8, 9, 10]",{}
2,ACO,8,2.279975082456949,4.635548688005656,7500,True,,"[0, 1, 2, 4, 7, 10, 8, 9, 6, 3, 5]","{""alpha"": 1.0, ""beta"": 2.0, ""evaluation_budget"": 7500, ""evaporation"": 0.5, ""population"": 50}"
2,ACO×3,8,2.279975082456949,13.878409305936655,22500,True,ACO stream 1,"[0, 1, 2, 4, 7, 10, 8, 9, 6, 3, 5]","{""candidate_lengths_km"": [2.279975082456949, 2.279975082456949, 2.279975082456949], ""candidate_seeds"": [8, 28, 48], ""tie_tolerance_km"": 1e-12}"
2,DE,8,2.319151101961984,0.8199245289433748,7500,True,,"[0, 5, 3, 6, 9, 8, 10, 7, 4, 2, 1]",{}
2,NN+2opt,8,2.279975082456949,0.0013523399829864,158,True,,"[0, 1, 2, 4, 7, 10, 8, 9, 6, 3, 5]",{}
2,PSO,8,2.319151101961984,0.0833199110347777,7500,True,,"[0, 5, 3, 6, 9, 8, 10, 7, 4, 2, 1]",{}
2,Portfolio,8,2.279975082456949,5.540389240020886,22659,True,NN+2opt,"[0, 1, 2, 4, 7, 10, 8, 9, 6, 3, 5]","{""candidate_evaluations"": {""ACO"": 7500, ""DE"": 7500, ""NN+2opt"": 158, ""PSO"": 7500, ""Raw"": 1}, ""candidate_lengths_km"": {""ACO"": 2.279975082456949, ""DE"": 2.319151101961984, ""NN+2opt"": 2.279975082456949, ""PSO"": 2.319151101961984, ""Raw"": 3.4379145512158162}, ""priority"": [""Raw"", ""NN+2opt"", ""ACO"", ""DE"", ""PSO""], ""tie_tolerance_km"": 1e-12}"
2,Raw,8,3.437914551215816,0.0002344290260225,1,True,,"[0, 1, 2, 3, 4, 5, 6, 7, 8, 9, 10]",{}
2,ACO,9,2.279975082456949,4.657331169000827,7500,True,,"[0, 1, 2, 4, 7, 10, 8, 9, 6, 3, 5]","{""alpha"": 1.0, ""beta"": 2.0, ""evaluation_budget"": 7500, ""evaporation"": 0.5, ""population"": 50}"
2,ACO×3,9,2.279975082456949,13.927183381980283,22500,True,ACO stream 1,"[0, 1, 2, 4, 7, 10, 8, 9, 6, 3, 5]","{""candidate_lengths_km"": [2.279975082456949, 2.279975082456949, 2.279975082456949], ""candidate_seeds"": [9, 29, 49], ""tie_tolerance_km"": 1e-12}"
2,DE,9,2.279975082456949,0.8072404570411891,7500,True,,"[0, 1, 2, 4, 7, 10, 8, 9, 6, 3, 5]",{}
2,NN+2opt,9,2.279975082456949,0.0013279829872772,158,True,,"[0, 1, 2, 4, 7, 10, 8, 9, 6, 3, 5]",{}
2,PSO,9,2.357571922848387,0.0894081100123003,7500,True,,"[5, 9, 8, 10, 7, 4, 2, 1, 6, 3, 0]",{}
2,Portfolio,9,2.279975082456949,5.555447130114771,22659,True,NN+2opt,"[0, 1, 2, 4, 7, 10, 8, 9, 6, 3, 5]","{""candidate_evaluations"": {""ACO"": 7500, ""DE"": 7500, ""NN+2opt"": 158, ""PSO"": 7500, ""Raw"": 1}, ""candidate_lengths_km"": {""ACO"": 2.279975082456949, ""DE"": 2.279975082456949, ""NN+2opt"": 2.279975082456949, ""PSO"": 2.357571922848387, ""Raw"": 3.4379145512158162}, ""priority"": [""Raw"", ""NN+2opt"", ""ACO"", ""DE"", ""PSO""], ""tie_tolerance_km"": 1e-12}"
2,Raw,9,3.437914551215816,0.0001305970363318,1,True,,"[0, 1, 2, 3, 4, 5, 6, 7, 8, 9, 10]",{}
2,ACO,10,2.279975082456949,4.55322897201404,7500,True,,"[5, 3, 6, 9, 8, 10, 7, 4, 2, 1, 0]","{""alpha"": 1.0, ""beta"": 2.0, ""evaluation_budget"": 7500, ""evaporation"": 0.5, ""population"": 50}"
2,ACO×3,10,2.279975082456949,14.034178902977146,22500,True,ACO stream 1,"[5, 3, 6, 9, 8, 10, 7, 4, 2, 1, 0]","{""candidate_lengths_km"": [2.279975082456949, 2.279975082456949, 2.279975082456949], ""candidate_seeds"": [10, 30, 50], ""tie_tolerance_km"": 1e-12}"
2,DE,10,2.279975082456949,0.8064236680511385,7500,True,,"[0, 1, 2, 4, 7, 10, 8, 9, 6, 3, 5]",{}
2,NN+2opt,10,2.279975082456949,0.0013492000289261,158,True,,"[0, 1, 2, 4, 7, 10, 8, 9, 6, 3, 5]",{}
2,PSO,10,2.440102337804409,0.0839192480780184,7500,True,,"[0, 3, 9, 8, 10, 7, 4, 2, 1, 6, 5]",{}
2,Portfolio,10,2.279975082456949,5.4450607161270455,22659,True,NN+2opt,"[0, 1, 2, 4, 7, 10, 8, 9, 6, 3, 5]","{""candidate_evaluations"": {""ACO"": 7500, ""DE"": 7500, ""NN+2opt"": 158, ""PSO"": 7500, ""Raw"": 1}, ""candidate_lengths_km"": {""ACO"": 2.279975082456949, ""DE"": 2.279975082456949, ""NN+2opt"": 2.279975082456949, ""PSO"": 2.440102337804409, ""Raw"": 3.4379145512158162}, ""priority"": [""Raw"", ""NN+2opt"", ""ACO"", ""DE"", ""PSO""], ""tie_tolerance_km"": 1e-12}"
2,Raw,10,3.437914551215816,0.0001307829516008,1,True,,"[0, 1, 2, 3, 4, 5, 6, 7, 8, 9, 10]",{}
2,ACO,11,2.279975082456949,4.549202847993001,7500,True,,"[0, 1, 2, 4, 7, 10, 8, 9, 6, 3, 5]","{""alpha"": 1.0, ""beta"": 2.0, ""evaluation_budget"": 7500, ""evaporation"": 0.5, ""population"": 50}"
2,ACO×3,11,2.279975082456949,14.055641239974648,22500,True,ACO stream 1,"[0, 1, 2, 4, 7, 10, 8, 9, 6, 3, 5]","{""candidate_lengths_km"": [2.279975082456949, 2.279975082456949, 2.279975082456949], ""candidate_seeds"": [11, 31, 51], ""tie_tolerance_km"": 1e-12}"
2,DE,11,2.279975082456949,0.8026164069306105,7500,True,,"[0, 1, 2, 4, 7, 10, 8, 9, 6, 3, 5]",{}
2,NN+2opt,11,2.279975082456949,0.0013664180878549,158,True,,"[0, 1, 2, 4, 7, 10, 8, 9, 6, 3, 5]",{}
2,PSO,11,2.4235598691259943,0.086332072969526,7500,True,,"[3, 6, 1, 2, 4, 7, 10, 8, 9, 5, 0]",{}
2,Portfolio,11,2.279975082456949,5.439662178978324,22659,True,NN+2opt,"[0, 1, 2, 4, 7, 10, 8, 9, 6, 3, 5]","{""candidate_evaluations"": {""ACO"": 7500, ""DE"": 7500, ""NN+2opt"": 158, ""PSO"": 7500, ""Raw"": 1}, ""candidate_lengths_km"": {""ACO"": 2.279975082456949, ""DE"": 2.279975082456949, ""NN+2opt"": 2.279975082456949, ""PSO"": 2.4235598691259943, ""Raw"": 3.4379145512158162}, ""priority"": [""Raw"", ""NN+2opt"", ""ACO"", ""DE"", ""PSO""], ""tie_tolerance_km"": 1e-12}"
2,Raw,11,3.437914551215816,0.000135053996928,1,True,,"[0, 1, 2, 3, 4, 5, 6, 7, 8, 9, 10]",{}
2,ACO,12,2.279975082456949,4.563090740935877,7500,True,,"[5, 3, 6, 9, 8, 10, 7, 4, 2, 1, 0]","{""alpha"": 1.0, ""beta"": 2.0, ""evaluation_budget"": 7500, ""evaporation"": 0.5, ""population"": 50}"
2,ACO×3,12,2.279975082456949,13.728862116811795,22500,True,ACO stream 1,"[5, 3, 6, 9, 8, 10, 7, 4, 2, 1, 0]","{""candidate_lengths_km"": [2.279975082456949, 2.279975082456949, 2.279975082456949], ""candidate_seeds"": [12, 32, 52], ""tie_tolerance_km"": 1e-12}"
2,DE,12,2.279975082456949,0.7988688760669902,7500,True,,"[0, 1, 2, 4, 7, 10, 8, 9, 6, 3, 5]",{}
2,NN+2opt,12,2.279975082456949,0.0014764459338039,158,True,,"[0, 1, 2, 4, 7, 10, 8, 9, 6, 3, 5]",{}
2,PSO,12,2.357571922848387,0.08380716398824,7500,True,,"[0, 3, 6, 1, 2, 4, 7, 10, 8, 9, 5]",{}
2,Portfolio,12,2.279975082456949,5.447383396909572,22659,True,NN+2opt,"[0, 1, 2, 4, 7, 10, 8, 9, 6, 3, 5]","{""candidate_evaluations"": {""ACO"": 7500, ""DE"": 7500, ""NN+2opt"": 158, ""PSO"": 7500, ""Raw"": 1}, ""candidate_lengths_km"": {""ACO"": 2.279975082456949, ""DE"": 2.279975082456949, ""NN+2opt"": 2.279975082456949, ""PSO"": 2.357571922848387, ""Raw"": 3.4379145512158162}, ""priority"": [""Raw"", ""NN+2opt"", ""ACO"", ""DE"", ""PSO""], ""tie_tolerance_km"": 1e-12}"
2,Raw,12,3.437914551215816,0.000130821019411,1,True,,"[0, 1, 2, 3, 4, 5, 6, 7, 8, 9, 10]",{}
2,ACO,13,2.279975082456949,4.410261417971924,7500,True,,"[5, 3, 6, 9, 8, 10, 7, 4, 2, 1, 0]","{""alpha"": 1.0, ""beta"": 2.0, ""evaluation_budget"": 7500, ""evaporation"": 0.5, ""population"": 50}"
2,ACO×3,13,2.279975082456949,13.305230192025192,22500,True,ACO stream 1,"[5, 3, 6, 9, 8, 10, 7, 4, 2, 1, 0]","{""candidate_lengths_km"": [2.279975082456949, 2.279975082456949, 2.279975082456949], ""candidate_seeds"": [13, 33, 53], ""tie_tolerance_km"": 1e-12}"
2,DE,13,2.279975082456949,0.7744948390172794,7500,True,,"[0, 1, 2, 4, 7, 10, 8, 9, 6, 3, 5]",{}
2,NN+2opt,13,2.279975082456949,0.0013403909979388,158,True,,"[0, 1, 2, 4, 7, 10, 8, 9, 6, 3, 5]",{}
2,PSO,13,2.440102337804409,0.0850292510585859,7500,True,,"[0, 3, 9, 8, 10, 7, 4, 2, 1, 6, 5]",{}
2,Portfolio,13,2.279975082456949,5.271292748046108,22659,True,NN+2opt,"[0, 1, 2, 4, 7, 10, 8, 9, 6, 3, 5]","{""candidate_evaluations"": {""ACO"": 7500, ""DE"": 7500, ""NN+2opt"": 158, ""PSO"": 7500, ""Raw"": 1}, ""candidate_lengths_km"": {""ACO"": 2.279975082456949, ""DE"": 2.279975082456949, ""NN+2opt"": 2.279975082456949, ""PSO"": 2.440102337804409, ""Raw"": 3.4379145512158162}, ""priority"": [""Raw"", ""NN+2opt"", ""ACO"", ""DE"", ""PSO""], ""tie_tolerance_km"": 1e-12}"
2,Raw,13,3.437914551215816,0.000157402944751,1,True,,"[0, 1, 2, 3, 4, 5, 6, 7, 8, 9, 10]",{}
2,ACO,14,2.279975082456949,4.396825929987244,7500,True,,"[5, 3, 6, 9, 8, 10, 7, 4, 2, 1, 0]","{""alpha"": 1.0, ""beta"": 2.0, ""evaluation_budget"": 7500, ""evaporation"": 0.5, ""population"": 50}"
2,ACO×3,14,2.279975082456949,13.199266675976103,22500,True,ACO stream 1,"[5, 3, 6, 9, 8, 10, 7, 4, 2, 1, 0]","{""candidate_lengths_km"": [2.279975082456949, 2.279975082456949, 2.279975082456949], ""candidate_seeds"": [14, 34, 54], ""tie_tolerance_km"": 1e-12}"
2,DE,14,2.279975082456949,0.7771340940380469,7500,True,,"[0, 1, 2, 4, 7, 10, 8, 9, 6, 3, 5]",{}
2,NN+2opt,14,2.279975082456949,0.0013355780392885,158,True,,"[0, 1, 2, 4, 7, 10, 8, 9, 6, 3, 5]",{}
2,PSO,14,2.655271436648497,0.082522573065944,7500,True,,"[7, 10, 8, 9, 6, 4, 2, 1, 3, 5, 0]",{}
2,Portfolio,14,2.279975082456949,5.257960512069985,22659,True,NN+2opt,"[0, 1, 2, 4, 7, 10, 8, 9, 6, 3, 5]","{""candidate_evaluations"": {""ACO"": 7500, ""DE"": 7500, ""NN+2opt"": 158, ""PSO"": 7500, ""Raw"": 1}, ""candidate_lengths_km"": {""ACO"": 2.279975082456949, ""DE"": 2.279975082456949, ""NN+2opt"": 2.279975082456949, ""PSO"": 2.655271436648497, ""Raw"": 3.4379145512158162}, ""priority"": [""Raw"", ""NN+2opt"", ""ACO"", ""DE"", ""PSO""], ""tie_tolerance_km"": 1e-12}"
2,Raw,14,3.437914551215816,0.0001331649255007,1,True,,"[0, 1, 2, 3, 4, 5, 6, 7, 8, 9, 10]",{}
2,ACO,15,2.279975082456949,4.566503238049336,7500,True,,"[5, 3, 6, 9, 8, 10, 7, 4, 2, 1, 0]","{""alpha"": 1.0, ""beta"": 2.0, ""evaluation_budget"": 7500, ""evaporation"": 0.5, ""population"": 50}"
2,ACO×3,15,2.279975082456949,13.794899836997502,22500,True,ACO stream 1,"[5, 3, 6, 9, 8, 10, 7, 4, 2, 1, 0]","{""candidate_lengths_km"": [2.279975082456949, 2.279975082456949, 2.279975082456949], ""candidate_seeds"": [15, 35, 55], ""tie_tolerance_km"": 1e-12}"
2,DE,15,2.279975082456949,0.8079667820129544,7500,True,,"[0, 1, 2, 4, 7, 10, 8, 9, 6, 3, 5]",{}
2,NN+2opt,15,2.279975082456949,0.0013794130645692,158,True,,"[0, 1, 2, 4, 7, 10, 8, 9, 6, 3, 5]",{}
2,PSO,15,2.440102337804409,0.0863989540375769,7500,True,,"[5, 6, 1, 2, 4, 7, 10, 8, 9, 3, 0]",{}
2,Portfolio,15,2.279975082456949,5.462392308167182,22659,True,NN+2opt,"[0, 1, 2, 4, 7, 10, 8, 9, 6, 3, 5]","{""candidate_evaluations"": {""ACO"": 7500, ""DE"": 7500, ""NN+2opt"": 158, ""PSO"": 7500, ""Raw"": 1}, ""candidate_lengths_km"": {""ACO"": 2.279975082456949, ""DE"": 2.279975082456949, ""NN+2opt"": 2.279975082456949, ""PSO"": 2.440102337804409, ""Raw"": 3.4379145512158162}, ""priority"": [""Raw"", ""NN+2opt"", ""ACO"", ""DE"", ""PSO""], ""tie_tolerance_km"": 1e-12}"
2,Raw,15,3.437914551215816,0.0001347700599581,1,True,,"[0, 1, 2, 3, 4, 5, 6, 7, 8, 9, 10]",{}
2,ACO,16,2.279975082456949,4.435014356044121,7500,True,,"[0, 1, 2, 4, 7, 10, 8, 9, 6, 3, 5]","{""alpha"": 1.0, ""beta"": 2.0, ""evaluation_budget"": 7500, ""evaporation"": 0.5, ""population"": 50}"
2,ACO×3,16,2.279975082456949,13.72048595303204,22500,True,ACO stream 1,"[0, 1, 2, 4, 7, 10, 8, 9, 6, 3, 5]","{""candidate_lengths_km"": [2.279975082456949, 2.279975082456949, 2.279975082456949], ""candidate_seeds"": [16, 36, 56], ""tie_tolerance_km"": 1e-12}"
2,DE,16,2.279975082456949,0.7811493610497564,7500,True,,"[0, 1, 2, 4, 7, 10, 8, 9, 6, 3, 5]",{}
2,NN+2opt,16,2.279975082456949,0.0013228659518063,158,True,,"[0, 1, 2, 4, 7, 10, 8, 9, 6, 3, 5]",{}
2,PSO,16,2.883286868744311,0.0815428619971498,7500,True,,"[5, 9, 10, 8, 6, 0, 1, 2, 4, 7, 3]",{}
2,Portfolio,16,2.279975082456949,5.299167680088431,22659,True,NN+2opt,"[0, 1, 2, 4, 7, 10, 8, 9, 6, 3, 5]","{""candidate_evaluations"": {""ACO"": 7500, ""DE"": 7500, ""NN+2opt"": 158, ""PSO"": 7500, ""Raw"": 1}, ""candidate_lengths_km"": {""ACO"": 2.279975082456949, ""DE"": 2.279975082456949, ""NN+2opt"": 2.279975082456949, ""PSO"": 2.883286868744311, ""Raw"": 3.4379145512158162}, ""priority"": [""Raw"", ""NN+2opt"", ""ACO"", ""DE"", ""PSO""], ""tie_tolerance_km"": 1e-12}"
2,Raw,16,3.437914551215816,0.0001296310219913,1,True,,"[0, 1, 2, 3, 4, 5, 6, 7, 8, 9, 10]",{}
2,ACO,17,2.279975082456949,4.419130823109299,7500,True,,"[5, 3, 6, 9, 8, 10, 7, 4, 2, 1, 0]","{""alpha"": 1.0, ""beta"": 2.0, ""evaluation_budget"": 7500, ""evaporation"": 0.5, ""population"": 50}"
2,ACO×3,17,2.279975082456949,13.336704018060118,22500,True,ACO stream 1,"[5, 3, 6, 9, 8, 10, 7, 4, 2, 1, 0]","{""candidate_lengths_km"": [2.279975082456949, 2.279975082456949, 2.279975082456949], ""candidate_seeds"": [17, 37, 57], ""tie_tolerance_km"": 1e-12}"
2,DE,17,2.279975082456949,0.7752436200389639,7500,True,,"[0, 1, 2, 4, 7, 10, 8, 9, 6, 3, 5]",{}
2,NN+2opt,17,2.279975082456949,0.0014818019699305,158,True,,"[0, 1, 2, 4, 7, 10, 8, 9, 6, 3, 5]",{}
2,PSO,17,2.4392603064536478,0.0840344480238854,7500,True,,"[0, 9, 8, 10, 7, 4, 2, 1, 6, 3, 5]",{}
2,Portfolio,17,2.279975082456949,5.280036336160265,22659,True,NN+2opt,"[0, 1, 2, 4, 7, 10, 8, 9, 6, 3, 5]","{""candidate_evaluations"": {""ACO"": 7500, ""DE"": 7500, ""NN+2opt"": 158, ""PSO"": 7500, ""Raw"": 1}, ""candidate_lengths_km"": {""ACO"": 2.279975082456949, ""DE"": 2.279975082456949, ""NN+2opt"": 2.279975082456949, ""PSO"": 2.4392603064536473, ""Raw"": 3.4379145512158162}, ""priority"": [""Raw"", ""NN+2opt"", ""ACO"", ""DE"", ""PSO""], ""tie_tolerance_km"": 1e-12}"
2,Raw,17,3.437914551215816,0.0001364670461043,1,True,,"[0, 1, 2, 3, 4, 5, 6, 7, 8, 9, 10]",{}
2,ACO,18,2.279975082456949,4.572275307029486,7500,True,,"[5, 3, 6, 9, 8, 10, 7, 4, 2, 1, 0]","{""alpha"": 1.0, ""beta"": 2.0, ""evaluation_budget"": 7500, ""evaporation"": 0.5, ""population"": 50}"
2,ACO×3,18,2.279975082456949,13.801371215144172,22500,True,ACO stream 1,"[5, 3, 6, 9, 8, 10, 7, 4, 2, 1, 0]","{""candidate_lengths_km"": [2.279975082456949, 2.279975082456949, 2.279975082456949], ""candidate_seeds"": [18, 38, 58], ""tie_tolerance_km"": 1e-12}"
2,DE,18,2.279975082456949,0.8118706759996712,7500,True,,"[0, 1, 2, 4, 7, 10, 8, 9, 6, 3, 5]",{}
2,NN+2opt,18,2.279975082456949,0.0013362189056351,158,True,,"[0, 1, 2, 4, 7, 10, 8, 9, 6, 3, 5]",{}
2,PSO,18,2.487055328189951,0.0916500719031319,7500,True,,"[6, 9, 8, 10, 7, 4, 2, 1, 3, 5, 0]",{}
2,Portfolio,18,2.279975082456949,5.477279494982213,22659,True,NN+2opt,"[0, 1, 2, 4, 7, 10, 8, 9, 6, 3, 5]","{""candidate_evaluations"": {""ACO"": 7500, ""DE"": 7500, ""NN+2opt"": 158, ""PSO"": 7500, ""Raw"": 1}, ""candidate_lengths_km"": {""ACO"": 2.279975082456949, ""DE"": 2.279975082456949, ""NN+2opt"": 2.279975082456949, ""PSO"": 2.487055328189951, ""Raw"": 3.4379145512158162}, ""priority"": [""Raw"", ""NN+2opt"", ""ACO"", ""DE"", ""PSO""], ""tie_tolerance_km"": 1e-12}"
2,Raw,18,3.437914551215816,0.0001380600733682,1,True,,"[0, 1, 2, 3, 4, 5, 6, 7, 8, 9, 10]",{}
2,ACO,19,2.279975082456949,4.564441450987943,7500,True,,"[0, 1, 2, 4, 7, 10, 8, 9, 6, 3, 5]","{""alpha"": 1.0, ""beta"": 2.0, ""evaluation_budget"": 7500, ""evaporation"": 0.5, ""population"": 50}"
2,ACO×3,19,2.279975082456949,13.604547936003655,22500,True,ACO stream 1,"[0, 1, 2, 4, 7, 10, 8, 9, 6, 3, 5]","{""candidate_lengths_km"": [2.279975082456949, 2.279975082456949, 2.279975082456949], ""candidate_seeds"": [19, 39, 59], ""tie_tolerance_km"": 1e-12}"
2,DE,19,2.279975082456949,0.7829382279887795,7500,True,,"[5, 3, 6, 9, 8, 10, 7, 4, 2, 1, 0]",{}
2,NN+2opt,19,2.279975082456949,0.0013413109118118,158,True,,"[0, 1, 2, 4, 7, 10, 8, 9, 6, 3, 5]",{}
2,PSO,19,2.357571922848387,0.0834908159449696,7500,True,,"[5, 9, 8, 10, 7, 4, 2, 1, 6, 3, 0]",{}
2,Portfolio,19,2.279975082456949,5.432355099823326,22659,True,NN+2opt,"[0, 1, 2, 4, 7, 10, 8, 9, 6, 3, 5]","{""candidate_evaluations"": {""ACO"": 7500, ""DE"": 7500, ""NN+2opt"": 158, ""PSO"": 7500, ""Raw"": 1}, ""candidate_lengths_km"": {""ACO"": 2.279975082456949, ""DE"": 2.279975082456949, ""NN+2opt"": 2.279975082456949, ""PSO"": 2.357571922848387, ""Raw"": 3.4379145512158162}, ""priority"": [""Raw"", ""NN+2opt"", ""ACO"", ""DE"", ""PSO""], ""tie_tolerance_km"": 1e-12}"
2,Raw,19,3.437914551215816,0.0001343580661341,1,True,,"[0, 1, 2, 3, 4, 5, 6, 7, 8, 9, 10]",{}
3,ACO,0,2.5554615909469742,6.521409777924418,7500,True,,"[2, 5, 4, 3, 0, 1, 6, 7, 8, 9, 10, 12, 13, 11, 14, 15]","{""alpha"": 1.0, ""beta"": 2.0, ""evaluation_budget"": 7500, ""evaporation"": 0.5, ""population"": 50}"
3,ACO×3,0,2.5554615909469742,19.78176268097013,22500,True,ACO stream 1,"[2, 5, 4, 3, 0, 1, 6, 7, 8, 9, 10, 12, 13, 11, 14, 15]","{""candidate_lengths_km"": [2.5554615909469742, 2.5554615909469742, 2.5554615909469742], ""candidate_seeds"": [0, 20, 40], ""tie_tolerance_km"": 1e-12}"
3,DE,0,3.039384120396432,0.7828858300345019,7500,True,,"[7, 9, 10, 12, 13, 11, 8, 6, 1, 0, 3, 2, 4, 5, 14, 15]",{}
3,NN+2opt,0,2.5554615909469742,0.0021887669572606,193,True,,"[2, 5, 4, 3, 0, 1, 6, 7, 8, 9, 10, 12, 13, 11, 14, 15]",{}
3,PSO,0,3.341763128328141,0.0973108561011031,7500,True,,"[15, 14, 13, 10, 9, 7, 6, 4, 5, 2, 3, 0, 1, 12, 11, 8]",{}
3,Portfolio,0,2.5554615909469742,7.404045462026261,22694,True,NN+2opt,"[2, 5, 4, 3, 0, 1, 6, 7, 8, 9, 10, 12, 13, 11, 14, 15]","{""candidate_evaluations"": {""ACO"": 7500, ""DE"": 7500, ""NN+2opt"": 193, ""PSO"": 7500, ""Raw"": 1}, ""candidate_lengths_km"": {""ACO"": 2.5554615909469742, ""DE"": 3.039384120396432, ""NN+2opt"": 2.5554615909469742, ""PSO"": 3.341763128328141, ""Raw"": 2.7037306147794564}, ""priority"": [""Raw"", ""NN+2opt"", ""ACO"", ""DE"", ""PSO""], ""tie_tolerance_km"": 1e-12}"
3,Raw,0,2.7037306147794564,0.0002412430476397,1,True,,"[0, 1, 2, 3, 4, 5, 6, 7, 8, 9, 10, 11, 12, 13, 14, 15]",{}
3,ACO,1,2.5554615909469742,6.376245141029358,7500,True,,"[15, 14, 11, 13, 12, 10, 9, 8, 7, 6, 1, 0, 3, 4, 5, 2]","{""alpha"": 1.0, ""beta"": 2.0, ""evaluation_budget"": 7500, ""evaporation"": 0.5, ""population"": 50}"
3,ACO×3,1,2.5554615909469742,19.45907841611188,22500,True,ACO stream 1,"[15, 14, 11, 13, 12, 10, 9, 8, 7, 6, 1, 0, 3, 4, 5, 2]","{""candidate_lengths_km"": [2.5554615909469742, 2.5554615909469742, 2.5554615909469742], ""candidate_seeds"": [1, 21, 41], ""tie_tolerance_km"": 1e-12}"
3,DE,1,2.5554615909469742,0.7800382729619741,7500,True,,"[2, 5, 4, 3, 0, 1, 6, 7, 8, 9, 10, 12, 13, 11, 14, 15]",{}
3,NN+2opt,1,2.5554615909469742,0.0022268790053203,193,True,,"[2, 5, 4, 3, 0, 1, 6, 7, 8, 9, 10, 12, 13, 11, 14, 15]",{}
3,PSO,1,2.6329192777360584,0.0969026499660685,7500,True,,"[0, 1, 3, 2, 5, 4, 6, 7, 8, 9, 10, 12, 13, 11, 14, 15]",{}
3,Portfolio,1,2.5554615909469742,7.255664917873219,22694,True,NN+2opt,"[2, 5, 4, 3, 0, 1, 6, 7, 8, 9, 10, 12, 13, 11, 14, 15]","{""candidate_evaluations"": {""ACO"": 7500, ""DE"": 7500, ""NN+2opt"": 193, ""PSO"": 7500, ""Raw"": 1}, ""candidate_lengths_km"": {""ACO"": 2.5554615909469742, ""DE"": 2.5554615909469742, ""NN+2opt"": 2.5554615909469742, ""PSO"": 2.6329192777360584, ""Raw"": 2.7037306147794564}, ""priority"": [""Raw"", ""NN+2opt"", ""ACO"", ""DE"", ""PSO""], ""tie_tolerance_km"": 1e-12}"
3,Raw,1,2.7037306147794564,0.0002426049904897,1,True,,"[0, 1, 2, 3, 4, 5, 6, 7, 8, 9, 10, 11, 12, 13, 14, 15]",{}
3,ACO,2,2.5554615909469742,6.626174264936708,7500,True,,"[15, 14, 11, 13, 12, 10, 9, 8, 7, 6, 1, 0, 3, 4, 5, 2]","{""alpha"": 1.0, ""beta"": 2.0, ""evaluation_budget"": 7500, ""evaporation"": 0.5, ""population"": 50}"
3,ACO×3,2,2.5554615909469742,19.52516876696609,22500,True,ACO stream 1,"[15, 14, 11, 13, 12, 10, 9, 8, 7, 6, 1, 0, 3, 4, 5, 2]","{""candidate_lengths_km"": [2.5554615909469742, 2.5554615909469742, 2.5554615909469742], ""candidate_seeds"": [2, 22, 42], ""tie_tolerance_km"": 1e-12}"
3,DE,2,3.018576211206519,0.8014822519617155,7500,True,,"[8, 9, 11, 13, 12, 10, 7, 6, 1, 0, 3, 2, 4, 5, 14, 15]",{}
3,NN+2opt,2,2.5554615909469742,0.0022059869952499,193,True,,"[2, 5, 4, 3, 0, 1, 6, 7, 8, 9, 10, 12, 13, 11, 14, 15]",{}
3,PSO,2,3.187756724519524,0.098542021936737,7500,True,,"[2, 3, 4, 5, 6, 15, 14, 8, 11, 13, 12, 10, 9, 7, 1, 0]",{}
3,Portfolio,2,2.5554615909469742,7.5286588239250705,22694,True,NN+2opt,"[2, 5, 4, 3, 0, 1, 6, 7, 8, 9, 10, 12, 13, 11, 14, 15]","{""candidate_evaluations"": {""ACO"": 7500, ""DE"": 7500, ""NN+2opt"": 193, ""PSO"": 7500, ""Raw"": 1}, ""candidate_lengths_km"": {""ACO"": 2.5554615909469742, ""DE"": 3.018576211206519, ""NN+2opt"": 2.5554615909469742, ""PSO"": 3.1877567245195237, ""Raw"": 2.7037306147794564}, ""priority"": [""Raw"", ""NN+2opt"", ""ACO"", ""DE"", ""PSO""], ""tie_tolerance_km"": 1e-12}"
3,Raw,2,2.7037306147794564,0.0002450740430504,1,True,,"[0, 1, 2, 3, 4, 5, 6, 7, 8, 9, 10, 11, 12, 13, 14, 15]",{}
3,ACO,3,2.5554615909469742,6.422752226004377,7500,True,,"[2, 5, 4, 3, 0, 1, 6, 7, 8, 9, 10, 12, 13, 11, 14, 15]","{""alpha"": 1.0, ""beta"": 2.0, ""evaluation_budget"": 7500, ""evaporation"": 0.5, ""population"": 50}"
3,ACO×3,3,2.5554615909469742,19.316407687030733,22500,True,ACO stream 1,"[2, 5, 4, 3, 0, 1, 6, 7, 8, 9, 10, 12, 13, 11, 14, 15]","{""candidate_lengths_km"": [2.5554615909469742, 2.5664198809726244, 2.5554615909469742], ""candidate_seeds"": [3, 23, 43], ""tie_tolerance_km"": 1e-12}"
3,DE,3,2.65849068917389,0.7787387310527265,7500,True,,"[0, 1, 2, 3, 4, 5, 6, 7, 8, 9, 10, 12, 13, 11, 14, 15]",{}
3,NN+2opt,3,2.5554615909469742,0.0022990830475464,193,True,,"[2, 5, 4, 3, 0, 1, 6, 7, 8, 9, 10, 12, 13, 11, 14, 15]",{}
3,PSO,3,2.600192367767015,0.0963178289821371,7500,True,,"[2, 5, 4, 3, 0, 1, 6, 7, 11, 13, 12, 10, 9, 8, 14, 15]",{}
3,Portfolio,3,2.5554615909469742,7.30035265092738,22694,True,NN+2opt,"[2, 5, 4, 3, 0, 1, 6, 7, 8, 9, 10, 12, 13, 11, 14, 15]","{""candidate_evaluations"": {""ACO"": 7500, ""DE"": 7500, ""NN+2opt"": 193, ""PSO"": 7500, ""Raw"": 1}, ""candidate_lengths_km"": {""ACO"": 2.5554615909469742, ""DE"": 2.65849068917389, ""NN+2opt"": 2.5554615909469742, ""PSO"": 2.600192367767015, ""Raw"": 2.7037306147794564}, ""priority"": [""Raw"", ""NN+2opt"", ""ACO"", ""DE"", ""PSO""], ""tie_tolerance_km"": 1e-12}"
3,Raw,3,2.7037306147794564,0.0002357088960707,1,True,,"[0, 1, 2, 3, 4, 5, 6, 7, 8, 9, 10, 11, 12, 13, 14, 15]",{}
3,ACO,4,2.5554615909469742,6.422465465031564,7500,True,,"[2, 5, 4, 3, 0, 1, 6, 7, 8, 9, 10, 12, 13, 11, 14, 15]","{""alpha"": 1.0, ""beta"": 2.0, ""evaluation_budget"": 7500, ""evaporation"": 0.5, ""population"": 50}"
3,ACO×3,4,2.5554615909469742,19.951402815058827,22500,True,ACO stream 1,"[2, 5, 4, 3, 0, 1, 6, 7, 8, 9, 10, 12, 13, 11, 14, 15]","{""candidate_lengths_km"": [2.5554615909469742, 2.5554615909469742, 2.5554615909469742], ""candidate_seeds"": [4, 24, 44], ""tie_tolerance_km"": 1e-12}"
3,DE,4,2.600192367767015,0.7883471689419821,7500,True,,"[15, 14, 8, 9, 10, 12, 13, 11, 7, 6, 1, 0, 3, 4, 5, 2]",{}
3,NN+2opt,4,2.5554615909469742,0.0021787909790873,193,True,,"[2, 5, 4, 3, 0, 1, 6, 7, 8, 9, 10, 12, 13, 11, 14, 15]",{}
3,PSO,4,2.597382216388335,0.100941643002443,7500,True,,"[15, 14, 9, 10, 12, 13, 11, 8, 7, 6, 1, 0, 3, 4, 5, 2]",{}
3,Portfolio,4,2.5554615909469742,7.31418134085834,22694,True,NN+2opt,"[2, 5, 4, 3, 0, 1, 6, 7, 8, 9, 10, 12, 13, 11, 14, 15]","{""candidate_evaluations"": {""ACO"": 7500, ""DE"": 7500, ""NN+2opt"": 193, ""PSO"": 7500, ""Raw"": 1}, ""candidate_lengths_km"": {""ACO"": 2.5554615909469742, ""DE"": 2.600192367767015, ""NN+2opt"": 2.5554615909469742, ""PSO"": 2.597382216388335, ""Raw"": 2.7037306147794564}, ""priority"": [""Raw"", ""NN+2opt"", ""ACO"", ""DE"", ""PSO""], ""tie_tolerance_km"": 1e-12}"
3,Raw,4,2.7037306147794564,0.0002386720152571,1,True,,"[0, 1, 2, 3, 4, 5, 6, 7, 8, 9, 10, 11, 12, 13, 14, 15]",{}
3,ACO,5,2.5554615909469742,6.374087590025738,7500,True,,"[2, 5, 4, 3, 0, 1, 6, 7, 8, 9, 10, 12, 13, 11, 14, 15]","{""alpha"": 1.0, ""beta"": 2.0, ""evaluation_budget"": 7500, ""evaporation"": 0.5, ""population"": 50}"
3,ACO×3,5,2.5554615909469742,19.382012809161097,22500,True,ACO stream 1,"[2, 5, 4, 3, 0, 1, 6, 7, 8, 9, 10, 12, 13, 11, 14, 15]","{""candidate_lengths_km"": [2.5554615909469742, 2.5554615909469742, 2.5554615909469742], ""candidate_seeds"": [5, 25, 45], ""tie_tolerance_km"": 1e-12}"
3,DE,5,2.66944897919954,0.7908960480708629,7500,True,,"[0, 1, 2, 3, 4, 5, 6, 7, 8, 11, 9, 10, 12, 13, 14, 15]",{}
3,NN+2opt,5,2.5554615909469742,0.0022225439315661,193,True,,"[2, 5, 4, 3, 0, 1, 6, 7, 8, 9, 10, 12, 13, 11, 14, 15]",{}
3,PSO,5,3.2229702817938817,0.0963436450110748,7500,True,,"[11, 13, 12, 10, 9, 8, 7, 6, 14, 15, 5, 4, 1, 0, 3, 2]",{}
3,Portfolio,5,2.5554615909469742,7.263805861119181,22694,True,NN+2opt,"[2, 5, 4, 3, 0, 1, 6, 7, 8, 9, 10, 12, 13, 11, 14, 15]","{""candidate_evaluations"": {""ACO"": 7500, ""DE"": 7500, ""NN+2opt"": 193, ""PSO"": 7500, ""Raw"": 1}, ""candidate_lengths_km"": {""ACO"": 2.5554615909469742, ""DE"": 2.66944897919954, ""NN+2opt"": 2.5554615909469742, ""PSO"": 3.2229702817938817, ""Raw"": 2.7037306147794564}, ""priority"": [""Raw"", ""NN+2opt"", ""ACO"", ""DE"", ""PSO""], ""tie_tolerance_km"": 1e-12}"
3,Raw,5,2.7037306147794564,0.0002466620644554,1,True,,"[0, 1, 2, 3, 4, 5, 6, 7, 8, 9, 10, 11, 12, 13, 14, 15]",{}
3,ACO,6,2.5554615909469742,6.439850192982704,7500,True,,"[2, 5, 4, 3, 0, 1, 6, 7, 8, 9, 10, 12, 13, 11, 14, 15]","{""alpha"": 1.0, ""beta"": 2.0, ""evaluation_budget"": 7500, ""evaporation"": 0.5, ""population"": 50}"
3,ACO×3,6,2.5554615909469742,19.213804123923182,22500,True,ACO stream 1,"[2, 5, 4, 3, 0, 1, 6, 7, 8, 9, 10, 12, 13, 11, 14, 15]","{""candidate_lengths_km"": [2.5554615909469742, 2.5554615909469742, 2.5554615909469742], ""candidate_seeds"": [6, 26, 46], ""tie_tolerance_km"": 1e-12}"
3,DE,6,2.644220204978069,0.7758853629929945,7500,True,,"[3, 2, 5, 4, 0, 1, 6, 7, 9, 10, 12, 13, 11, 8, 14, 15]",{}
3,NN+2opt,6,2.5554615909469742,0.0023506629513576,193,True,,"[2, 5, 4, 3, 0, 1, 6, 7, 8, 9, 10, 12, 13, 11, 14, 15]",{}
3,PSO,6,3.3387485753138884,0.0963323599426075,7500,True,,"[10, 12, 13, 4, 5, 2, 3, 0, 1, 6, 7, 8, 9, 11, 14, 15]",{}
3,Portfolio,6,2.5554615909469742,7.314682557829656,22694,True,NN+2opt,"[2, 5, 4, 3, 0, 1, 6, 7, 8, 9, 10, 12, 13, 11, 14, 15]","{""candidate_evaluations"": {""ACO"": 7500, ""DE"": 7500, ""NN+2opt"": 193, ""PSO"": 7500, ""Raw"": 1}, ""candidate_lengths_km"": {""ACO"": 2.5554615909469742, ""DE"": 2.644220204978069, ""NN+2opt"": 2.5554615909469742, ""PSO"": 3.3387485753138884, ""Raw"": 2.7037306147794564}, ""priority"": [""Raw"", ""NN+2opt"", ""ACO"", ""DE"", ""PSO""], ""tie_tolerance_km"": 1e-12}"
3,Raw,6,2.7037306147794564,0.0002535299863666,1,True,,"[0, 1, 2, 3, 4, 5, 6, 7, 8, 9, 10, 11, 12, 13, 14, 15]",{}
3,ACO,7,2.5554615909469742,6.509355681948364,7500,True,,"[2, 5, 4, 3, 0, 1, 6, 7, 8, 9, 10, 12, 13, 11, 14, 15]","{""alpha"": 1.0, ""beta"": 2.0, ""evaluation_budget"": 7500, ""evaporation"": 0.5, ""population"": 50}"
3,ACO×3,7,2.5554615909469742,21.32691361696925,22500,True,ACO stream 1,"[2, 5, 4, 3, 0, 1, 6, 7, 8, 9, 10, 12, 13, 11, 14, 15]","{""candidate_lengths_km"": [2.5554615909469742, 2.584574629456312, 2.5554615909469742], ""candidate_seeds"": [7, 27, 47], ""tie_tolerance_km"": 1e-12}"
3,DE,7,2.5554615909469742,0.7955933419289067,7500,True,,"[2, 5, 4, 3, 0, 1, 6, 7, 8, 9, 10, 12, 13, 11, 14, 15]",{}
3,NN+2opt,7,2.5554615909469742,0.0022410450037568,193,True,,"[2, 5, 4, 3, 0, 1, 6, 7, 8, 9, 10, 12, 13, 11, 14, 15]",{}
3,PSO,7,3.379631236746062,0.1023126159561798,7500,True,,"[15, 14, 13, 8, 4, 5, 2, 3, 0, 1, 10, 12, 11, 9, 7, 6]",{}
3,Portfolio,7,2.5554615909469742,7.409749800921418,22694,True,NN+2opt,"[2, 5, 4, 3, 0, 1, 6, 7, 8, 9, 10, 12, 13, 11, 14, 15]","{""candidate_evaluations"": {""ACO"": 7500, ""DE"": 7500, ""NN+2opt"": 193, ""PSO"": 7500, ""Raw"": 1}, ""candidate_lengths_km"": {""ACO"": 2.5554615909469742, ""DE"": 2.5554615909469742, ""NN+2opt"": 2.5554615909469742, ""PSO"": 3.379631236746062, ""Raw"": 2.7037306147794564}, ""priority"": [""Raw"", ""NN+2opt"", ""ACO"", ""DE"", ""PSO""], ""tie_tolerance_km"": 1e-12}"
3,Raw,7,2.7037306147794564,0.0002378360368311,1,True,,"[0, 1, 2, 3, 4, 5, 6, 7, 8, 9, 10, 11, 12, 13, 14, 15]",{}
3,ACO,8,2.5773142587776494,6.488474839949049,7500,True,,"[2, 5, 4, 3, 0, 1, 6, 7, 9, 10, 12, 13, 11, 8, 14, 15]","{""alpha"": 1.0, ""beta"": 2.0, ""evaluation_budget"": 7500, ""evaporation"": 0.5, ""population"": 50}"
3,ACO×3,8,2.5554615909469742,19.610445742844604,22500,True,ACO stream 2,"[15, 14, 11, 13, 12, 10, 9, 8, 7, 6, 1, 0, 3, 4, 5, 2]","{""candidate_lengths_km"": [2.5773142587776494, 2.5554615909469742, 2.5554615909469742], ""candidate_seeds"": [8, 28, 48], ""tie_tolerance_km"": 1e-12}"
3,DE,8,2.566419880972624,0.7813100109342486,7500,True,,"[15, 14, 13, 12, 10, 9, 11, 8, 7, 6, 1, 0, 3, 4, 5, 2]",{}
3,NN+2opt,8,2.5554615909469742,0.0032698429422453,193,True,,"[2, 5, 4, 3, 0, 1, 6, 7, 8, 9, 10, 12, 13, 11, 14, 15]",{}
3,PSO,8,3.2884679965562764,0.1005645650438964,7500,True,,"[15, 14, 9, 7, 1, 0, 3, 2, 5, 4, 6, 10, 12, 13, 11, 8]",{}
3,Portfolio,8,2.5554615909469742,7.37387536780443,22694,True,NN+2opt,"[2, 5, 4, 3, 0, 1, 6, 7, 8, 9, 10, 12, 13, 11, 14, 15]","{""candidate_evaluations"": {""ACO"": 7500, ""DE"": 7500, ""NN+2opt"": 193, ""PSO"": 7500, ""Raw"": 1}, ""candidate_lengths_km"": {""ACO"": 2.5773142587776494, ""DE"": 2.566419880972624, ""NN+2opt"": 2.5554615909469742, ""PSO"": 3.2884679965562764, ""Raw"": 2.7037306147794564}, ""priority"": [""Raw"", ""NN+2opt"", ""ACO"", ""DE"", ""PSO""], ""tie_tolerance_km"": 1e-12}"
3,Raw,8,2.7037306147794564,0.0002470209728926,1,True,,"[0, 1, 2, 3, 4, 5, 6, 7, 8, 9, 10, 11, 12, 13, 14, 15]",{}
3,ACO,9,2.5554615909469742,6.563311427948065,7500,True,,"[2, 5, 4, 3, 0, 1, 6, 7, 8, 9, 10, 12, 13, 11, 14, 15]","{""alpha"": 1.0, ""beta"": 2.0, ""evaluation_budget"": 7500, ""evaporation"": 0.5, ""population"": 50}"
3,ACO×3,9,2.5554615909469742,19.776502277934924,22500,True,ACO stream 1,"[2, 5, 4, 3, 0, 1, 6, 7, 8, 9, 10, 12, 13, 11, 14, 15]","{""candidate_lengths_km"": [2.5554615909469742, 2.5554615909469742, 2.5554615909469742], ""candidate_seeds"": [9, 29, 49], ""tie_tolerance_km"": 1e-12}"
3,DE,9,2.5664198809726244,0.8071071390295401,7500,True,,"[2, 5, 4, 3, 0, 1, 6, 7, 8, 11, 9, 10, 12, 13, 14, 15]",{}
3,NN+2opt,9,2.5554615909469742,0.0021963190520182,193,True,,"[2, 5, 4, 3, 0, 1, 6, 7, 8, 9, 10, 12, 13, 11, 14, 15]",{}
3,PSO,9,2.579880460302812,0.0989262249786406,7500,True,,"[2, 4, 5, 3, 0, 1, 6, 7, 8, 9, 10, 12, 13, 11, 14, 15]",{}
3,Portfolio,9,2.5554615909469742,7.471792642958462,22694,True,NN+2opt,"[2, 5, 4, 3, 0, 1, 6, 7, 8, 9, 10, 12, 13, 11, 14, 15]","{""candidate_evaluations"": {""ACO"": 7500, ""DE"": 7500, ""NN+2opt"": 193, ""PSO"": 7500, ""Raw"": 1}, ""candidate_lengths_km"": {""ACO"": 2.5554615909469742, ""DE"": 2.5664198809726244, ""NN+2opt"": 2.5554615909469742, ""PSO"": 2.579880460302812, ""Raw"": 2.7037306147794564}, ""priority"": [""Raw"", ""NN+2opt"", ""ACO"", ""DE"", ""PSO""], ""tie_tolerance_km"": 1e-12}"
3,Raw,9,2.7037306147794564,0.0002419980010017,1,True,,"[0, 1, 2, 3, 4, 5, 6, 7, 8, 9, 10, 11, 12, 13, 14, 15]",{}
3,ACO,10,2.5554615909469742,6.719198981998488,7500,True,,"[2, 5, 4, 3, 0, 1, 6, 7, 8, 9, 10, 12, 13, 11, 14, 15]","{""alpha"": 1.0, ""beta"": 2.0, ""evaluation_budget"": 7500, ""evaporation"": 0.5, ""population"": 50}"
3,ACO×3,10,2.5554615909469742,20.01444061088841,22500,True,ACO stream 1,"[2, 5, 4, 3, 0, 1, 6, 7, 8, 9, 10, 12, 13, 11, 14, 15]","{""candidate_lengths_km"": [2.5554615909469742, 2.5554615909469742, 2.5554615909469742], ""candidate_seeds"": [10, 30, 50], ""tie_tolerance_km"": 1e-12}"
3,DE,10,2.9928178625165054,0.8152048990596086,7500,True,,"[8, 11, 13, 12, 10, 9, 7, 6, 1, 0, 3, 2, 4, 5, 14, 15]",{}
3,NN+2opt,10,2.5554615909469742,0.0022243190323933,193,True,,"[2, 5, 4, 3, 0, 1, 6, 7, 8, 9, 10, 12, 13, 11, 14, 15]",{}
3,PSO,10,2.6211500432025,0.1054158030310645,7500,True,,"[15, 14, 11, 13, 12, 10, 9, 8, 7, 6, 5, 4, 1, 0, 3, 2]",{}
3,Portfolio,10,2.5554615909469742,7.642295880126767,22694,True,NN+2opt,"[2, 5, 4, 3, 0, 1, 6, 7, 8, 9, 10, 12, 13, 11, 14, 15]","{""candidate_evaluations"": {""ACO"": 7500, ""DE"": 7500, ""NN+2opt"": 193, ""PSO"": 7500, ""Raw"": 1}, ""candidate_lengths_km"": {""ACO"": 2.5554615909469742, ""DE"": 2.9928178625165054, ""NN+2opt"": 2.5554615909469742, ""PSO"": 2.6211500432025, ""Raw"": 2.7037306147794564}, ""priority"": [""Raw"", ""NN+2opt"", ""ACO"", ""DE"", ""PSO""], ""tie_tolerance_km"": 1e-12}"
3,Raw,10,2.7037306147794564,0.0002416230272501,1,True,,"[0, 1, 2, 3, 4, 5, 6, 7, 8, 9, 10, 11, 12, 13, 14, 15]",{}
3,ACO,11,2.5554615909469742,6.605729302042164,7500,True,,"[2, 5, 4, 3, 0, 1, 6, 7, 8, 9, 10, 12, 13, 11, 14, 15]","{""alpha"": 1.0, ""beta"": 2.0, ""evaluation_budget"": 7500, ""evaporation"": 0.5, ""population"": 50}"
3,ACO×3,11,2.5554615909469742,20.047452897997573,22500,True,ACO stream 1,"[2, 5, 4, 3, 0, 1, 6, 7, 8, 9, 10, 12, 13, 11, 14, 15]","{""candidate_lengths_km"": [2.5554615909469742, 2.5554615909469742, 2.5554615909469742], ""candidate_seeds"": [11, 31, 51], ""tie_tolerance_km"": 1e-12}"
3,DE,11,2.66944897919954,0.8186807869933546,7500,True,,"[0, 1, 2, 3, 4, 5, 6, 7, 8, 11, 9, 10, 12, 13, 14, 15]",{}
3,NN+2opt,11,2.5554615909469742,0.0022909920662641,193,True,,"[2, 5, 4, 3, 0, 1, 6, 7, 8, 9, 10, 12, 13, 11, 14, 15]",{}
3,PSO,11,3.157872970823838,0.0995292119914665,7500,True,,"[15, 14, 5, 4, 3, 0, 6, 8, 11, 13, 12, 10, 9, 7, 1, 2]",{}
3,Portfolio,11,2.5554615909469742,7.526581539073959,22694,True,NN+2opt,"[2, 5, 4, 3, 0, 1, 6, 7, 8, 9, 10, 12, 13, 11, 14, 15]","{""candidate_evaluations"": {""ACO"": 7500, ""DE"": 7500, ""NN+2opt"": 193, ""PSO"": 7500, ""Raw"": 1}, ""candidate_lengths_km"": {""ACO"": 2.5554615909469742, ""DE"": 2.66944897919954, ""NN+2opt"": 2.5554615909469742, ""PSO"": 3.157872970823838, ""Raw"": 2.7037306147794564}, ""priority"": [""Raw"", ""NN+2opt"", ""ACO"", ""DE"", ""PSO""], ""tie_tolerance_km"": 1e-12}"
3,Raw,11,2.7037306147794564,0.0003420659340918,1,True,,"[0, 1, 2, 3, 4, 5, 6, 7, 8, 9, 10, 11, 12, 13, 14, 15]",{}
3,ACO,12,2.5554615909469742,6.409616113989614,7500,True,,"[15, 14, 11, 13, 12, 10, 9, 8, 7, 6, 1, 0, 3, 4, 5, 2]","{""alpha"": 1.0, ""beta"": 2.0, ""evaluation_budget"": 7500, ""evaporation"": 0.5, ""population"": 50}"
3,ACO×3,12,2.5554615909469742,19.44493037799839,22500,True,ACO stream 1,"[15, 14, 11, 13, 12, 10, 9, 8, 7, 6, 1, 0, 3, 4, 5, 2]","{""candidate_lengths_km"": [2.5554615909469742, 2.5554615909469742, 2.5554615909469742], ""candidate_seeds"": [12, 32, 52], ""tie_tolerance_km"": 1e-12}"
3,DE,12,2.5664198809726244,0.7873284699162468,7500,True,,"[2, 5, 4, 3, 0, 1, 6, 7, 8, 11, 9, 10, 12, 13, 14, 15]",{}
3,NN+2opt,12,2.5554615909469742,0.0025979760102927,193,True,,"[2, 5, 4, 3, 0, 1, 6, 7, 8, 9, 10, 12, 13, 11, 14, 15]",{}
3,PSO,12,3.058219609390083,0.1005498559679836,7500,True,,"[2, 6, 7, 8, 9, 10, 12, 13, 11, 14, 15, 5, 4, 3, 1, 0]",{}
3,Portfolio,12,2.5554615909469742,7.300343782873824,22694,True,NN+2opt,"[2, 5, 4, 3, 0, 1, 6, 7, 8, 9, 10, 12, 13, 11, 14, 15]","{""candidate_evaluations"": {""ACO"": 7500, ""DE"": 7500, ""NN+2opt"": 193, ""PSO"": 7500, ""Raw"": 1}, ""candidate_lengths_km"": {""ACO"": 2.5554615909469742, ""DE"": 2.5664198809726244, ""NN+2opt"": 2.5554615909469742, ""PSO"": 3.058219609390083, ""Raw"": 2.7037306147794564}, ""priority"": [""Raw"", ""NN+2opt"", ""ACO"", ""DE"", ""PSO""], ""tie_tolerance_km"": 1e-12}"
3,Raw,12,2.7037306147794564,0.0002417260548099,1,True,,"[0, 1, 2, 3, 4, 5, 6, 7, 8, 9, 10, 11, 12, 13, 14, 15]",{}
3,ACO,13,2.5554615909469742,6.630471577052958,7500,True,,"[2, 5, 4, 3, 0, 1, 6, 7, 8, 9, 10, 12, 13, 11, 14, 15]","{""alpha"": 1.0, ""beta"": 2.0, ""evaluation_budget"": 7500, ""evaporation"": 0.5, ""population"": 50}"
3,ACO×3,13,2.5554615909469742,20.12451246404089,22500,True,ACO stream 1,"[2, 5, 4, 3, 0, 1, 6, 7, 8, 9, 10, 12, 13, 11, 14, 15]","{""candidate_lengths_km"": [2.5554615909469742, 2.5554615909469742, 2.5554615909469742], ""candidate_seeds"": [13, 33, 53], ""tie_tolerance_km"": 1e-12}"
3,DE,13,2.5554615909469742,0.837229631957598,7500,True,,"[15, 14, 11, 13, 12, 10, 9, 8, 7, 6, 1, 0, 3, 4, 5, 2]",{}
3,NN+2opt,13,2.5554615909469742,0.0021957219578325,193,True,,"[2, 5, 4, 3, 0, 1, 6, 7, 8, 9, 10, 12, 13, 11, 14, 15]",{}
3,PSO,13,3.202676126144793,0.1038942610612139,7500,True,,"[2, 5, 4, 3, 0, 1, 6, 7, 14, 15, 11, 8, 9, 10, 12, 13]",{}
3,Portfolio,13,2.5554615909469742,7.574042983003892,22694,True,NN+2opt,"[2, 5, 4, 3, 0, 1, 6, 7, 8, 9, 10, 12, 13, 11, 14, 15]","{""candidate_evaluations"": {""ACO"": 7500, ""DE"": 7500, ""NN+2opt"": 193, ""PSO"": 7500, ""Raw"": 1}, ""candidate_lengths_km"": {""ACO"": 2.5554615909469742, ""DE"": 2.5554615909469742, ""NN+2opt"": 2.5554615909469742, ""PSO"": 3.202676126144793, ""Raw"": 2.7037306147794564}, ""priority"": [""Raw"", ""NN+2opt"", ""ACO"", ""DE"", ""PSO""], ""tie_tolerance_km"": 1e-12}"
3,Raw,13,2.7037306147794564,0.0002427570289,1,True,,"[0, 1, 2, 3, 4, 5, 6, 7, 8, 9, 10, 11, 12, 13, 14, 15]",{}
3,ACO,14,2.566419880972624,6.574538420070894,7500,True,,"[15, 14, 13, 12, 10, 9, 11, 8, 7, 6, 1, 0, 3, 4, 5, 2]","{""alpha"": 1.0, ""beta"": 2.0, ""evaluation_budget"": 7500, ""evaporation"": 0.5, ""population"": 50}"
3,ACO×3,14,2.5554615909469742,19.776701281080022,22500,True,ACO stream 2,"[2, 5, 4, 3, 0, 1, 6, 7, 8, 9, 10, 12, 13, 11, 14, 15]","{""candidate_lengths_km"": [2.566419880972624, 2.5554615909469742, 2.5554615909469742], ""candidate_seeds"": [14, 34, 54], ""tie_tolerance_km"": 1e-12}"
3,DE,14,2.730203506289127,0.8373967810766771,7500,True,,"[0, 1, 2, 3, 4, 5, 6, 7, 10, 9, 12, 13, 11, 8, 14, 15]",{}
3,NN+2opt,14,2.5554615909469742,0.0021954260300844,193,True,,"[2, 5, 4, 3, 0, 1, 6, 7, 8, 9, 10, 12, 13, 11, 14, 15]",{}
3,PSO,14,2.5554615909469742,0.0967406070558354,7500,True,,"[2, 5, 4, 3, 0, 1, 6, 7, 8, 9, 10, 12, 13, 11, 14, 15]",{}
3,Portfolio,14,2.5554615909469742,7.511120183276944,22694,True,NN+2opt,"[2, 5, 4, 3, 0, 1, 6, 7, 8, 9, 10, 12, 13, 11, 14, 15]","{""candidate_evaluations"": {""ACO"": 7500, ""DE"": 7500, ""NN+2opt"": 193, ""PSO"": 7500, ""Raw"": 1}, ""candidate_lengths_km"": {""ACO"": 2.566419880972624, ""DE"": 2.730203506289127, ""NN+2opt"": 2.5554615909469742, ""PSO"": 2.5554615909469742, ""Raw"": 2.7037306147794564}, ""priority"": [""Raw"", ""NN+2opt"", ""ACO"", ""DE"", ""PSO""], ""tie_tolerance_km"": 1e-12}"
3,Raw,14,2.7037306147794564,0.0002399010118097,1,True,,"[0, 1, 2, 3, 4, 5, 6, 7, 8, 9, 10, 11, 12, 13, 14, 15]",{}
3,ACO,15,2.5554615909469742,6.423969716997817,7500,True,,"[2, 5, 4, 3, 0, 1, 6, 7, 8, 9, 10, 12, 13, 11, 14, 15]","{""alpha"": 1.0, ""beta"": 2.0, ""evaluation_budget"": 7500, ""evaporation"": 0.5, ""population"": 50}"
3,ACO×3,15,2.5554615909469742,19.19096727401484,22500,True,ACO stream 1,"[2, 5, 4, 3, 0, 1, 6, 7, 8, 9, 10, 12, 13, 11, 14, 15]","{""candidate_lengths_km"": [2.5554615909469742, 2.5554615909469742, 2.5554615909469742], ""candidate_seeds"": [15, 35, 55], ""tie_tolerance_km"": 1e-12}"
3,DE,15,2.5798804603028125,0.7695741769857705,7500,True,,"[15, 14, 11, 13, 12, 10, 9, 8, 7, 6, 1, 0, 3, 5, 4, 2]",{}
3,NN+2opt,15,2.5554615909469742,0.0022233970230445,193,True,,"[2, 5, 4, 3, 0, 1, 6, 7, 8, 9, 10, 12, 13, 11, 14, 15]",{}
3,PSO,15,3.474124331574025,0.0987390059744939,7500,True,,"[2, 5, 4, 1, 6, 7, 8, 9, 13, 15, 14, 11, 12, 10, 0, 3]",{}
3,Portfolio,15,2.5554615909469742,7.294778332929127,22694,True,NN+2opt,"[2, 5, 4, 3, 0, 1, 6, 7, 8, 9, 10, 12, 13, 11, 14, 15]","{""candidate_evaluations"": {""ACO"": 7500, ""DE"": 7500, ""NN+2opt"": 193, ""PSO"": 7500, ""Raw"": 1}, ""candidate_lengths_km"": {""ACO"": 2.5554615909469742, ""DE"": 2.5798804603028125, ""NN+2opt"": 2.5554615909469742, ""PSO"": 3.474124331574025, ""Raw"": 2.7037306147794564}, ""priority"": [""Raw"", ""NN+2opt"", ""ACO"", ""DE"", ""PSO""], ""tie_tolerance_km"": 1e-12}"
3,Raw,15,2.7037306147794564,0.0002624880289658,1,True,,"[0, 1, 2, 3, 4, 5, 6, 7, 8, 9, 10, 11, 12, 13, 14, 15]",{}
3,ACO,16,2.5773142587776494,6.545997924986295,7500,True,,"[2, 5, 4, 3, 0, 1, 6, 7, 9, 10, 12, 13, 11, 8, 14, 15]","{""alpha"": 1.0, ""beta"": 2.0, ""evaluation_budget"": 7500, ""evaporation"": 0.5, ""population"": 50}"
3,ACO×3,16,2.5554615909469742,19.69206011586357,22500,True,ACO stream 2,"[2, 5, 4, 3, 0, 1, 6, 7, 8, 9, 10, 12, 13, 11, 14, 15]","{""candidate_lengths_km"": [2.5773142587776494, 2.5554615909469742, 2.5554615909469742], ""candidate_seeds"": [16, 36, 56], ""tie_tolerance_km"": 1e-12}"
3,DE,16,2.5554615909469742,0.8083496270701289,7500,True,,"[15, 14, 11, 13, 12, 10, 9, 8, 7, 6, 1, 0, 3, 4, 5, 2]",{}
3,NN+2opt,16,2.5554615909469742,0.0022897279122844,193,True,,"[2, 5, 4, 3, 0, 1, 6, 7, 8, 9, 10, 12, 13, 11, 14, 15]",{}
3,PSO,16,3.005221491396394,0.0965489989612251,7500,True,,"[11, 13, 12, 10, 9, 8, 7, 6, 1, 0, 3, 2, 4, 5, 14, 15]",{}
3,Portfolio,16,2.5554615909469742,7.453439425909892,22694,True,NN+2opt,"[2, 5, 4, 3, 0, 1, 6, 7, 8, 9, 10, 12, 13, 11, 14, 15]","{""candidate_evaluations"": {""ACO"": 7500, ""DE"": 7500, ""NN+2opt"": 193, ""PSO"": 7500, ""Raw"": 1}, ""candidate_lengths_km"": {""ACO"": 2.5773142587776494, ""DE"": 2.5554615909469742, ""NN+2opt"": 2.5554615909469742, ""PSO"": 3.005221491396394, ""Raw"": 2.7037306147794564}, ""priority"": [""Raw"", ""NN+2opt"", ""ACO"", ""DE"", ""PSO""], ""tie_tolerance_km"": 1e-12}"
3,Raw,16,2.7037306147794564,0.0002433130284771,1,True,,"[0, 1, 2, 3, 4, 5, 6, 7, 8, 9, 10, 11, 12, 13, 14, 15]",{}
3,ACO,17,2.5554615909469742,6.710637571988627,7500,True,,"[2, 5, 4, 3, 0, 1, 6, 7, 8, 9, 10, 12, 13, 11, 14, 15]","{""alpha"": 1.0, ""beta"": 2.0, ""evaluation_budget"": 7500, ""evaporation"": 0.5, ""population"": 50}"
3,ACO×3,17,2.5554615909469742,19.77855404803995,22500,True,ACO stream 1,"[2, 5, 4, 3, 0, 1, 6, 7, 8, 9, 10, 12, 13, 11, 14, 15]","{""candidate_lengths_km"": [2.5554615909469742, 2.5554615909469742, 2.5664198809726244], ""candidate_seeds"": [17, 37, 57], ""tie_tolerance_km"": 1e-12}"
3,DE,17,2.820036979783632,0.8187093830201775,7500,True,,"[0, 1, 2, 3, 4, 5, 6, 7, 11, 9, 12, 10, 8, 13, 14, 15]",{}
3,NN+2opt,17,2.5554615909469742,0.002241353970021,193,True,,"[2, 5, 4, 3, 0, 1, 6, 7, 8, 9, 10, 12, 13, 11, 14, 15]",{}
3,PSO,17,3.2116750205840727,0.0976927380543202,7500,True,,"[5, 4, 3, 0, 2, 15, 14, 11, 13, 12, 10, 9, 8, 7, 6, 1]",{}
3,Portfolio,17,2.5554615909469742,7.629523506155237,22694,True,NN+2opt,"[2, 5, 4, 3, 0, 1, 6, 7, 8, 9, 10, 12, 13, 11, 14, 15]","{""candidate_evaluations"": {""ACO"": 7500, ""DE"": 7500, ""NN+2opt"": 193, ""PSO"": 7500, ""Raw"": 1}, ""candidate_lengths_km"": {""ACO"": 2.5554615909469742, ""DE"": 2.820036979783632, ""NN+2opt"": 2.5554615909469742, ""PSO"": 3.2116750205840727, ""Raw"": 2.7037306147794564}, ""priority"": [""Raw"", ""NN+2opt"", ""ACO"", ""DE"", ""PSO""], ""tie_tolerance_km"": 1e-12}"
3,Raw,17,2.7037306147794564,0.0002334790769964,1,True,,"[0, 1, 2, 3, 4, 5, 6, 7, 8, 9, 10, 11, 12, 13, 14, 15]",{}
3,ACO,18,2.5554615909469742,6.739418695913628,7500,True,,"[2, 5, 4, 3, 0, 1, 6, 7, 8, 9, 10, 12, 13, 11, 14, 15]","{""alpha"": 1.0, ""beta"": 2.0, ""evaluation_budget"": 7500, ""evaporation"": 0.5, ""population"": 50}"
3,ACO×3,18,2.5554615909469742,20.154731493908912,22500,True,ACO stream 1,"[2, 5, 4, 3, 0, 1, 6, 7, 8, 9, 10, 12, 13, 11, 14, 15]","{""candidate_lengths_km"": [2.5554615909469742, 2.5554615909469742, 2.5773142587776494], ""candidate_seeds"": [18, 38, 58], ""tie_tolerance_km"": 1e-12}"
3,DE,18,2.5554615909469742,0.8166274350369349,7500,True,,"[15, 14, 11, 13, 12, 10, 9, 8, 7, 6, 1, 0, 3, 4, 5, 2]",{}
3,NN+2opt,18,2.5554615909469742,0.0022528680274263,193,True,,"[2, 5, 4, 3, 0, 1, 6, 7, 8, 9, 10, 12, 13, 11, 14, 15]",{}
3,PSO,18,3.2092090226517214,0.0991842289222404,7500,True,,"[0, 1, 8, 9, 10, 12, 13, 11, 15, 14, 7, 6, 4, 3, 5, 2]",{}
3,Portfolio,18,2.5554615909469742,7.657726638950407,22694,True,NN+2opt,"[2, 5, 4, 3, 0, 1, 6, 7, 8, 9, 10, 12, 13, 11, 14, 15]","{""candidate_evaluations"": {""ACO"": 7500, ""DE"": 7500, ""NN+2opt"": 193, ""PSO"": 7500, ""Raw"": 1}, ""candidate_lengths_km"": {""ACO"": 2.5554615909469742, ""DE"": 2.5554615909469742, ""NN+2opt"": 2.5554615909469742, ""PSO"": 3.2092090226517214, ""Raw"": 2.7037306147794564}, ""priority"": [""Raw"", ""NN+2opt"", ""ACO"", ""DE"", ""PSO""], ""tie_tolerance_km"": 1e-12}"
3,Raw,18,2.7037306147794564,0.0002338170306757,1,True,,"[0, 1, 2, 3, 4, 5, 6, 7, 8, 9, 10, 11, 12, 13, 14, 15]",{}
3,ACO,19,2.5554615909469742,6.589255220955238,7500,True,,"[2, 5, 4, 3, 0, 1, 6, 7, 8, 9, 10, 12, 13, 11, 14, 15]","{""alpha"": 1.0, ""beta"": 2.0, ""evaluation_budget"": 7500, ""evaporation"": 0.5, ""population"": 50}"
3,ACO×3,19,2.5554615909469742,19.81997758091893,22500,True,ACO stream 1,"[2, 5, 4, 3, 0, 1, 6, 7, 8, 9, 10, 12, 13, 11, 14, 15]","{""candidate_lengths_km"": [2.5554615909469742, 2.5554615909469742, 2.5554615909469742], ""candidate_seeds"": [19, 39, 59], ""tie_tolerance_km"": 1e-12}"
3,DE,19,2.5554615909469742,0.8531780210323632,7500,True,,"[15, 14, 11, 13, 12, 10, 9, 8, 7, 6, 1, 0, 3, 4, 5, 2]",{}
3,NN+2opt,19,2.5554615909469742,0.0023105619475245,193,True,,"[2, 5, 4, 3, 0, 1, 6, 7, 8, 9, 10, 12, 13, 11, 14, 15]",{}
3,PSO,19,2.5554615909469742,0.098070134059526,7500,True,,"[2, 5, 4, 3, 0, 1, 6, 7, 8, 9, 10, 12, 13, 11, 14, 15]",{}
3,Portfolio,19,2.5554615909469742,7.543067428981885,22694,True,NN+2opt,"[2, 5, 4, 3, 0, 1, 6, 7, 8, 9, 10, 12, 13, 11, 14, 15]","{""candidate_evaluations"": {""ACO"": 7500, ""DE"": 7500, ""NN+2opt"": 193, ""PSO"": 7500, ""Raw"": 1}, ""candidate_lengths_km"": {""ACO"": 2.5554615909469742, ""DE"": 2.5554615909469742, ""NN+2opt"": 2.5554615909469742, ""PSO"": 2.5554615909469742, ""Raw"": 2.7037306147794564}, ""priority"": [""Raw"", ""NN+2opt"", ""ACO"", ""DE"", ""PSO""], ""tie_tolerance_km"": 1e-12}"
3,Raw,19,2.7037306147794564,0.0002434840425848,1,True,,"[0, 1, 2, 3, 4, 5, 6, 7, 8, 9, 10, 11, 12, 13, 14, 15]",{}
4,ACO,0,2.1335996845890683,4.743722921935841,7500,True,,"[0, 1, 2, 3, 7, 8, 9, 10, 11, 6, 4, 5]","{""alpha"": 1.0, ""beta"": 2.0, ""evaluation_budget"": 7500, ""evaporation"": 0.5, ""population"": 50}"
4,ACO×3,0,2.1335996845890683,14.419535888009705,22500,True,ACO stream 1,"[0, 1, 2, 3, 7, 8, 9, 10, 11, 6, 4, 5]","{""candidate_lengths_km"": [2.1335996845890683, 2.1335996845890683, 2.1335996845890683], ""candidate_seeds"": [0, 20, 40], ""tie_tolerance_km"": 1e-12}"
4,DE,0,2.133644932572534,0.7598306509898975,7500,True,,"[0, 1, 2, 3, 10, 9, 8, 7, 11, 6, 4, 5]",{}
4,NN+2opt,0,2.1385399346185148,0.001082158065401,95,True,,"[0, 1, 10, 9, 8, 7, 11, 6, 3, 2, 4, 5]",{}
4,PSO,0,2.3637995545112407,0.0855386019684374,7500,True,,"[0, 5, 4, 7, 8, 9, 10, 11, 6, 3, 2, 1]",{}
4,Portfolio,0,2.1335996845890683,5.590351499966346,22596,True,ACO,"[0, 1, 2, 3, 7, 8, 9, 10, 11, 6, 4, 5]","{""candidate_evaluations"": {""ACO"": 7500, ""DE"": 7500, ""NN+2opt"": 95, ""PSO"": 7500, ""Raw"": 1}, ""candidate_lengths_km"": {""ACO"": 2.1335996845890683, ""DE"": 2.133644932572534, ""NN+2opt"": 2.1385399346185148, ""PSO"": 2.3637995545112407, ""Raw"": 2.394872326638416}, ""priority"": [""Raw"", ""NN+2opt"", ""ACO"", ""DE"", ""PSO""], ""tie_tolerance_km"": 1e-12}"
4,Raw,0,2.394872326638416,0.0001690479693934,1,True,,"[0, 1, 2, 3, 4, 5, 6, 7, 8, 9, 10, 11]",{}
4,ACO,1,2.1336449325725337,4.838730301009491,7500,True,,"[5, 4, 6, 11, 7, 8, 9, 10, 3, 2, 1, 0]","{""alpha"": 1.0, ""beta"": 2.0, ""evaluation_budget"": 7500, ""evaporation"": 0.5, ""population"": 50}"
4,ACO×3,1,2.1335996845890683,14.809871128876694,22500,True,ACO stream 2,"[0, 1, 2, 3, 7, 8, 9, 10, 11, 6, 4, 5]","{""candidate_lengths_km"": [2.1336449325725337, 2.1335996845890683, 2.1336449325725337], ""candidate_seeds"": [1, 21, 41], ""tie_tolerance_km"": 1e-12}"
4,DE,1,2.1385399346185148,0.7561501140007749,7500,True,,"[0, 1, 10, 9, 8, 7, 11, 6, 3, 2, 4, 5]",{}
4,NN+2opt,1,2.1385399346185148,0.0012529479572549,95,True,,"[0, 1, 10, 9, 8, 7, 11, 6, 3, 2, 4, 5]",{}
4,PSO,1,2.3485652007282405,0.0864877180429175,7500,True,,"[7, 8, 9, 10, 11, 6, 3, 2, 4, 5, 1, 0]",{}
4,Portfolio,1,2.1336449325725337,5.682777362992056,22596,True,ACO,"[5, 4, 6, 11, 7, 8, 9, 10, 3, 2, 1, 0]","{""candidate_evaluations"": {""ACO"": 7500, ""DE"": 7500, ""NN+2opt"": 95, ""PSO"": 7500, ""Raw"": 1}, ""candidate_lengths_km"": {""ACO"": 2.1336449325725337, ""DE"": 2.1385399346185148, ""NN+2opt"": 2.1385399346185148, ""PSO"": 2.3485652007282405, ""Raw"": 2.394872326638416}, ""priority"": [""Raw"", ""NN+2opt"", ""ACO"", ""DE"", ""PSO""], ""tie_tolerance_km"": 1e-12}"
4,Raw,1,2.394872326638416,0.0001478620106354,1,True,,"[0, 1, 2, 3, 4, 5, 6, 7, 8, 9, 10, 11]",{}
4,ACO,2,2.1335996845890683,4.881800599046983,7500,True,,"[0, 1, 2, 3, 7, 8, 9, 10, 11, 6, 4, 5]","{""alpha"": 1.0, ""beta"": 2.0, ""evaluation_budget"": 7500, ""evaporation"": 0.5, ""population"": 50}"
4,ACO×3,2,2.1335996845890683,14.616827637073584,22500,True,ACO stream 1,"[0, 1, 2, 3, 7, 8, 9, 10, 11, 6, 4, 5]","{""candidate_lengths_km"": [2.1335996845890683, 2.1385399346185148, 2.1335996845890683], ""candidate_seeds"": [2, 22, 42], ""tie_tolerance_km"": 1e-12}"
4,DE,2,2.1335996845890683,0.7665416890522465,7500,True,,"[0, 1, 2, 3, 7, 8, 9, 10, 11, 6, 4, 5]",{}
4,NN+2opt,2,2.1385399346185148,0.0011008840519934,95,True,,"[0, 1, 10, 9, 8, 7, 11, 6, 3, 2, 4, 5]",{}
4,PSO,2,2.1385399346185148,0.0877659720135852,7500,True,,"[0, 1, 10, 9, 8, 7, 11, 6, 3, 2, 4, 5]",{}
4,Portfolio,2,2.1335996845890683,5.737372972187586,22596,True,ACO,"[0, 1, 2, 3, 7, 8, 9, 10, 11, 6, 4, 5]","{""candidate_evaluations"": {""ACO"": 7500, ""DE"": 7500, ""NN+2opt"": 95, ""PSO"": 7500, ""Raw"": 1}, ""candidate_lengths_km"": {""ACO"": 2.1335996845890683, ""DE"": 2.1335996845890683, ""NN+2opt"": 2.1385399346185148, ""PSO"": 2.1385399346185148, ""Raw"": 2.394872326638416}, ""priority"": [""Raw"", ""NN+2opt"", ""ACO"", ""DE"", ""PSO""], ""tie_tolerance_km"": 1e-12}"
4,Raw,2,2.394872326638416,0.0001548510044813,1,True,,"[0, 1, 2, 3, 4, 5, 6, 7, 8, 9, 10, 11]",{}
4,ACO,3,2.1335996845890683,5.111421213950962,7500,True,,"[0, 1, 2, 3, 7, 8, 9, 10, 11, 6, 4, 5]","{""alpha"": 1.0, ""beta"": 2.0, ""evaluation_budget"": 7500, ""evaporation"": 0.5, ""population"": 50}"
4,ACO×3,3,2.1335996845890683,15.02250435494352,22500,True,ACO stream 1,"[0, 1, 2, 3, 7, 8, 9, 10, 11, 6, 4, 5]","{""candidate_lengths_km"": [2.1335996845890683, 2.1336449325725337, 2.1335996845890683], ""candidate_seeds"": [3, 23, 43], ""tie_tolerance_km"": 1e-12}"
4,DE,3,2.133644932572534,0.7702966189244762,7500,True,,"[0, 1, 2, 3, 10, 9, 8, 7, 11, 6, 4, 5]",{}
4,NN+2opt,3,2.1385399346185148,0.0011027900036424,95,True,,"[0, 1, 10, 9, 8, 7, 11, 6, 3, 2, 4, 5]",{}
4,PSO,3,2.3267991770386343,0.0879355240613222,7500,True,,"[5, 11, 7, 8, 9, 10, 2, 3, 6, 4, 1, 0]",{}
4,Portfolio,3,2.1335996845890683,5.970914286910556,22596,True,ACO,"[0, 1, 2, 3, 7, 8, 9, 10, 11, 6, 4, 5]","{""candidate_evaluations"": {""ACO"": 7500, ""DE"": 7500, ""NN+2opt"": 95, ""PSO"": 7500, ""Raw"": 1}, ""candidate_lengths_km"": {""ACO"": 2.1335996845890683, ""DE"": 2.133644932572534, ""NN+2opt"": 2.1385399346185148, ""PSO"": 2.3267991770386343, ""Raw"": 2.394872326638416}, ""priority"": [""Raw"", ""NN+2opt"", ""ACO"", ""DE"", ""PSO""], ""tie_tolerance_km"": 1e-12}"
4,Raw,3,2.394872326638416,0.0001495860051363,1,True,,"[0, 1, 2, 3, 4, 5, 6, 7, 8, 9, 10, 11]",{}
4,ACO,4,2.1336449325725337,5.287393587990664,7500,True,,"[5, 4, 6, 11, 7, 8, 9, 10, 3, 2, 1, 0]","{""alpha"": 1.0, ""beta"": 2.0, ""evaluation_budget"": 7500, ""evaporation"": 0.5, ""population"": 50}"
4,ACO×3,4,2.1335996845890683,14.828499945928344,22500,True,ACO stream 2,"[0, 1, 2, 3, 7, 8, 9, 10, 11, 6, 4, 5]","{""candidate_lengths_km"": [2.1336449325725337, 2.1335996845890683, 2.1335996845890683], ""candidate_seeds"": [4, 24, 44], ""tie_tolerance_km"": 1e-12}"
4,DE,4,2.1335996845890683,0.8613999770022929,7500,True,,"[0, 1, 2, 3, 7, 8, 9, 10, 11, 6, 4, 5]",{}
4,NN+2opt,4,2.1385399346185148,0.0010853239800781,95,True,,"[0, 1, 10, 9, 8, 7, 11, 6, 3, 2, 4, 5]",{}
4,PSO,4,2.351070396666638,0.0854496880201622,7500,True,,"[1, 10, 9, 8, 7, 11, 6, 5, 4, 3, 2, 0]",{}
4,Portfolio,4,2.1335996845890683,6.235485180863179,22596,True,DE,"[0, 1, 2, 3, 7, 8, 9, 10, 11, 6, 4, 5]","{""candidate_evaluations"": {""ACO"": 7500, ""DE"": 7500, ""NN+2opt"": 95, ""PSO"": 7500, ""Raw"": 1}, ""candidate_lengths_km"": {""ACO"": 2.1336449325725337, ""DE"": 2.1335996845890683, ""NN+2opt"": 2.1385399346185148, ""PSO"": 2.3510703966666386, ""Raw"": 2.394872326638416}, ""priority"": [""Raw"", ""NN+2opt"", ""ACO"", ""DE"", ""PSO""], ""tie_tolerance_km"": 1e-12}"
4,Raw,4,2.394872326638416,0.0001484099775552,1,True,,"[0, 1, 2, 3, 4, 5, 6, 7, 8, 9, 10, 11]",{}
4,ACO,5,2.1335996845890683,4.790126488893293,7500,True,,"[0, 1, 2, 3, 7, 8, 9, 10, 11, 6, 4, 5]","{""alpha"": 1.0, ""beta"": 2.0, ""evaluation_budget"": 7500, ""evaporation"": 0.5, ""population"": 50}"
4,ACO×3,5,2.1335996845890683,14.52848934789654,22500,True,ACO stream 1,"[0, 1, 2, 3, 7, 8, 9, 10, 11, 6, 4, 5]","{""candidate_lengths_km"": [2.1335996845890683, 2.1335996845890683, 2.1336449325725337], ""candidate_seeds"": [5, 25, 45], ""tie_tolerance_km"": 1e-12}"
4,DE,5,2.1335996845890683,0.7622848800383508,7500,True,,"[0, 1, 2, 3, 7, 8, 9, 10, 11, 6, 4, 5]",{}
4,NN+2opt,5,2.1385399346185148,0.0012010419741272,95,True,,"[0, 1, 10, 9, 8, 7, 11, 6, 3, 2, 4, 5]",{}
4,PSO,5,2.202959878220808,0.0865948349237442,7500,True,,"[0, 1, 2, 3, 11, 10, 9, 8, 7, 6, 4, 5]",{}
4,Portfolio,5,2.1335996845890683,5.640366438776255,22596,True,ACO,"[0, 1, 2, 3, 7, 8, 9, 10, 11, 6, 4, 5]","{""candidate_evaluations"": {""ACO"": 7500, ""DE"": 7500, ""NN+2opt"": 95, ""PSO"": 7500, ""Raw"": 1}, ""candidate_lengths_km"": {""ACO"": 2.1335996845890683, ""DE"": 2.1335996845890683, ""NN+2opt"": 2.1385399346185148, ""PSO"": 2.202959878220808, ""Raw"": 2.394872326638416}, ""priority"": [""Raw"", ""NN+2opt"", ""ACO"", ""DE"", ""PSO""], ""tie_tolerance_km"": 1e-12}"
4,Raw,5,2.394872326638416,0.0001509019639343,1,True,,"[0, 1, 2, 3, 4, 5, 6, 7, 8, 9, 10, 11]",{}
4,ACO,6,2.1335996845890683,4.767063637962565,7500,True,,"[0, 1, 2, 3, 7, 8, 9, 10, 11, 6, 4, 5]","{""alpha"": 1.0, ""beta"": 2.0, ""evaluation_budget"": 7500, ""evaporation"": 0.5, ""population"": 50}"
4,ACO×3,6,2.1335996845890683,14.628001163946465,22500,True,ACO stream 1,"[0, 1, 2, 3, 7, 8, 9, 10, 11, 6, 4, 5]","{""candidate_lengths_km"": [2.1335996845890683, 2.1335996845890683, 2.1335996845890683], ""candidate_seeds"": [6, 26, 46], ""tie_tolerance_km"": 1e-12}"
4,DE,6,2.1335996845890683,0.9285717929014936,7500,True,,"[0, 1, 2, 3, 7, 8, 9, 10, 11, 6, 4, 5]",{}
4,NN+2opt,6,2.1385399346185148,0.0019401019671931,95,True,,"[0, 1, 10, 9, 8, 7, 11, 6, 3, 2, 4, 5]",{}
4,PSO,6,2.2465832745304644,0.1561909939628094,7500,True,,"[0, 1, 3, 10, 9, 8, 7, 11, 6, 2, 4, 5]",{}
4,Portfolio,6,2.1335996845890683,5.853941546869464,22596,True,ACO,"[0, 1, 2, 3, 7, 8, 9, 10, 11, 6, 4, 5]","{""candidate_evaluations"": {""ACO"": 7500, ""DE"": 7500, ""NN+2opt"": 95, ""PSO"": 7500, ""Raw"": 1}, ""candidate_lengths_km"": {""ACO"": 2.1335996845890683, ""DE"": 2.1335996845890683, ""NN+2opt"": 2.1385399346185148, ""PSO"": 2.2465832745304644, ""Raw"": 2.394872326638416}, ""priority"": [""Raw"", ""NN+2opt"", ""ACO"", ""DE"", ""PSO""], ""tie_tolerance_km"": 1e-12}"
4,Raw,6,2.394872326638416,0.0001611820189282,1,True,,"[0, 1, 2, 3, 4, 5, 6, 7, 8, 9, 10, 11]",{}
4,ACO,7,2.1336449325725337,4.763917917036451,7500,True,,"[5, 4, 6, 11, 7, 8, 9, 10, 3, 2, 1, 0]","{""alpha"": 1.0, ""beta"": 2.0, ""evaluation_budget"": 7500, ""evaporation"": 0.5, ""population"": 50}"
4,ACO×3,7,2.1335996845890683,14.277827066020109,22500,True,ACO stream 2,"[0, 1, 2, 3, 7, 8, 9, 10, 11, 6, 4, 5]","{""candidate_lengths_km"": [2.1336449325725337, 2.1335996845890683, 2.1335996845890683], ""candidate_seeds"": [7, 27, 47], ""tie_tolerance_km"": 1e-12}"
4,DE,7,2.1335996845890683,0.7696689090225846,7500,True,,"[0, 1, 2, 3, 7, 8, 9, 10, 11, 6, 4, 5]",{}
4,NN+2opt,7,2.1385399346185148,0.0010799949523061,95,True,,"[0, 1, 10, 9, 8, 7, 11, 6, 3, 2, 4, 5]",{}
4,PSO,7,2.1385399346185148,0.0854459309484809,7500,True,,"[0, 1, 10, 9, 8, 7, 11, 6, 3, 2, 4, 5]",{}
4,Portfolio,7,2.1335996845890683,5.620275585097261,22596,True,DE,"[0, 1, 2, 3, 7, 8, 9, 10, 11, 6, 4, 5]","{""candidate_evaluations"": {""ACO"": 7500, ""DE"": 7500, ""NN+2opt"": 95, ""PSO"": 7500, ""Raw"": 1}, ""candidate_lengths_km"": {""ACO"": 2.1336449325725337, ""DE"": 2.1335996845890683, ""NN+2opt"": 2.1385399346185148, ""PSO"": 2.1385399346185148, ""Raw"": 2.394872326638416}, ""priority"": [""Raw"", ""NN+2opt"", ""ACO"", ""DE"", ""PSO""], ""tie_tolerance_km"": 1e-12}"
4,Raw,7,2.394872326638416,0.0001545080449432,1,True,,"[0, 1, 2, 3, 4, 5, 6, 7, 8, 9, 10, 11]",{}
4,ACO,8,2.1336449325725337,4.929095918894745,7500,True,,"[5, 4, 6, 11, 7, 8, 9, 10, 3, 2, 1, 0]","{""alpha"": 1.0, ""beta"": 2.0, ""evaluation_budget"": 7500, ""evaporation"": 0.5, ""population"": 50}"
4,ACO×3,8,2.1335996845890683,14.72953033086378,22500,True,ACO stream 3,"[0, 1, 2, 3, 7, 8, 9, 10, 11, 6, 4, 5]","{""candidate_lengths_km"": [2.1336449325725337, 2.1336449325725337, 2.1335996845890683], ""candidate_seeds"": [8, 28, 48], ""tie_tolerance_km"": 1e-12}"
4,DE,8,2.1385399346185148,0.7539054200751707,7500,True,,"[0, 1, 10, 9, 8, 7, 11, 6, 3, 2, 4, 5]",{}
4,NN+2opt,8,2.1385399346185148,0.001151334028691,95,True,,"[0, 1, 10, 9, 8, 7, 11, 6, 3, 2, 4, 5]",{}
4,PSO,8,2.3889832889766325,0.0853555670473724,7500,True,,"[0, 1, 5, 4, 2, 3, 11, 10, 9, 8, 7, 6]",{}
4,Portfolio,8,2.1336449325725337,5.769664278952405,22596,True,ACO,"[5, 4, 6, 11, 7, 8, 9, 10, 3, 2, 1, 0]","{""candidate_evaluations"": {""ACO"": 7500, ""DE"": 7500, ""NN+2opt"": 95, ""PSO"": 7500, ""Raw"": 1}, ""candidate_lengths_km"": {""ACO"": 2.1336449325725337, ""DE"": 2.1385399346185148, ""NN+2opt"": 2.1385399346185148, ""PSO"": 2.3889832889766325, ""Raw"": 2.394872326638416}, ""priority"": [""Raw"", ""NN+2opt"", ""ACO"", ""DE"", ""PSO""], ""tie_tolerance_km"": 1e-12}"
4,Raw,8,2.394872326638416,0.0001478169579058,1,True,,"[0, 1, 2, 3, 4, 5, 6, 7, 8, 9, 10, 11]",{}
4,ACO,9,2.1335996845890683,4.885572404949926,7500,True,,"[0, 1, 2, 3, 7, 8, 9, 10, 11, 6, 4, 5]","{""alpha"": 1.0, ""beta"": 2.0, ""evaluation_budget"": 7500, ""evaporation"": 0.5, ""population"": 50}"
4,ACO×3,9,2.1335996845890683,14.64830410387367,22500,True,ACO stream 1,"[0, 1, 2, 3, 7, 8, 9, 10, 11, 6, 4, 5]","{""candidate_lengths_km"": [2.1335996845890683, 2.1335996845890683, 2.1335996845890683], ""candidate_seeds"": [9, 29, 49], ""tie_tolerance_km"": 1e-12}"
4,DE,9,2.138539934618515,0.7584790530381724,7500,True,,"[5, 4, 2, 3, 6, 11, 7, 8, 9, 10, 1, 0]",{}
4,NN+2opt,9,2.1385399346185148,0.0010962829692289,95,True,,"[0, 1, 10, 9, 8, 7, 11, 6, 3, 2, 4, 5]",{}
4,PSO,9,2.303350780759972,0.0865674659144133,7500,True,,"[1, 10, 9, 8, 7, 11, 6, 3, 2, 4, 5, 0]",{}
4,Portfolio,9,2.1335996845890683,5.731870549847372,22596,True,ACO,"[0, 1, 2, 3, 7, 8, 9, 10, 11, 6, 4, 5]","{""candidate_evaluations"": {""ACO"": 7500, ""DE"": 7500, ""NN+2opt"": 95, ""PSO"": 7500, ""Raw"": 1}, ""candidate_lengths_km"": {""ACO"": 2.1335996845890683, ""DE"": 2.138539934618515, ""NN+2opt"": 2.1385399346185148, ""PSO"": 2.303350780759972, ""Raw"": 2.394872326638416}, ""priority"": [""Raw"", ""NN+2opt"", ""ACO"", ""DE"", ""PSO""], ""tie_tolerance_km"": 1e-12}"
4,Raw,9,2.394872326638416,0.0001471529249101,1,True,,"[0, 1, 2, 3, 4, 5, 6, 7, 8, 9, 10, 11]",{}
4,ACO,10,2.1335996845890683,5.054549693013541,7500,True,,"[5, 4, 6, 11, 10, 9, 8, 7, 3, 2, 1, 0]","{""alpha"": 1.0, ""beta"": 2.0, ""evaluation_budget"": 7500, ""evaporation"": 0.5, ""population"": 50}"
4,ACO×3,10,2.1335996845890683,15.119133181055076,22500,True,ACO stream 1,"[5, 4, 6, 11, 10, 9, 8, 7, 3, 2, 1, 0]","{""candidate_lengths_km"": [2.1335996845890683, 2.1335996845890683, 2.1335996845890683], ""candidate_seeds"": [10, 30, 50], ""tie_tolerance_km"": 1e-12}"
4,DE,10,2.1335996845890683,0.8221381200710312,7500,True,,"[0, 1, 2, 3, 7, 8, 9, 10, 11, 6, 4, 5]",{}
4,NN+2opt,10,2.1385399346185148,0.0010971390875056,95,True,,"[0, 1, 10, 9, 8, 7, 11, 6, 3, 2, 4, 5]",{}
4,PSO,10,2.3867400661963893,0.0930326409870758,7500,True,,"[0, 2, 10, 9, 8, 7, 11, 6, 3, 4, 5, 1]",{}
4,Portfolio,10,2.1335996845890683,5.970996504183859,22596,True,ACO,"[5, 4, 6, 11, 10, 9, 8, 7, 3, 2, 1, 0]","{""candidate_evaluations"": {""ACO"": 7500, ""DE"": 7500, ""NN+2opt"": 95, ""PSO"": 7500, ""Raw"": 1}, ""candidate_lengths_km"": {""ACO"": 2.1335996845890683, ""DE"": 2.1335996845890683, ""NN+2opt"": 2.1385399346185148, ""PSO"": 2.3867400661963893, ""Raw"": 2.394872326638416}, ""priority"": [""Raw"", ""NN+2opt"", ""ACO"", ""DE"", ""PSO""], ""tie_tolerance_km"": 1e-12}"
4,Raw,10,2.394872326638416,0.0001697889529168,1,True,,"[0, 1, 2, 3, 4, 5, 6, 7, 8, 9, 10, 11]",{}
4,ACO,11,2.1336449325725337,4.927584399934858,7500,True,,"[5, 4, 6, 11, 7, 8, 9, 10, 3, 2, 1, 0]","{""alpha"": 1.0, ""beta"": 2.0, ""evaluation_budget"": 7500, ""evaporation"": 0.5, ""population"": 50}"
4,ACO×3,11,2.1335996845890683,14.689132020925172,22500,True,ACO stream 2,"[0, 1, 2, 3, 7, 8, 9, 10, 11, 6, 4, 5]","{""candidate_lengths_km"": [2.1336449325725337, 2.1335996845890683, 2.1336449325725337], ""candidate_seeds"": [11, 31, 51], ""tie_tolerance_km"": 1e-12}"
4,DE,11,2.1335996845890683,0.7771277700085193,7500,True,,"[0, 1, 2, 3, 7, 8, 9, 10, 11, 6, 4, 5]",{}
4,NN+2opt,11,2.1385399346185148,0.0011036250507459,95,True,,"[0, 1, 10, 9, 8, 7, 11, 6, 3, 2, 4, 5]",{}
4,PSO,11,2.2465380265469985,0.0873569849645719,7500,True,,"[0, 1, 3, 7, 8, 9, 10, 11, 6, 2, 4, 5]",{}
4,Portfolio,11,2.1335996845890683,5.793333465000615,22596,True,DE,"[0, 1, 2, 3, 7, 8, 9, 10, 11, 6, 4, 5]","{""candidate_evaluations"": {""ACO"": 7500, ""DE"": 7500, ""NN+2opt"": 95, ""PSO"": 7500, ""Raw"": 1}, ""candidate_lengths_km"": {""ACO"": 2.1336449325725337, ""DE"": 2.1335996845890683, ""NN+2opt"": 2.1385399346185148, ""PSO"": 2.2465380265469985, ""Raw"": 2.394872326638416}, ""priority"": [""Raw"", ""NN+2opt"", ""ACO"", ""DE"", ""PSO""], ""tie_tolerance_km"": 1e-12}"
4,Raw,11,2.394872326638416,0.0001524650724604,1,True,,"[0, 1, 2, 3, 4, 5, 6, 7, 8, 9, 10, 11]",{}
4,ACO,12,2.1335996845890683,5.127869095071219,7500,True,,"[0, 1, 2, 3, 7, 8, 9, 10, 11, 6, 4, 5]","{""alpha"": 1.0, ""beta"": 2.0, ""evaluation_budget"": 7500, ""evaporation"": 0.5, ""population"": 50}"
4,ACO×3,12,2.1335996845890683,15.517648830078542,22500,True,ACO stream 1,"[0, 1, 2, 3, 7, 8, 9, 10, 11, 6, 4, 5]","{""candidate_lengths_km"": [2.1335996845890683, 2.1335996845890683, 2.1335996845890683], ""candidate_seeds"": [12, 32, 52], ""tie_tolerance_km"": 1e-12}"
4,DE,12,2.319623095344893,0.7834000329021364,7500,True,,"[0, 1, 5, 4, 2, 3, 7, 8, 9, 10, 11, 6]",{}
4,NN+2opt,12,2.1385399346185148,0.0011023510014638,95,True,,"[0, 1, 10, 9, 8, 7, 11, 6, 3, 2, 4, 5]",{}
4,PSO,12,2.3728006976583256,0.0867590199923142,7500,True,,"[0, 5, 4, 2, 3, 6, 11, 10, 9, 8, 7, 1]",{}
4,Portfolio,12,2.1335996845890683,5.999289304018021,22596,True,ACO,"[0, 1, 2, 3, 7, 8, 9, 10, 11, 6, 4, 5]","{""candidate_evaluations"": {""ACO"": 7500, ""DE"": 7500, ""NN+2opt"": 95, ""PSO"": 7500, ""Raw"": 1}, ""candidate_lengths_km"": {""ACO"": 2.1335996845890683, ""DE"": 2.319623095344893, ""NN+2opt"": 2.1385399346185148, ""PSO"": 2.3728006976583256, ""Raw"": 2.394872326638416}, ""priority"": [""Raw"", ""NN+2opt"", ""ACO"", ""DE"", ""PSO""], ""tie_tolerance_km"": 1e-12}"
4,Raw,12,2.394872326638416,0.0001501600490882,1,True,,"[0, 1, 2, 3, 4, 5, 6, 7, 8, 9, 10, 11]",{}
4,ACO,13,2.1335996845890683,4.980792267946526,7500,True,,"[0, 1, 2, 3, 7, 8, 9, 10, 11, 6, 4, 5]","{""alpha"": 1.0, ""beta"": 2.0, ""evaluation_budget"": 7500, ""evaporation"": 0.5, ""population"": 50}"
4,ACO×3,13,2.1335996845890683,15.01365743682254,22500,True,ACO stream 1,"[0, 1, 2, 3, 7, 8, 9, 10, 11, 6, 4, 5]","{""candidate_lengths_km"": [2.1335996845890683, 2.1335996845890683, 2.1336449325725337], ""candidate_seeds"": [13, 33, 53], ""tie_tolerance_km"": 1e-12}"
4,DE,13,2.1335996845890683,0.7948460190091282,7500,True,,"[0, 1, 2, 3, 7, 8, 9, 10, 11, 6, 4, 5]",{}
4,NN+2opt,13,2.1385399346185148,0.0010831409599632,95,True,,"[0, 1, 10, 9, 8, 7, 11, 6, 3, 2, 4, 5]",{}
4,PSO,13,2.1684080727398065,0.0871738250134512,7500,True,,"[0, 1, 10, 9, 8, 7, 2, 3, 6, 11, 4, 5]",{}
4,Portfolio,13,2.1335996845890683,5.864051369950175,22596,True,ACO,"[0, 1, 2, 3, 7, 8, 9, 10, 11, 6, 4, 5]","{""candidate_evaluations"": {""ACO"": 7500, ""DE"": 7500, ""NN+2opt"": 95, ""PSO"": 7500, ""Raw"": 1}, ""candidate_lengths_km"": {""ACO"": 2.1335996845890683, ""DE"": 2.1335996845890683, ""NN+2opt"": 2.1385399346185148, ""PSO"": 2.1684080727398065, ""Raw"": 2.394872326638416}, ""priority"": [""Raw"", ""NN+2opt"", ""ACO"", ""DE"", ""PSO""], ""tie_tolerance_km"": 1e-12}"
4,Raw,13,2.394872326638416,0.0001473570009693,1,True,,"[0, 1, 2, 3, 4, 5, 6, 7, 8, 9, 10, 11]",{}
4,ACO,14,2.1336449325725337,5.143981018918566,7500,True,,"[5, 4, 6, 11, 7, 8, 9, 10, 3, 2, 1, 0]","{""alpha"": 1.0, ""beta"": 2.0, ""evaluation_budget"": 7500, ""evaporation"": 0.5, ""population"": 50}"
4,ACO×3,14,2.1335996845890683,15.069082487840204,22500,True,ACO stream 3,"[0, 1, 2, 3, 7, 8, 9, 10, 11, 6, 4, 5]","{""candidate_lengths_km"": [2.1336449325725337, 2.1336449325725337, 2.1335996845890683], ""candidate_seeds"": [14, 34, 54], ""tie_tolerance_km"": 1e-12}"
4,DE,14,2.1385399346185148,0.8222998129203916,7500,True,,"[0, 1, 10, 9, 8, 7, 11, 6, 3, 2, 4, 5]",{}
4,NN+2opt,14,2.1385399346185148,0.0010947849368676,95,True,,"[0, 1, 10, 9, 8, 7, 11, 6, 3, 2, 4, 5]",{}
4,PSO,14,2.4030772642142324,0.0889056338928639,7500,True,,"[0, 1, 2, 3, 4, 5, 6, 9, 10, 8, 7, 11]",{}
4,Portfolio,14,2.1336449325725337,6.056560590630397,22596,True,ACO,"[5, 4, 6, 11, 7, 8, 9, 10, 3, 2, 1, 0]","{""candidate_evaluations"": {""ACO"": 7500, ""DE"": 7500, ""NN+2opt"": 95, ""PSO"": 7500, ""Raw"": 1}, ""candidate_lengths_km"": {""ACO"": 2.1336449325725337, ""DE"": 2.1385399346185148, ""NN+2opt"": 2.1385399346185148, ""PSO"": 2.4030772642142324, ""Raw"": 2.394872326638416}, ""priority"": [""Raw"", ""NN+2opt"", ""ACO"", ""DE"", ""PSO""], ""tie_tolerance_km"": 1e-12}"
4,Raw,14,2.394872326638416,0.0002703639911487,1,True,,"[0, 1, 2, 3, 4, 5, 6, 7, 8, 9, 10, 11]",{}
4,ACO,15,2.1335996845890683,5.081137284985744,7500,True,,"[5, 4, 6, 11, 10, 9, 8, 7, 3, 2, 1, 0]","{""alpha"": 1.0, ""beta"": 2.0, ""evaluation_budget"": 7500, ""evaporation"": 0.5, ""population"": 50}"
4,ACO×3,15,2.1335996845890683,15.452694706968032,22500,True,ACO stream 1,"[5, 4, 6, 11, 10, 9, 8, 7, 3, 2, 1, 0]","{""candidate_lengths_km"": [2.1335996845890683, 2.1335996845890683, 2.1335996845890683], ""candidate_seeds"": [15, 35, 55], ""tie_tolerance_km"": 1e-12}"
4,DE,15,2.1335996845890683,0.7951823970070109,7500,True,,"[0, 1, 2, 3, 7, 8, 9, 10, 11, 6, 4, 5]",{}
4,NN+2opt,15,2.1385399346185148,0.0010946959955617,95,True,,"[0, 1, 10, 9, 8, 7, 11, 6, 3, 2, 4, 5]",{}
4,PSO,15,2.508768374409197,0.0884128800826147,7500,True,,"[1, 5, 6, 3, 2, 10, 9, 8, 7, 11, 4, 0]",{}
4,Portfolio,15,2.1335996845890683,5.965984205133282,22596,True,ACO,"[5, 4, 6, 11, 10, 9, 8, 7, 3, 2, 1, 0]","{""candidate_evaluations"": {""ACO"": 7500, ""DE"": 7500, ""NN+2opt"": 95, ""PSO"": 7500, ""Raw"": 1}, ""candidate_lengths_km"": {""ACO"": 2.1335996845890683, ""DE"": 2.1335996845890683, ""NN+2opt"": 2.1385399346185148, ""PSO"": 2.508768374409197, ""Raw"": 2.394872326638416}, ""priority"": [""Raw"", ""NN+2opt"", ""ACO"", ""DE"", ""PSO""], ""tie_tolerance_km"": 1e-12}"
4,Raw,15,2.394872326638416,0.0001483589876443,1,True,,"[0, 1, 2, 3, 4, 5, 6, 7, 8, 9, 10, 11]",{}
4,ACO,16,2.1335996845890683,5.062520188977942,7500,True,,"[0, 1, 2, 3, 7, 8, 9, 10, 11, 6, 4, 5]","{""alpha"": 1.0, ""beta"": 2.0, ""evaluation_budget"": 7500, ""evaporation"": 0.5, ""population"": 50}"
4,ACO×3,16,2.1335996845890683,14.995449859066866,22500,True,ACO stream 1,"[0, 1, 2, 3, 7, 8, 9, 10, 11, 6, 4, 5]","{""candidate_lengths_km"": [2.1335996845890683, 2.1336449325725337, 2.1336449325725337], ""candidate_seeds"": [16, 36, 56], ""tie_tolerance_km"": 1e-12}"
4,DE,16,2.1335996845890683,0.8323112630750984,7500,True,,"[0, 1, 2, 3, 7, 8, 9, 10, 11, 6, 4, 5]",{}
4,NN+2opt,16,2.1385399346185148,0.0010840439936146,95,True,,"[0, 1, 10, 9, 8, 7, 11, 6, 3, 2, 4, 5]",{}
4,PSO,16,2.303350780759972,0.0933992440113797,7500,True,,"[0, 5, 4, 2, 3, 6, 11, 7, 8, 9, 10, 1]",{}
4,Portfolio,16,2.1335996845890683,5.989482218050398,22596,True,ACO,"[0, 1, 2, 3, 7, 8, 9, 10, 11, 6, 4, 5]","{""candidate_evaluations"": {""ACO"": 7500, ""DE"": 7500, ""NN+2opt"": 95, ""PSO"": 7500, ""Raw"": 1}, ""candidate_lengths_km"": {""ACO"": 2.1335996845890683, ""DE"": 2.1335996845890683, ""NN+2opt"": 2.1385399346185148, ""PSO"": 2.3033507807599722, ""Raw"": 2.394872326638416}, ""priority"": [""Raw"", ""NN+2opt"", ""ACO"", ""DE"", ""PSO""], ""tie_tolerance_km"": 1e-12}"
4,Raw,16,2.394872326638416,0.0001586870057508,1,True,,"[0, 1, 2, 3, 4, 5, 6, 7, 8, 9, 10, 11]",{}
4,ACO,17,2.1335996845890683,4.988400179077871,7500,True,,"[0, 1, 2, 3, 7, 8, 9, 10, 11, 6, 4, 5]","{""alpha"": 1.0, ""beta"": 2.0, ""evaluation_budget"": 7500, ""evaporation"": 0.5, ""population"": 50}"
4,ACO×3,17,2.1335996845890683,15.045854651136324,22500,True,ACO stream 1,"[0, 1, 2, 3, 7, 8, 9, 10, 11, 6, 4, 5]","{""candidate_lengths_km"": [2.1335996845890683, 2.1335996845890683, 2.1336449325725337], ""candidate_seeds"": [17, 37, 57], ""tie_tolerance_km"": 1e-12}"
4,DE,17,2.1335996845890683,0.7948722980218008,7500,True,,"[0, 1, 2, 3, 7, 8, 9, 10, 11, 6, 4, 5]",{}
4,NN+2opt,17,2.1385399346185148,0.0010921020293608,95,True,,"[0, 1, 10, 9, 8, 7, 11, 6, 3, 2, 4, 5]",{}
4,PSO,17,2.138539934618515,0.089836677070707,7500,True,,"[5, 4, 2, 3, 6, 11, 7, 8, 9, 10, 1, 0]",{}
4,Portfolio,17,2.1335996845890683,5.874364993302152,22596,True,ACO,"[0, 1, 2, 3, 7, 8, 9, 10, 11, 6, 4, 5]","{""candidate_evaluations"": {""ACO"": 7500, ""DE"": 7500, ""NN+2opt"": 95, ""PSO"": 7500, ""Raw"": 1}, ""candidate_lengths_km"": {""ACO"": 2.1335996845890683, ""DE"": 2.1335996845890683, ""NN+2opt"": 2.1385399346185148, ""PSO"": 2.138539934618515, ""Raw"": 2.394872326638416}, ""priority"": [""Raw"", ""NN+2opt"", ""ACO"", ""DE"", ""PSO""], ""tie_tolerance_km"": 1e-12}"
4,Raw,17,2.394872326638416,0.0001548760337755,1,True,,"[0, 1, 2, 3, 4, 5, 6, 7, 8, 9, 10, 11]",{}
4,ACO,18,2.1336449325725337,5.054741300060414,7500,True,,"[5, 4, 6, 11, 7, 8, 9, 10, 3, 2, 1, 0]","{""alpha"": 1.0, ""beta"": 2.0, ""evaluation_budget"": 7500, ""evaporation"": 0.5, ""population"": 50}"
4,ACO×3,18,2.1335996845890683,15.285783285973594,22500,True,ACO stream 2,"[0, 1, 2, 3, 7, 8, 9, 10, 11, 6, 4, 5]","{""candidate_lengths_km"": [2.1336449325725337, 2.1335996845890683, 2.1336449325725337], ""candidate_seeds"": [18, 38, 58], ""tie_tolerance_km"": 1e-12}"
4,DE,18,2.133644932572534,0.8032598329009488,7500,True,,"[0, 1, 2, 3, 10, 9, 8, 7, 11, 6, 4, 5]",{}
4,NN+2opt,18,2.1385399346185148,0.0011061370605602,95,True,,"[0, 1, 10, 9, 8, 7, 11, 6, 3, 2, 4, 5]",{}
4,PSO,18,2.3357291181594344,0.0897909930208697,7500,True,,"[3, 10, 9, 8, 7, 11, 6, 5, 4, 2, 1, 0]",{}
4,Portfolio,18,2.1336449325725337,5.949069699971005,22596,True,ACO,"[5, 4, 6, 11, 7, 8, 9, 10, 3, 2, 1, 0]","{""candidate_evaluations"": {""ACO"": 7500, ""DE"": 7500, ""NN+2opt"": 95, ""PSO"": 7500, ""Raw"": 1}, ""candidate_lengths_km"": {""ACO"": 2.1336449325725337, ""DE"": 2.133644932572534, ""NN+2opt"": 2.1385399346185148, ""PSO"": 2.3357291181594344, ""Raw"": 2.394872326638416}, ""priority"": [""Raw"", ""NN+2opt"", ""ACO"", ""DE"", ""PSO""], ""tie_tolerance_km"": 1e-12}"
4,Raw,18,2.394872326638416,0.000153171014972,1,True,,"[0, 1, 2, 3, 4, 5, 6, 7, 8, 9, 10, 11]",{}
4,ACO,19,2.1336449325725337,5.038447423954494,7500,True,,"[5, 4, 6, 11, 7, 8, 9, 10, 3, 2, 1, 0]","{""alpha"": 1.0, ""beta"": 2.0, ""evaluation_budget"": 7500, ""evaporation"": 0.5, ""population"": 50}"
4,ACO×3,19,2.1335996845890683,15.245887147961184,22500,True,ACO stream 2,"[0, 1, 2, 3, 7, 8, 9, 10, 11, 6, 4, 5]","{""candidate_lengths_km"": [2.1336449325725337, 2.1335996845890683, 2.1335996845890683], ""candidate_seeds"": [19, 39, 59], ""tie_tolerance_km"": 1e-12}"
4,DE,19,2.1335996845890683,0.7877371869981289,7500,True,,"[0, 1, 2, 3, 7, 8, 9, 10, 11, 6, 4, 5]",{}
4,NN+2opt,19,2.1385399346185148,0.0010918050538748,95,True,,"[0, 1, 10, 9, 8, 7, 11, 6, 3, 2, 4, 5]",{}
4,PSO,19,2.247624440304455,0.0879903340246528,7500,True,,"[2, 3, 7, 8, 9, 10, 11, 6, 4, 5, 1, 0]",{}
4,Portfolio,19,2.1335996845890683,5.915494792163372,22596,True,DE,"[0, 1, 2, 3, 7, 8, 9, 10, 11, 6, 4, 5]","{""candidate_evaluations"": {""ACO"": 7500, ""DE"": 7500, ""NN+2opt"": 95, ""PSO"": 7500, ""Raw"": 1}, ""candidate_lengths_km"": {""ACO"": 2.1336449325725337, ""DE"": 2.1335996845890683, ""NN+2opt"": 2.1385399346185148, ""PSO"": 2.247624440304455, ""Raw"": 2.394872326638416}, ""priority"": [""Raw"", ""NN+2opt"", ""ACO"", ""DE"", ""PSO""], ""tie_tolerance_km"": 1e-12}"
4,Raw,19,2.394872326638416,0.000208672019653,1,True,,"[0, 1, 2, 3, 4, 5, 6, 7, 8, 9, 10, 11]",{}
5,ACO,0,1.865074221023855,4.834023901959881,7500,True,,"[5, 6, 8, 11, 10, 9, 7, 4, 3, 1, 0, 2]","{""alpha"": 1.0, ""beta"": 2.0, ""evaluation_budget"": 7500, ""evaporation"": 0.5, ""population"": 50}"
5,ACO×3,0,1.865074221023855,14.615583890932612,22500,True,ACO stream 1,"[5, 6, 8, 11, 10, 9, 7, 4, 3, 1, 0, 2]","{""candidate_lengths_km"": [1.865074221023855, 1.865074221023855, 1.865074221023855], ""candidate_seeds"": [0, 20, 40], ""tie_tolerance_km"": 1e-12}"
5,DE,0,1.865074221023855,0.7831063900375739,7500,True,,"[5, 6, 8, 11, 10, 9, 7, 4, 3, 1, 0, 2]",{}
5,NN+2opt,0,1.865074221023855,0.0019082280341535,244,True,,"[5, 6, 8, 11, 10, 9, 7, 4, 3, 1, 0, 2]",{}
5,PSO,0,2.1438294743811084,0.0857269639382138,7500,True,,"[2, 8, 11, 10, 9, 7, 6, 4, 3, 1, 0, 5]",{}
5,Portfolio,0,1.865074221023855,5.704926536884159,22745,True,NN+2opt,"[5, 6, 8, 11, 10, 9, 7, 4, 3, 1, 0, 2]","{""candidate_evaluations"": {""ACO"": 7500, ""DE"": 7500, ""NN+2opt"": 244, ""PSO"": 7500, ""Raw"": 1}, ""candidate_lengths_km"": {""ACO"": 1.865074221023855, ""DE"": 1.865074221023855, ""NN+2opt"": 1.865074221023855, ""PSO"": 2.1438294743811084, ""Raw"": 2.560396528702805}, ""priority"": [""Raw"", ""NN+2opt"", ""ACO"", ""DE"", ""PSO""], ""tie_tolerance_km"": 1e-12}"
5,Raw,0,2.560396528702805,0.0001522849779576,1,True,,"[0, 1, 2, 3, 4, 5, 6, 7, 8, 9, 10, 11]",{}
5,ACO,1,1.865074221023855,4.8550745700486,7500,True,,"[5, 6, 8, 11, 10, 9, 7, 4, 3, 1, 0, 2]","{""alpha"": 1.0, ""beta"": 2.0, ""evaluation_budget"": 7500, ""evaporation"": 0.5, ""population"": 50}"
5,ACO×3,1,1.865074221023855,14.768339155009016,22500,True,ACO stream 1,"[5, 6, 8, 11, 10, 9, 7, 4, 3, 1, 0, 2]","{""candidate_lengths_km"": [1.865074221023855, 1.865074221023855, 1.865074221023855], ""candidate_seeds"": [1, 21, 41], ""tie_tolerance_km"": 1e-12}"
5,DE,1,1.865074221023855,0.7584142319392413,7500,True,,"[5, 6, 8, 11, 10, 9, 7, 4, 3, 1, 0, 2]",{}
5,NN+2opt,1,1.865074221023855,0.0019572820747271,244,True,,"[5, 6, 8, 11, 10, 9, 7, 4, 3, 1, 0, 2]",{}
5,PSO,1,1.948477249281817,0.0844933990156278,7500,True,,"[8, 11, 10, 9, 7, 6, 4, 3, 1, 0, 2, 5]",{}
5,Portfolio,1,1.865074221023855,5.700102064060047,22745,True,NN+2opt,"[5, 6, 8, 11, 10, 9, 7, 4, 3, 1, 0, 2]","{""candidate_evaluations"": {""ACO"": 7500, ""DE"": 7500, ""NN+2opt"": 244, ""PSO"": 7500, ""Raw"": 1}, ""candidate_lengths_km"": {""ACO"": 1.865074221023855, ""DE"": 1.865074221023855, ""NN+2opt"": 1.865074221023855, ""PSO"": 1.948477249281817, ""Raw"": 2.560396528702805}, ""priority"": [""Raw"", ""NN+2opt"", ""ACO"", ""DE"", ""PSO""], ""tie_tolerance_km"": 1e-12}"
5,Raw,1,2.560396528702805,0.0001535329502075,1,True,,"[0, 1, 2, 3, 4, 5, 6, 7, 8, 9, 10, 11]",{}
5,ACO,2,1.865074221023855,4.863370176986791,7500,True,,"[5, 6, 8, 11, 10, 9, 7, 4, 3, 1, 0, 2]","{""alpha"": 1.0, ""beta"": 2.0, ""evaluation_budget"": 7500, ""evaporation"": 0.5, ""population"": 50}"
5,ACO×3,2,1.865074221023855,14.76221851608716,22500,True,ACO stream 1,"[5, 6, 8, 11, 10, 9, 7, 4, 3, 1, 0, 2]","{""candidate_lengths_km"": [1.865074221023855, 1.865074221023855, 1.865074221023855], ""candidate_seeds"": [2, 22, 42], ""tie_tolerance_km"": 1e-12}"
5,DE,2,1.91036792829741,0.7661179080605507,7500,True,,"[6, 8, 11, 10, 9, 7, 4, 3, 1, 0, 2, 5]",{}
5,NN+2opt,2,1.865074221023855,0.0019303860608488,244,True,,"[5, 6, 8, 11, 10, 9, 7, 4, 3, 1, 0, 2]",{}
5,PSO,2,1.9484772492818172,0.0859219509875401,7500,True,,"[5, 2, 0, 1, 3, 4, 6, 7, 9, 10, 11, 8]",{}
5,Portfolio,2,1.865074221023855,5.717505467124283,22745,True,NN+2opt,"[5, 6, 8, 11, 10, 9, 7, 4, 3, 1, 0, 2]","{""candidate_evaluations"": {""ACO"": 7500, ""DE"": 7500, ""NN+2opt"": 244, ""PSO"": 7500, ""Raw"": 1}, ""candidate_lengths_km"": {""ACO"": 1.865074221023855, ""DE"": 1.91036792829741, ""NN+2opt"": 1.865074221023855, ""PSO"": 1.9484772492818174, ""Raw"": 2.560396528702805}, ""priority"": [""Raw"", ""NN+2opt"", ""ACO"", ""DE"", ""PSO""], ""tie_tolerance_km"": 1e-12}"
5,Raw,2,2.560396528702805,0.0001558340154588,1,True,,"[0, 1, 2, 3, 4, 5, 6, 7, 8, 9, 10, 11]",{}
5,ACO,3,1.865074221023855,4.828452041954733,7500,True,,"[5, 6, 8, 11, 10, 9, 7, 4, 3, 1, 0, 2]","{""alpha"": 1.0, ""beta"": 2.0, ""evaluation_budget"": 7500, ""evaporation"": 0.5, ""population"": 50}"
5,ACO×3,3,1.865074221023855,14.516586123034358,22500,True,ACO stream 1,"[5, 6, 8, 11, 10, 9, 7, 4, 3, 1, 0, 2]","{""candidate_lengths_km"": [1.865074221023855, 1.865074221023855, 1.865074221023855], ""candidate_seeds"": [3, 23, 43], ""tie_tolerance_km"": 1e-12}"
5,DE,3,1.865074221023855,0.7543202739907429,7500,True,,"[5, 6, 8, 11, 10, 9, 7, 4, 3, 1, 0, 2]",{}
5,NN+2opt,3,1.865074221023855,0.0019231679616495,244,True,,"[5, 6, 8, 11, 10, 9, 7, 4, 3, 1, 0, 2]",{}
5,PSO,3,1.9095012742420296,0.0863483829889446,7500,True,,"[8, 11, 10, 9, 7, 6, 5, 4, 3, 1, 0, 2]",{}
5,Portfolio,3,1.865074221023855,5.671208009938709,22745,True,NN+2opt,"[5, 6, 8, 11, 10, 9, 7, 4, 3, 1, 0, 2]","{""candidate_evaluations"": {""ACO"": 7500, ""DE"": 7500, ""NN+2opt"": 244, ""PSO"": 7500, ""Raw"": 1}, ""candidate_lengths_km"": {""ACO"": 1.865074221023855, ""DE"": 1.865074221023855, ""NN+2opt"": 1.865074221023855, ""PSO"": 1.9095012742420299, ""Raw"": 2.560396528702805}, ""priority"": [""Raw"", ""NN+2opt"", ""ACO"", ""DE"", ""PSO""], ""tie_tolerance_km"": 1e-12}"
5,Raw,3,2.560396528702805,0.0001549710286781,1,True,,"[0, 1, 2, 3, 4, 5, 6, 7, 8, 9, 10, 11]",{}
5,ACO,4,1.865074221023855,4.818308523972519,7500,True,,"[5, 6, 8, 11, 10, 9, 7, 4, 3, 1, 0, 2]","{""alpha"": 1.0, ""beta"": 2.0, ""evaluation_budget"": 7500, ""evaporation"": 0.5, ""population"": 50}"
5,ACO×3,4,1.865074221023855,14.8607704709284,22500,True,ACO stream 1,"[5, 6, 8, 11, 10, 9, 7, 4, 3, 1, 0, 2]","{""candidate_lengths_km"": [1.865074221023855, 1.865074221023855, 1.865074221023855], ""candidate_seeds"": [4, 24, 44], ""tie_tolerance_km"": 1e-12}"
5,DE,4,1.91036792829741,0.7681059580063447,7500,True,,"[6, 8, 11, 10, 9, 7, 4, 3, 1, 0, 2, 5]",{}
5,NN+2opt,4,1.865074221023855,0.0019240269903093,244,True,,"[5, 6, 8, 11, 10, 9, 7, 4, 3, 1, 0, 2]",{}
5,PSO,4,1.9484772492818172,0.0848042709985748,7500,True,,"[5, 2, 0, 1, 3, 4, 6, 7, 9, 10, 11, 8]",{}
5,Portfolio,4,1.865074221023855,5.673304488998838,22745,True,NN+2opt,"[5, 6, 8, 11, 10, 9, 7, 4, 3, 1, 0, 2]","{""candidate_evaluations"": {""ACO"": 7500, ""DE"": 7500, ""NN+2opt"": 244, ""PSO"": 7500, ""Raw"": 1}, ""candidate_lengths_km"": {""ACO"": 1.865074221023855, ""DE"": 1.91036792829741, ""NN+2opt"": 1.865074221023855, ""PSO"": 1.9484772492818174, ""Raw"": 2.560396528702805}, ""priority"": [""Raw"", ""NN+2opt"", ""ACO"", ""DE"", ""PSO""], ""tie_tolerance_km"": 1e-12}"
5,Raw,4,2.560396528702805,0.0001521779922768,1,True,,"[0, 1, 2, 3, 4, 5, 6, 7, 8, 9, 10, 11]",{}
5,ACO,5,1.865074221023855,4.815984367043711,7500,True,,"[5, 6, 8, 11, 10, 9, 7, 4, 3, 1, 0, 2]","{""alpha"": 1.0, ""beta"": 2.0, ""evaluation_budget"": 7500, ""evaporation"": 0.5, ""population"": 50}"
5,ACO×3,5,1.865074221023855,14.357321652933024,22500,True,ACO stream 1,"[5, 6, 8, 11, 10, 9, 7, 4, 3, 1, 0, 2]","{""candidate_lengths_km"": [1.865074221023855, 1.865074221023855, 1.865074221023855], ""candidate_seeds"": [5, 25, 45], ""tie_tolerance_km"": 1e-12}"
5,DE,5,1.91036792829741,0.7637006989680231,7500,True,,"[6, 8, 11, 10, 9, 7, 4, 3, 1, 0, 2, 5]",{}
5,NN+2opt,5,1.865074221023855,0.0019338120473548,244,True,,"[5, 6, 8, 11, 10, 9, 7, 4, 3, 1, 0, 2]",{}
5,PSO,5,2.1522892306135506,0.0852585720131173,7500,True,,"[1, 3, 9, 10, 11, 8, 6, 7, 4, 5, 0, 2]",{}
5,Portfolio,5,1.865074221023855,5.667047329130583,22745,True,NN+2opt,"[5, 6, 8, 11, 10, 9, 7, 4, 3, 1, 0, 2]","{""candidate_evaluations"": {""ACO"": 7500, ""DE"": 7500, ""NN+2opt"": 244, ""PSO"": 7500, ""Raw"": 1}, ""candidate_lengths_km"": {""ACO"": 1.865074221023855, ""DE"": 1.91036792829741, ""NN+2opt"": 1.865074221023855, ""PSO"": 2.1522892306135506, ""Raw"": 2.560396528702805}, ""priority"": [""Raw"", ""NN+2opt"", ""ACO"", ""DE"", ""PSO""], ""tie_tolerance_km"": 1e-12}"
5,Raw,5,2.560396528702805,0.0001606720034033,1,True,,"[0, 1, 2, 3, 4, 5, 6, 7, 8, 9, 10, 11]",{}
5,ACO,6,1.865074221023855,4.783933249069378,7500,True,,"[5, 6, 8, 11, 10, 9, 7, 4, 3, 1, 0, 2]","{""alpha"": 1.0, ""beta"": 2.0, ""evaluation_budget"": 7500, ""evaporation"": 0.5, ""population"": 50}"
5,ACO×3,6,1.865074221023855,14.80545082804747,22500,True,ACO stream 1,"[5, 6, 8, 11, 10, 9, 7, 4, 3, 1, 0, 2]","{""candidate_lengths_km"": [1.865074221023855, 1.865074221023855, 1.865074221023855], ""candidate_seeds"": [6, 26, 46], ""tie_tolerance_km"": 1e-12}"
5,DE,6,1.9674225089125983,0.7676778020104393,7500,True,,"[2, 5, 6, 8, 11, 10, 9, 7, 4, 3, 1, 0]",{}
5,NN+2opt,6,1.865074221023855,0.0020018391078338,244,True,,"[5, 6, 8, 11, 10, 9, 7, 4, 3, 1, 0, 2]",{}
5,PSO,6,1.948477249281817,0.0878543199505657,7500,True,,"[8, 11, 10, 9, 7, 6, 4, 3, 1, 0, 2, 5]",{}
5,Portfolio,6,1.865074221023855,5.641626589233056,22745,True,NN+2opt,"[5, 6, 8, 11, 10, 9, 7, 4, 3, 1, 0, 2]","{""candidate_evaluations"": {""ACO"": 7500, ""DE"": 7500, ""NN+2opt"": 244, ""PSO"": 7500, ""Raw"": 1}, ""candidate_lengths_km"": {""ACO"": 1.865074221023855, ""DE"": 1.9674225089125985, ""NN+2opt"": 1.865074221023855, ""PSO"": 1.948477249281817, ""Raw"": 2.560396528702805}, ""priority"": [""Raw"", ""NN+2opt"", ""ACO"", ""DE"", ""PSO""], ""tie_tolerance_km"": 1e-12}"
5,Raw,6,2.560396528702805,0.000149957020767,1,True,,"[0, 1, 2, 3, 4, 5, 6, 7, 8, 9, 10, 11]",{}
5,ACO,7,1.865074221023855,4.88263938203454,7500,True,,"[5, 6, 8, 11, 10, 9, 7, 4, 3, 1, 0, 2]","{""alpha"": 1.0, ""beta"": 2.0, ""evaluation_budget"": 7500, ""evaporation"": 0.5, ""population"": 50}"
5,ACO×3,7,1.865074221023855,14.911943434970452,22500,True,ACO stream 1,"[5, 6, 8, 11, 10, 9, 7, 4, 3, 1, 0, 2]","{""candidate_lengths_km"": [1.865074221023855, 1.8650742210238551, 1.865074221023855], ""candidate_seeds"": [7, 27, 47], ""tie_tolerance_km"": 1e-12}"
5,DE,7,1.865074221023855,0.7641262660035864,7500,True,,"[5, 6, 8, 11, 10, 9, 7, 4, 3, 1, 0, 2]",{}
5,NN+2opt,7,1.865074221023855,0.0020388320554047,244,True,,"[5, 6, 8, 11, 10, 9, 7, 4, 3, 1, 0, 2]",{}
5,PSO,7,2.1931870424729496,0.0864630510332062,7500,True,,"[11, 10, 9, 7, 5, 2, 0, 1, 3, 4, 6, 8]",{}
5,Portfolio,7,1.865074221023855,5.735434673260897,22745,True,NN+2opt,"[5, 6, 8, 11, 10, 9, 7, 4, 3, 1, 0, 2]","{""candidate_evaluations"": {""ACO"": 7500, ""DE"": 7500, ""NN+2opt"": 244, ""PSO"": 7500, ""Raw"": 1}, ""candidate_lengths_km"": {""ACO"": 1.865074221023855, ""DE"": 1.865074221023855, ""NN+2opt"": 1.865074221023855, ""PSO"": 2.1931870424729496, ""Raw"": 2.560396528702805}, ""priority"": [""Raw"", ""NN+2opt"", ""ACO"", ""DE"", ""PSO""], ""tie_tolerance_km"": 1e-12}"
5,Raw,7,2.560396528702805,0.0001582660479471,1,True,,"[0, 1, 2, 3, 4, 5, 6, 7, 8, 9, 10, 11]",{}
5,ACO,8,1.865074221023855,4.869598987977952,7500,True,,"[5, 6, 8, 11, 10, 9, 7, 4, 3, 1, 0, 2]","{""alpha"": 1.0, ""beta"": 2.0, ""evaluation_budget"": 7500, ""evaporation"": 0.5, ""population"": 50}"
5,ACO×3,8,1.865074221023855,14.515305057982914,22500,True,ACO stream 1,"[5, 6, 8, 11, 10, 9, 7, 4, 3, 1, 0, 2]","{""candidate_lengths_km"": [1.865074221023855, 1.865074221023855, 1.865074221023855], ""candidate_seeds"": [8, 28, 48], ""tie_tolerance_km"": 1e-12}"
5,DE,8,1.9095012742420303,0.7619348959997296,7500,True,,"[2, 0, 1, 3, 4, 5, 6, 7, 9, 10, 11, 8]",{}
5,NN+2opt,8,1.865074221023855,0.0019250459736213,244,True,,"[5, 6, 8, 11, 10, 9, 7, 4, 3, 1, 0, 2]",{}
5,PSO,8,1.91036792829741,0.086747681023553,7500,True,,"[6, 8, 11, 10, 9, 7, 4, 3, 1, 0, 2, 5]",{}
5,Portfolio,8,1.865074221023855,5.720363091910258,22745,True,NN+2opt,"[5, 6, 8, 11, 10, 9, 7, 4, 3, 1, 0, 2]","{""candidate_evaluations"": {""ACO"": 7500, ""DE"": 7500, ""NN+2opt"": 244, ""PSO"": 7500, ""Raw"": 1}, ""candidate_lengths_km"": {""ACO"": 1.865074221023855, ""DE"": 1.9095012742420303, ""NN+2opt"": 1.865074221023855, ""PSO"": 1.91036792829741, ""Raw"": 2.560396528702805}, ""priority"": [""Raw"", ""NN+2opt"", ""ACO"", ""DE"", ""PSO""], ""tie_tolerance_km"": 1e-12}"
5,Raw,8,2.560396528702805,0.0001470129936933,1,True,,"[0, 1, 2, 3, 4, 5, 6, 7, 8, 9, 10, 11]",{}
5,ACO,9,1.865074221023855,4.841766480007209,7500,True,,"[5, 6, 8, 11, 10, 9, 7, 4, 3, 1, 0, 2]","{""alpha"": 1.0, ""beta"": 2.0, ""evaluation_budget"": 7500, ""evaporation"": 0.5, ""population"": 50}"
5,ACO×3,9,1.865074221023855,14.555638894089498,22500,True,ACO stream 1,"[5, 6, 8, 11, 10, 9, 7, 4, 3, 1, 0, 2]","{""candidate_lengths_km"": [1.865074221023855, 1.865074221023855, 1.865074221023855], ""candidate_seeds"": [9, 29, 49], ""tie_tolerance_km"": 1e-12}"
5,DE,9,1.865074221023855,0.7804593530017883,7500,True,,"[5, 6, 8, 11, 10, 9, 7, 4, 3, 1, 0, 2]",{}
5,NN+2opt,9,1.865074221023855,0.0019348509376868,244,True,,"[5, 6, 8, 11, 10, 9, 7, 4, 3, 1, 0, 2]",{}
5,PSO,9,1.9674225089125983,0.0928440010175108,7500,True,,"[2, 5, 6, 8, 11, 10, 9, 7, 4, 3, 1, 0]",{}
5,Portfolio,9,1.865074221023855,5.717164763947949,22745,True,NN+2opt,"[5, 6, 8, 11, 10, 9, 7, 4, 3, 1, 0, 2]","{""candidate_evaluations"": {""ACO"": 7500, ""DE"": 7500, ""NN+2opt"": 244, ""PSO"": 7500, ""Raw"": 1}, ""candidate_lengths_km"": {""ACO"": 1.865074221023855, ""DE"": 1.865074221023855, ""NN+2opt"": 1.865074221023855, ""PSO"": 1.9674225089125985, ""Raw"": 2.560396528702805}, ""priority"": [""Raw"", ""NN+2opt"", ""ACO"", ""DE"", ""PSO""], ""tie_tolerance_km"": 1e-12}"
5,Raw,9,2.560396528702805,0.0001505769323557,1,True,,"[0, 1, 2, 3, 4, 5, 6, 7, 8, 9, 10, 11]",{}
5,ACO,10,1.865074221023855,4.924054156988859,7500,True,,"[5, 6, 8, 11, 10, 9, 7, 4, 3, 1, 0, 2]","{""alpha"": 1.0, ""beta"": 2.0, ""evaluation_budget"": 7500, ""evaporation"": 0.5, ""population"": 50}"
5,ACO×3,10,1.865074221023855,14.69743318296969,22500,True,ACO stream 1,"[5, 6, 8, 11, 10, 9, 7, 4, 3, 1, 0, 2]","{""candidate_lengths_km"": [1.865074221023855, 1.865074221023855, 1.865074221023855], ""candidate_seeds"": [10, 30, 50], ""tie_tolerance_km"": 1e-12}"
5,DE,10,1.91036792829741,0.7769949559587985,7500,True,,"[6, 8, 11, 10, 9, 7, 4, 3, 1, 0, 2, 5]",{}
5,NN+2opt,10,1.865074221023855,0.0019569069845601,244,True,,"[5, 6, 8, 11, 10, 9, 7, 4, 3, 1, 0, 2]",{}
5,PSO,10,1.948477249281817,0.085331987007521,7500,True,,"[8, 11, 10, 9, 7, 6, 4, 3, 1, 0, 2, 5]",{}
5,Portfolio,10,1.865074221023855,5.788499852991663,22745,True,NN+2opt,"[5, 6, 8, 11, 10, 9, 7, 4, 3, 1, 0, 2]","{""candidate_evaluations"": {""ACO"": 7500, ""DE"": 7500, ""NN+2opt"": 244, ""PSO"": 7500, ""Raw"": 1}, ""candidate_lengths_km"": {""ACO"": 1.865074221023855, ""DE"": 1.91036792829741, ""NN+2opt"": 1.865074221023855, ""PSO"": 1.948477249281817, ""Raw"": 2.560396528702805}, ""priority"": [""Raw"", ""NN+2opt"", ""ACO"", ""DE"", ""PSO""], ""tie_tolerance_km"": 1e-12}"
5,Raw,10,2.560396528702805,0.0001528620487079,1,True,,"[0, 1, 2, 3, 4, 5, 6, 7, 8, 9, 10, 11]",{}
5,ACO,11,1.865074221023855,4.918655030080117,7500,True,,"[5, 6, 8, 11, 10, 9, 7, 4, 3, 1, 0, 2]","{""alpha"": 1.0, ""beta"": 2.0, ""evaluation_budget"": 7500, ""evaporation"": 0.5, ""population"": 50}"
5,ACO×3,11,1.865074221023855,15.057688264991157,22500,True,ACO stream 1,"[5, 6, 8, 11, 10, 9, 7, 4, 3, 1, 0, 2]","{""candidate_lengths_km"": [1.865074221023855, 1.865074221023855, 1.865074221023855], ""candidate_seeds"": [11, 31, 51], ""tie_tolerance_km"": 1e-12}"
5,DE,11,1.9529948459840916,0.7896531450096518,7500,True,,"[5, 2, 0, 1, 3, 4, 7, 6, 9, 10, 11, 8]",{}
5,NN+2opt,11,1.865074221023855,0.0019200519891455,244,True,,"[5, 6, 8, 11, 10, 9, 7, 4, 3, 1, 0, 2]",{}
5,PSO,11,2.3033148134356742,0.0875783340306952,7500,True,,"[5, 6, 3, 9, 10, 11, 8, 7, 4, 1, 0, 2]",{}
5,Portfolio,11,1.865074221023855,5.797987585072406,22745,True,NN+2opt,"[5, 6, 8, 11, 10, 9, 7, 4, 3, 1, 0, 2]","{""candidate_evaluations"": {""ACO"": 7500, ""DE"": 7500, ""NN+2opt"": 244, ""PSO"": 7500, ""Raw"": 1}, ""candidate_lengths_km"": {""ACO"": 1.865074221023855, ""DE"": 1.9529948459840913, ""NN+2opt"": 1.865074221023855, ""PSO"": 2.3033148134356742, ""Raw"": 2.560396528702805}, ""priority"": [""Raw"", ""NN+2opt"", ""ACO"", ""DE"", ""PSO""], ""tie_tolerance_km"": 1e-12}"
5,Raw,11,2.560396528702805,0.0001719059655442,1,True,,"[0, 1, 2, 3, 4, 5, 6, 7, 8, 9, 10, 11]",{}
5,ACO,12,1.865074221023855,4.966181779978797,7500,True,,"[5, 6, 8, 11, 10, 9, 7, 4, 3, 1, 0, 2]","{""alpha"": 1.0, ""beta"": 2.0, ""evaluation_budget"": 7500, ""evaporation"": 0.5, ""population"": 50}"
5,ACO×3,12,1.865074221023855,15.075493360869586,22500,True,ACO stream 1,"[5, 6, 8, 11, 10, 9, 7, 4, 3, 1, 0, 2]","{""candidate_lengths_km"": [1.865074221023855, 1.865074221023855, 1.8650742210238551], ""candidate_seeds"": [12, 32, 52], ""tie_tolerance_km"": 1e-12}"
5,DE,12,1.865074221023855,0.798583640018478,7500,True,,"[5, 6, 8, 11, 10, 9, 7, 4, 3, 1, 0, 2]",{}
5,NN+2opt,12,1.865074221023855,0.0020385360112413,244,True,,"[5, 6, 8, 11, 10, 9, 7, 4, 3, 1, 0, 2]",{}
5,PSO,12,1.9095012742420296,0.0878597740083932,7500,True,,"[8, 11, 10, 9, 7, 6, 5, 4, 3, 1, 0, 2]",{}
5,Portfolio,12,1.865074221023855,5.854827791103162,22745,True,NN+2opt,"[5, 6, 8, 11, 10, 9, 7, 4, 3, 1, 0, 2]","{""candidate_evaluations"": {""ACO"": 7500, ""DE"": 7500, ""NN+2opt"": 244, ""PSO"": 7500, ""Raw"": 1}, ""candidate_lengths_km"": {""ACO"": 1.865074221023855, ""DE"": 1.865074221023855, ""NN+2opt"": 1.865074221023855, ""PSO"": 1.9095012742420299, ""Raw"": 2.560396528702805}, ""priority"": [""Raw"", ""NN+2opt"", ""ACO"", ""DE"", ""PSO""], ""tie_tolerance_km"": 1e-12}"
5,Raw,12,2.560396528702805,0.0001552629983052,1,True,,"[0, 1, 2, 3, 4, 5, 6, 7, 8, 9, 10, 11]",{}
5,ACO,13,1.865074221023855,5.023826515069231,7500,True,,"[5, 6, 8, 11, 10, 9, 7, 4, 3, 1, 0, 2]","{""alpha"": 1.0, ""beta"": 2.0, ""evaluation_budget"": 7500, ""evaporation"": 0.5, ""population"": 50}"
5,ACO×3,13,1.865074221023855,15.16961846104823,22500,True,ACO stream 1,"[5, 6, 8, 11, 10, 9, 7, 4, 3, 1, 0, 2]","{""candidate_lengths_km"": [1.865074221023855, 1.865074221023855, 1.865074221023855], ""candidate_seeds"": [13, 33, 53], ""tie_tolerance_km"": 1e-12}"
5,DE,13,1.9484772492818172,0.8038985619787127,7500,True,,"[5, 2, 0, 1, 3, 4, 6, 7, 9, 10, 11, 8]",{}
5,NN+2opt,13,1.865074221023855,0.0020084290299564,244,True,,"[5, 6, 8, 11, 10, 9, 7, 4, 3, 1, 0, 2]",{}
5,PSO,13,1.9417414427117132,0.0860960099380463,7500,True,,"[5, 6, 8, 11, 10, 9, 7, 3, 1, 4, 0, 2]",{}
5,Portfolio,13,1.865074221023855,5.916109055047855,22745,True,NN+2opt,"[5, 6, 8, 11, 10, 9, 7, 4, 3, 1, 0, 2]","{""candidate_evaluations"": {""ACO"": 7500, ""DE"": 7500, ""NN+2opt"": 244, ""PSO"": 7500, ""Raw"": 1}, ""candidate_lengths_km"": {""ACO"": 1.865074221023855, ""DE"": 1.9484772492818174, ""NN+2opt"": 1.865074221023855, ""PSO"": 1.9417414427117135, ""Raw"": 2.560396528702805}, ""priority"": [""Raw"", ""NN+2opt"", ""ACO"", ""DE"", ""PSO""], ""tie_tolerance_km"": 1e-12}"
5,Raw,13,2.560396528702805,0.000270158983767,1,True,,"[0, 1, 2, 3, 4, 5, 6, 7, 8, 9, 10, 11]",{}
5,ACO,14,1.865074221023855,5.008427954046056,7500,True,,"[5, 6, 8, 11, 10, 9, 7, 4, 3, 1, 0, 2]","{""alpha"": 1.0, ""beta"": 2.0, ""evaluation_budget"": 7500, ""evaporation"": 0.5, ""population"": 50}"
5,ACO×3,14,1.865074221023855,15.25218076899182,22500,True,ACO stream 1,"[5, 6, 8, 11, 10, 9, 7, 4, 3, 1, 0, 2]","{""candidate_lengths_km"": [1.865074221023855, 1.865074221023855, 1.865074221023855], ""candidate_seeds"": [14, 34, 54], ""tie_tolerance_km"": 1e-12}"
5,DE,14,1.91036792829741,0.7743837080197409,7500,True,,"[6, 8, 11, 10, 9, 7, 4, 3, 1, 0, 2, 5]",{}
5,NN+2opt,14,1.865074221023855,0.0019809099612757,244,True,,"[5, 6, 8, 11, 10, 9, 7, 4, 3, 1, 0, 2]",{}
5,PSO,14,1.865074221023855,0.0859983399277553,7500,True,,"[5, 6, 8, 11, 10, 9, 7, 4, 3, 1, 0, 2]",{}
5,Portfolio,14,1.865074221023855,5.87095074611716,22745,True,NN+2opt,"[5, 6, 8, 11, 10, 9, 7, 4, 3, 1, 0, 2]","{""candidate_evaluations"": {""ACO"": 7500, ""DE"": 7500, ""NN+2opt"": 244, ""PSO"": 7500, ""Raw"": 1}, ""candidate_lengths_km"": {""ACO"": 1.865074221023855, ""DE"": 1.91036792829741, ""NN+2opt"": 1.865074221023855, ""PSO"": 1.865074221023855, ""Raw"": 2.560396528702805}, ""priority"": [""Raw"", ""NN+2opt"", ""ACO"", ""DE"", ""PSO""], ""tie_tolerance_km"": 1e-12}"
5,Raw,14,2.560396528702805,0.0001507120905444,1,True,,"[0, 1, 2, 3, 4, 5, 6, 7, 8, 9, 10, 11]",{}
5,ACO,15,1.865074221023855,5.002840602886863,7500,True,,"[5, 6, 8, 11, 10, 9, 7, 4, 3, 1, 0, 2]","{""alpha"": 1.0, ""beta"": 2.0, ""evaluation_budget"": 7500, ""evaporation"": 0.5, ""population"": 50}"
5,ACO×3,15,1.865074221023855,15.12788382684812,22500,True,ACO stream 1,"[5, 6, 8, 11, 10, 9, 7, 4, 3, 1, 0, 2]","{""candidate_lengths_km"": [1.865074221023855, 1.865074221023855, 1.865074221023855], ""candidate_seeds"": [15, 35, 55], ""tie_tolerance_km"": 1e-12}"
5,DE,15,1.91036792829741,0.8121036320226267,7500,True,,"[6, 8, 11, 10, 9, 7, 4, 3, 1, 0, 2, 5]",{}
5,NN+2opt,15,1.865074221023855,0.0020604080054908,244,True,,"[5, 6, 8, 11, 10, 9, 7, 4, 3, 1, 0, 2]",{}
5,PSO,15,2.2877623966475693,0.0917799170129001,7500,True,,"[8, 11, 2, 0, 1, 3, 4, 7, 9, 10, 6, 5]",{}
5,Portfolio,15,1.865074221023855,5.908947888878174,22745,True,NN+2opt,"[5, 6, 8, 11, 10, 9, 7, 4, 3, 1, 0, 2]","{""candidate_evaluations"": {""ACO"": 7500, ""DE"": 7500, ""NN+2opt"": 244, ""PSO"": 7500, ""Raw"": 1}, ""candidate_lengths_km"": {""ACO"": 1.865074221023855, ""DE"": 1.91036792829741, ""NN+2opt"": 1.865074221023855, ""PSO"": 2.2877623966475693, ""Raw"": 2.560396528702805}, ""priority"": [""Raw"", ""NN+2opt"", ""ACO"", ""DE"", ""PSO""], ""tie_tolerance_km"": 1e-12}"
5,Raw,15,2.560396528702805,0.0001544000115245,1,True,,"[0, 1, 2, 3, 4, 5, 6, 7, 8, 9, 10, 11]",{}
5,ACO,16,1.865074221023855,4.963990597985685,7500,True,,"[5, 6, 8, 11, 10, 9, 7, 4, 3, 1, 0, 2]","{""alpha"": 1.0, ""beta"": 2.0, ""evaluation_budget"": 7500, ""evaporation"": 0.5, ""population"": 50}"
5,ACO×3,16,1.865074221023855,14.834178299992343,22500,True,ACO stream 1,"[5, 6, 8, 11, 10, 9, 7, 4, 3, 1, 0, 2]","{""candidate_lengths_km"": [1.865074221023855, 1.865074221023855, 1.865074221023855], ""candidate_seeds"": [16, 36, 56], ""tie_tolerance_km"": 1e-12}"
5,DE,16,1.9095012742420303,0.7834295480279252,7500,True,,"[2, 0, 1, 3, 4, 5, 6, 7, 9, 10, 11, 8]",{}
5,NN+2opt,16,1.865074221023855,0.0021428749896585,244,True,,"[5, 6, 8, 11, 10, 9, 7, 4, 3, 1, 0, 2]",{}
5,PSO,16,2.098458032281058,0.0865238619735464,7500,True,,"[0, 1, 3, 4, 7, 6, 8, 11, 10, 9, 5, 2]",{}
5,Portfolio,16,1.865074221023855,5.836248737061396,22745,True,NN+2opt,"[5, 6, 8, 11, 10, 9, 7, 4, 3, 1, 0, 2]","{""candidate_evaluations"": {""ACO"": 7500, ""DE"": 7500, ""NN+2opt"": 244, ""PSO"": 7500, ""Raw"": 1}, ""candidate_lengths_km"": {""ACO"": 1.865074221023855, ""DE"": 1.9095012742420303, ""NN+2opt"": 1.865074221023855, ""PSO"": 2.0984580322810586, ""Raw"": 2.560396528702805}, ""priority"": [""Raw"", ""NN+2opt"", ""ACO"", ""DE"", ""PSO""], ""tie_tolerance_km"": 1e-12}"
5,Raw,16,2.560396528702805,0.0001531910384073,1,True,,"[0, 1, 2, 3, 4, 5, 6, 7, 8, 9, 10, 11]",{}
5,ACO,17,1.865074221023855,5.006043229019269,7500,True,,"[5, 6, 8, 11, 10, 9, 7, 4, 3, 1, 0, 2]","{""alpha"": 1.0, ""beta"": 2.0, ""evaluation_budget"": 7500, ""evaporation"": 0.5, ""population"": 50}"
5,ACO×3,17,1.865074221023855,15.052355494000947,22500,True,ACO stream 1,"[5, 6, 8, 11, 10, 9, 7, 4, 3, 1, 0, 2]","{""candidate_lengths_km"": [1.865074221023855, 1.865074221023855, 1.865074221023855], ""candidate_seeds"": [17, 37, 57], ""tie_tolerance_km"": 1e-12}"
5,DE,17,1.9559249694291676,0.8362615749938414,7500,True,,"[6, 8, 11, 10, 9, 7, 5, 4, 3, 1, 0, 2]",{}
5,NN+2opt,17,1.865074221023855,0.002000429900363,244,True,,"[5, 6, 8, 11, 10, 9, 7, 4, 3, 1, 0, 2]",{}
5,PSO,17,1.9095012742420296,0.0881829599384218,7500,True,,"[8, 11, 10, 9, 7, 6, 5, 4, 3, 1, 0, 2]",{}
5,Portfolio,17,1.865074221023855,5.932651835842989,22745,True,NN+2opt,"[5, 6, 8, 11, 10, 9, 7, 4, 3, 1, 0, 2]","{""candidate_evaluations"": {""ACO"": 7500, ""DE"": 7500, ""NN+2opt"": 244, ""PSO"": 7500, ""Raw"": 1}, ""candidate_lengths_km"": {""ACO"": 1.865074221023855, ""DE"": 1.9559249694291674, ""NN+2opt"": 1.865074221023855, ""PSO"": 1.9095012742420299, ""Raw"": 2.560396528702805}, ""priority"": [""Raw"", ""NN+2opt"", ""ACO"", ""DE"", ""PSO""], ""tie_tolerance_km"": 1e-12}"
5,Raw,17,2.560396528702805,0.0001546770799905,1,True,,"[0, 1, 2, 3, 4, 5, 6, 7, 8, 9, 10, 11]",{}
5,ACO,18,1.865074221023855,5.155265187029727,7500,True,,"[5, 6, 8, 11, 10, 9, 7, 4, 3, 1, 0, 2]","{""alpha"": 1.0, ""beta"": 2.0, ""evaluation_budget"": 7500, ""evaporation"": 0.5, ""population"": 50}"
5,ACO×3,18,1.865074221023855,15.36803187802434,22500,True,ACO stream 1,"[5, 6, 8, 11, 10, 9, 7, 4, 3, 1, 0, 2]","{""candidate_lengths_km"": [1.865074221023855, 1.865074221023855, 1.865074221023855], ""candidate_seeds"": [18, 38, 58], ""tie_tolerance_km"": 1e-12}"
5,DE,18,1.91036792829741,0.8093747920356691,7500,True,,"[6, 8, 11, 10, 9, 7, 4, 3, 1, 0, 2, 5]",{}
5,NN+2opt,18,1.865074221023855,0.001898267888464,244,True,,"[5, 6, 8, 11, 10, 9, 7, 4, 3, 1, 0, 2]",{}
5,PSO,18,1.9484772492818172,0.0895257360534742,7500,True,,"[5, 2, 0, 1, 3, 4, 6, 7, 9, 10, 11, 8]",{}
5,Portfolio,18,1.865074221023855,6.056226302986033,22745,True,NN+2opt,"[5, 6, 8, 11, 10, 9, 7, 4, 3, 1, 0, 2]","{""candidate_evaluations"": {""ACO"": 7500, ""DE"": 7500, ""NN+2opt"": 244, ""PSO"": 7500, ""Raw"": 1}, ""candidate_lengths_km"": {""ACO"": 1.865074221023855, ""DE"": 1.91036792829741, ""NN+2opt"": 1.865074221023855, ""PSO"": 1.9484772492818174, ""Raw"": 2.560396528702805}, ""priority"": [""Raw"", ""NN+2opt"", ""ACO"", ""DE"", ""PSO""], ""tie_tolerance_km"": 1e-12}"
5,Raw,18,2.560396528702805,0.000153284985572,1,True,,"[0, 1, 2, 3, 4, 5, 6, 7, 8, 9, 10, 11]",{}
5,ACO,19,1.865074221023855,5.022390056983568,7500,True,,"[5, 6, 8, 11, 10, 9, 7, 4, 3, 1, 0, 2]","{""alpha"": 1.0, ""beta"": 2.0, ""evaluation_budget"": 7500, ""evaporation"": 0.5, ""population"": 50}"
5,ACO×3,19,1.865074221023855,14.770364828058518,22500,True,ACO stream 1,"[5, 6, 8, 11, 10, 9, 7, 4, 3, 1, 0, 2]","{""candidate_lengths_km"": [1.865074221023855, 1.865074221023855, 1.865074221023855], ""candidate_seeds"": [19, 39, 59], ""tie_tolerance_km"": 1e-12}"
5,DE,19,1.91036792829741,0.7725300040328875,7500,True,,"[6, 8, 11, 10, 9, 7, 4, 3, 1, 0, 2, 5]",{}
5,NN+2opt,19,1.865074221023855,0.0019544390961527,244,True,,"[5, 6, 8, 11, 10, 9, 7, 4, 3, 1, 0, 2]",{}
5,PSO,19,2.1208671367411123,0.0856997829396277,7500,True,,"[5, 2, 0, 1, 3, 4, 7, 6, 8, 9, 10, 11]",{}
5,Portfolio,19,1.865074221023855,5.882734169019386,22745,True,NN+2opt,"[5, 6, 8, 11, 10, 9, 7, 4, 3, 1, 0, 2]","{""candidate_evaluations"": {""ACO"": 7500, ""DE"": 7500, ""NN+2opt"": 244, ""PSO"": 7500, ""Raw"": 1}, ""candidate_lengths_km"": {""ACO"": 1.865074221023855, ""DE"": 1.91036792829741, ""NN+2opt"": 1.865074221023855, ""PSO"": 2.1208671367411123, ""Raw"": 2.560396528702805}, ""priority"": [""Raw"", ""NN+2opt"", ""ACO"", ""DE"", ""PSO""], ""tie_tolerance_km"": 1e-12}"
5,Raw,19,2.560396528702805,0.0001508709974586,1,True,,"[0, 1, 2, 3, 4, 5, 6, 7, 8, 9, 10, 11]",{}
6,ACO,0,1.756456461232624,4.438740213983692,7500,True,,"[0, 1, 2, 3, 4, 5, 9, 7, 8, 6, 10]","{""alpha"": 1.0, ""beta"": 2.0, ""evaluation_budget"": 7500, ""evaporation"": 0.5, ""population"": 50}"
6,ACO×3,0,1.756456461232624,13.421267110970804,22500,True,ACO stream 1,"[0, 1, 2, 3, 4, 5, 9, 7, 8, 6, 10]","{""candidate_lengths_km"": [1.756456461232624, 1.756456461232624, 1.756456461232624], ""candidate_seeds"": [0, 20, 40], ""tie_tolerance_km"": 1e-12}"
6,DE,0,1.756456461232624,0.7703495239838958,7500,True,,"[10, 6, 8, 7, 9, 5, 4, 3, 2, 1, 0]",{}
6,NN+2opt,0,1.756456461232624,0.0010207599261775,57,True,,"[10, 6, 8, 7, 9, 5, 4, 3, 2, 1, 0]",{}
6,PSO,0,2.041426035842837,0.0830081070307642,7500,True,,"[8, 7, 9, 5, 4, 3, 2, 1, 0, 6, 10]",{}
6,Portfolio,0,1.756456461232624,5.293262628023513,22558,True,NN+2opt,"[10, 6, 8, 7, 9, 5, 4, 3, 2, 1, 0]","{""candidate_evaluations"": {""ACO"": 7500, ""DE"": 7500, ""NN+2opt"": 57, ""PSO"": 7500, ""Raw"": 1}, ""candidate_lengths_km"": {""ACO"": 1.756456461232624, ""DE"": 1.7564564612326241, ""NN+2opt"": 1.7564564612326241, ""PSO"": 2.041426035842837, ""Raw"": 2.361911911922856}, ""priority"": [""Raw"", ""NN+2opt"", ""ACO"", ""DE"", ""PSO""], ""tie_tolerance_km"": 1e-12}"
6,Raw,0,2.361911911922856,0.0001350460806861,1,True,,"[0, 1, 2, 3, 4, 5, 6, 7, 8, 9, 10]",{}
6,ACO,1,1.756456461232624,4.392178424983285,7500,True,,"[0, 1, 2, 3, 4, 5, 9, 7, 8, 6, 10]","{""alpha"": 1.0, ""beta"": 2.0, ""evaluation_budget"": 7500, ""evaporation"": 0.5, ""population"": 50}"
6,ACO×3,1,1.756456461232624,13.34568900312297,22500,True,ACO stream 1,"[0, 1, 2, 3, 4, 5, 9, 7, 8, 6, 10]","{""candidate_lengths_km"": [1.756456461232624, 1.756456461232624, 1.756456461232624], ""candidate_seeds"": [1, 21, 41], ""tie_tolerance_km"": 1e-12}"
6,DE,1,1.756456461232624,0.7488681529648602,7500,True,,"[10, 6, 8, 7, 9, 5, 4, 3, 2, 1, 0]",{}
6,NN+2opt,1,1.756456461232624,0.0007971070008352,57,True,,"[10, 6, 8, 7, 9, 5, 4, 3, 2, 1, 0]",{}
6,PSO,1,1.756456461232624,0.0851511539658531,7500,True,,"[10, 6, 8, 7, 9, 5, 4, 3, 2, 1, 0]",{}
6,Portfolio,1,1.756456461232624,5.227222242974676,22558,True,NN+2opt,"[10, 6, 8, 7, 9, 5, 4, 3, 2, 1, 0]","{""candidate_evaluations"": {""ACO"": 7500, ""DE"": 7500, ""NN+2opt"": 57, ""PSO"": 7500, ""Raw"": 1}, ""candidate_lengths_km"": {""ACO"": 1.756456461232624, ""DE"": 1.7564564612326241, ""NN+2opt"": 1.7564564612326241, ""PSO"": 1.7564564612326241, ""Raw"": 2.361911911922856}, ""priority"": [""Raw"", ""NN+2opt"", ""ACO"", ""DE"", ""PSO""], ""tie_tolerance_km"": 1e-12}"
6,Raw,1,2.361911911922856,0.0002174790715798,1,True,,"[0, 1, 2, 3, 4, 5, 6, 7, 8, 9, 10]",{}
6,ACO,2,1.756456461232624,4.455521194031462,7500,True,,"[0, 1, 2, 3, 4, 5, 9, 7, 8, 6, 10]","{""alpha"": 1.0, ""beta"": 2.0, ""evaluation_budget"": 7500, ""evaporation"": 0.5, ""population"": 50}"
6,ACO×3,2,1.756456461232624,13.333845180924982,22500,True,ACO stream 1,"[0, 1, 2, 3, 4, 5, 9, 7, 8, 6, 10]","{""candidate_lengths_km"": [1.756456461232624, 1.756456461232624, 1.756456461232624], ""candidate_seeds"": [2, 22, 42], ""tie_tolerance_km"": 1e-12}"
6,DE,2,1.756456461232624,0.7964490860467777,7500,True,,"[0, 1, 2, 3, 4, 5, 9, 7, 8, 6, 10]",{}
6,NN+2opt,2,1.756456461232624,0.0007886249804869,57,True,,"[10, 6, 8, 7, 9, 5, 4, 3, 2, 1, 0]",{}
6,PSO,2,1.780281532237733,0.0845452840439975,7500,True,,"[6, 10, 8, 7, 9, 5, 4, 3, 2, 1, 0]",{}
6,Portfolio,2,1.756456461232624,5.337480416055769,22558,True,NN+2opt,"[10, 6, 8, 7, 9, 5, 4, 3, 2, 1, 0]","{""candidate_evaluations"": {""ACO"": 7500, ""DE"": 7500, ""NN+2opt"": 57, ""PSO"": 7500, ""Raw"": 1}, ""candidate_lengths_km"": {""ACO"": 1.756456461232624, ""DE"": 1.756456461232624, ""NN+2opt"": 1.7564564612326241, ""PSO"": 1.780281532237733, ""Raw"": 2.361911911922856}, ""priority"": [""Raw"", ""NN+2opt"", ""ACO"", ""DE"", ""PSO""], ""tie_tolerance_km"": 1e-12}"
6,Raw,2,2.361911911922856,0.0001662200083956,1,True,,"[0, 1, 2, 3, 4, 5, 6, 7, 8, 9, 10]",{}
6,ACO,3,1.756456461232624,4.483727202983573,7500,True,,"[0, 1, 2, 3, 4, 5, 9, 7, 8, 6, 10]","{""alpha"": 1.0, ""beta"": 2.0, ""evaluation_budget"": 7500, ""evaporation"": 0.5, ""population"": 50}"
6,ACO×3,3,1.756456461232624,13.448331101913936,22500,True,ACO stream 1,"[0, 1, 2, 3, 4, 5, 9, 7, 8, 6, 10]","{""candidate_lengths_km"": [1.756456461232624, 1.756456461232624, 1.756456461232624], ""candidate_seeds"": [3, 23, 43], ""tie_tolerance_km"": 1e-12}"
6,DE,3,1.756456461232624,0.7587722969474271,7500,True,,"[0, 1, 2, 3, 4, 5, 9, 7, 8, 6, 10]",{}
6,NN+2opt,3,1.756456461232624,0.0008070820476859,57,True,,"[10, 6, 8, 7, 9, 5, 4, 3, 2, 1, 0]",{}
6,PSO,3,1.756456461232624,0.0867588720284402,7500,True,,"[0, 1, 2, 3, 4, 5, 9, 7, 8, 6, 10]",{}
6,Portfolio,3,1.756456461232624,5.330208339029923,22558,True,NN+2opt,"[10, 6, 8, 7, 9, 5, 4, 3, 2, 1, 0]","{""candidate_evaluations"": {""ACO"": 7500, ""DE"": 7500, ""NN+2opt"": 57, ""PSO"": 7500, ""Raw"": 1}, ""candidate_lengths_km"": {""ACO"": 1.756456461232624, ""DE"": 1.756456461232624, ""NN+2opt"": 1.7564564612326241, ""PSO"": 1.756456461232624, ""Raw"": 2.361911911922856}, ""priority"": [""Raw"", ""NN+2opt"", ""ACO"", ""DE"", ""PSO""], ""tie_tolerance_km"": 1e-12}"
6,Raw,3,2.361911911922856,0.0001335759880021,1,True,,"[0, 1, 2, 3, 4, 5, 6, 7, 8, 9, 10]",{}
6,ACO,4,1.756456461232624,4.39327940705698,7500,True,,"[0, 1, 2, 3, 4, 5, 9, 7, 8, 6, 10]","{""alpha"": 1.0, ""beta"": 2.0, ""evaluation_budget"": 7500, ""evaporation"": 0.5, ""population"": 50}"
6,ACO×3,4,1.756456461232624,13.286886579007842,22500,True,ACO stream 1,"[0, 1, 2, 3, 4, 5, 9, 7, 8, 6, 10]","{""candidate_lengths_km"": [1.756456461232624, 1.756456461232624, 1.756456461232624], ""candidate_seeds"": [4, 24, 44], ""tie_tolerance_km"": 1e-12}"
6,DE,4,1.756456461232624,0.7682020210195333,7500,True,,"[0, 1, 2, 3, 4, 5, 9, 7, 8, 6, 10]",{}
6,NN+2opt,4,1.756456461232624,0.0008099289843812,57,True,,"[10, 6, 8, 7, 9, 5, 4, 3, 2, 1, 0]",{}
6,PSO,4,1.756456461232624,0.0880449770484119,7500,True,,"[0, 1, 2, 3, 4, 5, 9, 7, 8, 6, 10]",{}
6,Portfolio,4,1.756456461232624,5.250480981077999,22558,True,NN+2opt,"[10, 6, 8, 7, 9, 5, 4, 3, 2, 1, 0]","{""candidate_evaluations"": {""ACO"": 7500, ""DE"": 7500, ""NN+2opt"": 57, ""PSO"": 7500, ""Raw"": 1}, ""candidate_lengths_km"": {""ACO"": 1.756456461232624, ""DE"": 1.756456461232624, ""NN+2opt"": 1.7564564612326241, ""PSO"": 1.756456461232624, ""Raw"": 2.361911911922856}, ""priority"": [""Raw"", ""NN+2opt"", ""ACO"", ""DE"", ""PSO""], ""tie_tolerance_km"": 1e-12}"
6,Raw,4,2.361911911922856,0.0001348629593849,1,True,,"[0, 1, 2, 3, 4, 5, 6, 7, 8, 9, 10]",{}
6,ACO,5,1.756456461232624,4.584872879902832,7500,True,,"[0, 1, 2, 3, 4, 5, 9, 7, 8, 6, 10]","{""alpha"": 1.0, ""beta"": 2.0, ""evaluation_budget"": 7500, ""evaporation"": 0.5, ""population"": 50}"
6,ACO×3,5,1.756456461232624,13.595914314966649,22500,True,ACO stream 1,"[0, 1, 2, 3, 4, 5, 9, 7, 8, 6, 10]","{""candidate_lengths_km"": [1.756456461232624, 1.756456461232624, 1.756456461232624], ""candidate_seeds"": [5, 25, 45], ""tie_tolerance_km"": 1e-12}"
6,DE,5,1.756456461232624,0.7750653940020129,7500,True,,"[0, 1, 2, 3, 4, 5, 9, 7, 8, 6, 10]",{}
6,NN+2opt,5,1.756456461232624,0.0008077030070126,57,True,,"[10, 6, 8, 7, 9, 5, 4, 3, 2, 1, 0]",{}
6,PSO,5,2.201083800707042,0.0835069300374016,7500,True,,"[10, 6, 0, 4, 3, 7, 8, 9, 5, 2, 1]",{}
6,Portfolio,5,1.756456461232624,5.444426272879355,22558,True,NN+2opt,"[10, 6, 8, 7, 9, 5, 4, 3, 2, 1, 0]","{""candidate_evaluations"": {""ACO"": 7500, ""DE"": 7500, ""NN+2opt"": 57, ""PSO"": 7500, ""Raw"": 1}, ""candidate_lengths_km"": {""ACO"": 1.756456461232624, ""DE"": 1.756456461232624, ""NN+2opt"": 1.7564564612326241, ""PSO"": 2.201083800707042, ""Raw"": 2.361911911922856}, ""priority"": [""Raw"", ""NN+2opt"", ""ACO"", ""DE"", ""PSO""], ""tie_tolerance_km"": 1e-12}"
6,Raw,5,2.361911911922856,0.0001638489775359,1,True,,"[0, 1, 2, 3, 4, 5, 6, 7, 8, 9, 10]",{}
6,ACO,6,1.756456461232624,4.428697020048276,7500,True,,"[0, 1, 2, 3, 4, 5, 9, 7, 8, 6, 10]","{""alpha"": 1.0, ""beta"": 2.0, ""evaluation_budget"": 7500, ""evaporation"": 0.5, ""population"": 50}"
6,ACO×3,6,1.756456461232624,13.444573882152326,22500,True,ACO stream 1,"[0, 1, 2, 3, 4, 5, 9, 7, 8, 6, 10]","{""candidate_lengths_km"": [1.756456461232624, 1.756456461232624, 1.756456461232624], ""candidate_seeds"": [6, 26, 46], ""tie_tolerance_km"": 1e-12}"
6,DE,6,1.756456461232624,0.7665854740189388,7500,True,,"[0, 1, 2, 3, 4, 5, 9, 7, 8, 6, 10]",{}
6,NN+2opt,6,1.756456461232624,0.0007866710657253,57,True,,"[10, 6, 8, 7, 9, 5, 4, 3, 2, 1, 0]",{}
6,PSO,6,2.041426035842837,0.0837658629752695,7500,True,,"[8, 7, 9, 5, 4, 3, 2, 1, 0, 6, 10]",{}
6,Portfolio,6,1.756456461232624,5.279981041210704,22558,True,NN+2opt,"[10, 6, 8, 7, 9, 5, 4, 3, 2, 1, 0]","{""candidate_evaluations"": {""ACO"": 7500, ""DE"": 7500, ""NN+2opt"": 57, ""PSO"": 7500, ""Raw"": 1}, ""candidate_lengths_km"": {""ACO"": 1.756456461232624, ""DE"": 1.756456461232624, ""NN+2opt"": 1.7564564612326241, ""PSO"": 2.041426035842837, ""Raw"": 2.361911911922856}, ""priority"": [""Raw"", ""NN+2opt"", ""ACO"", ""DE"", ""PSO""], ""tie_tolerance_km"": 1e-12}"
6,Raw,6,2.361911911922856,0.0001368330558761,1,True,,"[0, 1, 2, 3, 4, 5, 6, 7, 8, 9, 10]",{}
6,ACO,7,1.756456461232624,4.365121740032919,7500,True,,"[0, 1, 2, 3, 4, 5, 9, 7, 8, 6, 10]","{""alpha"": 1.0, ""beta"": 2.0, ""evaluation_budget"": 7500, ""evaporation"": 0.5, ""population"": 50}"
6,ACO×3,7,1.756456461232624,13.142816968960688,22500,True,ACO stream 1,"[0, 1, 2, 3, 4, 5, 9, 7, 8, 6, 10]","{""candidate_lengths_km"": [1.756456461232624, 1.756456461232624, 1.756456461232624], ""candidate_seeds"": [7, 27, 47], ""tie_tolerance_km"": 1e-12}"
6,DE,7,1.756456461232624,0.7559796149143949,7500,True,,"[10, 6, 8, 7, 9, 5, 4, 3, 2, 1, 0]",{}
6,NN+2opt,7,1.756456461232624,0.0007871779380366,57,True,,"[10, 6, 8, 7, 9, 5, 4, 3, 2, 1, 0]",{}
6,PSO,7,1.780281532237733,0.0816492260200902,7500,True,,"[6, 10, 8, 7, 9, 5, 4, 3, 2, 1, 0]",{}
6,Portfolio,7,1.756456461232624,5.203682591905817,22558,True,NN+2opt,"[10, 6, 8, 7, 9, 5, 4, 3, 2, 1, 0]","{""candidate_evaluations"": {""ACO"": 7500, ""DE"": 7500, ""NN+2opt"": 57, ""PSO"": 7500, ""Raw"": 1}, ""candidate_lengths_km"": {""ACO"": 1.756456461232624, ""DE"": 1.7564564612326241, ""NN+2opt"": 1.7564564612326241, ""PSO"": 1.780281532237733, ""Raw"": 2.361911911922856}, ""priority"": [""Raw"", ""NN+2opt"", ""ACO"", ""DE"", ""PSO""], ""tie_tolerance_km"": 1e-12}"
6,Raw,7,2.361911911922856,0.0001349269878119,1,True,,"[0, 1, 2, 3, 4, 5, 6, 7, 8, 9, 10]",{}
6,ACO,8,1.756456461232624,4.764644486014731,7500,True,,"[0, 1, 2, 3, 4, 5, 9, 7, 8, 6, 10]","{""alpha"": 1.0, ""beta"": 2.0, ""evaluation_budget"": 7500, ""evaporation"": 0.5, ""population"": 50}"
6,ACO×3,8,1.756456461232624,13.785648267134093,22500,True,ACO stream 1,"[0, 1, 2, 3, 4, 5, 9, 7, 8, 6, 10]","{""candidate_lengths_km"": [1.756456461232624, 1.756456461232624, 1.756456461232624], ""candidate_seeds"": [8, 28, 48], ""tie_tolerance_km"": 1e-12}"
6,DE,8,1.756456461232624,0.9116933179320768,7500,True,,"[0, 1, 2, 3, 4, 5, 9, 7, 8, 6, 10]",{}
6,NN+2opt,8,1.756456461232624,0.0007940880022943,57,True,,"[10, 6, 8, 7, 9, 5, 4, 3, 2, 1, 0]",{}
6,PSO,8,1.756456461232624,0.0844565489096567,7500,True,,"[10, 6, 8, 7, 9, 5, 4, 3, 2, 1, 0]",{}
6,Portfolio,8,1.756456461232624,5.761727540753782,22558,True,NN+2opt,"[10, 6, 8, 7, 9, 5, 4, 3, 2, 1, 0]","{""candidate_evaluations"": {""ACO"": 7500, ""DE"": 7500, ""NN+2opt"": 57, ""PSO"": 7500, ""Raw"": 1}, ""candidate_lengths_km"": {""ACO"": 1.756456461232624, ""DE"": 1.756456461232624, ""NN+2opt"": 1.7564564612326241, ""PSO"": 1.7564564612326241, ""Raw"": 2.361911911922856}, ""priority"": [""Raw"", ""NN+2opt"", ""ACO"", ""DE"", ""PSO""], ""tie_tolerance_km"": 1e-12}"
6,Raw,8,2.361911911922856,0.0001295199617743,1,True,,"[0, 1, 2, 3, 4, 5, 6, 7, 8, 9, 10]",{}
6,ACO,9,1.756456461232624,5.156784042948857,7500,True,,"[0, 1, 2, 3, 4, 5, 9, 7, 8, 6, 10]","{""alpha"": 1.0, ""beta"": 2.0, ""evaluation_budget"": 7500, ""evaporation"": 0.5, ""population"": 50}"
6,ACO×3,9,1.756456461232624,14.28522683691699,22500,True,ACO stream 1,"[0, 1, 2, 3, 4, 5, 9, 7, 8, 6, 10]","{""candidate_lengths_km"": [1.756456461232624, 1.756456461232624, 1.756456461232624], ""candidate_seeds"": [9, 29, 49], ""tie_tolerance_km"": 1e-12}"
6,DE,9,1.756456461232624,0.8676525510381907,7500,True,,"[0, 1, 2, 3, 4, 5, 9, 7, 8, 6, 10]",{}
6,NN+2opt,9,1.756456461232624,0.0007914950838312,57,True,,"[10, 6, 8, 7, 9, 5, 4, 3, 2, 1, 0]",{}
6,PSO,9,2.176197228645688,0.0832525079604238,7500,True,,"[1, 3, 7, 8, 9, 5, 4, 2, 0, 6, 10]",{}
6,Portfolio,9,1.756456461232624,6.108624932938255,22558,True,NN+2opt,"[10, 6, 8, 7, 9, 5, 4, 3, 2, 1, 0]","{""candidate_evaluations"": {""ACO"": 7500, ""DE"": 7500, ""NN+2opt"": 57, ""PSO"": 7500, ""Raw"": 1}, ""candidate_lengths_km"": {""ACO"": 1.756456461232624, ""DE"": 1.756456461232624, ""NN+2opt"": 1.7564564612326241, ""PSO"": 2.176197228645688, ""Raw"": 2.361911911922856}, ""priority"": [""Raw"", ""NN+2opt"", ""ACO"", ""DE"", ""PSO""], ""tie_tolerance_km"": 1e-12}"
6,Raw,9,2.361911911922856,0.0001346949720755,1,True,,"[0, 1, 2, 3, 4, 5, 6, 7, 8, 9, 10]",{}
6,ACO,10,1.756456461232624,4.55466815805994,7500,True,,"[0, 1, 2, 3, 4, 5, 9, 7, 8, 6, 10]","{""alpha"": 1.0, ""beta"": 2.0, ""evaluation_budget"": 7500, ""evaporation"": 0.5, ""population"": 50}"
6,ACO×3,10,1.756456461232624,13.55492791812867,22500,True,ACO stream 1,"[0, 1, 2, 3, 4, 5, 9, 7, 8, 6, 10]","{""candidate_lengths_km"": [1.756456461232624, 1.756456461232624, 1.756456461232624], ""candidate_seeds"": [10, 30, 50], ""tie_tolerance_km"": 1e-12}"
6,DE,10,1.756456461232624,0.7907651100540534,7500,True,,"[0, 1, 2, 3, 4, 5, 9, 7, 8, 6, 10]",{}
6,NN+2opt,10,1.756456461232624,0.0008405820699408,57,True,,"[10, 6, 8, 7, 9, 5, 4, 3, 2, 1, 0]",{}
6,PSO,10,1.756456461232624,0.0864026040071621,7500,True,,"[10, 6, 8, 7, 9, 5, 4, 3, 2, 1, 0]",{}
6,Portfolio,10,1.756456461232624,5.432822458213195,22558,True,NN+2opt,"[10, 6, 8, 7, 9, 5, 4, 3, 2, 1, 0]","{""candidate_evaluations"": {""ACO"": 7500, ""DE"": 7500, ""NN+2opt"": 57, ""PSO"": 7500, ""Raw"": 1}, ""candidate_lengths_km"": {""ACO"": 1.756456461232624, ""DE"": 1.756456461232624, ""NN+2opt"": 1.7564564612326241, ""PSO"": 1.7564564612326241, ""Raw"": 2.361911911922856}, ""priority"": [""Raw"", ""NN+2opt"", ""ACO"", ""DE"", ""PSO""], ""tie_tolerance_km"": 1e-12}"
6,Raw,10,2.361911911922856,0.0001360869500786,1,True,,"[0, 1, 2, 3, 4, 5, 6, 7, 8, 9, 10]",{}
6,ACO,11,1.756456461232624,4.707256093039177,7500,True,,"[0, 1, 2, 3, 4, 5, 9, 7, 8, 6, 10]","{""alpha"": 1.0, ""beta"": 2.0, ""evaluation_budget"": 7500, ""evaporation"": 0.5, ""population"": 50}"
6,ACO×3,11,1.756456461232624,13.948597082984634,22500,True,ACO stream 1,"[0, 1, 2, 3, 4, 5, 9, 7, 8, 6, 10]","{""candidate_lengths_km"": [1.756456461232624, 1.756456461232624, 1.756456461232624], ""candidate_seeds"": [11, 31, 51], ""tie_tolerance_km"": 1e-12}"
6,DE,11,1.756456461232624,0.8375346410321072,7500,True,,"[0, 1, 2, 3, 4, 5, 9, 7, 8, 6, 10]",{}
6,NN+2opt,11,1.756456461232624,0.0007998519577085,57,True,,"[10, 6, 8, 7, 9, 5, 4, 3, 2, 1, 0]",{}
6,PSO,11,2.131876352515378,0.0857508189510554,7500,True,,"[9, 5, 4, 0, 1, 2, 3, 7, 8, 6, 10]",{}
6,Portfolio,11,1.756456461232624,5.6314940340816975,22558,True,NN+2opt,"[10, 6, 8, 7, 9, 5, 4, 3, 2, 1, 0]","{""candidate_evaluations"": {""ACO"": 7500, ""DE"": 7500, ""NN+2opt"": 57, ""PSO"": 7500, ""Raw"": 1}, ""candidate_lengths_km"": {""ACO"": 1.756456461232624, ""DE"": 1.756456461232624, ""NN+2opt"": 1.7564564612326241, ""PSO"": 2.131876352515378, ""Raw"": 2.361911911922856}, ""priority"": [""Raw"", ""NN+2opt"", ""ACO"", ""DE"", ""PSO""], ""tie_tolerance_km"": 1e-12}"
6,Raw,11,2.361911911922856,0.0001433360157534,1,True,,"[0, 1, 2, 3, 4, 5, 6, 7, 8, 9, 10]",{}
6,ACO,12,1.756456461232624,4.572401719982736,7500,True,,"[0, 1, 2, 3, 4, 5, 9, 7, 8, 6, 10]","{""alpha"": 1.0, ""beta"": 2.0, ""evaluation_budget"": 7500, ""evaporation"": 0.5, ""population"": 50}"
6,ACO×3,12,1.756456461232624,13.87098581099417,22500,True,ACO stream 1,"[0, 1, 2, 3, 4, 5, 9, 7, 8, 6, 10]","{""candidate_lengths_km"": [1.756456461232624, 1.756456461232624, 1.756456461232624], ""candidate_seeds"": [12, 32, 52], ""tie_tolerance_km"": 1e-12}"
6,DE,12,1.756456461232624,0.8004916569916531,7500,True,,"[0, 1, 2, 3, 4, 5, 9, 7, 8, 6, 10]",{}
6,NN+2opt,12,1.756456461232624,0.0008973239455372,57,True,,"[10, 6, 8, 7, 9, 5, 4, 3, 2, 1, 0]",{}
6,PSO,12,1.756456461232624,0.0845149719389155,7500,True,,"[0, 1, 2, 3, 4, 5, 9, 7, 8, 6, 10]",{}
6,Portfolio,12,1.756456461232624,5.458451585844159,22558,True,NN+2opt,"[10, 6, 8, 7, 9, 5, 4, 3, 2, 1, 0]","{""candidate_evaluations"": {""ACO"": 7500, ""DE"": 7500, ""NN+2opt"": 57, ""PSO"": 7500, ""Raw"": 1}, ""candidate_lengths_km"": {""ACO"": 1.756456461232624, ""DE"": 1.756456461232624, ""NN+2opt"": 1.7564564612326241, ""PSO"": 1.756456461232624, ""Raw"": 2.361911911922856}, ""priority"": [""Raw"", ""NN+2opt"", ""ACO"", ""DE"", ""PSO""], ""tie_tolerance_km"": 1e-12}"
6,Raw,12,2.361911911922856,0.0001358620356768,1,True,,"[0, 1, 2, 3, 4, 5, 6, 7, 8, 9, 10]",{}
6,ACO,13,1.756456461232624,4.583176312968135,7500,True,,"[0, 1, 2, 3, 4, 5, 9, 7, 8, 6, 10]","{""alpha"": 1.0, ""beta"": 2.0, ""evaluation_budget"": 7500, ""evaporation"": 0.5, ""population"": 50}"
6,ACO×3,13,1.756456461232624,13.372510035987943,22500,True,ACO stream 1,"[0, 1, 2, 3, 4, 5, 9, 7, 8, 6, 10]","{""candidate_lengths_km"": [1.756456461232624, 1.756456461232624, 1.756456461232624], ""candidate_seeds"": [13, 33, 53], ""tie_tolerance_km"": 1e-12}"
6,DE,13,1.756456461232624,0.7628186120418832,7500,True,,"[0, 1, 2, 3, 4, 5, 9, 7, 8, 6, 10]",{}
6,NN+2opt,13,1.756456461232624,0.0008245239732787,57,True,,"[10, 6, 8, 7, 9, 5, 4, 3, 2, 1, 0]",{}
6,PSO,13,1.756456461232624,0.0826083420543,7500,True,,"[0, 1, 2, 3, 4, 5, 9, 7, 8, 6, 10]",{}
6,Portfolio,13,1.756456461232624,5.429573648027144,22558,True,NN+2opt,"[10, 6, 8, 7, 9, 5, 4, 3, 2, 1, 0]","{""candidate_evaluations"": {""ACO"": 7500, ""DE"": 7500, ""NN+2opt"": 57, ""PSO"": 7500, ""Raw"": 1}, ""candidate_lengths_km"": {""ACO"": 1.756456461232624, ""DE"": 1.756456461232624, ""NN+2opt"": 1.7564564612326241, ""PSO"": 1.756456461232624, ""Raw"": 2.361911911922856}, ""priority"": [""Raw"", ""NN+2opt"", ""ACO"", ""DE"", ""PSO""], ""tie_tolerance_km"": 1e-12}"
6,Raw,13,2.361911911922856,0.0001364989439025,1,True,,"[0, 1, 2, 3, 4, 5, 6, 7, 8, 9, 10]",{}
6,ACO,14,1.756456461232624,4.626974258921109,7500,True,,"[0, 1, 2, 3, 4, 5, 9, 7, 8, 6, 10]","{""alpha"": 1.0, ""beta"": 2.0, ""evaluation_budget"": 7500, ""evaporation"": 0.5, ""population"": 50}"
6,ACO×3,14,1.756456461232624,13.847468711901456,22500,True,ACO stream 1,"[0, 1, 2, 3, 4, 5, 9, 7, 8, 6, 10]","{""candidate_lengths_km"": [1.756456461232624, 1.756456461232624, 1.756456461232624], ""candidate_seeds"": [14, 34, 54], ""tie_tolerance_km"": 1e-12}"
6,DE,14,1.756456461232624,0.7894951609196141,7500,True,,"[0, 1, 2, 3, 4, 5, 9, 7, 8, 6, 10]",{}
6,NN+2opt,14,1.756456461232624,0.0007959509966894,57,True,,"[10, 6, 8, 7, 9, 5, 4, 3, 2, 1, 0]",{}
6,PSO,14,1.756456461232624,0.0868383449269458,7500,True,,"[0, 1, 2, 3, 4, 5, 9, 7, 8, 6, 10]",{}
6,Portfolio,14,1.756456461232624,5.504350254777819,22558,True,NN+2opt,"[10, 6, 8, 7, 9, 5, 4, 3, 2, 1, 0]","{""candidate_evaluations"": {""ACO"": 7500, ""DE"": 7500, ""NN+2opt"": 57, ""PSO"": 7500, ""Raw"": 1}, ""candidate_lengths_km"": {""ACO"": 1.756456461232624, ""DE"": 1.756456461232624, ""NN+2opt"": 1.7564564612326241, ""PSO"": 1.756456461232624, ""Raw"": 2.361911911922856}, ""priority"": [""Raw"", ""NN+2opt"", ""ACO"", ""DE"", ""PSO""], ""tie_tolerance_km"": 1e-12}"
6,Raw,14,2.361911911922856,0.0002372940070927,1,True,,"[0, 1, 2, 3, 4, 5, 6, 7, 8, 9, 10]",{}
6,ACO,15,1.756456461232624,6.378402204951271,7500,True,,"[0, 1, 2, 3, 4, 5, 9, 7, 8, 6, 10]","{""alpha"": 1.0, ""beta"": 2.0, ""evaluation_budget"": 7500, ""evaporation"": 0.5, ""population"": 50}"
6,ACO×3,15,1.756456461232624,15.074615885852836,22500,True,ACO stream 1,"[0, 1, 2, 3, 4, 5, 9, 7, 8, 6, 10]","{""candidate_lengths_km"": [1.756456461232624, 1.756456461232624, 1.756456461232624], ""candidate_seeds"": [15, 35, 55], ""tie_tolerance_km"": 1e-12}"
6,DE,15,1.756456461232624,1.4461084100184962,7500,True,,"[0, 1, 2, 3, 4, 5, 9, 7, 8, 6, 10]",{}
6,NN+2opt,15,1.756456461232624,0.0007984999101608,57,True,,"[10, 6, 8, 7, 9, 5, 4, 3, 2, 1, 0]",{}
6,PSO,15,1.756456461232624,0.2043362170225009,7500,True,,"[10, 6, 8, 7, 9, 5, 4, 3, 2, 1, 0]",{}
6,Portfolio,15,1.756456461232624,8.029790484928526,22558,True,NN+2opt,"[10, 6, 8, 7, 9, 5, 4, 3, 2, 1, 0]","{""candidate_evaluations"": {""ACO"": 7500, ""DE"": 7500, ""NN+2opt"": 57, ""PSO"": 7500, ""Raw"": 1}, ""candidate_lengths_km"": {""ACO"": 1.756456461232624, ""DE"": 1.756456461232624, ""NN+2opt"": 1.7564564612326241, ""PSO"": 1.7564564612326241, ""Raw"": 2.361911911922856}, ""priority"": [""Raw"", ""NN+2opt"", ""ACO"", ""DE"", ""PSO""], ""tie_tolerance_km"": 1e-12}"
6,Raw,15,2.361911911922856,0.0001351790269836,1,True,,"[0, 1, 2, 3, 4, 5, 6, 7, 8, 9, 10]",{}
6,ACO,16,1.756456461232624,4.637458786019124,7500,True,,"[0, 1, 2, 3, 4, 5, 9, 7, 8, 6, 10]","{""alpha"": 1.0, ""beta"": 2.0, ""evaluation_budget"": 7500, ""evaporation"": 0.5, ""population"": 50}"
6,ACO×3,16,1.756456461232624,13.732174449949524,22500,True,ACO stream 1,"[0, 1, 2, 3, 4, 5, 9, 7, 8, 6, 10]","{""candidate_lengths_km"": [1.756456461232624, 1.756456461232624, 1.756456461232624], ""candidate_seeds"": [16, 36, 56], ""tie_tolerance_km"": 1e-12}"
6,DE,16,1.756456461232624,0.8055450699757785,7500,True,,"[0, 1, 2, 3, 4, 5, 9, 7, 8, 6, 10]",{}
6,NN+2opt,16,1.756456461232624,0.0007971100276336,57,True,,"[10, 6, 8, 7, 9, 5, 4, 3, 2, 1, 0]",{}
6,PSO,16,1.756456461232624,0.0878943959251046,7500,True,,"[10, 6, 8, 7, 9, 5, 4, 3, 2, 1, 0]",{}
6,Portfolio,16,1.756456461232624,5.531856730929576,22558,True,NN+2opt,"[10, 6, 8, 7, 9, 5, 4, 3, 2, 1, 0]","{""candidate_evaluations"": {""ACO"": 7500, ""DE"": 7500, ""NN+2opt"": 57, ""PSO"": 7500, ""Raw"": 1}, ""candidate_lengths_km"": {""ACO"": 1.756456461232624, ""DE"": 1.756456461232624, ""NN+2opt"": 1.7564564612326241, ""PSO"": 1.7564564612326241, ""Raw"": 2.361911911922856}, ""priority"": [""Raw"", ""NN+2opt"", ""ACO"", ""DE"", ""PSO""], ""tie_tolerance_km"": 1e-12}"
6,Raw,16,2.361911911922856,0.0001339960144832,1,True,,"[0, 1, 2, 3, 4, 5, 6, 7, 8, 9, 10]",{}
6,ACO,17,1.756456461232624,4.708197238971479,7500,True,,"[0, 1, 2, 3, 4, 5, 9, 7, 8, 6, 10]","{""alpha"": 1.0, ""beta"": 2.0, ""evaluation_budget"": 7500, ""evaporation"": 0.5, ""population"": 50}"
6,ACO×3,17,1.756456461232624,13.740053236950189,22500,True,ACO stream 1,"[0, 1, 2, 3, 4, 5, 9, 7, 8, 6, 10]","{""candidate_lengths_km"": [1.756456461232624, 1.756456461232624, 1.756456461232624], ""candidate_seeds"": [17, 37, 57], ""tie_tolerance_km"": 1e-12}"
6,DE,17,1.756456461232624,0.8052642210386693,7500,True,,"[0, 1, 2, 3, 4, 5, 9, 7, 8, 6, 10]",{}
6,NN+2opt,17,1.756456461232624,0.0008310610428452,57,True,,"[10, 6, 8, 7, 9, 5, 4, 3, 2, 1, 0]",{}
6,PSO,17,1.756456461232624,0.0865546530112624,7500,True,,"[10, 6, 8, 7, 9, 5, 4, 3, 2, 1, 0]",{}
6,Portfolio,17,1.756456461232624,5.600992358988151,22558,True,NN+2opt,"[10, 6, 8, 7, 9, 5, 4, 3, 2, 1, 0]","{""candidate_evaluations"": {""ACO"": 7500, ""DE"": 7500, ""NN+2opt"": 57, ""PSO"": 7500, ""Raw"": 1}, ""candidate_lengths_km"": {""ACO"": 1.756456461232624, ""DE"": 1.756456461232624, ""NN+2opt"": 1.7564564612326241, ""PSO"": 1.7564564612326241, ""Raw"": 2.361911911922856}, ""priority"": [""Raw"", ""NN+2opt"", ""ACO"", ""DE"", ""PSO""], ""tie_tolerance_km"": 1e-12}"
6,Raw,17,2.361911911922856,0.0001360279275104,1,True,,"[0, 1, 2, 3, 4, 5, 6, 7, 8, 9, 10]",{}
6,ACO,18,1.756456461232624,4.517080338089727,7500,True,,"[0, 1, 2, 3, 4, 5, 9, 7, 8, 6, 10]","{""alpha"": 1.0, ""beta"": 2.0, ""evaluation_budget"": 7500, ""evaporation"": 0.5, ""population"": 50}"
6,ACO×3,18,1.756456461232624,13.518186459084973,22500,True,ACO stream 1,"[0, 1, 2, 3, 4, 5, 9, 7, 8, 6, 10]","{""candidate_lengths_km"": [1.756456461232624, 1.756456461232624, 1.756456461232624], ""candidate_seeds"": [18, 38, 58], ""tie_tolerance_km"": 1e-12}"
6,DE,18,1.756456461232624,0.7782369729829952,7500,True,,"[10, 6, 8, 7, 9, 5, 4, 3, 2, 1, 0]",{}
6,NN+2opt,18,1.756456461232624,0.0008076570229604,57,True,,"[10, 6, 8, 7, 9, 5, 4, 3, 2, 1, 0]",{}
6,PSO,18,1.756456461232624,0.0832134630763903,7500,True,,"[10, 6, 8, 7, 9, 5, 4, 3, 2, 1, 0]",{}
6,Portfolio,18,1.756456461232624,5.379506823141128,22558,True,NN+2opt,"[10, 6, 8, 7, 9, 5, 4, 3, 2, 1, 0]","{""candidate_evaluations"": {""ACO"": 7500, ""DE"": 7500, ""NN+2opt"": 57, ""PSO"": 7500, ""Raw"": 1}, ""candidate_lengths_km"": {""ACO"": 1.756456461232624, ""DE"": 1.7564564612326241, ""NN+2opt"": 1.7564564612326241, ""PSO"": 1.7564564612326241, ""Raw"": 2.361911911922856}, ""priority"": [""Raw"", ""NN+2opt"", ""ACO"", ""DE"", ""PSO""], ""tie_tolerance_km"": 1e-12}"
6,Raw,18,2.361911911922856,0.0001458630431443,1,True,,"[0, 1, 2, 3, 4, 5, 6, 7, 8, 9, 10]",{}
6,ACO,19,1.756456461232624,4.647126811090857,7500,True,,"[0, 1, 2, 3, 4, 5, 9, 7, 8, 6, 10]","{""alpha"": 1.0, ""beta"": 2.0, ""evaluation_budget"": 7500, ""evaporation"": 0.5, ""population"": 50}"
6,ACO×3,19,1.756456461232624,13.843543518101797,22500,True,ACO stream 1,"[0, 1, 2, 3, 4, 5, 9, 7, 8, 6, 10]","{""candidate_lengths_km"": [1.756456461232624, 1.756456461232624, 1.756456461232624], ""candidate_seeds"": [19, 39, 59], ""tie_tolerance_km"": 1e-12}"
6,DE,19,1.756456461232624,0.8002217579632998,7500,True,,"[10, 6, 8, 7, 9, 5, 4, 3, 2, 1, 0]",{}
6,NN+2opt,19,1.756456461232624,0.0007934030145406,57,True,,"[10, 6, 8, 7, 9, 5, 4, 3, 2, 1, 0]",{}
6,PSO,19,1.756456461232624,0.0826332819415256,7500,True,,"[10, 6, 8, 7, 9, 5, 4, 3, 2, 1, 0]",{}
6,Portfolio,19,1.756456461232624,5.530935034970753,22558,True,NN+2opt,"[10, 6, 8, 7, 9, 5, 4, 3, 2, 1, 0]","{""candidate_evaluations"": {""ACO"": 7500, ""DE"": 7500, ""NN+2opt"": 57, ""PSO"": 7500, ""Raw"": 1}, ""candidate_lengths_km"": {""ACO"": 1.756456461232624, ""DE"": 1.7564564612326241, ""NN+2opt"": 1.7564564612326241, ""PSO"": 1.7564564612326241, ""Raw"": 2.361911911922856}, ""priority"": [""Raw"", ""NN+2opt"", ""ACO"", ""DE"", ""PSO""], ""tie_tolerance_km"": 1e-12}"
6,Raw,19,2.361911911922856,0.0001505509717389,1,True,,"[0, 1, 2, 3, 4, 5, 6, 7, 8, 9, 10]",{}
7,ACO,0,1.8418822070973,3.1261746949749067,7500,True,,"[0, 1, 2, 3, 5, 6, 7, 4]","{""alpha"": 1.0, ""beta"": 2.0, ""evaluation_budget"": 7500, ""evaporation"": 0.5, ""population"": 50}"
7,ACO×3,0,1.8418822070973,9.399205621914009,22500,True,ACO stream 1,"[0, 1, 2, 3, 5, 6, 7, 4]","{""candidate_lengths_km"": [1.8418822070973002, 1.8418822070973002, 1.8418822070973002], ""candidate_seeds"": [0, 20, 40], ""tie_tolerance_km"": 1e-12}"
7,DE,0,1.8418822070973,0.7216956249903888,7500,True,,"[0, 1, 2, 3, 5, 6, 7, 4]",{}
7,NN+2opt,0,1.847820654103576,0.0007657120004296,106,True,,"[0, 1, 2, 6, 7, 5, 3, 4]",{}
7,PSO,0,1.847820654103576,0.0750227569369599,7500,True,,"[4, 3, 5, 7, 6, 2, 1, 0]",{}
7,Portfolio,0,1.8418822070973,3.923772406880744,22607,True,ACO,"[0, 1, 2, 3, 5, 6, 7, 4]","{""candidate_evaluations"": {""ACO"": 7500, ""DE"": 7500, ""NN+2opt"": 106, ""PSO"": 7500, ""Raw"": 1}, ""candidate_lengths_km"": {""ACO"": 1.8418822070973002, ""DE"": 1.8418822070973002, ""NN+2opt"": 1.8478206541035758, ""PSO"": 1.8478206541035758, ""Raw"": 1.9518586968257758}, ""priority"": [""Raw"", ""NN+2opt"", ""ACO"", ""DE"", ""PSO""], ""tie_tolerance_km"": 1e-12}"
7,Raw,0,1.951858696825776,0.0001026240643113,1,True,,"[0, 1, 2, 3, 4, 5, 6, 7]",{}
7,ACO,1,1.8418822070973,3.1267896499484777,7500,True,,"[0, 1, 2, 3, 5, 6, 7, 4]","{""alpha"": 1.0, ""beta"": 2.0, ""evaluation_budget"": 7500, ""evaporation"": 0.5, ""population"": 50}"
7,ACO×3,1,1.8418822070973,9.461948654963637,22500,True,ACO stream 1,"[0, 1, 2, 3, 5, 6, 7, 4]","{""candidate_lengths_km"": [1.8418822070973002, 1.8418822070973002, 1.8418822070973002], ""candidate_seeds"": [1, 21, 41], ""tie_tolerance_km"": 1e-12}"
7,DE,1,1.8418822070973,0.7172975209541619,7500,True,,"[4, 7, 6, 5, 3, 2, 1, 0]",{}
7,NN+2opt,1,1.847820654103576,0.0007891820278018,106,True,,"[0, 1, 2, 6, 7, 5, 3, 4]",{}
7,PSO,1,1.8418822070973,0.0743007520213723,7500,True,,"[4, 7, 6, 5, 3, 2, 1, 0]",{}
7,Portfolio,1,1.8418822070973,3.9192902559880167,22607,True,ACO,"[0, 1, 2, 3, 5, 6, 7, 4]","{""candidate_evaluations"": {""ACO"": 7500, ""DE"": 7500, ""NN+2opt"": 106, ""PSO"": 7500, ""Raw"": 1}, ""candidate_lengths_km"": {""ACO"": 1.8418822070973002, ""DE"": 1.8418822070973002, ""NN+2opt"": 1.8478206541035758, ""PSO"": 1.8418822070973002, ""Raw"": 1.9518586968257758}, ""priority"": [""Raw"", ""NN+2opt"", ""ACO"", ""DE"", ""PSO""], ""tie_tolerance_km"": 1e-12}"
7,Raw,1,1.951858696825776,0.0001020480412989,1,True,,"[0, 1, 2, 3, 4, 5, 6, 7]",{}
7,ACO,2,1.8418822070973,3.080352102057077,7500,True,,"[0, 1, 2, 3, 5, 6, 7, 4]","{""alpha"": 1.0, ""beta"": 2.0, ""evaluation_budget"": 7500, ""evaporation"": 0.5, ""population"": 50}"
7,ACO×3,2,1.8418822070973,9.344107224140316,22500,True,ACO stream 1,"[0, 1, 2, 3, 5, 6, 7, 4]","{""candidate_lengths_km"": [1.8418822070973002, 1.8418822070973002, 1.8418822070973002], ""candidate_seeds"": [2, 22, 42], ""tie_tolerance_km"": 1e-12}"
7,DE,2,1.8418822070973,0.7420803590212017,7500,True,,"[4, 7, 6, 5, 3, 2, 1, 0]",{}
7,NN+2opt,2,1.847820654103576,0.0007627620361745,106,True,,"[0, 1, 2, 6, 7, 5, 3, 4]",{}
7,PSO,2,1.8418822070973,0.0714711240725591,7500,True,,"[4, 7, 6, 5, 3, 2, 1, 0]",{}
7,Portfolio,2,1.8418822070973,3.894777831155807,22607,True,ACO,"[0, 1, 2, 3, 5, 6, 7, 4]","{""candidate_evaluations"": {""ACO"": 7500, ""DE"": 7500, ""NN+2opt"": 106, ""PSO"": 7500, ""Raw"": 1}, ""candidate_lengths_km"": {""ACO"": 1.8418822070973002, ""DE"": 1.8418822070973002, ""NN+2opt"": 1.8478206541035758, ""PSO"": 1.8418822070973002, ""Raw"": 1.9518586968257758}, ""priority"": [""Raw"", ""NN+2opt"", ""ACO"", ""DE"", ""PSO""], ""tie_tolerance_km"": 1e-12}"
7,Raw,2,1.951858696825776,0.0001012979773804,1,True,,"[0, 1, 2, 3, 4, 5, 6, 7]",{}
7,ACO,3,1.8418822070973,3.1230219430290163,7500,True,,"[0, 1, 2, 3, 5, 6, 7, 4]","{""alpha"": 1.0, ""beta"": 2.0, ""evaluation_budget"": 7500, ""evaporation"": 0.5, ""population"": 50}"
7,ACO×3,3,1.8418822070973,9.43968443002086,22500,True,ACO stream 1,"[0, 1, 2, 3, 5, 6, 7, 4]","{""candidate_lengths_km"": [1.8418822070973002, 1.8418822070973002, 1.8418822070973002], ""candidate_seeds"": [3, 23, 43], ""tie_tolerance_km"": 1e-12}"
7,DE,3,1.8418822070973,0.72917550499551,7500,True,,"[4, 7, 6, 5, 3, 2, 1, 0]",{}
7,NN+2opt,3,1.847820654103576,0.0007759330328553,106,True,,"[0, 1, 2, 6, 7, 5, 3, 4]",{}
7,PSO,3,1.938987066891776,0.1130653349682688,7500,True,,"[5, 6, 7, 4, 3, 2, 1, 0]",{}
7,Portfolio,3,1.8418822070973,3.9661525349365543,22607,True,ACO,"[0, 1, 2, 3, 5, 6, 7, 4]","{""candidate_evaluations"": {""ACO"": 7500, ""DE"": 7500, ""NN+2opt"": 106, ""PSO"": 7500, ""Raw"": 1}, ""candidate_lengths_km"": {""ACO"": 1.8418822070973002, ""DE"": 1.8418822070973002, ""NN+2opt"": 1.8478206541035758, ""PSO"": 1.9389870668917761, ""Raw"": 1.9518586968257758}, ""priority"": [""Raw"", ""NN+2opt"", ""ACO"", ""DE"", ""PSO""], ""tie_tolerance_km"": 1e-12}"
7,Raw,3,1.951858696825776,0.0001035979948937,1,True,,"[0, 1, 2, 3, 4, 5, 6, 7]",{}
7,ACO,4,1.8418822070973,3.197170880972408,7500,True,,"[4, 7, 6, 5, 3, 2, 1, 0]","{""alpha"": 1.0, ""beta"": 2.0, ""evaluation_budget"": 7500, ""evaporation"": 0.5, ""population"": 50}"
7,ACO×3,4,1.8418822070973,9.456862883991562,22500,True,ACO stream 1,"[4, 7, 6, 5, 3, 2, 1, 0]","{""candidate_lengths_km"": [1.8418822070973002, 1.8418822070973002, 1.8418822070973002], ""candidate_seeds"": [4, 24, 44], ""tie_tolerance_km"": 1e-12}"
7,DE,4,1.8418822070973,0.7297073609661311,7500,True,,"[4, 7, 6, 5, 3, 2, 1, 0]",{}
7,NN+2opt,4,1.847820654103576,0.0007751660887151,106,True,,"[0, 1, 2, 6, 7, 5, 3, 4]",{}
7,PSO,4,1.978211447680536,0.0726254299515858,7500,True,,"[2, 6, 7, 5, 4, 3, 1, 0]",{}
7,Portfolio,4,1.8418822070973,4.000393825932406,22607,True,ACO,"[4, 7, 6, 5, 3, 2, 1, 0]","{""candidate_evaluations"": {""ACO"": 7500, ""DE"": 7500, ""NN+2opt"": 106, ""PSO"": 7500, ""Raw"": 1}, ""candidate_lengths_km"": {""ACO"": 1.8418822070973002, ""DE"": 1.8418822070973002, ""NN+2opt"": 1.8478206541035758, ""PSO"": 1.9782114476805361, ""Raw"": 1.9518586968257758}, ""priority"": [""Raw"", ""NN+2opt"", ""ACO"", ""DE"", ""PSO""], ""tie_tolerance_km"": 1e-12}"
7,Raw,4,1.951858696825776,0.0001049189595505,1,True,,"[0, 1, 2, 3, 4, 5, 6, 7]",{}
7,ACO,5,1.8418822070973,3.0969619400566444,7500,True,,"[0, 1, 2, 3, 5, 6, 7, 4]","{""alpha"": 1.0, ""beta"": 2.0, ""evaluation_budget"": 7500, ""evaporation"": 0.5, ""population"": 50}"
7,ACO×3,5,1.8418822070973,9.371559198014438,22500,True,ACO stream 1,"[0, 1, 2, 3, 5, 6, 7, 4]","{""candidate_lengths_km"": [1.8418822070973002, 1.8418822070973002, 1.8418822070973002], ""candidate_seeds"": [5, 25, 45], ""tie_tolerance_km"": 1e-12}"
7,DE,5,1.8418822070973,0.7640911469934508,7500,True,,"[0, 1, 2, 3, 5, 6, 7, 4]",{}
7,NN+2opt,5,1.847820654103576,0.0008000369416549,106,True,,"[0, 1, 2, 6, 7, 5, 3, 4]",{}
7,PSO,5,1.8418822070973,0.0721242490690201,7500,True,,"[0, 1, 2, 3, 5, 6, 7, 4]",{}
7,Portfolio,5,1.8418822070973,3.934085591114126,22607,True,ACO,"[0, 1, 2, 3, 5, 6, 7, 4]","{""candidate_evaluations"": {""ACO"": 7500, ""DE"": 7500, ""NN+2opt"": 106, ""PSO"": 7500, ""Raw"": 1}, ""candidate_lengths_km"": {""ACO"": 1.8418822070973002, ""DE"": 1.8418822070973002, ""NN+2opt"": 1.8478206541035758, ""PSO"": 1.8418822070973002, ""Raw"": 1.9518586968257758}, ""priority"": [""Raw"", ""NN+2opt"", ""ACO"", ""DE"", ""PSO""], ""tie_tolerance_km"": 1e-12}"
7,Raw,5,1.951858696825776,9.726104326546192e-05,1,True,,"[0, 1, 2, 3, 4, 5, 6, 7]",{}
7,ACO,6,1.8418822070973,3.123847901006229,7500,True,,"[0, 1, 2, 3, 5, 6, 7, 4]","{""alpha"": 1.0, ""beta"": 2.0, ""evaluation_budget"": 7500, ""evaporation"": 0.5, ""population"": 50}"
7,ACO×3,6,1.8418822070973,9.336234175949356,22500,True,ACO stream 1,"[0, 1, 2, 3, 5, 6, 7, 4]","{""candidate_lengths_km"": [1.8418822070973002, 1.8418822070973002, 1.8418822070973002], ""candidate_seeds"": [6, 26, 46], ""tie_tolerance_km"": 1e-12}"
7,DE,6,1.8418822070973,0.7322095450945199,7500,True,,"[4, 7, 6, 5, 3, 2, 1, 0]",{}
7,NN+2opt,6,1.847820654103576,0.0007627429440617,106,True,,"[0, 1, 2, 6, 7, 5, 3, 4]",{}
7,PSO,6,1.847820654103576,0.0732048699865117,7500,True,,"[4, 3, 5, 7, 6, 2, 1, 0]",{}
7,Portfolio,6,1.8418822070973,3.930144472979009,22607,True,ACO,"[0, 1, 2, 3, 5, 6, 7, 4]","{""candidate_evaluations"": {""ACO"": 7500, ""DE"": 7500, ""NN+2opt"": 106, ""PSO"": 7500, ""Raw"": 1}, ""candidate_lengths_km"": {""ACO"": 1.8418822070973002, ""DE"": 1.8418822070973002, ""NN+2opt"": 1.8478206541035758, ""PSO"": 1.8478206541035758, ""Raw"": 1.9518586968257758}, ""priority"": [""Raw"", ""NN+2opt"", ""ACO"", ""DE"", ""PSO""], ""tie_tolerance_km"": 1e-12}"
7,Raw,6,1.951858696825776,0.0001046219840645,1,True,,"[0, 1, 2, 3, 4, 5, 6, 7]",{}
7,ACO,7,1.8418822070973,3.217932887026109,7500,True,,"[0, 1, 2, 3, 5, 6, 7, 4]","{""alpha"": 1.0, ""beta"": 2.0, ""evaluation_budget"": 7500, ""evaporation"": 0.5, ""population"": 50}"
7,ACO×3,7,1.8418822070973,9.630508753936738,22500,True,ACO stream 1,"[0, 1, 2, 3, 5, 6, 7, 4]","{""candidate_lengths_km"": [1.8418822070973002, 1.8418822070973002, 1.8418822070973002], ""candidate_seeds"": [7, 27, 47], ""tie_tolerance_km"": 1e-12}"
7,DE,7,1.8418822070973,0.778936818940565,7500,True,,"[0, 1, 2, 3, 5, 6, 7, 4]",{}
7,NN+2opt,7,1.847820654103576,0.0008513040374964,106,True,,"[0, 1, 2, 6, 7, 5, 3, 4]",{}
7,PSO,7,1.8418822070973,0.116007420932874,7500,True,,"[4, 7, 6, 5, 3, 2, 1, 0]",{}
7,Portfolio,7,1.8418822070973,4.1138413700973615,22607,True,ACO,"[0, 1, 2, 3, 5, 6, 7, 4]","{""candidate_evaluations"": {""ACO"": 7500, ""DE"": 7500, ""NN+2opt"": 106, ""PSO"": 7500, ""Raw"": 1}, ""candidate_lengths_km"": {""ACO"": 1.8418822070973002, ""DE"": 1.8418822070973002, ""NN+2opt"": 1.8478206541035758, ""PSO"": 1.8418822070973002, ""Raw"": 1.9518586968257758}, ""priority"": [""Raw"", ""NN+2opt"", ""ACO"", ""DE"", ""PSO""], ""tie_tolerance_km"": 1e-12}"
7,Raw,7,1.951858696825776,0.000101649085991,1,True,,"[0, 1, 2, 3, 4, 5, 6, 7]",{}
7,ACO,8,1.8418822070973,3.3038953139912337,7500,True,,"[0, 1, 2, 3, 5, 6, 7, 4]","{""alpha"": 1.0, ""beta"": 2.0, ""evaluation_budget"": 7500, ""evaporation"": 0.5, ""population"": 50}"
7,ACO×3,8,1.8418822070973,9.603133331984282,22500,True,ACO stream 1,"[0, 1, 2, 3, 5, 6, 7, 4]","{""candidate_lengths_km"": [1.8418822070973002, 1.8418822070973002, 1.8418822070973002], ""candidate_seeds"": [8, 28, 48], ""tie_tolerance_km"": 1e-12}"
7,DE,8,1.8418822070973,0.7575242060702294,7500,True,,"[4, 7, 6, 5, 3, 2, 1, 0]",{}
7,NN+2opt,8,1.847820654103576,0.0008299769833683,106,True,,"[0, 1, 2, 6, 7, 5, 3, 4]",{}
7,PSO,8,1.8418822070973,0.0737119689583778,7500,True,,"[4, 7, 6, 5, 3, 2, 1, 0]",{}
7,Portfolio,8,1.8418822070973,4.136074870941229,22607,True,ACO,"[0, 1, 2, 3, 5, 6, 7, 4]","{""candidate_evaluations"": {""ACO"": 7500, ""DE"": 7500, ""NN+2opt"": 106, ""PSO"": 7500, ""Raw"": 1}, ""candidate_lengths_km"": {""ACO"": 1.8418822070973002, ""DE"": 1.8418822070973002, ""NN+2opt"": 1.8478206541035758, ""PSO"": 1.8418822070973002, ""Raw"": 1.9518586968257758}, ""priority"": [""Raw"", ""NN+2opt"", ""ACO"", ""DE"", ""PSO""], ""tie_tolerance_km"": 1e-12}"
7,Raw,8,1.951858696825776,0.0001027199905365,1,True,,"[0, 1, 2, 3, 4, 5, 6, 7]",{}
7,ACO,9,1.8418822070973,3.2174180370057,7500,True,,"[0, 1, 2, 3, 5, 6, 7, 4]","{""alpha"": 1.0, ""beta"": 2.0, ""evaluation_budget"": 7500, ""evaporation"": 0.5, ""population"": 50}"
7,ACO×3,9,1.8418822070973,9.53240313997958,22500,True,ACO stream 1,"[0, 1, 2, 3, 5, 6, 7, 4]","{""candidate_lengths_km"": [1.8418822070973002, 1.8418822070973002, 1.8418822070973002], ""candidate_seeds"": [9, 29, 49], ""tie_tolerance_km"": 1e-12}"
7,DE,9,1.8418822070973,0.7434143839636818,7500,True,,"[4, 7, 6, 5, 3, 2, 1, 0]",{}
7,NN+2opt,9,1.847820654103576,0.0007609860040247,106,True,,"[0, 1, 2, 6, 7, 5, 3, 4]",{}
7,PSO,9,1.8418822070973,0.0729597540339455,7500,True,,"[4, 7, 6, 5, 3, 2, 1, 0]",{}
7,Portfolio,9,1.8418822070973,4.034667400992476,22607,True,ACO,"[0, 1, 2, 3, 5, 6, 7, 4]","{""candidate_evaluations"": {""ACO"": 7500, ""DE"": 7500, ""NN+2opt"": 106, ""PSO"": 7500, ""Raw"": 1}, ""candidate_lengths_km"": {""ACO"": 1.8418822070973002, ""DE"": 1.8418822070973002, ""NN+2opt"": 1.8478206541035758, ""PSO"": 1.8418822070973002, ""Raw"": 1.9518586968257758}, ""priority"": [""Raw"", ""NN+2opt"", ""ACO"", ""DE"", ""PSO""], ""tie_tolerance_km"": 1e-12}"
7,Raw,9,1.951858696825776,0.0001045099925249,1,True,,"[0, 1, 2, 3, 4, 5, 6, 7]",{}
7,ACO,10,1.8418822070973,3.363199523999356,7500,True,,"[0, 1, 2, 3, 5, 6, 7, 4]","{""alpha"": 1.0, ""beta"": 2.0, ""evaluation_budget"": 7500, ""evaporation"": 0.5, ""population"": 50}"
7,ACO×3,10,1.8418822070973,9.838548129075209,22500,True,ACO stream 1,"[0, 1, 2, 3, 5, 6, 7, 4]","{""candidate_lengths_km"": [1.8418822070973002, 1.8418822070973002, 1.8418822070973002], ""candidate_seeds"": [10, 30, 50], ""tie_tolerance_km"": 1e-12}"
7,DE,10,1.8418822070973,0.7545955510577187,7500,True,,"[4, 7, 6, 5, 3, 2, 1, 0]",{}
7,NN+2opt,10,1.847820654103576,0.0007748709758743,106,True,,"[0, 1, 2, 6, 7, 5, 3, 4]",{}
7,PSO,10,1.8418822070973,0.0758829570841044,7500,True,,"[4, 7, 6, 5, 3, 2, 1, 0]",{}
7,Portfolio,10,1.8418822070973,4.194570506107993,22607,True,ACO,"[0, 1, 2, 3, 5, 6, 7, 4]","{""candidate_evaluations"": {""ACO"": 7500, ""DE"": 7500, ""NN+2opt"": 106, ""PSO"": 7500, ""Raw"": 1}, ""candidate_lengths_km"": {""ACO"": 1.8418822070973002, ""DE"": 1.8418822070973002, ""NN+2opt"": 1.8478206541035758, ""PSO"": 1.8418822070973002, ""Raw"": 1.9518586968257758}, ""priority"": [""Raw"", ""NN+2opt"", ""ACO"", ""DE"", ""PSO""], ""tie_tolerance_km"": 1e-12}"
7,Raw,10,1.951858696825776,0.0001073960447683,1,True,,"[0, 1, 2, 3, 4, 5, 6, 7]",{}
7,ACO,11,1.8418822070973,3.0978182120015845,7500,True,,"[4, 7, 6, 5, 3, 2, 1, 0]","{""alpha"": 1.0, ""beta"": 2.0, ""evaluation_budget"": 7500, ""evaporation"": 0.5, ""population"": 50}"
7,ACO×3,11,1.8418822070973,9.351366931921802,22500,True,ACO stream 1,"[4, 7, 6, 5, 3, 2, 1, 0]","{""candidate_lengths_km"": [1.8418822070973002, 1.8418822070973002, 1.8418822070973002], ""candidate_seeds"": [11, 31, 51], ""tie_tolerance_km"": 1e-12}"
7,DE,11,1.8418822070973,0.7490678209578618,7500,True,,"[0, 1, 2, 3, 5, 6, 7, 4]",{}
7,NN+2opt,11,1.847820654103576,0.0007736050756648,106,True,,"[0, 1, 2, 6, 7, 5, 3, 4]",{}
7,PSO,11,1.8418822070973,0.0723262990359216,7500,True,,"[0, 1, 2, 3, 5, 6, 7, 4]",{}
7,Portfolio,11,1.8418822070973,3.920099009992555,22607,True,ACO,"[4, 7, 6, 5, 3, 2, 1, 0]","{""candidate_evaluations"": {""ACO"": 7500, ""DE"": 7500, ""NN+2opt"": 106, ""PSO"": 7500, ""Raw"": 1}, ""candidate_lengths_km"": {""ACO"": 1.8418822070973002, ""DE"": 1.8418822070973002, ""NN+2opt"": 1.8478206541035758, ""PSO"": 1.8418822070973002, ""Raw"": 1.9518586968257758}, ""priority"": [""Raw"", ""NN+2opt"", ""ACO"", ""DE"", ""PSO""], ""tie_tolerance_km"": 1e-12}"
7,Raw,11,1.951858696825776,0.0001026280224323,1,True,,"[0, 1, 2, 3, 4, 5, 6, 7]",{}
7,ACO,12,1.8418822070973,3.359673677943647,7500,True,,"[4, 7, 6, 5, 3, 2, 1, 0]","{""alpha"": 1.0, ""beta"": 2.0, ""evaluation_budget"": 7500, ""evaporation"": 0.5, ""population"": 50}"
7,ACO×3,12,1.8418822070973,9.915462752920575,22500,True,ACO stream 1,"[4, 7, 6, 5, 3, 2, 1, 0]","{""candidate_lengths_km"": [1.8418822070973002, 1.8418822070973002, 1.8418822070973002], ""candidate_seeds"": [12, 32, 52], ""tie_tolerance_km"": 1e-12}"
7,DE,12,1.8418822070973,0.7706173579208553,7500,True,,"[0, 1, 2, 3, 5, 6, 7, 4]",{}
7,NN+2opt,12,1.847820654103576,0.0007608749438077,106,True,,"[0, 1, 2, 6, 7, 5, 3, 4]",{}
7,PSO,12,1.8418822070973,0.0728850949089974,7500,True,,"[4, 7, 6, 5, 3, 2, 1, 0]",{}
7,Portfolio,12,1.8418822070973,4.204051396693103,22607,True,ACO,"[4, 7, 6, 5, 3, 2, 1, 0]","{""candidate_evaluations"": {""ACO"": 7500, ""DE"": 7500, ""NN+2opt"": 106, ""PSO"": 7500, ""Raw"": 1}, ""candidate_lengths_km"": {""ACO"": 1.8418822070973002, ""DE"": 1.8418822070973002, ""NN+2opt"": 1.8478206541035758, ""PSO"": 1.8418822070973002, ""Raw"": 1.9518586968257758}, ""priority"": [""Raw"", ""NN+2opt"", ""ACO"", ""DE"", ""PSO""], ""tie_tolerance_km"": 1e-12}"
7,Raw,12,1.951858696825776,0.0001039959024637,1,True,,"[0, 1, 2, 3, 4, 5, 6, 7]",{}
7,ACO,13,1.8418822070973,3.351088537951,7500,True,,"[0, 1, 2, 3, 5, 6, 7, 4]","{""alpha"": 1.0, ""beta"": 2.0, ""evaluation_budget"": 7500, ""evaporation"": 0.5, ""population"": 50}"
7,ACO×3,13,1.8418822070973,9.798019572044725,22500,True,ACO stream 1,"[0, 1, 2, 3, 5, 6, 7, 4]","{""candidate_lengths_km"": [1.8418822070973002, 1.8418822070973002, 1.8418822070973002], ""candidate_seeds"": [13, 33, 53], ""tie_tolerance_km"": 1e-12}"
7,DE,13,1.8418822070973,0.760821126983501,7500,True,,"[0, 1, 2, 3, 5, 6, 7, 4]",{}
7,NN+2opt,13,1.847820654103576,0.0007784439949318,106,True,,"[0, 1, 2, 6, 7, 5, 3, 4]",{}
7,PSO,13,1.8418822070973,0.0736959310015663,7500,True,,"[0, 1, 2, 3, 5, 6, 7, 4]",{}
7,Portfolio,13,1.8418822070973,4.1865512860240415,22607,True,ACO,"[0, 1, 2, 3, 5, 6, 7, 4]","{""candidate_evaluations"": {""ACO"": 7500, ""DE"": 7500, ""NN+2opt"": 106, ""PSO"": 7500, ""Raw"": 1}, ""candidate_lengths_km"": {""ACO"": 1.8418822070973002, ""DE"": 1.8418822070973002, ""NN+2opt"": 1.8478206541035758, ""PSO"": 1.8418822070973002, ""Raw"": 1.9518586968257758}, ""priority"": [""Raw"", ""NN+2opt"", ""ACO"", ""DE"", ""PSO""], ""tie_tolerance_km"": 1e-12}"
7,Raw,13,1.951858696825776,0.0001566190039739,1,True,,"[0, 1, 2, 3, 4, 5, 6, 7]",{}
7,ACO,14,1.8418822070973,3.3165276310173795,7500,True,,"[4, 7, 6, 5, 3, 2, 1, 0]","{""alpha"": 1.0, ""beta"": 2.0, ""evaluation_budget"": 7500, ""evaporation"": 0.5, ""population"": 50}"
7,ACO×3,14,1.8418822070973,9.851564140059054,22500,True,ACO stream 1,"[4, 7, 6, 5, 3, 2, 1, 0]","{""candidate_lengths_km"": [1.8418822070973002, 1.8418822070973002, 1.8418822070973002], ""candidate_seeds"": [14, 34, 54], ""tie_tolerance_km"": 1e-12}"
7,DE,14,1.8418822070973,0.7853287700563669,7500,True,,"[0, 1, 2, 3, 5, 6, 7, 4]",{}
7,NN+2opt,14,1.847820654103576,0.0007615040522068,106,True,,"[0, 1, 2, 6, 7, 5, 3, 4]",{}
7,PSO,14,1.8418822070973,0.0756913520162925,7500,True,,"[0, 1, 2, 3, 5, 6, 7, 4]",{}
7,Portfolio,14,1.8418822070973,4.178488966077566,22607,True,ACO,"[4, 7, 6, 5, 3, 2, 1, 0]","{""candidate_evaluations"": {""ACO"": 7500, ""DE"": 7500, ""NN+2opt"": 106, ""PSO"": 7500, ""Raw"": 1}, ""candidate_lengths_km"": {""ACO"": 1.8418822070973002, ""DE"": 1.8418822070973002, ""NN+2opt"": 1.8478206541035758, ""PSO"": 1.8418822070973002, ""Raw"": 1.9518586968257758}, ""priority"": [""Raw"", ""NN+2opt"", ""ACO"", ""DE"", ""PSO""], ""tie_tolerance_km"": 1e-12}"
7,Raw,14,1.951858696825776,0.0001693560043349,1,True,,"[0, 1, 2, 3, 4, 5, 6, 7]",{}
7,ACO,15,1.8418822070973,3.3393215250689536,7500,True,,"[4, 7, 6, 5, 3, 2, 1, 0]","{""alpha"": 1.0, ""beta"": 2.0, ""evaluation_budget"": 7500, ""evaporation"": 0.5, ""population"": 50}"
7,ACO×3,15,1.8418822070973,9.845315556158312,22500,True,ACO stream 1,"[4, 7, 6, 5, 3, 2, 1, 0]","{""candidate_lengths_km"": [1.8418822070973002, 1.8418822070973002, 1.8418822070973002], ""candidate_seeds"": [15, 35, 55], ""tie_tolerance_km"": 1e-12}"
7,DE,15,1.8418822070973,0.775283561903052,7500,True,,"[4, 7, 6, 5, 3, 2, 1, 0]",{}
7,NN+2opt,15,1.847820654103576,0.0007821650942787,106,True,,"[0, 1, 2, 6, 7, 5, 3, 4]",{}
7,PSO,15,1.8418822070973,0.0744192110141739,7500,True,,"[4, 7, 6, 5, 3, 2, 1, 0]",{}
7,Portfolio,15,1.8418822070973,4.189917386043817,22607,True,ACO,"[4, 7, 6, 5, 3, 2, 1, 0]","{""candidate_evaluations"": {""ACO"": 7500, ""DE"": 7500, ""NN+2opt"": 106, ""PSO"": 7500, ""Raw"": 1}, ""candidate_lengths_km"": {""ACO"": 1.8418822070973002, ""DE"": 1.8418822070973002, ""NN+2opt"": 1.8478206541035758, ""PSO"": 1.8418822070973002, ""Raw"": 1.9518586968257758}, ""priority"": [""Raw"", ""NN+2opt"", ""ACO"", ""DE"", ""PSO""], ""tie_tolerance_km"": 1e-12}"
7,Raw,15,1.951858696825776,0.0001001799246296,1,True,,"[0, 1, 2, 3, 4, 5, 6, 7]",{}
7,ACO,16,1.8418822070973,3.383355031022802,7500,True,,"[0, 1, 2, 3, 5, 6, 7, 4]","{""alpha"": 1.0, ""beta"": 2.0, ""evaluation_budget"": 7500, ""evaporation"": 0.5, ""population"": 50}"
7,ACO×3,16,1.8418822070973,9.78441746905446,22500,True,ACO stream 1,"[0, 1, 2, 3, 5, 6, 7, 4]","{""candidate_lengths_km"": [1.8418822070973002, 1.8418822070973002, 1.8418822070973002], ""candidate_seeds"": [16, 36, 56], ""tie_tolerance_km"": 1e-12}"
7,DE,16,1.8418822070973,0.7689020730322227,7500,True,,"[0, 1, 2, 3, 5, 6, 7, 4]",{}
7,NN+2opt,16,1.847820654103576,0.0007677400717511,106,True,,"[0, 1, 2, 6, 7, 5, 3, 4]",{}
7,PSO,16,1.8418822070973,0.0719625279307365,7500,True,,"[4, 7, 6, 5, 3, 2, 1, 0]",{}
7,Portfolio,16,1.8418822070973,4.22510007605888,22607,True,ACO,"[0, 1, 2, 3, 5, 6, 7, 4]","{""candidate_evaluations"": {""ACO"": 7500, ""DE"": 7500, ""NN+2opt"": 106, ""PSO"": 7500, ""Raw"": 1}, ""candidate_lengths_km"": {""ACO"": 1.8418822070973002, ""DE"": 1.8418822070973002, ""NN+2opt"": 1.8478206541035758, ""PSO"": 1.8418822070973002, ""Raw"": 1.9518586968257758}, ""priority"": [""Raw"", ""NN+2opt"", ""ACO"", ""DE"", ""PSO""], ""tie_tolerance_km"": 1e-12}"
7,Raw,16,1.951858696825776,0.0001027310499921,1,True,,"[0, 1, 2, 3, 4, 5, 6, 7]",{}
7,ACO,17,1.8418822070973,3.2493984199827537,7500,True,,"[0, 1, 2, 3, 5, 6, 7, 4]","{""alpha"": 1.0, ""beta"": 2.0, ""evaluation_budget"": 7500, ""evaporation"": 0.5, ""population"": 50}"
7,ACO×3,17,1.8418822070973,9.68499265005812,22500,True,ACO stream 1,"[0, 1, 2, 3, 5, 6, 7, 4]","{""candidate_lengths_km"": [1.8418822070973002, 1.8418822070973002, 1.8418822070973002], ""candidate_seeds"": [17, 37, 57], ""tie_tolerance_km"": 1e-12}"
7,DE,17,1.8418822070973,0.768099780078046,7500,True,,"[4, 7, 6, 5, 3, 2, 1, 0]",{}
7,NN+2opt,17,1.847820654103576,0.0007641069823876,106,True,,"[0, 1, 2, 6, 7, 5, 3, 4]",{}
7,PSO,17,1.8418822070973,0.0731676670257002,7500,True,,"[4, 7, 6, 5, 3, 2, 1, 0]",{}
7,Portfolio,17,1.8418822070973,4.091536413063295,22607,True,ACO,"[0, 1, 2, 3, 5, 6, 7, 4]","{""candidate_evaluations"": {""ACO"": 7500, ""DE"": 7500, ""NN+2opt"": 106, ""PSO"": 7500, ""Raw"": 1}, ""candidate_lengths_km"": {""ACO"": 1.8418822070973002, ""DE"": 1.8418822070973002, ""NN+2opt"": 1.8478206541035758, ""PSO"": 1.8418822070973002, ""Raw"": 1.9518586968257758}, ""priority"": [""Raw"", ""NN+2opt"", ""ACO"", ""DE"", ""PSO""], ""tie_tolerance_km"": 1e-12}"
7,Raw,17,1.951858696825776,9.646499529480934e-05,1,True,,"[0, 1, 2, 3, 4, 5, 6, 7]",{}
7,ACO,18,1.8418822070973,3.27491082099732,7500,True,,"[0, 1, 2, 3, 5, 6, 7, 4]","{""alpha"": 1.0, ""beta"": 2.0, ""evaluation_budget"": 7500, ""evaporation"": 0.5, ""population"": 50}"
7,ACO×3,18,1.8418822070973,9.773986342013814,22500,True,ACO stream 1,"[0, 1, 2, 3, 5, 6, 7, 4]","{""candidate_lengths_km"": [1.8418822070973002, 1.8418822070973002, 1.8418822070973002], ""candidate_seeds"": [18, 38, 58], ""tie_tolerance_km"": 1e-12}"
7,DE,18,1.8418822070973,0.7470681860577315,7500,True,,"[4, 7, 6, 5, 3, 2, 1, 0]",{}
7,NN+2opt,18,1.847820654103576,0.0008385929977521,106,True,,"[0, 1, 2, 6, 7, 5, 3, 4]",{}
7,PSO,18,1.8418822070973,0.0744330929592251,7500,True,,"[0, 1, 2, 3, 5, 6, 7, 4]",{}
7,Portfolio,18,1.8418822070973,4.097367755020969,22607,True,ACO,"[0, 1, 2, 3, 5, 6, 7, 4]","{""candidate_evaluations"": {""ACO"": 7500, ""DE"": 7500, ""NN+2opt"": 106, ""PSO"": 7500, ""Raw"": 1}, ""candidate_lengths_km"": {""ACO"": 1.8418822070973002, ""DE"": 1.8418822070973002, ""NN+2opt"": 1.8478206541035758, ""PSO"": 1.8418822070973002, ""Raw"": 1.9518586968257758}, ""priority"": [""Raw"", ""NN+2opt"", ""ACO"", ""DE"", ""PSO""], ""tie_tolerance_km"": 1e-12}"
7,Raw,18,1.951858696825776,0.0001062330557033,1,True,,"[0, 1, 2, 3, 4, 5, 6, 7]",{}
7,ACO,19,1.8418822070973,3.115650371997617,7500,True,,"[0, 1, 2, 3, 5, 6, 7, 4]","{""alpha"": 1.0, ""beta"": 2.0, ""evaluation_budget"": 7500, ""evaporation"": 0.5, ""population"": 50}"
7,ACO×3,19,1.8418822070973,9.289720415137708,22500,True,ACO stream 1,"[0, 1, 2, 3, 5, 6, 7, 4]","{""candidate_lengths_km"": [1.8418822070973002, 1.8418822070973002, 1.8418822070973002], ""candidate_seeds"": [19, 39, 59], ""tie_tolerance_km"": 1e-12}"
7,DE,19,1.8418822070973,0.7273905880283564,7500,True,,"[0, 1, 2, 3, 5, 6, 7, 4]",{}
7,NN+2opt,19,1.847820654103576,0.0007773200049996,106,True,,"[0, 1, 2, 6, 7, 5, 3, 4]",{}
7,PSO,19,1.849760927594412,0.0723506900249049,7500,True,,"[4, 3, 5, 7, 6, 2, 0, 1]",{}
7,Portfolio,19,1.8418822070973,3.916279469965957,22607,True,ACO,"[0, 1, 2, 3, 5, 6, 7, 4]","{""candidate_evaluations"": {""ACO"": 7500, ""DE"": 7500, ""NN+2opt"": 106, ""PSO"": 7500, ""Raw"": 1}, ""candidate_lengths_km"": {""ACO"": 1.8418822070973002, ""DE"": 1.8418822070973002, ""NN+2opt"": 1.8478206541035758, ""PSO"": 1.8497609275944118, ""Raw"": 1.9518586968257758}, ""priority"": [""Raw"", ""NN+2opt"", ""ACO"", ""DE"", ""PSO""], ""tie_tolerance_km"": 1e-12}"
7,Raw,19,1.951858696825776,9.976397268474102e-05,1,True,,"[0, 1, 2, 3, 4, 5, 6, 7]",{}
8,ACO,0,2.4314289960780373,7.541380319045857,7500,True,,"[3, 10, 7, 11, 12, 13, 15, 18, 17, 14, 16, 9, 8, 6, 5, 4, 2, 1, 0]","{""alpha"": 1.0, ""beta"": 2.0, ""evaluation_budget"": 7500, ""evaporation"": 0.5, ""population"": 50}"
8,ACO×3,0,2.4314289960780373,22.68258120305836,22500,True,ACO stream 1,"[3, 10, 7, 11, 12, 13, 15, 18, 17, 14, 16, 9, 8, 6, 5, 4, 2, 1, 0]","{""candidate_lengths_km"": [2.4314289960780373, 2.4314289960780373, 2.4314289960780373], ""candidate_seeds"": [0, 20, 40], ""tie_tolerance_km"": 1e-12}"
8,DE,0,2.5863086999707963,0.7847987910499796,7500,True,,"[3, 7, 10, 11, 12, 13, 18, 15, 17, 14, 16, 9, 8, 6, 5, 4, 2, 1, 0]",{}
8,NN+2opt,0,2.5367527962245857,0.007993049104698,888,True,,"[3, 10, 7, 11, 13, 15, 18, 17, 12, 14, 16, 9, 8, 6, 5, 4, 2, 1, 0]",{}
8,PSO,0,3.596119046956728,0.1083416510373354,7500,True,,"[10, 11, 17, 8, 6, 5, 0, 1, 2, 4, 9, 16, 14, 18, 15, 13, 12, 7, 3]",{}
8,Portfolio,0,2.4314289960780373,8.442832080298103,23389,True,ACO,"[3, 10, 7, 11, 12, 13, 15, 18, 17, 14, 16, 9, 8, 6, 5, 4, 2, 1, 0]","{""candidate_evaluations"": {""ACO"": 7500, ""DE"": 7500, ""NN+2opt"": 888, ""PSO"": 7500, ""Raw"": 1}, ""candidate_lengths_km"": {""ACO"": 2.4314289960780373, ""DE"": 2.5863086999707963, ""NN+2opt"": 2.5367527962245857, ""PSO"": 3.596119046956728, ""Raw"": 4.333774246683905}, ""priority"": [""Raw"", ""NN+2opt"", ""ACO"", ""DE"", ""PSO""], ""tie_tolerance_km"": 1e-12}"
8,Raw,0,4.333774246683905,0.0003106059739366,1,True,,"[0, 1, 2, 3, 4, 5, 6, 7, 8, 9, 10, 11, 12, 13, 14, 15, 16, 17, 18]",{}
8,ACO,1,2.4314289960780373,7.655722921015695,7500,True,,"[3, 10, 7, 11, 12, 13, 15, 18, 17, 14, 16, 9, 8, 6, 5, 4, 2, 1, 0]","{""alpha"": 1.0, ""beta"": 2.0, ""evaluation_budget"": 7500, ""evaporation"": 0.5, ""population"": 50}"
8,ACO×3,1,2.4314289960780373,23.099359938991256,22500,True,ACO stream 1,"[3, 10, 7, 11, 12, 13, 15, 18, 17, 14, 16, 9, 8, 6, 5, 4, 2, 1, 0]","{""candidate_lengths_km"": [2.4314289960780373, 2.4314289960780373, 2.4314289960780373], ""candidate_seeds"": [1, 21, 41], ""tie_tolerance_km"": 1e-12}"
8,DE,1,2.4662082011160247,0.7730014440603554,7500,True,,"[3, 7, 10, 11, 12, 13, 15, 18, 17, 14, 16, 9, 8, 6, 5, 4, 2, 1, 0]",{}
8,NN+2opt,1,2.5367527962245857,0.0078785329824313,888,True,,"[3, 10, 7, 11, 13, 15, 18, 17, 12, 14, 16, 9, 8, 6, 5, 4, 2, 1, 0]",{}
8,PSO,1,2.4314289960780373,0.1069607830140739,7500,True,,"[3, 10, 7, 11, 12, 13, 15, 18, 17, 14, 16, 9, 8, 6, 5, 4, 2, 1, 0]",{}
8,Portfolio,1,2.4314289960780373,8.543908460997045,23389,True,ACO,"[3, 10, 7, 11, 12, 13, 15, 18, 17, 14, 16, 9, 8, 6, 5, 4, 2, 1, 0]","{""candidate_evaluations"": {""ACO"": 7500, ""DE"": 7500, ""NN+2opt"": 888, ""PSO"": 7500, ""Raw"": 1}, ""candidate_lengths_km"": {""ACO"": 2.4314289960780373, ""DE"": 2.4662082011160247, ""NN+2opt"": 2.5367527962245857, ""PSO"": 2.4314289960780373, ""Raw"": 4.333774246683905}, ""priority"": [""Raw"", ""NN+2opt"", ""ACO"", ""DE"", ""PSO""], ""tie_tolerance_km"": 1e-12}"
8,Raw,1,4.333774246683905,0.0003369039623066,1,True,,"[0, 1, 2, 3, 4, 5, 6, 7, 8, 9, 10, 11, 12, 13, 14, 15, 16, 17, 18]",{}
8,ACO,2,2.4314289960780373,7.611615953035653,7500,True,,"[0, 1, 2, 4, 5, 6, 8, 9, 16, 14, 17, 18, 15, 13, 12, 11, 7, 10, 3]","{""alpha"": 1.0, ""beta"": 2.0, ""evaluation_budget"": 7500, ""evaporation"": 0.5, ""population"": 50}"
8,ACO×3,2,2.4314289960780373,23.01932419801597,22500,True,ACO stream 1,"[0, 1, 2, 4, 5, 6, 8, 9, 16, 14, 17, 18, 15, 13, 12, 11, 7, 10, 3]","{""candidate_lengths_km"": [2.4314289960780373, 2.4314289960780373, 2.4314289960780373], ""candidate_seeds"": [2, 22, 42], ""tie_tolerance_km"": 1e-12}"
8,DE,2,2.4662082011160247,0.8076630639843643,7500,True,,"[0, 1, 2, 4, 5, 6, 8, 9, 16, 14, 17, 18, 15, 13, 12, 11, 10, 7, 3]",{}
8,NN+2opt,2,2.5367527962245857,0.0084663439774885,888,True,,"[3, 10, 7, 11, 13, 15, 18, 17, 12, 14, 16, 9, 8, 6, 5, 4, 2, 1, 0]",{}
8,PSO,2,3.562591760459255,0.1112533200066536,7500,True,,"[0, 4, 18, 17, 15, 10, 7, 6, 12, 11, 13, 14, 16, 9, 8, 5, 2, 1, 3]",{}
8,Portfolio,2,2.4314289960780373,8.53933211916592,23389,True,ACO,"[0, 1, 2, 4, 5, 6, 8, 9, 16, 14, 17, 18, 15, 13, 12, 11, 7, 10, 3]","{""candidate_evaluations"": {""ACO"": 7500, ""DE"": 7500, ""NN+2opt"": 888, ""PSO"": 7500, ""Raw"": 1}, ""candidate_lengths_km"": {""ACO"": 2.4314289960780373, ""DE"": 2.4662082011160247, ""NN+2opt"": 2.5367527962245857, ""PSO"": 3.562591760459255, ""Raw"": 4.333774246683905}, ""priority"": [""Raw"", ""NN+2opt"", ""ACO"", ""DE"", ""PSO""], ""tie_tolerance_km"": 1e-12}"
8,Raw,2,4.333774246683905,0.00032606406603,1,True,,"[0, 1, 2, 3, 4, 5, 6, 7, 8, 9, 10, 11, 12, 13, 14, 15, 16, 17, 18]",{}
8,ACO,3,2.4314289960780373,7.527751018060371,7500,True,,"[3, 10, 7, 11, 12, 13, 15, 18, 17, 14, 16, 9, 8, 6, 5, 4, 2, 1, 0]","{""alpha"": 1.0, ""beta"": 2.0, ""evaluation_budget"": 7500, ""evaporation"": 0.5, ""population"": 50}"
8,ACO×3,3,2.4314289960780373,22.79467659909278,22500,True,ACO stream 1,"[3, 10, 7, 11, 12, 13, 15, 18, 17, 14, 16, 9, 8, 6, 5, 4, 2, 1, 0]","{""candidate_lengths_km"": [2.4314289960780373, 2.4314289960780373, 2.4314289960780373], ""candidate_seeds"": [3, 23, 43], ""tie_tolerance_km"": 1e-12}"
8,DE,3,2.4703466817297675,0.7843069060472772,7500,True,,"[0, 1, 2, 4, 6, 5, 8, 9, 16, 14, 17, 18, 15, 13, 12, 11, 7, 10, 3]",{}
8,NN+2opt,3,2.5367527962245857,0.0078976120566949,888,True,,"[3, 10, 7, 11, 13, 15, 18, 17, 12, 14, 16, 9, 8, 6, 5, 4, 2, 1, 0]",{}
8,PSO,3,3.0744004076904354,0.1072285260306671,7500,True,,"[0, 1, 4, 5, 9, 16, 14, 17, 18, 15, 13, 11, 10, 7, 12, 8, 6, 2, 3]",{}
8,Portfolio,3,2.4314289960780373,8.427516996278428,23389,True,ACO,"[3, 10, 7, 11, 12, 13, 15, 18, 17, 14, 16, 9, 8, 6, 5, 4, 2, 1, 0]","{""candidate_evaluations"": {""ACO"": 7500, ""DE"": 7500, ""NN+2opt"": 888, ""PSO"": 7500, ""Raw"": 1}, ""candidate_lengths_km"": {""ACO"": 2.4314289960780373, ""DE"": 2.4703466817297675, ""NN+2opt"": 2.5367527962245857, ""PSO"": 3.0744004076904354, ""Raw"": 4.333774246683905}, ""priority"": [""Raw"", ""NN+2opt"", ""ACO"", ""DE"", ""PSO""], ""tie_tolerance_km"": 1e-12}"
8,Raw,3,4.333774246683905,0.0003246610285714,1,True,,"[0, 1, 2, 3, 4, 5, 6, 7, 8, 9, 10, 11, 12, 13, 14, 15, 16, 17, 18]",{}
8,ACO,4,2.4314289960780373,7.544560458976775,7500,True,,"[3, 10, 7, 11, 12, 13, 15, 18, 17, 14, 16, 9, 8, 6, 5, 4, 2, 1, 0]","{""alpha"": 1.0, ""beta"": 2.0, ""evaluation_budget"": 7500, ""evaporation"": 0.5, ""population"": 50}"
8,ACO×3,4,2.4314289960780373,22.90036244492512,22500,True,ACO stream 1,"[3, 10, 7, 11, 12, 13, 15, 18, 17, 14, 16, 9, 8, 6, 5, 4, 2, 1, 0]","{""candidate_lengths_km"": [2.4314289960780373, 2.4314289960780373, 2.4314289960780373], ""candidate_seeds"": [4, 24, 44], ""tie_tolerance_km"": 1e-12}"
8,DE,4,2.4662082011160247,0.7897674849955365,7500,True,,"[3, 7, 10, 11, 12, 13, 15, 18, 17, 14, 16, 9, 8, 6, 5, 4, 2, 1, 0]",{}
8,NN+2opt,4,2.5367527962245857,0.008311495068483,888,True,,"[3, 10, 7, 11, 13, 15, 18, 17, 12, 14, 16, 9, 8, 6, 5, 4, 2, 1, 0]",{}
8,PSO,4,3.951805649129717,0.107940699905157,7500,True,,"[6, 5, 11, 10, 15, 18, 9, 8, 4, 2, 1, 0, 7, 14, 16, 17, 13, 12, 3]",{}
8,Portfolio,4,2.4314289960780373,8.450912304921076,23389,True,ACO,"[3, 10, 7, 11, 12, 13, 15, 18, 17, 14, 16, 9, 8, 6, 5, 4, 2, 1, 0]","{""candidate_evaluations"": {""ACO"": 7500, ""DE"": 7500, ""NN+2opt"": 888, ""PSO"": 7500, ""Raw"": 1}, ""candidate_lengths_km"": {""ACO"": 2.4314289960780373, ""DE"": 2.4662082011160247, ""NN+2opt"": 2.5367527962245857, ""PSO"": 3.951805649129717, ""Raw"": 4.333774246683905}, ""priority"": [""Raw"", ""NN+2opt"", ""ACO"", ""DE"", ""PSO""], ""tie_tolerance_km"": 1e-12}"
8,Raw,4,4.333774246683905,0.0003245800035074,1,True,,"[0, 1, 2, 3, 4, 5, 6, 7, 8, 9, 10, 11, 12, 13, 14, 15, 16, 17, 18]",{}
8,ACO,5,2.4314289960780373,7.630894253961742,7500,True,,"[3, 10, 7, 11, 12, 13, 15, 18, 17, 14, 16, 9, 8, 6, 5, 4, 2, 1, 0]","{""alpha"": 1.0, ""beta"": 2.0, ""evaluation_budget"": 7500, ""evaporation"": 0.5, ""population"": 50}"
8,ACO×3,5,2.4314289960780373,23.251658538007177,22500,True,ACO stream 1,"[3, 10, 7, 11, 12, 13, 15, 18, 17, 14, 16, 9, 8, 6, 5, 4, 2, 1, 0]","{""candidate_lengths_km"": [2.4314289960780373, 2.4314289960780373, 2.4314289960780373], ""candidate_seeds"": [5, 25, 45], ""tie_tolerance_km"": 1e-12}"
8,DE,5,2.7122488324809177,0.7925473980139941,7500,True,,"[3, 5, 6, 8, 9, 16, 14, 17, 18, 15, 13, 12, 11, 10, 7, 4, 2, 1, 0]",{}
8,NN+2opt,5,2.5367527962245857,0.0082009250763803,888,True,,"[3, 10, 7, 11, 13, 15, 18, 17, 12, 14, 16, 9, 8, 6, 5, 4, 2, 1, 0]",{}
8,PSO,5,3.5925494187516085,0.1095339599996805,7500,True,,"[3, 0, 1, 2, 5, 6, 7, 11, 10, 15, 18, 14, 13, 12, 4, 8, 9, 16, 17]",{}
8,Portfolio,5,2.4314289960780373,8.541503480053507,23389,True,ACO,"[3, 10, 7, 11, 12, 13, 15, 18, 17, 14, 16, 9, 8, 6, 5, 4, 2, 1, 0]","{""candidate_evaluations"": {""ACO"": 7500, ""DE"": 7500, ""NN+2opt"": 888, ""PSO"": 7500, ""Raw"": 1}, ""candidate_lengths_km"": {""ACO"": 2.4314289960780373, ""DE"": 2.7122488324809177, ""NN+2opt"": 2.5367527962245857, ""PSO"": 3.5925494187516085, ""Raw"": 4.333774246683905}, ""priority"": [""Raw"", ""NN+2opt"", ""ACO"", ""DE"", ""PSO""], ""tie_tolerance_km"": 1e-12}"
8,Raw,5,4.333774246683905,0.0003195459721609,1,True,,"[0, 1, 2, 3, 4, 5, 6, 7, 8, 9, 10, 11, 12, 13, 14, 15, 16, 17, 18]",{}
8,ACO,6,2.4314289960780373,7.501560332020745,7500,True,,"[3, 10, 7, 11, 12, 13, 15, 18, 17, 14, 16, 9, 8, 6, 5, 4, 2, 1, 0]","{""alpha"": 1.0, ""beta"": 2.0, ""evaluation_budget"": 7500, ""evaporation"": 0.5, ""population"": 50}"
8,ACO×3,6,2.4314289960780373,22.662806744105183,22500,True,ACO stream 1,"[3, 10, 7, 11, 12, 13, 15, 18, 17, 14, 16, 9, 8, 6, 5, 4, 2, 1, 0]","{""candidate_lengths_km"": [2.4314289960780373, 2.4314289960780373, 2.4314289960780373], ""candidate_seeds"": [6, 26, 46], ""tie_tolerance_km"": 1e-12}"
8,DE,6,2.4314289960780373,0.7763369890162721,7500,True,,"[3, 10, 7, 11, 12, 13, 15, 18, 17, 14, 16, 9, 8, 6, 5, 4, 2, 1, 0]",{}
8,NN+2opt,6,2.5367527962245857,0.0079608929809182,888,True,,"[3, 10, 7, 11, 13, 15, 18, 17, 12, 14, 16, 9, 8, 6, 5, 4, 2, 1, 0]",{}
8,PSO,6,3.4801126574366936,0.1105457219528034,7500,True,,"[3, 1, 12, 14, 8, 6, 5, 7, 10, 11, 13, 15, 18, 17, 16, 9, 4, 2, 0]",{}
8,Portfolio,6,2.4314289960780373,8.396777544985525,23389,True,ACO,"[3, 10, 7, 11, 12, 13, 15, 18, 17, 14, 16, 9, 8, 6, 5, 4, 2, 1, 0]","{""candidate_evaluations"": {""ACO"": 7500, ""DE"": 7500, ""NN+2opt"": 888, ""PSO"": 7500, ""Raw"": 1}, ""candidate_lengths_km"": {""ACO"": 2.4314289960780373, ""DE"": 2.4314289960780373, ""NN+2opt"": 2.5367527962245857, ""PSO"": 3.4801126574366936, ""Raw"": 4.333774246683905}, ""priority"": [""Raw"", ""NN+2opt"", ""ACO"", ""DE"", ""PSO""], ""tie_tolerance_km"": 1e-12}"
8,Raw,6,4.333774246683905,0.0003660089569166,1,True,,"[0, 1, 2, 3, 4, 5, 6, 7, 8, 9, 10, 11, 12, 13, 14, 15, 16, 17, 18]",{}
8,ACO,7,2.4314289960780373,7.75690176396165,7500,True,,"[3, 10, 7, 11, 12, 13, 15, 18, 17, 14, 16, 9, 8, 6, 5, 4, 2, 1, 0]","{""alpha"": 1.0, ""beta"": 2.0, ""evaluation_budget"": 7500, ""evaporation"": 0.5, ""population"": 50}"
8,ACO×3,7,2.4314289960780373,23.61079036979936,22500,True,ACO stream 1,"[3, 10, 7, 11, 12, 13, 15, 18, 17, 14, 16, 9, 8, 6, 5, 4, 2, 1, 0]","{""candidate_lengths_km"": [2.4314289960780373, 2.4314289960780373, 2.4314289960780373], ""candidate_seeds"": [7, 27, 47], ""tie_tolerance_km"": 1e-12}"
8,DE,7,2.4662082011160247,0.7997315409593284,7500,True,,"[3, 7, 10, 11, 12, 13, 15, 18, 17, 14, 16, 9, 8, 6, 5, 4, 2, 1, 0]",{}
8,NN+2opt,7,2.5367527962245857,0.0081005699466913,888,True,,"[3, 10, 7, 11, 13, 15, 18, 17, 12, 14, 16, 9, 8, 6, 5, 4, 2, 1, 0]",{}
8,PSO,7,3.0920783403116734,0.1084130010567605,7500,True,,"[6, 5, 9, 16, 17, 18, 15, 10, 7, 11, 13, 12, 14, 8, 4, 2, 1, 0, 3]",{}
8,Portfolio,7,2.4314289960780373,8.673475632909685,23389,True,ACO,"[3, 10, 7, 11, 12, 13, 15, 18, 17, 14, 16, 9, 8, 6, 5, 4, 2, 1, 0]","{""candidate_evaluations"": {""ACO"": 7500, ""DE"": 7500, ""NN+2opt"": 888, ""PSO"": 7500, ""Raw"": 1}, ""candidate_lengths_km"": {""ACO"": 2.4314289960780373, ""DE"": 2.4662082011160247, ""NN+2opt"": 2.5367527962245857, ""PSO"": 3.0920783403116734, ""Raw"": 4.333774246683905}, ""priority"": [""Raw"", ""NN+2opt"", ""ACO"", ""DE"", ""PSO""], ""tie_tolerance_km"": 1e-12}"
8,Raw,7,4.333774246683905,0.0003208300331607,1,True,,"[0, 1, 2, 3, 4, 5, 6, 7, 8, 9, 10, 11, 12, 13, 14, 15, 16, 17, 18]",{}
8,ACO,8,2.4314289960780373,7.737829504068941,7500,True,,"[0, 1, 2, 4, 5, 6, 8, 9, 16, 14, 17, 18, 15, 13, 12, 11, 7, 10, 3]","{""alpha"": 1.0, ""beta"": 2.0, ""evaluation_budget"": 7500, ""evaporation"": 0.5, ""population"": 50}"
8,ACO×3,8,2.4314289960780373,23.218575145001523,22500,True,ACO stream 1,"[0, 1, 2, 4, 5, 6, 8, 9, 16, 14, 17, 18, 15, 13, 12, 11, 7, 10, 3]","{""candidate_lengths_km"": [2.4314289960780373, 2.4314289960780373, 2.4314289960780373], ""candidate_seeds"": [8, 28, 48], ""tie_tolerance_km"": 1e-12}"
8,DE,8,3.039864364240881,0.7922422559931874,7500,True,,"[3, 2, 5, 4, 6, 8, 9, 16, 14, 17, 18, 15, 13, 12, 11, 10, 7, 1, 0]",{}
8,NN+2opt,8,2.5367527962245857,0.0079310679575428,888,True,,"[3, 10, 7, 11, 13, 15, 18, 17, 12, 14, 16, 9, 8, 6, 5, 4, 2, 1, 0]",{}
8,PSO,8,3.32308597658771,0.1074051780160516,7500,True,,"[3, 1, 2, 4, 8, 9, 16, 6, 5, 13, 15, 18, 17, 14, 12, 11, 10, 7, 0]",{}
8,Portfolio,8,2.4314289960780373,8.645723665133119,23389,True,ACO,"[0, 1, 2, 4, 5, 6, 8, 9, 16, 14, 17, 18, 15, 13, 12, 11, 7, 10, 3]","{""candidate_evaluations"": {""ACO"": 7500, ""DE"": 7500, ""NN+2opt"": 888, ""PSO"": 7500, ""Raw"": 1}, ""candidate_lengths_km"": {""ACO"": 2.4314289960780373, ""DE"": 3.039864364240881, ""NN+2opt"": 2.5367527962245857, ""PSO"": 3.32308597658771, ""Raw"": 4.333774246683905}, ""priority"": [""Raw"", ""NN+2opt"", ""ACO"", ""DE"", ""PSO""], ""tie_tolerance_km"": 1e-12}"
8,Raw,8,4.333774246683905,0.0003077430883422,1,True,,"[0, 1, 2, 3, 4, 5, 6, 7, 8, 9, 10, 11, 12, 13, 14, 15, 16, 17, 18]",{}
8,ACO,9,2.4314289960780373,7.710210644989274,7500,True,,"[3, 10, 7, 11, 12, 13, 15, 18, 17, 14, 16, 9, 8, 6, 5, 4, 2, 1, 0]","{""alpha"": 1.0, ""beta"": 2.0, ""evaluation_budget"": 7500, ""evaporation"": 0.5, ""population"": 50}"
8,ACO×3,9,2.4314289960780373,23.3173560310388,22500,True,ACO stream 1,"[3, 10, 7, 11, 12, 13, 15, 18, 17, 14, 16, 9, 8, 6, 5, 4, 2, 1, 0]","{""candidate_lengths_km"": [2.4314289960780373, 2.4314289960780373, 2.4314289960780373], ""candidate_seeds"": [9, 29, 49], ""tie_tolerance_km"": 1e-12}"
8,DE,9,3.0565647674813707,0.7956606720108539,7500,True,,"[0, 2, 4, 6, 5, 8, 9, 16, 14, 17, 18, 15, 10, 7, 13, 12, 11, 1, 3]",{}
8,NN+2opt,9,2.5367527962245857,0.0078756159637123,888,True,,"[3, 10, 7, 11, 13, 15, 18, 17, 12, 14, 16, 9, 8, 6, 5, 4, 2, 1, 0]",{}
8,PSO,9,3.276633993658745,0.1091154189780354,7500,True,,"[0, 2, 4, 5, 6, 14, 16, 9, 8, 12, 11, 7, 10, 15, 18, 17, 13, 1, 3]",{}
8,Portfolio,9,2.4314289960780373,8.623193194856867,23389,True,ACO,"[3, 10, 7, 11, 12, 13, 15, 18, 17, 14, 16, 9, 8, 6, 5, 4, 2, 1, 0]","{""candidate_evaluations"": {""ACO"": 7500, ""DE"": 7500, ""NN+2opt"": 888, ""PSO"": 7500, ""Raw"": 1}, ""candidate_lengths_km"": {""ACO"": 2.4314289960780373, ""DE"": 3.0565647674813707, ""NN+2opt"": 2.5367527962245857, ""PSO"": 3.276633993658745, ""Raw"": 4.333774246683905}, ""priority"": [""Raw"", ""NN+2opt"", ""ACO"", ""DE"", ""PSO""], ""tie_tolerance_km"": 1e-12}"
8,Raw,9,4.333774246683905,0.0003229489084333,1,True,,"[0, 1, 2, 3, 4, 5, 6, 7, 8, 9, 10, 11, 12, 13, 14, 15, 16, 17, 18]",{}
8,ACO,10,2.4352585724179385,7.518872680957429,7500,True,,"[3, 10, 11, 7, 12, 13, 15, 18, 17, 14, 16, 9, 8, 6, 5, 4, 2, 1, 0]","{""alpha"": 1.0, ""beta"": 2.0, ""evaluation_budget"": 7500, ""evaporation"": 0.5, ""population"": 50}"
8,ACO×3,10,2.4314289960780373,23.006671387935057,22500,True,ACO stream 2,"[3, 10, 7, 11, 12, 13, 15, 18, 17, 14, 16, 9, 8, 6, 5, 4, 2, 1, 0]","{""candidate_lengths_km"": [2.4352585724179385, 2.4314289960780373, 2.4314289960780373], ""candidate_seeds"": [10, 30, 50], ""tie_tolerance_km"": 1e-12}"
8,DE,10,2.4798113478974044,0.7800669119460508,7500,True,,"[0, 1, 2, 4, 5, 6, 9, 8, 16, 14, 17, 18, 15, 13, 12, 11, 10, 7, 3]",{}
8,NN+2opt,10,2.5367527962245857,0.0080191399902105,888,True,,"[3, 10, 7, 11, 13, 15, 18, 17, 12, 14, 16, 9, 8, 6, 5, 4, 2, 1, 0]",{}
8,PSO,10,2.8800558777601832,0.105873146909289,7500,True,,"[0, 1, 2, 4, 5, 7, 11, 15, 18, 17, 13, 12, 14, 16, 9, 8, 6, 10, 3]",{}
8,Portfolio,10,2.4352585724179385,8.413154513807967,23389,True,ACO,"[3, 10, 11, 7, 12, 13, 15, 18, 17, 14, 16, 9, 8, 6, 5, 4, 2, 1, 0]","{""candidate_evaluations"": {""ACO"": 7500, ""DE"": 7500, ""NN+2opt"": 888, ""PSO"": 7500, ""Raw"": 1}, ""candidate_lengths_km"": {""ACO"": 2.4352585724179385, ""DE"": 2.4798113478974044, ""NN+2opt"": 2.5367527962245857, ""PSO"": 2.8800558777601832, ""Raw"": 4.333774246683905}, ""priority"": [""Raw"", ""NN+2opt"", ""ACO"", ""DE"", ""PSO""], ""tie_tolerance_km"": 1e-12}"
8,Raw,10,4.333774246683905,0.0003144290531054,1,True,,"[0, 1, 2, 3, 4, 5, 6, 7, 8, 9, 10, 11, 12, 13, 14, 15, 16, 17, 18]",{}
8,ACO,11,2.4314289960780373,7.821877917973325,7500,True,,"[3, 10, 7, 11, 12, 13, 15, 18, 17, 14, 16, 9, 8, 6, 5, 4, 2, 1, 0]","{""alpha"": 1.0, ""beta"": 2.0, ""evaluation_budget"": 7500, ""evaporation"": 0.5, ""population"": 50}"
8,ACO×3,11,2.4314289960780373,23.395894944900647,22500,True,ACO stream 1,"[3, 10, 7, 11, 12, 13, 15, 18, 17, 14, 16, 9, 8, 6, 5, 4, 2, 1, 0]","{""candidate_lengths_km"": [2.4314289960780373, 2.4314289960780373, 2.4314289960780373], ""candidate_seeds"": [11, 31, 51], ""tie_tolerance_km"": 1e-12}"
8,DE,11,2.5959253360005823,0.8308524810709059,7500,True,,"[0, 1, 2, 4, 6, 5, 9, 8, 16, 14, 17, 18, 15, 13, 11, 10, 12, 7, 3]",{}
8,NN+2opt,11,2.5367527962245857,0.0087247949559241,888,True,,"[3, 10, 7, 11, 13, 15, 18, 17, 12, 14, 16, 9, 8, 6, 5, 4, 2, 1, 0]",{}
8,PSO,11,3.6668901204121824,0.1124483739258721,7500,True,,"[0, 3, 15, 18, 17, 13, 12, 14, 16, 9, 8, 6, 4, 2, 1, 5, 7, 11, 10]",{}
8,Portfolio,11,2.4314289960780373,8.774225760949776,23389,True,ACO,"[3, 10, 7, 11, 12, 13, 15, 18, 17, 14, 16, 9, 8, 6, 5, 4, 2, 1, 0]","{""candidate_evaluations"": {""ACO"": 7500, ""DE"": 7500, ""NN+2opt"": 888, ""PSO"": 7500, ""Raw"": 1}, ""candidate_lengths_km"": {""ACO"": 2.4314289960780373, ""DE"": 2.5959253360005823, ""NN+2opt"": 2.5367527962245857, ""PSO"": 3.6668901204121824, ""Raw"": 4.333774246683905}, ""priority"": [""Raw"", ""NN+2opt"", ""ACO"", ""DE"", ""PSO""], ""tie_tolerance_km"": 1e-12}"
8,Raw,11,4.333774246683905,0.0003140780609101,1,True,,"[0, 1, 2, 3, 4, 5, 6, 7, 8, 9, 10, 11, 12, 13, 14, 15, 16, 17, 18]",{}
8,ACO,12,2.4314289960780373,7.873846611939371,7500,True,,"[3, 10, 7, 11, 12, 13, 15, 18, 17, 14, 16, 9, 8, 6, 5, 4, 2, 1, 0]","{""alpha"": 1.0, ""beta"": 2.0, ""evaluation_budget"": 7500, ""evaporation"": 0.5, ""population"": 50}"
8,ACO×3,12,2.4314289960780373,23.489590684999712,22500,True,ACO stream 1,"[3, 10, 7, 11, 12, 13, 15, 18, 17, 14, 16, 9, 8, 6, 5, 4, 2, 1, 0]","{""candidate_lengths_km"": [2.4314289960780373, 2.4314289960780373, 2.4314289960780373], ""candidate_seeds"": [12, 32, 52], ""tie_tolerance_km"": 1e-12}"
8,DE,12,2.611256930154712,0.8254129629349336,7500,True,,"[3, 10, 7, 11, 15, 12, 13, 17, 18, 14, 16, 8, 9, 6, 5, 4, 2, 1, 0]",{}
8,NN+2opt,12,2.5367527962245857,0.0079006380401551,888,True,,"[3, 10, 7, 11, 13, 15, 18, 17, 12, 14, 16, 9, 8, 6, 5, 4, 2, 1, 0]",{}
8,PSO,12,3.22155318837346,0.1078210090054199,7500,True,,"[3, 1, 2, 4, 5, 8, 17, 18, 15, 10, 7, 11, 13, 12, 14, 16, 9, 6, 0]",{}
8,Portfolio,12,2.4314289960780373,8.815304240910336,23389,True,ACO,"[3, 10, 7, 11, 12, 13, 15, 18, 17, 14, 16, 9, 8, 6, 5, 4, 2, 1, 0]","{""candidate_evaluations"": {""ACO"": 7500, ""DE"": 7500, ""NN+2opt"": 888, ""PSO"": 7500, ""Raw"": 1}, ""candidate_lengths_km"": {""ACO"": 2.4314289960780373, ""DE"": 2.611256930154712, ""NN+2opt"": 2.5367527962245857, ""PSO"": 3.2215531883734596, ""Raw"": 4.333774246683905}, ""priority"": [""Raw"", ""NN+2opt"", ""ACO"", ""DE"", ""PSO""], ""tie_tolerance_km"": 1e-12}"
8,Raw,12,4.333774246683905,0.0003148230025544,1,True,,"[0, 1, 2, 3, 4, 5, 6, 7, 8, 9, 10, 11, 12, 13, 14, 15, 16, 17, 18]",{}
8,ACO,13,2.4314289960780373,7.784849438001402,7500,True,,"[3, 10, 7, 11, 12, 13, 15, 18, 17, 14, 16, 9, 8, 6, 5, 4, 2, 1, 0]","{""alpha"": 1.0, ""beta"": 2.0, ""evaluation_budget"": 7500, ""evaporation"": 0.5, ""population"": 50}"
8,ACO×3,13,2.4314289960780373,23.313989222049717,22500,True,ACO stream 1,"[3, 10, 7, 11, 12, 13, 15, 18, 17, 14, 16, 9, 8, 6, 5, 4, 2, 1, 0]","{""candidate_lengths_km"": [2.4314289960780373, 2.4314289960780373, 2.4314289960780373], ""candidate_seeds"": [13, 33, 53], ""tie_tolerance_km"": 1e-12}"
8,DE,13,2.4352585724179385,0.8111813489813358,7500,True,,"[3, 10, 11, 7, 12, 13, 15, 18, 17, 14, 16, 9, 8, 6, 5, 4, 2, 1, 0]",{}
8,NN+2opt,13,2.5367527962245857,0.0080507210223004,888,True,,"[3, 10, 7, 11, 13, 15, 18, 17, 12, 14, 16, 9, 8, 6, 5, 4, 2, 1, 0]",{}
8,PSO,13,3.4795424931866177,0.1091660689562559,7500,True,,"[3, 0, 7, 12, 13, 15, 18, 17, 14, 16, 9, 8, 6, 5, 4, 2, 1, 11, 10]",{}
8,Portfolio,13,2.4314289960780373,8.71357410098426,23389,True,ACO,"[3, 10, 7, 11, 12, 13, 15, 18, 17, 14, 16, 9, 8, 6, 5, 4, 2, 1, 0]","{""candidate_evaluations"": {""ACO"": 7500, ""DE"": 7500, ""NN+2opt"": 888, ""PSO"": 7500, ""Raw"": 1}, ""candidate_lengths_km"": {""ACO"": 2.4314289960780373, ""DE"": 2.4352585724179385, ""NN+2opt"": 2.5367527962245857, ""PSO"": 3.4795424931866177, ""Raw"": 4.333774246683905}, ""priority"": [""Raw"", ""NN+2opt"", ""ACO"", ""DE"", ""PSO""], ""tie_tolerance_km"": 1e-12}"
8,Raw,13,4.333774246683905,0.0003191180294379,1,True,,"[0, 1, 2, 3, 4, 5, 6, 7, 8, 9, 10, 11, 12, 13, 14, 15, 16, 17, 18]",{}
8,ACO,14,2.4314289960780373,7.898619093000889,7500,True,,"[0, 1, 2, 4, 5, 6, 8, 9, 16, 14, 17, 18, 15, 13, 12, 11, 7, 10, 3]","{""alpha"": 1.0, ""beta"": 2.0, ""evaluation_budget"": 7500, ""evaporation"": 0.5, ""population"": 50}"
8,ACO×3,14,2.4314289960780373,23.63333974289708,22500,True,ACO stream 1,"[0, 1, 2, 4, 5, 6, 8, 9, 16, 14, 17, 18, 15, 13, 12, 11, 7, 10, 3]","{""candidate_lengths_km"": [2.4314289960780373, 2.4314289960780373, 2.4314289960780373], ""candidate_seeds"": [14, 34, 54], ""tie_tolerance_km"": 1e-12}"
8,DE,14,2.4314289960780373,0.8202005519997329,7500,True,,"[0, 1, 2, 4, 5, 6, 8, 9, 16, 14, 17, 18, 15, 13, 12, 11, 7, 10, 3]",{}
8,NN+2opt,14,2.5367527962245857,0.0078652289230376,888,True,,"[3, 10, 7, 11, 13, 15, 18, 17, 12, 14, 16, 9, 8, 6, 5, 4, 2, 1, 0]",{}
8,PSO,14,3.1545722750827645,0.1091288479510694,7500,True,,"[3, 0, 1, 2, 4, 5, 6, 7, 10, 11, 12, 14, 16, 17, 18, 15, 13, 8, 9]",{}
8,Portfolio,14,2.4314289960780373,8.83630706986878,23389,True,ACO,"[0, 1, 2, 4, 5, 6, 8, 9, 16, 14, 17, 18, 15, 13, 12, 11, 7, 10, 3]","{""candidate_evaluations"": {""ACO"": 7500, ""DE"": 7500, ""NN+2opt"": 888, ""PSO"": 7500, ""Raw"": 1}, ""candidate_lengths_km"": {""ACO"": 2.4314289960780373, ""DE"": 2.4314289960780373, ""NN+2opt"": 2.5367527962245857, ""PSO"": 3.1545722750827645, ""Raw"": 4.333774246683905}, ""priority"": [""Raw"", ""NN+2opt"", ""ACO"", ""DE"", ""PSO""], ""tie_tolerance_km"": 1e-12}"
8,Raw,14,4.333774246683905,0.0004846410593017,1,True,,"[0, 1, 2, 3, 4, 5, 6, 7, 8, 9, 10, 11, 12, 13, 14, 15, 16, 17, 18]",{}
8,ACO,15,2.4314289960780373,7.864441058016382,7500,True,,"[3, 10, 7, 11, 12, 13, 15, 18, 17, 14, 16, 9, 8, 6, 5, 4, 2, 1, 0]","{""alpha"": 1.0, ""beta"": 2.0, ""evaluation_budget"": 7500, ""evaporation"": 0.5, ""population"": 50}"
8,ACO×3,15,2.4314289960780373,23.59135774394963,22500,True,ACO stream 1,"[3, 10, 7, 11, 12, 13, 15, 18, 17, 14, 16, 9, 8, 6, 5, 4, 2, 1, 0]","{""candidate_lengths_km"": [2.4314289960780373, 2.4314289960780373, 2.4314289960780373], ""candidate_seeds"": [15, 35, 55], ""tie_tolerance_km"": 1e-12}"
8,DE,15,2.5423671198776865,0.8184313720557839,7500,True,,"[3, 7, 12, 13, 10, 11, 15, 18, 17, 14, 16, 9, 8, 6, 5, 4, 2, 1, 0]",{}
8,NN+2opt,15,2.5367527962245857,0.0079457960091531,888,True,,"[3, 10, 7, 11, 13, 15, 18, 17, 12, 14, 16, 9, 8, 6, 5, 4, 2, 1, 0]",{}
8,PSO,15,3.670352602893448,0.1093657909659668,7500,True,,"[0, 1, 2, 4, 5, 3, 13, 12, 8, 9, 16, 14, 17, 18, 15, 10, 11, 7, 6]",{}
8,Portfolio,15,2.4314289960780373,8.800510369008407,23389,True,ACO,"[3, 10, 7, 11, 12, 13, 15, 18, 17, 14, 16, 9, 8, 6, 5, 4, 2, 1, 0]","{""candidate_evaluations"": {""ACO"": 7500, ""DE"": 7500, ""NN+2opt"": 888, ""PSO"": 7500, ""Raw"": 1}, ""candidate_lengths_km"": {""ACO"": 2.4314289960780373, ""DE"": 2.5423671198776865, ""NN+2opt"": 2.5367527962245857, ""PSO"": 3.6703526028934483, ""Raw"": 4.333774246683905}, ""priority"": [""Raw"", ""NN+2opt"", ""ACO"", ""DE"", ""PSO""], ""tie_tolerance_km"": 1e-12}"
8,Raw,15,4.333774246683905,0.0003180770436301,1,True,,"[0, 1, 2, 3, 4, 5, 6, 7, 8, 9, 10, 11, 12, 13, 14, 15, 16, 17, 18]",{}
8,ACO,16,2.4314289960780373,7.778456886066124,7500,True,,"[0, 1, 2, 4, 5, 6, 8, 9, 16, 14, 17, 18, 15, 13, 12, 11, 7, 10, 3]","{""alpha"": 1.0, ""beta"": 2.0, ""evaluation_budget"": 7500, ""evaporation"": 0.5, ""population"": 50}"
8,ACO×3,16,2.4314289960780373,23.47080245008692,22500,True,ACO stream 1,"[0, 1, 2, 4, 5, 6, 8, 9, 16, 14, 17, 18, 15, 13, 12, 11, 7, 10, 3]","{""candidate_lengths_km"": [2.4314289960780373, 2.4314289960780373, 2.4314289960780373], ""candidate_seeds"": [16, 36, 56], ""tie_tolerance_km"": 1e-12}"
8,DE,16,2.4662082011160247,0.7984448429197073,7500,True,,"[3, 7, 10, 11, 12, 13, 15, 18, 17, 14, 16, 9, 8, 6, 5, 4, 2, 1, 0]",{}
8,NN+2opt,16,2.5367527962245857,0.0079159579472616,888,True,,"[3, 10, 7, 11, 13, 15, 18, 17, 12, 14, 16, 9, 8, 6, 5, 4, 2, 1, 0]",{}
8,PSO,16,3.900392181816536,0.107892230967991,7500,True,,"[1, 11, 15, 18, 17, 13, 12, 7, 3, 0, 2, 4, 5, 6, 8, 9, 16, 14, 10]",{}
8,Portfolio,16,2.4314289960780373,8.693025688873604,23389,True,ACO,"[0, 1, 2, 4, 5, 6, 8, 9, 16, 14, 17, 18, 15, 13, 12, 11, 7, 10, 3]","{""candidate_evaluations"": {""ACO"": 7500, ""DE"": 7500, ""NN+2opt"": 888, ""PSO"": 7500, ""Raw"": 1}, ""candidate_lengths_km"": {""ACO"": 2.4314289960780373, ""DE"": 2.4662082011160247, ""NN+2opt"": 2.5367527962245857, ""PSO"": 3.900392181816536, ""Raw"": 4.333774246683905}, ""priority"": [""Raw"", ""NN+2opt"", ""ACO"", ""DE"", ""PSO""], ""tie_tolerance_km"": 1e-12}"
8,Raw,16,4.333774246683905,0.0003080599708482,1,True,,"[0, 1, 2, 3, 4, 5, 6, 7, 8, 9, 10, 11, 12, 13, 14, 15, 16, 17, 18]",{}
8,ACO,17,2.4314289960780373,7.757044726982713,7500,True,,"[3, 10, 7, 11, 12, 13, 15, 18, 17, 14, 16, 9, 8, 6, 5, 4, 2, 1, 0]","{""alpha"": 1.0, ""beta"": 2.0, ""evaluation_budget"": 7500, ""evaporation"": 0.5, ""population"": 50}"
8,ACO×3,17,2.4314289960780373,23.310753225930966,22500,True,ACO stream 1,"[3, 10, 7, 11, 12, 13, 15, 18, 17, 14, 16, 9, 8, 6, 5, 4, 2, 1, 0]","{""candidate_lengths_km"": [2.4314289960780373, 2.4314289960780373, 2.4314289960780373], ""candidate_seeds"": [17, 37, 57], ""tie_tolerance_km"": 1e-12}"
8,DE,17,2.5051258867677557,0.8265084270387888,7500,True,,"[0, 1, 2, 4, 6, 5, 8, 9, 16, 14, 17, 18, 15, 13, 12, 11, 10, 7, 3]",{}
8,NN+2opt,17,2.5367527962245857,0.0079732349840924,888,True,,"[3, 10, 7, 11, 13, 15, 18, 17, 12, 14, 16, 9, 8, 6, 5, 4, 2, 1, 0]",{}
8,PSO,17,2.870231080019823,0.1113872129935771,7500,True,,"[3, 0, 1, 2, 4, 5, 12, 13, 11, 7, 10, 15, 18, 17, 14, 16, 9, 8, 6]",{}
8,Portfolio,17,2.4314289960780373,8.70324959710706,23389,True,ACO,"[3, 10, 7, 11, 12, 13, 15, 18, 17, 14, 16, 9, 8, 6, 5, 4, 2, 1, 0]","{""candidate_evaluations"": {""ACO"": 7500, ""DE"": 7500, ""NN+2opt"": 888, ""PSO"": 7500, ""Raw"": 1}, ""candidate_lengths_km"": {""ACO"": 2.4314289960780373, ""DE"": 2.5051258867677553, ""NN+2opt"": 2.5367527962245857, ""PSO"": 2.870231080019823, ""Raw"": 4.333774246683905}, ""priority"": [""Raw"", ""NN+2opt"", ""ACO"", ""DE"", ""PSO""], ""tie_tolerance_km"": 1e-12}"
8,Raw,17,4.333774246683905,0.0003285220591351,1,True,,"[0, 1, 2, 3, 4, 5, 6, 7, 8, 9, 10, 11, 12, 13, 14, 15, 16, 17, 18]",{}
8,ACO,18,2.4314289960780373,7.901567275053821,7500,True,,"[3, 10, 7, 11, 12, 13, 15, 18, 17, 14, 16, 9, 8, 6, 5, 4, 2, 1, 0]","{""alpha"": 1.0, ""beta"": 2.0, ""evaluation_budget"": 7500, ""evaporation"": 0.5, ""population"": 50}"
8,ACO×3,18,2.4314289960780373,23.71521844202653,22500,True,ACO stream 1,"[3, 10, 7, 11, 12, 13, 15, 18, 17, 14, 16, 9, 8, 6, 5, 4, 2, 1, 0]","{""candidate_lengths_km"": [2.4314289960780373, 2.4314289960780373, 2.4314289960780373], ""candidate_seeds"": [18, 38, 58], ""tie_tolerance_km"": 1e-12}"
8,DE,18,2.94794655230084,0.8052085830131546,7500,True,,"[1, 2, 4, 5, 6, 8, 9, 16, 14, 17, 18, 15, 13, 12, 7, 10, 11, 0, 3]",{}
8,NN+2opt,18,2.5367527962245857,0.007875703042373,888,True,,"[3, 10, 7, 11, 13, 15, 18, 17, 12, 14, 16, 9, 8, 6, 5, 4, 2, 1, 0]",{}
8,PSO,18,3.701630670618653,0.1087654810398817,7500,True,,"[1, 6, 8, 16, 14, 17, 18, 15, 13, 12, 11, 7, 0, 2, 4, 5, 9, 10, 3]",{}
8,Portfolio,18,2.4314289960780373,8.823734489036724,23389,True,ACO,"[3, 10, 7, 11, 12, 13, 15, 18, 17, 14, 16, 9, 8, 6, 5, 4, 2, 1, 0]","{""candidate_evaluations"": {""ACO"": 7500, ""DE"": 7500, ""NN+2opt"": 888, ""PSO"": 7500, ""Raw"": 1}, ""candidate_lengths_km"": {""ACO"": 2.4314289960780373, ""DE"": 2.9479465523008397, ""NN+2opt"": 2.5367527962245857, ""PSO"": 3.7016306706186533, ""Raw"": 4.333774246683905}, ""priority"": [""Raw"", ""NN+2opt"", ""ACO"", ""DE"", ""PSO""], ""tie_tolerance_km"": 1e-12}"
8,Raw,18,4.333774246683905,0.0003101439215242,1,True,,"[0, 1, 2, 3, 4, 5, 6, 7, 8, 9, 10, 11, 12, 13, 14, 15, 16, 17, 18]",{}
8,ACO,19,2.4314289960780373,7.507823783904314,7500,True,,"[0, 1, 2, 4, 5, 6, 8, 9, 16, 14, 17, 18, 15, 13, 12, 11, 7, 10, 3]","{""alpha"": 1.0, ""beta"": 2.0, ""evaluation_budget"": 7500, ""evaporation"": 0.5, ""population"": 50}"
8,ACO×3,19,2.4314289960780373,22.611469697905704,22500,True,ACO stream 1,"[0, 1, 2, 4, 5, 6, 8, 9, 16, 14, 17, 18, 15, 13, 12, 11, 7, 10, 3]","{""candidate_lengths_km"": [2.4314289960780373, 2.4314289960780373, 2.4314289960780373], ""candidate_seeds"": [19, 39, 59], ""tie_tolerance_km"": 1e-12}"
8,DE,19,2.5458976481535154,0.7801354429684579,7500,True,,"[3, 7, 10, 11, 15, 18, 17, 13, 12, 14, 16, 9, 8, 6, 5, 4, 2, 1, 0]",{}
8,NN+2opt,19,2.5367527962245857,0.0079326709965243,888,True,,"[3, 10, 7, 11, 13, 15, 18, 17, 12, 14, 16, 9, 8, 6, 5, 4, 2, 1, 0]",{}
8,PSO,19,3.681695420945685,0.1072388979373499,7500,True,,"[3, 10, 11, 7, 5, 4, 2, 1, 0, 12, 13, 15, 18, 17, 6, 8, 9, 16, 14]",{}
8,Portfolio,19,2.4314289960780373,8.403448987868614,23389,True,ACO,"[0, 1, 2, 4, 5, 6, 8, 9, 16, 14, 17, 18, 15, 13, 12, 11, 7, 10, 3]","{""candidate_evaluations"": {""ACO"": 7500, ""DE"": 7500, ""NN+2opt"": 888, ""PSO"": 7500, ""Raw"": 1}, ""candidate_lengths_km"": {""ACO"": 2.4314289960780373, ""DE"": 2.5458976481535154, ""NN+2opt"": 2.5367527962245857, ""PSO"": 3.681695420945685, ""Raw"": 4.333774246683905}, ""priority"": [""Raw"", ""NN+2opt"", ""ACO"", ""DE"", ""PSO""], ""tie_tolerance_km"": 1e-12}"
8,Raw,19,4.333774246683905,0.0003096560249105,1,True,,"[0, 1, 2, 3, 4, 5, 6, 7, 8, 9, 10, 11, 12, 13, 14, 15, 16, 17, 18]",{}
9,ACO,0,2.412200655412025,5.241623214096762,7500,True,,"[1, 0, 2, 3, 4, 5, 8, 10, 6, 12, 9, 11, 7]","{""alpha"": 1.0, ""beta"": 2.0, ""evaluation_budget"": 7500, ""evaporation"": 0.5, ""population"": 50}"
9,ACO×3,0,2.412200655412025,15.771374183124864,22500,True,ACO stream 1,"[1, 0, 2, 3, 4, 5, 8, 10, 6, 12, 9, 11, 7]","{""candidate_lengths_km"": [2.4122006554120246, 2.4122006554120246, 2.4122006554120246], ""candidate_seeds"": [0, 20, 40], ""tie_tolerance_km"": 1e-12}"
9,DE,0,2.412200655412025,0.7732186679495499,7500,True,,"[1, 0, 2, 3, 4, 5, 8, 10, 6, 12, 9, 11, 7]",{}
9,NN+2opt,0,2.470378420663633,0.0015313699841499,151,True,,"[1, 0, 2, 3, 4, 5, 8, 10, 12, 9, 11, 7, 6]",{}
9,PSO,0,2.652459298689178,0.0909410390304401,7500,True,,"[1, 0, 2, 4, 5, 8, 10, 6, 12, 9, 11, 7, 3]",{}
9,Portfolio,0,2.412200655412025,6.107491349102929,22652,True,ACO,"[1, 0, 2, 3, 4, 5, 8, 10, 6, 12, 9, 11, 7]","{""candidate_evaluations"": {""ACO"": 7500, ""DE"": 7500, ""NN+2opt"": 151, ""PSO"": 7500, ""Raw"": 1}, ""candidate_lengths_km"": {""ACO"": 2.4122006554120246, ""DE"": 2.4122006554120246, ""NN+2opt"": 2.470378420663633, ""PSO"": 2.6524592986891786, ""Raw"": 3.310032831312025}, ""priority"": [""Raw"", ""NN+2opt"", ""ACO"", ""DE"", ""PSO""], ""tie_tolerance_km"": 1e-12}"
9,Raw,0,3.310032831312025,0.0001690310891717,1,True,,"[0, 1, 2, 3, 4, 5, 6, 7, 8, 9, 10, 11, 12]",{}
9,ACO,1,2.412200655412025,5.189091759035364,7500,True,,"[7, 11, 9, 12, 6, 10, 8, 5, 4, 3, 2, 0, 1]","{""alpha"": 1.0, ""beta"": 2.0, ""evaluation_budget"": 7500, ""evaporation"": 0.5, ""population"": 50}"
9,ACO×3,1,2.412200655412025,15.573024637880737,22500,True,ACO stream 1,"[7, 11, 9, 12, 6, 10, 8, 5, 4, 3, 2, 0, 1]","{""candidate_lengths_km"": [2.4122006554120246, 2.4122006554120246, 2.4122006554120246], ""candidate_seeds"": [1, 21, 41], ""tie_tolerance_km"": 1e-12}"
9,DE,1,2.412200655412025,0.7744217769941315,7500,True,,"[7, 11, 9, 12, 6, 10, 8, 5, 4, 3, 2, 0, 1]",{}
9,NN+2opt,1,2.470378420663633,0.0015055829426273,151,True,,"[1, 0, 2, 3, 4, 5, 8, 10, 12, 9, 11, 7, 6]",{}
9,PSO,1,2.412200655412025,0.0907957669114694,7500,True,,"[7, 11, 9, 12, 6, 10, 8, 5, 4, 3, 2, 0, 1]",{}
9,Portfolio,1,2.412200655412025,6.056008114828728,22652,True,ACO,"[7, 11, 9, 12, 6, 10, 8, 5, 4, 3, 2, 0, 1]","{""candidate_evaluations"": {""ACO"": 7500, ""DE"": 7500, ""NN+2opt"": 151, ""PSO"": 7500, ""Raw"": 1}, ""candidate_lengths_km"": {""ACO"": 2.4122006554120246, ""DE"": 2.4122006554120246, ""NN+2opt"": 2.470378420663633, ""PSO"": 2.4122006554120246, ""Raw"": 3.310032831312025}, ""priority"": [""Raw"", ""NN+2opt"", ""ACO"", ""DE"", ""PSO""], ""tie_tolerance_km"": 1e-12}"
9,Raw,1,3.310032831312025,0.0001851209672167,1,True,,"[0, 1, 2, 3, 4, 5, 6, 7, 8, 9, 10, 11, 12]",{}
9,ACO,2,2.412200655412025,5.2368073869729415,7500,True,,"[1, 0, 2, 3, 4, 5, 8, 10, 6, 12, 9, 11, 7]","{""alpha"": 1.0, ""beta"": 2.0, ""evaluation_budget"": 7500, ""evaporation"": 0.5, ""population"": 50}"
9,ACO×3,2,2.412200655412025,15.696246047853492,22500,True,ACO stream 1,"[1, 0, 2, 3, 4, 5, 8, 10, 6, 12, 9, 11, 7]","{""candidate_lengths_km"": [2.4122006554120246, 2.4122006554120246, 2.4122006554120246], ""candidate_seeds"": [2, 22, 42], ""tie_tolerance_km"": 1e-12}"
9,DE,2,2.463306580016817,0.7657671680208296,7500,True,,"[0, 1, 2, 3, 4, 5, 8, 10, 6, 12, 9, 11, 7]",{}
9,NN+2opt,2,2.470378420663633,0.0015407310565933,151,True,,"[1, 0, 2, 3, 4, 5, 8, 10, 12, 9, 11, 7, 6]",{}
9,PSO,2,2.412200655412025,0.0927022029645741,7500,True,,"[7, 11, 9, 12, 6, 10, 8, 5, 4, 3, 2, 0, 1]",{}
9,Portfolio,2,2.412200655412025,6.096997683052905,22652,True,ACO,"[1, 0, 2, 3, 4, 5, 8, 10, 6, 12, 9, 11, 7]","{""candidate_evaluations"": {""ACO"": 7500, ""DE"": 7500, ""NN+2opt"": 151, ""PSO"": 7500, ""Raw"": 1}, ""candidate_lengths_km"": {""ACO"": 2.4122006554120246, ""DE"": 2.4633065800168175, ""NN+2opt"": 2.470378420663633, ""PSO"": 2.4122006554120246, ""Raw"": 3.310032831312025}, ""priority"": [""Raw"", ""NN+2opt"", ""ACO"", ""DE"", ""PSO""], ""tie_tolerance_km"": 1e-12}"
9,Raw,2,3.310032831312025,0.0001719309948384,1,True,,"[0, 1, 2, 3, 4, 5, 6, 7, 8, 9, 10, 11, 12]",{}
9,ACO,3,2.412200655412025,5.218710800050758,7500,True,,"[1, 0, 2, 3, 4, 5, 8, 10, 6, 12, 9, 11, 7]","{""alpha"": 1.0, ""beta"": 2.0, ""evaluation_budget"": 7500, ""evaporation"": 0.5, ""population"": 50}"
9,ACO×3,3,2.412200655412025,15.756127410102636,22500,True,ACO stream 1,"[1, 0, 2, 3, 4, 5, 8, 10, 6, 12, 9, 11, 7]","{""candidate_lengths_km"": [2.4122006554120246, 2.4122006554120246, 2.4122006554120246], ""candidate_seeds"": [3, 23, 43], ""tie_tolerance_km"": 1e-12}"
9,DE,3,2.445745455321968,0.7534927770029753,7500,True,,"[7, 11, 12, 9, 6, 10, 8, 5, 4, 3, 2, 0, 1]",{}
9,NN+2opt,3,2.470378420663633,0.0015641869977116,151,True,,"[1, 0, 2, 3, 4, 5, 8, 10, 12, 9, 11, 7, 6]",{}
9,PSO,3,2.7657685319345533,0.0874070139834657,7500,True,,"[1, 3, 8, 10, 12, 9, 11, 7, 6, 5, 4, 2, 0]",{}
9,Portfolio,3,2.412200655412025,6.061350165866315,22652,True,ACO,"[1, 0, 2, 3, 4, 5, 8, 10, 6, 12, 9, 11, 7]","{""candidate_evaluations"": {""ACO"": 7500, ""DE"": 7500, ""NN+2opt"": 151, ""PSO"": 7500, ""Raw"": 1}, ""candidate_lengths_km"": {""ACO"": 2.4122006554120246, ""DE"": 2.4457454553219677, ""NN+2opt"": 2.470378420663633, ""PSO"": 2.7657685319345533, ""Raw"": 3.310032831312025}, ""priority"": [""Raw"", ""NN+2opt"", ""ACO"", ""DE"", ""PSO""], ""tie_tolerance_km"": 1e-12}"
9,Raw,3,3.310032831312025,0.0001670499332249,1,True,,"[0, 1, 2, 3, 4, 5, 6, 7, 8, 9, 10, 11, 12]",{}
9,ACO,4,2.412200655412025,5.2001782869920135,7500,True,,"[1, 0, 2, 3, 4, 5, 8, 10, 6, 12, 9, 11, 7]","{""alpha"": 1.0, ""beta"": 2.0, ""evaluation_budget"": 7500, ""evaporation"": 0.5, ""population"": 50}"
9,ACO×3,4,2.412200655412025,15.78661306097638,22500,True,ACO stream 1,"[1, 0, 2, 3, 4, 5, 8, 10, 6, 12, 9, 11, 7]","{""candidate_lengths_km"": [2.4122006554120246, 2.4122006554120246, 2.4122006554120246], ""candidate_seeds"": [4, 24, 44], ""tie_tolerance_km"": 1e-12}"
9,DE,4,2.463306580016817,0.7661704940255731,7500,True,,"[0, 1, 2, 3, 4, 5, 8, 10, 6, 12, 9, 11, 7]",{}
9,NN+2opt,4,2.470378420663633,0.0015522569883614,151,True,,"[1, 0, 2, 3, 4, 5, 8, 10, 12, 9, 11, 7, 6]",{}
9,PSO,4,2.625525286689544,0.0879120660247281,7500,True,,"[6, 8, 10, 12, 9, 11, 7, 4, 5, 3, 2, 0, 1]",{}
9,Portfolio,4,2.412200655412025,6.055987129104324,22652,True,ACO,"[1, 0, 2, 3, 4, 5, 8, 10, 6, 12, 9, 11, 7]","{""candidate_evaluations"": {""ACO"": 7500, ""DE"": 7500, ""NN+2opt"": 151, ""PSO"": 7500, ""Raw"": 1}, ""candidate_lengths_km"": {""ACO"": 2.4122006554120246, ""DE"": 2.4633065800168175, ""NN+2opt"": 2.470378420663633, ""PSO"": 2.6255252866895438, ""Raw"": 3.310032831312025}, ""priority"": [""Raw"", ""NN+2opt"", ""ACO"", ""DE"", ""PSO""], ""tie_tolerance_km"": 1e-12}"
9,Raw,4,3.310032831312025,0.000165679026395,1,True,,"[0, 1, 2, 3, 4, 5, 6, 7, 8, 9, 10, 11, 12]",{}
9,ACO,5,2.412200655412025,5.173700912040658,7500,True,,"[1, 0, 2, 3, 4, 5, 8, 10, 6, 12, 9, 11, 7]","{""alpha"": 1.0, ""beta"": 2.0, ""evaluation_budget"": 7500, ""evaporation"": 0.5, ""population"": 50}"
9,ACO×3,5,2.412200655412025,15.877158178016543,22500,True,ACO stream 1,"[1, 0, 2, 3, 4, 5, 8, 10, 6, 12, 9, 11, 7]","{""candidate_lengths_km"": [2.4122006554120246, 2.4122006554120246, 2.4122006554120246], ""candidate_seeds"": [5, 25, 45], ""tie_tolerance_km"": 1e-12}"
9,DE,5,2.463306580016817,0.7642134779598564,7500,True,,"[0, 1, 2, 3, 4, 5, 8, 10, 6, 12, 9, 11, 7]",{}
9,NN+2opt,5,2.470378420663633,0.0015279939398169,151,True,,"[1, 0, 2, 3, 4, 5, 8, 10, 12, 9, 11, 7, 6]",{}
9,PSO,5,2.463306580016817,0.088737305952236,7500,True,,"[0, 1, 2, 3, 4, 5, 8, 10, 6, 12, 9, 11, 7]",{}
9,Portfolio,5,2.412200655412025,6.028365647769533,22652,True,ACO,"[1, 0, 2, 3, 4, 5, 8, 10, 6, 12, 9, 11, 7]","{""candidate_evaluations"": {""ACO"": 7500, ""DE"": 7500, ""NN+2opt"": 151, ""PSO"": 7500, ""Raw"": 1}, ""candidate_lengths_km"": {""ACO"": 2.4122006554120246, ""DE"": 2.4633065800168175, ""NN+2opt"": 2.470378420663633, ""PSO"": 2.4633065800168175, ""Raw"": 3.310032831312025}, ""priority"": [""Raw"", ""NN+2opt"", ""ACO"", ""DE"", ""PSO""], ""tie_tolerance_km"": 1e-12}"
9,Raw,5,3.310032831312025,0.0001782319741323,1,True,,"[0, 1, 2, 3, 4, 5, 6, 7, 8, 9, 10, 11, 12]",{}
9,ACO,6,2.412200655412025,5.090684005990624,7500,True,,"[7, 11, 9, 12, 6, 10, 8, 5, 4, 3, 2, 0, 1]","{""alpha"": 1.0, ""beta"": 2.0, ""evaluation_budget"": 7500, ""evaporation"": 0.5, ""population"": 50}"
9,ACO×3,6,2.412200655412025,15.399415892083198,22500,True,ACO stream 1,"[7, 11, 9, 12, 6, 10, 8, 5, 4, 3, 2, 0, 1]","{""candidate_lengths_km"": [2.4122006554120246, 2.4122006554120246, 2.4122006554120246], ""candidate_seeds"": [6, 26, 46], ""tie_tolerance_km"": 1e-12}"
9,DE,6,2.463306580016817,0.7613895230460912,7500,True,,"[0, 1, 2, 3, 4, 5, 8, 10, 6, 12, 9, 11, 7]",{}
9,NN+2opt,6,2.470378420663633,0.001533614937216,151,True,,"[1, 0, 2, 3, 4, 5, 8, 10, 12, 9, 11, 7, 6]",{}
9,PSO,6,2.412200655412025,0.0868363999761641,7500,True,,"[7, 11, 9, 12, 6, 10, 8, 5, 4, 3, 2, 0, 1]",{}
9,Portfolio,6,2.412200655412025,5.940625722985715,22652,True,ACO,"[7, 11, 9, 12, 6, 10, 8, 5, 4, 3, 2, 0, 1]","{""candidate_evaluations"": {""ACO"": 7500, ""DE"": 7500, ""NN+2opt"": 151, ""PSO"": 7500, ""Raw"": 1}, ""candidate_lengths_km"": {""ACO"": 2.4122006554120246, ""DE"": 2.4633065800168175, ""NN+2opt"": 2.470378420663633, ""PSO"": 2.4122006554120246, ""Raw"": 3.310032831312025}, ""priority"": [""Raw"", ""NN+2opt"", ""ACO"", ""DE"", ""PSO""], ""tie_tolerance_km"": 1e-12}"
9,Raw,6,3.310032831312025,0.0001739510335028,1,True,,"[0, 1, 2, 3, 4, 5, 6, 7, 8, 9, 10, 11, 12]",{}
9,ACO,7,2.412200655412025,5.275731556001119,7500,True,,"[7, 11, 9, 12, 6, 10, 8, 5, 4, 3, 2, 0, 1]","{""alpha"": 1.0, ""beta"": 2.0, ""evaluation_budget"": 7500, ""evaporation"": 0.5, ""population"": 50}"
9,ACO×3,7,2.412200655412025,15.980171625968069,22500,True,ACO stream 1,"[7, 11, 9, 12, 6, 10, 8, 5, 4, 3, 2, 0, 1]","{""candidate_lengths_km"": [2.4122006554120246, 2.4122006554120246, 2.4122006554120246], ""candidate_seeds"": [7, 27, 47], ""tie_tolerance_km"": 1e-12}"
9,DE,7,2.412200655412025,0.7797400589333847,7500,True,,"[7, 11, 9, 12, 6, 10, 8, 5, 4, 3, 2, 0, 1]",{}
9,NN+2opt,7,2.470378420663633,0.0015313810436055,151,True,,"[1, 0, 2, 3, 4, 5, 8, 10, 12, 9, 11, 7, 6]",{}
9,PSO,7,2.567996020266293,0.0897400580579415,7500,True,,"[0, 2, 3, 5, 8, 10, 12, 9, 11, 7, 6, 4, 1]",{}
9,Portfolio,7,2.412200655412025,6.146921823150478,22652,True,ACO,"[7, 11, 9, 12, 6, 10, 8, 5, 4, 3, 2, 0, 1]","{""candidate_evaluations"": {""ACO"": 7500, ""DE"": 7500, ""NN+2opt"": 151, ""PSO"": 7500, ""Raw"": 1}, ""candidate_lengths_km"": {""ACO"": 2.4122006554120246, ""DE"": 2.4122006554120246, ""NN+2opt"": 2.470378420663633, ""PSO"": 2.5679960202662935, ""Raw"": 3.310032831312025}, ""priority"": [""Raw"", ""NN+2opt"", ""ACO"", ""DE"", ""PSO""], ""tie_tolerance_km"": 1e-12}"
9,Raw,7,3.310032831312025,0.0001710430951789,1,True,,"[0, 1, 2, 3, 4, 5, 6, 7, 8, 9, 10, 11, 12]",{}
9,ACO,8,2.412200655412025,5.233264248003252,7500,True,,"[1, 0, 2, 3, 4, 5, 8, 10, 6, 12, 9, 11, 7]","{""alpha"": 1.0, ""beta"": 2.0, ""evaluation_budget"": 7500, ""evaporation"": 0.5, ""population"": 50}"
9,ACO×3,8,2.412200655412025,15.854843050939962,22500,True,ACO stream 1,"[1, 0, 2, 3, 4, 5, 8, 10, 6, 12, 9, 11, 7]","{""candidate_lengths_km"": [2.4122006554120246, 2.4122006554120246, 2.4122006554120246], ""candidate_seeds"": [8, 28, 48], ""tie_tolerance_km"": 1e-12}"
9,DE,8,2.463306580016817,0.7720754280453548,7500,True,,"[0, 1, 2, 3, 4, 5, 8, 10, 6, 12, 9, 11, 7]",{}
9,NN+2opt,8,2.470378420663633,0.0015544790076091,151,True,,"[1, 0, 2, 3, 4, 5, 8, 10, 12, 9, 11, 7, 6]",{}
9,PSO,8,2.625525286689544,0.0918588469503447,7500,True,,"[6, 8, 10, 12, 9, 11, 7, 4, 5, 3, 2, 0, 1]",{}
9,Portfolio,8,2.412200655412025,6.098929184954613,22652,True,ACO,"[1, 0, 2, 3, 4, 5, 8, 10, 6, 12, 9, 11, 7]","{""candidate_evaluations"": {""ACO"": 7500, ""DE"": 7500, ""NN+2opt"": 151, ""PSO"": 7500, ""Raw"": 1}, ""candidate_lengths_km"": {""ACO"": 2.4122006554120246, ""DE"": 2.4633065800168175, ""NN+2opt"": 2.470378420663633, ""PSO"": 2.6255252866895438, ""Raw"": 3.310032831312025}, ""priority"": [""Raw"", ""NN+2opt"", ""ACO"", ""DE"", ""PSO""], ""tie_tolerance_km"": 1e-12}"
9,Raw,8,3.310032831312025,0.0001684109447523,1,True,,"[0, 1, 2, 3, 4, 5, 6, 7, 8, 9, 10, 11, 12]",{}
9,ACO,9,2.412200655412025,5.340082212002017,7500,True,,"[1, 0, 2, 3, 4, 5, 8, 10, 6, 12, 9, 11, 7]","{""alpha"": 1.0, ""beta"": 2.0, ""evaluation_budget"": 7500, ""evaporation"": 0.5, ""population"": 50}"
9,ACO×3,9,2.412200655412025,16.46781685494352,22500,True,ACO stream 1,"[1, 0, 2, 3, 4, 5, 8, 10, 6, 12, 9, 11, 7]","{""candidate_lengths_km"": [2.4122006554120246, 2.4122006554120246, 2.4122006554120246], ""candidate_seeds"": [9, 29, 49], ""tie_tolerance_km"": 1e-12}"
9,DE,9,2.463306580016817,0.7815283100353554,7500,True,,"[0, 1, 2, 3, 4, 5, 8, 10, 6, 12, 9, 11, 7]",{}
9,NN+2opt,9,2.470378420663633,0.0015182730276137,151,True,,"[1, 0, 2, 3, 4, 5, 8, 10, 12, 9, 11, 7, 6]",{}
9,PSO,9,2.6598689712887897,0.0891646690433844,7500,True,,"[1, 3, 4, 8, 10, 12, 9, 11, 7, 6, 5, 2, 0]",{}
9,Portfolio,9,2.412200655412025,6.2124742831802,22652,True,ACO,"[1, 0, 2, 3, 4, 5, 8, 10, 6, 12, 9, 11, 7]","{""candidate_evaluations"": {""ACO"": 7500, ""DE"": 7500, ""NN+2opt"": 151, ""PSO"": 7500, ""Raw"": 1}, ""candidate_lengths_km"": {""ACO"": 2.4122006554120246, ""DE"": 2.4633065800168175, ""NN+2opt"": 2.470378420663633, ""PSO"": 2.6598689712887897, ""Raw"": 3.310032831312025}, ""priority"": [""Raw"", ""NN+2opt"", ""ACO"", ""DE"", ""PSO""], ""tie_tolerance_km"": 1e-12}"
9,Raw,9,3.310032831312025,0.0001727030612528,1,True,,"[0, 1, 2, 3, 4, 5, 6, 7, 8, 9, 10, 11, 12]",{}
9,ACO,10,2.412200655412025,5.162787784007378,7500,True,,"[1, 0, 2, 3, 4, 5, 8, 10, 6, 12, 9, 11, 7]","{""alpha"": 1.0, ""beta"": 2.0, ""evaluation_budget"": 7500, ""evaporation"": 0.5, ""population"": 50}"
9,ACO×3,10,2.412200655412025,15.7392988569336,22500,True,ACO stream 1,"[1, 0, 2, 3, 4, 5, 8, 10, 6, 12, 9, 11, 7]","{""candidate_lengths_km"": [2.4122006554120246, 2.4122006554120246, 2.4122006554120246], ""candidate_seeds"": [10, 30, 50], ""tie_tolerance_km"": 1e-12}"
9,DE,10,2.412200655412025,0.76394487102516,7500,True,,"[1, 0, 2, 3, 4, 5, 8, 10, 6, 12, 9, 11, 7]",{}
9,NN+2opt,10,2.470378420663633,0.0015579418977722,151,True,,"[1, 0, 2, 3, 4, 5, 8, 10, 12, 9, 11, 7, 6]",{}
9,PSO,10,2.470378420663633,0.088152274955064,7500,True,,"[1, 0, 2, 3, 4, 5, 8, 10, 12, 9, 11, 7, 6]",{}
9,Portfolio,10,2.412200655412025,6.016622757888399,22652,True,ACO,"[1, 0, 2, 3, 4, 5, 8, 10, 6, 12, 9, 11, 7]","{""candidate_evaluations"": {""ACO"": 7500, ""DE"": 7500, ""NN+2opt"": 151, ""PSO"": 7500, ""Raw"": 1}, ""candidate_lengths_km"": {""ACO"": 2.4122006554120246, ""DE"": 2.4122006554120246, ""NN+2opt"": 2.470378420663633, ""PSO"": 2.470378420663633, ""Raw"": 3.310032831312025}, ""priority"": [""Raw"", ""NN+2opt"", ""ACO"", ""DE"", ""PSO""], ""tie_tolerance_km"": 1e-12}"
9,Raw,10,3.310032831312025,0.000172205036506,1,True,,"[0, 1, 2, 3, 4, 5, 6, 7, 8, 9, 10, 11, 12]",{}
9,ACO,11,2.412200655412025,5.36453924595844,7500,True,,"[7, 11, 9, 12, 6, 10, 8, 5, 4, 3, 2, 0, 1]","{""alpha"": 1.0, ""beta"": 2.0, ""evaluation_budget"": 7500, ""evaporation"": 0.5, ""population"": 50}"
9,ACO×3,11,2.412200655412025,16.290796083048917,22500,True,ACO stream 1,"[7, 11, 9, 12, 6, 10, 8, 5, 4, 3, 2, 0, 1]","{""candidate_lengths_km"": [2.4122006554120246, 2.4122006554120246, 2.4122006554120246], ""candidate_seeds"": [11, 31, 51], ""tie_tolerance_km"": 1e-12}"
9,DE,11,2.517942550470561,0.8029353689635172,7500,True,,"[5, 8, 10, 12, 9, 11, 7, 6, 4, 3, 2, 0, 1]",{}
9,NN+2opt,11,2.470378420663633,0.0016907330136746,151,True,,"[1, 0, 2, 3, 4, 5, 8, 10, 12, 9, 11, 7, 6]",{}
9,PSO,11,2.440796721846277,0.0945730980020016,7500,True,,"[4, 6, 7, 11, 9, 12, 10, 8, 5, 3, 2, 0, 1]",{}
9,Portfolio,11,2.412200655412025,6.263915744842961,22652,True,ACO,"[7, 11, 9, 12, 6, 10, 8, 5, 4, 3, 2, 0, 1]","{""candidate_evaluations"": {""ACO"": 7500, ""DE"": 7500, ""NN+2opt"": 151, ""PSO"": 7500, ""Raw"": 1}, ""candidate_lengths_km"": {""ACO"": 2.4122006554120246, ""DE"": 2.517942550470561, ""NN+2opt"": 2.470378420663633, ""PSO"": 2.440796721846277, ""Raw"": 3.310032831312025}, ""priority"": [""Raw"", ""NN+2opt"", ""ACO"", ""DE"", ""PSO""], ""tie_tolerance_km"": 1e-12}"
9,Raw,11,3.310032831312025,0.0001698709093034,1,True,,"[0, 1, 2, 3, 4, 5, 6, 7, 8, 9, 10, 11, 12]",{}
9,ACO,12,2.412200655412025,5.339987995917909,7500,True,,"[1, 0, 2, 3, 4, 5, 8, 10, 6, 12, 9, 11, 7]","{""alpha"": 1.0, ""beta"": 2.0, ""evaluation_budget"": 7500, ""evaporation"": 0.5, ""population"": 50}"
9,ACO×3,12,2.412200655412025,16.212214287836105,22500,True,ACO stream 1,"[1, 0, 2, 3, 4, 5, 8, 10, 6, 12, 9, 11, 7]","{""candidate_lengths_km"": [2.4122006554120246, 2.4122006554120246, 2.4122006554120246], ""candidate_seeds"": [12, 32, 52], ""tie_tolerance_km"": 1e-12}"
9,DE,12,2.412200655412025,0.7953054379904643,7500,True,,"[7, 11, 9, 12, 6, 10, 8, 5, 4, 3, 2, 0, 1]",{}
9,NN+2opt,12,2.470378420663633,0.0015235380269587,151,True,,"[1, 0, 2, 3, 4, 5, 8, 10, 12, 9, 11, 7, 6]",{}
9,PSO,12,2.676646883287773,0.0916055159177631,7500,True,,"[1, 4, 8, 10, 12, 9, 11, 7, 6, 5, 3, 2, 0]",{}
9,Portfolio,12,2.412200655412025,6.228603121940978,22652,True,ACO,"[1, 0, 2, 3, 4, 5, 8, 10, 6, 12, 9, 11, 7]","{""candidate_evaluations"": {""ACO"": 7500, ""DE"": 7500, ""NN+2opt"": 151, ""PSO"": 7500, ""Raw"": 1}, ""candidate_lengths_km"": {""ACO"": 2.4122006554120246, ""DE"": 2.4122006554120246, ""NN+2opt"": 2.470378420663633, ""PSO"": 2.6766468832877734, ""Raw"": 3.310032831312025}, ""priority"": [""Raw"", ""NN+2opt"", ""ACO"", ""DE"", ""PSO""], ""tie_tolerance_km"": 1e-12}"
9,Raw,12,3.310032831312025,0.000172057072632,1,True,,"[0, 1, 2, 3, 4, 5, 6, 7, 8, 9, 10, 11, 12]",{}
9,ACO,13,2.412200655412025,5.301262330962345,7500,True,,"[1, 0, 2, 3, 4, 5, 8, 10, 6, 12, 9, 11, 7]","{""alpha"": 1.0, ""beta"": 2.0, ""evaluation_budget"": 7500, ""evaporation"": 0.5, ""population"": 50}"
9,ACO×3,13,2.412200655412025,16.161495324922726,22500,True,ACO stream 1,"[1, 0, 2, 3, 4, 5, 8, 10, 6, 12, 9, 11, 7]","{""candidate_lengths_km"": [2.4122006554120246, 2.4122006554120246, 2.4122006554120246], ""candidate_seeds"": [13, 33, 53], ""tie_tolerance_km"": 1e-12}"
9,DE,13,2.412200655412025,0.7990519689628854,7500,True,,"[1, 0, 2, 3, 4, 5, 8, 10, 6, 12, 9, 11, 7]",{}
9,NN+2opt,13,2.470378420663633,0.0015122119802981,151,True,,"[1, 0, 2, 3, 4, 5, 8, 10, 12, 9, 11, 7, 6]",{}
9,PSO,13,2.463306580016817,0.0898544429801404,7500,True,,"[0, 1, 2, 3, 4, 5, 8, 10, 6, 12, 9, 11, 7]",{}
9,Portfolio,13,2.412200655412025,6.191859456943348,22652,True,ACO,"[1, 0, 2, 3, 4, 5, 8, 10, 6, 12, 9, 11, 7]","{""candidate_evaluations"": {""ACO"": 7500, ""DE"": 7500, ""NN+2opt"": 151, ""PSO"": 7500, ""Raw"": 1}, ""candidate_lengths_km"": {""ACO"": 2.4122006554120246, ""DE"": 2.4122006554120246, ""NN+2opt"": 2.470378420663633, ""PSO"": 2.4633065800168175, ""Raw"": 3.310032831312025}, ""priority"": [""Raw"", ""NN+2opt"", ""ACO"", ""DE"", ""PSO""], ""tie_tolerance_km"": 1e-12}"
9,Raw,13,3.310032831312025,0.0001704370370134,1,True,,"[0, 1, 2, 3, 4, 5, 6, 7, 8, 9, 10, 11, 12]",{}
9,ACO,14,2.412200655412025,5.29195558198262,7500,True,,"[1, 0, 2, 3, 4, 5, 8, 10, 6, 12, 9, 11, 7]","{""alpha"": 1.0, ""beta"": 2.0, ""evaluation_budget"": 7500, ""evaporation"": 0.5, ""population"": 50}"
9,ACO×3,14,2.412200655412025,16.95055662316736,22500,True,ACO stream 1,"[1, 0, 2, 3, 4, 5, 8, 10, 6, 12, 9, 11, 7]","{""candidate_lengths_km"": [2.4122006554120246, 2.4122006554120246, 2.4122006554120246], ""candidate_seeds"": [14, 34, 54], ""tie_tolerance_km"": 1e-12}"
9,DE,14,2.412200655412025,0.7896812279941514,7500,True,,"[1, 0, 2, 3, 4, 5, 8, 10, 6, 12, 9, 11, 7]",{}
9,NN+2opt,14,2.470378420663633,0.0015398479299619,151,True,,"[1, 0, 2, 3, 4, 5, 8, 10, 12, 9, 11, 7, 6]",{}
9,PSO,14,2.5913751607348128,0.0883462170604616,7500,True,,"[1, 3, 5, 8, 10, 6, 12, 9, 11, 7, 4, 2, 0]",{}
9,Portfolio,14,2.412200655412025,6.171703932923265,22652,True,ACO,"[1, 0, 2, 3, 4, 5, 8, 10, 6, 12, 9, 11, 7]","{""candidate_evaluations"": {""ACO"": 7500, ""DE"": 7500, ""NN+2opt"": 151, ""PSO"": 7500, ""Raw"": 1}, ""candidate_lengths_km"": {""ACO"": 2.4122006554120246, ""DE"": 2.4122006554120246, ""NN+2opt"": 2.470378420663633, ""PSO"": 2.5913751607348128, ""Raw"": 3.310032831312025}, ""priority"": [""Raw"", ""NN+2opt"", ""ACO"", ""DE"", ""PSO""], ""tie_tolerance_km"": 1e-12}"
9,Raw,14,3.310032831312025,0.000172339961864,1,True,,"[0, 1, 2, 3, 4, 5, 6, 7, 8, 9, 10, 11, 12]",{}
9,ACO,15,2.412200655412025,5.362922803964466,7500,True,,"[1, 0, 2, 3, 4, 5, 8, 10, 6, 12, 9, 11, 7]","{""alpha"": 1.0, ""beta"": 2.0, ""evaluation_budget"": 7500, ""evaporation"": 0.5, ""population"": 50}"
9,ACO×3,15,2.412200655412025,16.702194484882057,22500,True,ACO stream 1,"[1, 0, 2, 3, 4, 5, 8, 10, 6, 12, 9, 11, 7]","{""candidate_lengths_km"": [2.4122006554120246, 2.4122006554120246, 2.4122006554120246], ""candidate_seeds"": [15, 35, 55], ""tie_tolerance_km"": 1e-12}"
9,DE,15,2.412200655412025,0.7861867599422112,7500,True,,"[7, 11, 9, 12, 6, 10, 8, 5, 4, 3, 2, 0, 1]",{}
9,NN+2opt,15,2.470378420663633,0.0015474610263481,151,True,,"[1, 0, 2, 3, 4, 5, 8, 10, 12, 9, 11, 7, 6]",{}
9,PSO,15,2.5942814300235124,0.0877903380896896,7500,True,,"[0, 3, 5, 8, 10, 12, 9, 11, 7, 6, 4, 2, 1]",{}
9,Portfolio,15,2.412200655412025,6.238673408981413,22652,True,ACO,"[1, 0, 2, 3, 4, 5, 8, 10, 6, 12, 9, 11, 7]","{""candidate_evaluations"": {""ACO"": 7500, ""DE"": 7500, ""NN+2opt"": 151, ""PSO"": 7500, ""Raw"": 1}, ""candidate_lengths_km"": {""ACO"": 2.4122006554120246, ""DE"": 2.4122006554120246, ""NN+2opt"": 2.470378420663633, ""PSO"": 2.5942814300235124, ""Raw"": 3.310032831312025}, ""priority"": [""Raw"", ""NN+2opt"", ""ACO"", ""DE"", ""PSO""], ""tie_tolerance_km"": 1e-12}"
9,Raw,15,3.310032831312025,0.0002156950067728,1,True,,"[0, 1, 2, 3, 4, 5, 6, 7, 8, 9, 10, 11, 12]",{}
9,ACO,16,2.412200655412025,5.331410818034783,7500,True,,"[1, 0, 2, 3, 4, 5, 8, 10, 6, 12, 9, 11, 7]","{""alpha"": 1.0, ""beta"": 2.0, ""evaluation_budget"": 7500, ""evaporation"": 0.5, ""population"": 50}"
9,ACO×3,16,2.412200655412025,16.322603782988153,22500,True,ACO stream 1,"[1, 0, 2, 3, 4, 5, 8, 10, 6, 12, 9, 11, 7]","{""candidate_lengths_km"": [2.4122006554120246, 2.4122006554120246, 2.4122006554120246], ""candidate_seeds"": [16, 36, 56], ""tie_tolerance_km"": 1e-12}"
9,DE,16,2.463306580016817,0.8043311829678714,7500,True,,"[0, 1, 2, 3, 4, 5, 8, 10, 6, 12, 9, 11, 7]",{}
9,NN+2opt,16,2.470378420663633,0.0015364179853349,151,True,,"[1, 0, 2, 3, 4, 5, 8, 10, 12, 9, 11, 7, 6]",{}
9,PSO,16,2.6520472017392214,0.0908034899039194,7500,True,,"[1, 2, 3, 4, 6, 12, 9, 11, 7, 10, 8, 5, 0]",{}
9,Portfolio,16,2.412200655412025,6.228268851991743,22652,True,ACO,"[1, 0, 2, 3, 4, 5, 8, 10, 6, 12, 9, 11, 7]","{""candidate_evaluations"": {""ACO"": 7500, ""DE"": 7500, ""NN+2opt"": 151, ""PSO"": 7500, ""Raw"": 1}, ""candidate_lengths_km"": {""ACO"": 2.4122006554120246, ""DE"": 2.4633065800168175, ""NN+2opt"": 2.470378420663633, ""PSO"": 2.6520472017392214, ""Raw"": 3.310032831312025}, ""priority"": [""Raw"", ""NN+2opt"", ""ACO"", ""DE"", ""PSO""], ""tie_tolerance_km"": 1e-12}"
9,Raw,16,3.310032831312025,0.0001787210348993,1,True,,"[0, 1, 2, 3, 4, 5, 6, 7, 8, 9, 10, 11, 12]",{}
9,ACO,17,2.412200655412025,5.3370470139198005,7500,True,,"[1, 0, 2, 3, 4, 5, 8, 10, 6, 12, 9, 11, 7]","{""alpha"": 1.0, ""beta"": 2.0, ""evaluation_budget"": 7500, ""evaporation"": 0.5, ""population"": 50}"
9,ACO×3,17,2.412200655412025,16.738555956981145,22500,True,ACO stream 1,"[1, 0, 2, 3, 4, 5, 8, 10, 6, 12, 9, 11, 7]","{""candidate_lengths_km"": [2.4122006554120246, 2.4122006554120246, 2.4122006554120246], ""candidate_seeds"": [17, 37, 57], ""tie_tolerance_km"": 1e-12}"
9,DE,17,2.463306580016817,0.8092288530897349,7500,True,,"[0, 1, 2, 3, 4, 5, 8, 10, 6, 12, 9, 11, 7]",{}
9,NN+2opt,17,2.470378420663633,0.0015247879782691,151,True,,"[1, 0, 2, 3, 4, 5, 8, 10, 12, 9, 11, 7, 6]",{}
9,PSO,17,2.470378420663633,0.0914521639933809,7500,True,,"[6, 7, 11, 9, 12, 10, 8, 5, 4, 3, 2, 0, 1]",{}
9,Portfolio,17,2.412200655412025,6.239430119981989,22652,True,ACO,"[1, 0, 2, 3, 4, 5, 8, 10, 6, 12, 9, 11, 7]","{""candidate_evaluations"": {""ACO"": 7500, ""DE"": 7500, ""NN+2opt"": 151, ""PSO"": 7500, ""Raw"": 1}, ""candidate_lengths_km"": {""ACO"": 2.4122006554120246, ""DE"": 2.4633065800168175, ""NN+2opt"": 2.470378420663633, ""PSO"": 2.4703784206636334, ""Raw"": 3.310032831312025}, ""priority"": [""Raw"", ""NN+2opt"", ""ACO"", ""DE"", ""PSO""], ""tie_tolerance_km"": 1e-12}"
9,Raw,17,3.310032831312025,0.0001700189895927,1,True,,"[0, 1, 2, 3, 4, 5, 6, 7, 8, 9, 10, 11, 12]",{}
9,ACO,18,2.412200655412025,5.119874297990464,7500,True,,"[1, 0, 2, 3, 4, 5, 8, 10, 6, 12, 9, 11, 7]","{""alpha"": 1.0, ""beta"": 2.0, ""evaluation_budget"": 7500, ""evaporation"": 0.5, ""population"": 50}"
9,ACO×3,18,2.412200655412025,15.685497452970594,22500,True,ACO stream 1,"[1, 0, 2, 3, 4, 5, 8, 10, 6, 12, 9, 11, 7]","{""candidate_lengths_km"": [2.4122006554120246, 2.4122006554120246, 2.4122006554120246], ""candidate_seeds"": [18, 38, 58], ""tie_tolerance_km"": 1e-12}"
9,DE,18,2.445745455321968,0.7550169680034742,7500,True,,"[7, 11, 12, 9, 6, 10, 8, 5, 4, 3, 2, 0, 1]",{}
9,NN+2opt,18,2.470378420663633,0.0015815269434824,151,True,,"[1, 0, 2, 3, 4, 5, 8, 10, 12, 9, 11, 7, 6]",{}
9,PSO,18,2.63466448320269,0.0880359879229217,7500,True,,"[1, 0, 2, 3, 8, 10, 12, 9, 11, 7, 6, 5, 4]",{}
9,Portfolio,18,2.412200655412025,5.964687402825803,22652,True,ACO,"[1, 0, 2, 3, 4, 5, 8, 10, 6, 12, 9, 11, 7]","{""candidate_evaluations"": {""ACO"": 7500, ""DE"": 7500, ""NN+2opt"": 151, ""PSO"": 7500, ""Raw"": 1}, ""candidate_lengths_km"": {""ACO"": 2.4122006554120246, ""DE"": 2.4457454553219677, ""NN+2opt"": 2.470378420663633, ""PSO"": 2.63466448320269, ""Raw"": 3.310032831312025}, ""priority"": [""Raw"", ""NN+2opt"", ""ACO"", ""DE"", ""PSO""], ""tie_tolerance_km"": 1e-12}"
9,Raw,18,3.310032831312025,0.0001659829868003,1,True,,"[0, 1, 2, 3, 4, 5, 6, 7, 8, 9, 10, 11, 12]",{}
9,ACO,19,2.412200655412025,5.345894983038306,7500,True,,"[1, 0, 2, 3, 4, 5, 8, 10, 6, 12, 9, 11, 7]","{""alpha"": 1.0, ""beta"": 2.0, ""evaluation_budget"": 7500, ""evaporation"": 0.5, ""population"": 50}"
9,ACO×3,19,2.412200655412025,16.227783729089424,22500,True,ACO stream 1,"[1, 0, 2, 3, 4, 5, 8, 10, 6, 12, 9, 11, 7]","{""candidate_lengths_km"": [2.4122006554120246, 2.4122006554120246, 2.4122006554120246], ""candidate_seeds"": [19, 39, 59], ""tie_tolerance_km"": 1e-12}"
9,DE,19,2.412200655412025,0.8076053229160607,7500,True,,"[1, 0, 2, 3, 4, 5, 8, 10, 6, 12, 9, 11, 7]",{}
9,NN+2opt,19,2.470378420663633,0.0015379259129986,151,True,,"[1, 0, 2, 3, 4, 5, 8, 10, 12, 9, 11, 7, 6]",{}
9,PSO,19,2.567996020266293,0.0902082129614427,7500,True,,"[0, 2, 3, 5, 8, 10, 12, 9, 11, 7, 6, 4, 1]",{}
9,Portfolio,19,2.412200655412025,6.245429104776122,22652,True,ACO,"[1, 0, 2, 3, 4, 5, 8, 10, 6, 12, 9, 11, 7]","{""candidate_evaluations"": {""ACO"": 7500, ""DE"": 7500, ""NN+2opt"": 151, ""PSO"": 7500, ""Raw"": 1}, ""candidate_lengths_km"": {""ACO"": 2.4122006554120246, ""DE"": 2.4122006554120246, ""NN+2opt"": 2.470378420663633, ""PSO"": 2.5679960202662935, ""Raw"": 3.310032831312025}, ""priority"": [""Raw"", ""NN+2opt"", ""ACO"", ""DE"", ""PSO""], ""tie_tolerance_km"": 1e-12}"
9,Raw,19,3.310032831312025,0.000173897948116,1,True,,"[0, 1, 2, 3, 4, 5, 6, 7, 8, 9, 10, 11, 12]",{}
10,ACO,0,2.284792664659961,4.921947716968134,7500,True,,"[3, 7, 10, 8, 6, 2, 4, 9, 5, 0, 1]","{""alpha"": 1.0, ""beta"": 2.0, ""evaluation_budget"": 7500, ""evaporation"": 0.5, ""population"": 50}"
10,ACO×3,0,2.284792664659961,13.880960932001472,22500,True,ACO stream 1,"[3, 7, 10, 8, 6, 2, 4, 9, 5, 0, 1]","{""candidate_lengths_km"": [2.2847926646599612, 2.2847926646599612, 2.2847926646599612], ""candidate_seeds"": [0, 20, 40], ""tie_tolerance_km"": 1e-12}"
10,DE,0,2.284792664659961,0.7903410969302058,7500,True,,"[3, 7, 10, 8, 6, 2, 4, 9, 5, 0, 1]",{}
10,NN+2opt,0,2.3677967787319165,0.0011096630478277,115,True,,"[3, 6, 2, 1, 0, 4, 5, 9, 8, 10, 7]",{}
10,PSO,0,2.5671350543084985,0.0980187759269028,7500,True,,"[7, 3, 4, 9, 5, 0, 1, 2, 6, 8, 10]",{}
10,Portfolio,0,2.284792664659961,5.811559387948364,22616,True,ACO,"[3, 7, 10, 8, 6, 2, 4, 9, 5, 0, 1]","{""candidate_evaluations"": {""ACO"": 7500, ""DE"": 7500, ""NN+2opt"": 115, ""PSO"": 7500, ""Raw"": 1}, ""candidate_lengths_km"": {""ACO"": 2.2847926646599612, ""DE"": 2.2847926646599612, ""NN+2opt"": 2.3677967787319165, ""PSO"": 2.5671350543084985, ""Raw"": 3.5475861051008586}, ""priority"": [""Raw"", ""NN+2opt"", ""ACO"", ""DE"", ""PSO""], ""tie_tolerance_km"": 1e-12}"
10,Raw,0,3.5475861051008586,0.0001333800610154,1,True,,"[0, 1, 2, 3, 4, 5, 6, 7, 8, 9, 10]",{}
10,ACO,1,2.3140252728719384,4.376083430019207,7500,True,,"[3, 7, 10, 8, 6, 2, 4, 5, 9, 0, 1]","{""alpha"": 1.0, ""beta"": 2.0, ""evaluation_budget"": 7500, ""evaporation"": 0.5, ""population"": 50}"
10,ACO×3,1,2.284792664659961,13.278315495001152,22500,True,ACO stream 2,"[3, 7, 10, 8, 6, 2, 4, 9, 5, 0, 1]","{""candidate_lengths_km"": [2.3140252728719384, 2.2847926646599612, 2.3140252728719384], ""candidate_seeds"": [1, 21, 41], ""tie_tolerance_km"": 1e-12}"
10,DE,1,2.284792664659961,0.7689984389580786,7500,True,,"[3, 7, 10, 8, 6, 2, 4, 9, 5, 0, 1]",{}
10,NN+2opt,1,2.3677967787319165,0.0011245369678363,115,True,,"[3, 6, 2, 1, 0, 4, 5, 9, 8, 10, 7]",{}
10,PSO,1,2.3677967787319165,0.0840599399525672,7500,True,,"[3, 6, 2, 1, 0, 4, 5, 9, 8, 10, 7]",{}
10,Portfolio,1,2.284792664659961,5.230438119848259,22616,True,DE,"[3, 7, 10, 8, 6, 2, 4, 9, 5, 0, 1]","{""candidate_evaluations"": {""ACO"": 7500, ""DE"": 7500, ""NN+2opt"": 115, ""PSO"": 7500, ""Raw"": 1}, ""candidate_lengths_km"": {""ACO"": 2.3140252728719384, ""DE"": 2.2847926646599612, ""NN+2opt"": 2.3677967787319165, ""PSO"": 2.3677967787319165, ""Raw"": 3.5475861051008586}, ""priority"": [""Raw"", ""NN+2opt"", ""ACO"", ""DE"", ""PSO""], ""tie_tolerance_km"": 1e-12}"
10,Raw,1,3.5475861051008586,0.0001626299927011,1,True,,"[0, 1, 2, 3, 4, 5, 6, 7, 8, 9, 10]",{}
10,ACO,2,2.284792664659961,4.474586938042194,7500,True,,"[1, 0, 5, 9, 4, 2, 6, 8, 10, 7, 3]","{""alpha"": 1.0, ""beta"": 2.0, ""evaluation_budget"": 7500, ""evaporation"": 0.5, ""population"": 50}"
10,ACO×3,2,2.284792664659961,13.390720155090094,22500,True,ACO stream 1,"[1, 0, 5, 9, 4, 2, 6, 8, 10, 7, 3]","{""candidate_lengths_km"": [2.2847926646599612, 2.2847926646599612, 2.2847926646599612], ""candidate_seeds"": [2, 22, 42], ""tie_tolerance_km"": 1e-12}"
10,DE,2,2.284792664659961,0.7801037860335782,7500,True,,"[3, 7, 10, 8, 6, 2, 4, 9, 5, 0, 1]",{}
10,NN+2opt,2,2.3677967787319165,0.0011428189463913,115,True,,"[3, 6, 2, 1, 0, 4, 5, 9, 8, 10, 7]",{}
10,PSO,2,2.591194742068581,0.0817641139728948,7500,True,,"[7, 8, 6, 2, 4, 9, 5, 0, 1, 10, 3]",{}
10,Portfolio,2,2.284792664659961,5.337743309093639,22616,True,ACO,"[1, 0, 5, 9, 4, 2, 6, 8, 10, 7, 3]","{""candidate_evaluations"": {""ACO"": 7500, ""DE"": 7500, ""NN+2opt"": 115, ""PSO"": 7500, ""Raw"": 1}, ""candidate_lengths_km"": {""ACO"": 2.2847926646599612, ""DE"": 2.2847926646599612, ""NN+2opt"": 2.3677967787319165, ""PSO"": 2.5911947420685815, ""Raw"": 3.5475861051008586}, ""priority"": [""Raw"", ""NN+2opt"", ""ACO"", ""DE"", ""PSO""], ""tie_tolerance_km"": 1e-12}"
10,Raw,2,3.5475861051008586,0.0001374140847474,1,True,,"[0, 1, 2, 3, 4, 5, 6, 7, 8, 9, 10]",{}
10,ACO,3,2.3140252728719384,4.460929748951457,7500,True,,"[3, 7, 10, 8, 6, 2, 4, 5, 9, 0, 1]","{""alpha"": 1.0, ""beta"": 2.0, ""evaluation_budget"": 7500, ""evaporation"": 0.5, ""population"": 50}"
10,ACO×3,3,2.284792664659961,13.23755907593295,22500,True,ACO stream 3,"[3, 7, 10, 8, 6, 2, 4, 9, 5, 0, 1]","{""candidate_lengths_km"": [2.3140252728719384, 2.3140252728719384, 2.2847926646599612], ""candidate_seeds"": [3, 23, 43], ""tie_tolerance_km"": 1e-12}"
10,DE,3,2.3245474686418053,0.7628176440484822,7500,True,,"[0, 1, 2, 4, 5, 9, 6, 8, 10, 7, 3]",{}
10,NN+2opt,3,2.3677967787319165,0.001118809916079,115,True,,"[3, 6, 2, 1, 0, 4, 5, 9, 8, 10, 7]",{}
10,PSO,3,2.39158387027688,0.0821782749844715,7500,True,,"[3, 7, 10, 8, 6, 2, 1, 0, 5, 9, 4]",{}
10,Portfolio,3,2.3140252728719384,5.30718628782779,22616,True,ACO,"[3, 7, 10, 8, 6, 2, 4, 5, 9, 0, 1]","{""candidate_evaluations"": {""ACO"": 7500, ""DE"": 7500, ""NN+2opt"": 115, ""PSO"": 7500, ""Raw"": 1}, ""candidate_lengths_km"": {""ACO"": 2.3140252728719384, ""DE"": 2.3245474686418053, ""NN+2opt"": 2.3677967787319165, ""PSO"": 2.39158387027688, ""Raw"": 3.5475861051008586}, ""priority"": [""Raw"", ""NN+2opt"", ""ACO"", ""DE"", ""PSO""], ""tie_tolerance_km"": 1e-12}"
10,Raw,3,3.5475861051008586,0.0001340069575235,1,True,,"[0, 1, 2, 3, 4, 5, 6, 7, 8, 9, 10]",{}
10,ACO,4,2.3140252728719384,4.480029069003649,7500,True,,"[3, 7, 10, 8, 6, 2, 4, 5, 9, 0, 1]","{""alpha"": 1.0, ""beta"": 2.0, ""evaluation_budget"": 7500, ""evaporation"": 0.5, ""population"": 50}"
10,ACO×3,4,2.284792664659961,13.46599167806562,22500,True,ACO stream 2,"[3, 7, 10, 8, 6, 2, 4, 9, 5, 0, 1]","{""candidate_lengths_km"": [2.3140252728719384, 2.2847926646599612, 2.3140252728719384], ""candidate_seeds"": [4, 24, 44], ""tie_tolerance_km"": 1e-12}"
10,DE,4,2.3245474686418053,0.8044743690406904,7500,True,,"[0, 1, 2, 4, 5, 9, 6, 8, 10, 7, 3]",{}
10,NN+2opt,4,2.3677967787319165,0.0011150370119139,115,True,,"[3, 6, 2, 1, 0, 4, 5, 9, 8, 10, 7]",{}
10,PSO,4,2.284792664659961,0.0842650479171425,7500,True,,"[1, 0, 5, 9, 4, 2, 6, 8, 10, 7, 3]",{}
10,Portfolio,4,2.284792664659961,5.370028459932655,22616,True,PSO,"[1, 0, 5, 9, 4, 2, 6, 8, 10, 7, 3]","{""candidate_evaluations"": {""ACO"": 7500, ""DE"": 7500, ""NN+2opt"": 115, ""PSO"": 7500, ""Raw"": 1}, ""candidate_lengths_km"": {""ACO"": 2.3140252728719384, ""DE"": 2.3245474686418053, ""NN+2opt"": 2.3677967787319165, ""PSO"": 2.2847926646599612, ""Raw"": 3.5475861051008586}, ""priority"": [""Raw"", ""NN+2opt"", ""ACO"", ""DE"", ""PSO""], ""tie_tolerance_km"": 1e-12}"
10,Raw,4,3.5475861051008586,0.0001368620432913,1,True,,"[0, 1, 2, 3, 4, 5, 6, 7, 8, 9, 10]",{}
10,ACO,5,2.284792664659961,4.406301834038459,7500,True,,"[1, 0, 5, 9, 4, 2, 6, 8, 10, 7, 3]","{""alpha"": 1.0, ""beta"": 2.0, ""evaluation_budget"": 7500, ""evaporation"": 0.5, ""population"": 50}"
10,ACO×3,5,2.284792664659961,14.21221659204457,22500,True,ACO stream 1,"[1, 0, 5, 9, 4, 2, 6, 8, 10, 7, 3]","{""candidate_lengths_km"": [2.2847926646599612, 2.2847926646599612, 2.2847926646599612], ""candidate_seeds"": [5, 25, 45], ""tie_tolerance_km"": 1e-12}"
10,DE,5,2.284792664659961,0.7735413110349327,7500,True,,"[3, 7, 10, 8, 6, 2, 4, 9, 5, 0, 1]",{}
10,NN+2opt,5,2.3677967787319165,0.001101917005144,115,True,,"[3, 6, 2, 1, 0, 4, 5, 9, 8, 10, 7]",{}
10,PSO,5,2.335488636909776,0.0813113080803304,7500,True,,"[0, 1, 2, 4, 5, 9, 8, 10, 7, 3, 6]",{}
10,Portfolio,5,2.284792664659961,5.262400365201756,22616,True,ACO,"[1, 0, 5, 9, 4, 2, 6, 8, 10, 7, 3]","{""candidate_evaluations"": {""ACO"": 7500, ""DE"": 7500, ""NN+2opt"": 115, ""PSO"": 7500, ""Raw"": 1}, ""candidate_lengths_km"": {""ACO"": 2.2847926646599612, ""DE"": 2.2847926646599612, ""NN+2opt"": 2.3677967787319165, ""PSO"": 2.335488636909776, ""Raw"": 3.5475861051008586}, ""priority"": [""Raw"", ""NN+2opt"", ""ACO"", ""DE"", ""PSO""], ""tie_tolerance_km"": 1e-12}"
10,Raw,5,3.5475861051008586,0.0001354630803689,1,True,,"[0, 1, 2, 3, 4, 5, 6, 7, 8, 9, 10]",{}
10,ACO,6,2.3140252728719384,4.802967356983572,7500,True,,"[3, 7, 10, 8, 6, 2, 4, 5, 9, 0, 1]","{""alpha"": 1.0, ""beta"": 2.0, ""evaluation_budget"": 7500, ""evaporation"": 0.5, ""population"": 50}"
10,ACO×3,6,2.284792664659961,13.680094940937124,22500,True,ACO stream 2,"[1, 0, 5, 9, 4, 2, 6, 8, 10, 7, 3]","{""candidate_lengths_km"": [2.3140252728719384, 2.2847926646599612, 2.3140252728719384], ""candidate_seeds"": [6, 26, 46], ""tie_tolerance_km"": 1e-12}"
10,DE,6,2.284792664659961,0.7603591131046414,7500,True,,"[3, 7, 10, 8, 6, 2, 4, 9, 5, 0, 1]",{}
10,NN+2opt,6,2.3677967787319165,0.0011257980950176,115,True,,"[3, 6, 2, 1, 0, 4, 5, 9, 8, 10, 7]",{}
10,PSO,6,2.377751637481209,0.084033939987421,7500,True,,"[3, 7, 10, 8, 9, 5, 4, 0, 1, 2, 6]",{}
10,Portfolio,6,2.284792664659961,5.648629382136278,22616,True,DE,"[3, 7, 10, 8, 6, 2, 4, 9, 5, 0, 1]","{""candidate_evaluations"": {""ACO"": 7500, ""DE"": 7500, ""NN+2opt"": 115, ""PSO"": 7500, ""Raw"": 1}, ""candidate_lengths_km"": {""ACO"": 2.3140252728719384, ""DE"": 2.2847926646599612, ""NN+2opt"": 2.3677967787319165, ""PSO"": 2.3777516374812095, ""Raw"": 3.5475861051008586}, ""priority"": [""Raw"", ""NN+2opt"", ""ACO"", ""DE"", ""PSO""], ""tie_tolerance_km"": 1e-12}"
10,Raw,6,3.5475861051008586,0.0001357030123472,1,True,,"[0, 1, 2, 3, 4, 5, 6, 7, 8, 9, 10]",{}
10,ACO,7,2.3140252728719384,5.014308240031824,7500,True,,"[3, 7, 10, 8, 6, 2, 4, 5, 9, 0, 1]","{""alpha"": 1.0, ""beta"": 2.0, ""evaluation_budget"": 7500, ""evaporation"": 0.5, ""population"": 50}"
10,ACO×3,7,2.284792664659961,14.00079112208914,22500,True,ACO stream 2,"[3, 7, 10, 8, 6, 2, 4, 9, 5, 0, 1]","{""candidate_lengths_km"": [2.3140252728719384, 2.2847926646599612, 2.3140252728719384], ""candidate_seeds"": [7, 27, 47], ""tie_tolerance_km"": 1e-12}"
10,DE,7,2.284792664659961,0.8032722760690376,7500,True,,"[3, 7, 10, 8, 6, 2, 4, 9, 5, 0, 1]",{}
10,NN+2opt,7,2.3677967787319165,0.0011340728960931,115,True,,"[3, 6, 2, 1, 0, 4, 5, 9, 8, 10, 7]",{}
10,PSO,7,2.598168740572626,0.0914477630285546,7500,True,,"[7, 8, 6, 4, 9, 5, 0, 1, 2, 10, 3]",{}
10,Portfolio,7,2.284792664659961,5.910307312966324,22616,True,DE,"[3, 7, 10, 8, 6, 2, 4, 9, 5, 0, 1]","{""candidate_evaluations"": {""ACO"": 7500, ""DE"": 7500, ""NN+2opt"": 115, ""PSO"": 7500, ""Raw"": 1}, ""candidate_lengths_km"": {""ACO"": 2.3140252728719384, ""DE"": 2.2847926646599612, ""NN+2opt"": 2.3677967787319165, ""PSO"": 2.598168740572626, ""Raw"": 3.5475861051008586}, ""priority"": [""Raw"", ""NN+2opt"", ""ACO"", ""DE"", ""PSO""], ""tie_tolerance_km"": 1e-12}"
10,Raw,7,3.5475861051008586,0.0001366069773212,1,True,,"[0, 1, 2, 3, 4, 5, 6, 7, 8, 9, 10]",{}
10,ACO,8,2.284792664659961,4.663482696982101,7500,True,,"[3, 7, 10, 8, 6, 2, 4, 9, 5, 0, 1]","{""alpha"": 1.0, ""beta"": 2.0, ""evaluation_budget"": 7500, ""evaporation"": 0.5, ""population"": 50}"
10,ACO×3,8,2.284792664659961,13.693280878826044,22500,True,ACO stream 1,"[3, 7, 10, 8, 6, 2, 4, 9, 5, 0, 1]","{""candidate_lengths_km"": [2.2847926646599612, 2.2847926646599612, 2.3140252728719384], ""candidate_seeds"": [8, 28, 48], ""tie_tolerance_km"": 1e-12}"
10,DE,8,2.284792664659961,0.7897435099584982,7500,True,,"[1, 0, 5, 9, 4, 2, 6, 8, 10, 7, 3]",{}
10,NN+2opt,8,2.3677967787319165,0.001189254107885,115,True,,"[3, 6, 2, 1, 0, 4, 5, 9, 8, 10, 7]",{}
10,PSO,8,2.3245474686418053,0.0846524910302832,7500,True,,"[0, 1, 2, 4, 5, 9, 6, 8, 10, 7, 3]",{}
10,Portfolio,8,2.284792664659961,5.539305932121351,22616,True,ACO,"[3, 7, 10, 8, 6, 2, 4, 9, 5, 0, 1]","{""candidate_evaluations"": {""ACO"": 7500, ""DE"": 7500, ""NN+2opt"": 115, ""PSO"": 7500, ""Raw"": 1}, ""candidate_lengths_km"": {""ACO"": 2.2847926646599612, ""DE"": 2.2847926646599612, ""NN+2opt"": 2.3677967787319165, ""PSO"": 2.3245474686418053, ""Raw"": 3.5475861051008586}, ""priority"": [""Raw"", ""NN+2opt"", ""ACO"", ""DE"", ""PSO""], ""tie_tolerance_km"": 1e-12}"
10,Raw,8,3.5475861051008586,0.0002289300318807,1,True,,"[0, 1, 2, 3, 4, 5, 6, 7, 8, 9, 10]",{}
10,ACO,9,2.284792664659961,4.4849943080917,7500,True,,"[3, 7, 10, 8, 6, 2, 4, 9, 5, 0, 1]","{""alpha"": 1.0, ""beta"": 2.0, ""evaluation_budget"": 7500, ""evaporation"": 0.5, ""population"": 50}"
10,ACO×3,9,2.284792664659961,13.36670903605409,22500,True,ACO stream 1,"[3, 7, 10, 8, 6, 2, 4, 9, 5, 0, 1]","{""candidate_lengths_km"": [2.2847926646599612, 2.2847926646599612, 2.2847926646599612], ""candidate_seeds"": [9, 29, 49], ""tie_tolerance_km"": 1e-12}"
10,DE,9,2.3245474686418053,0.7749912500148639,7500,True,,"[0, 1, 2, 4, 5, 9, 6, 8, 10, 7, 3]",{}
10,NN+2opt,9,2.3677967787319165,0.0011199240107089,115,True,,"[3, 6, 2, 1, 0, 4, 5, 9, 8, 10, 7]",{}
10,PSO,9,2.4002606403885176,0.0910246479324996,7500,True,,"[7, 10, 8, 2, 4, 9, 5, 0, 1, 6, 3]",{}
10,Portfolio,9,2.284792664659961,5.352280687075108,22616,True,ACO,"[3, 7, 10, 8, 6, 2, 4, 9, 5, 0, 1]","{""candidate_evaluations"": {""ACO"": 7500, ""DE"": 7500, ""NN+2opt"": 115, ""PSO"": 7500, ""Raw"": 1}, ""candidate_lengths_km"": {""ACO"": 2.2847926646599612, ""DE"": 2.3245474686418053, ""NN+2opt"": 2.3677967787319165, ""PSO"": 2.4002606403885176, ""Raw"": 3.5475861051008586}, ""priority"": [""Raw"", ""NN+2opt"", ""ACO"", ""DE"", ""PSO""], ""tie_tolerance_km"": 1e-12}"
10,Raw,9,3.5475861051008586,0.000142007949762,1,True,,"[0, 1, 2, 3, 4, 5, 6, 7, 8, 9, 10]",{}
10,ACO,10,2.284792664659961,4.616626193979755,7500,True,,"[3, 7, 10, 8, 6, 2, 4, 9, 5, 0, 1]","{""alpha"": 1.0, ""beta"": 2.0, ""evaluation_budget"": 7500, ""evaporation"": 0.5, ""population"": 50}"
10,ACO×3,10,2.284792664659961,13.77199708193075,22500,True,ACO stream 1,"[3, 7, 10, 8, 6, 2, 4, 9, 5, 0, 1]","{""candidate_lengths_km"": [2.2847926646599612, 2.2847926646599612, 2.3140252728719384], ""candidate_seeds"": [10, 30, 50], ""tie_tolerance_km"": 1e-12}"
10,DE,10,2.3245474686418053,0.7924887839471921,7500,True,,"[0, 1, 2, 4, 5, 9, 6, 8, 10, 7, 3]",{}
10,NN+2opt,10,2.3677967787319165,0.001139661995694,115,True,,"[3, 6, 2, 1, 0, 4, 5, 9, 8, 10, 7]",{}
10,PSO,10,2.465941936375354,0.0882600599434226,7500,True,,"[3, 2, 1, 0, 5, 9, 4, 6, 8, 10, 7]",{}
10,Portfolio,10,2.284792664659961,5.498661455931142,22616,True,ACO,"[3, 7, 10, 8, 6, 2, 4, 9, 5, 0, 1]","{""candidate_evaluations"": {""ACO"": 7500, ""DE"": 7500, ""NN+2opt"": 115, ""PSO"": 7500, ""Raw"": 1}, ""candidate_lengths_km"": {""ACO"": 2.2847926646599612, ""DE"": 2.3245474686418053, ""NN+2opt"": 2.3677967787319165, ""PSO"": 2.465941936375354, ""Raw"": 3.5475861051008586}, ""priority"": [""Raw"", ""NN+2opt"", ""ACO"", ""DE"", ""PSO""], ""tie_tolerance_km"": 1e-12}"
10,Raw,10,3.5475861051008586,0.000137971015647,1,True,,"[0, 1, 2, 3, 4, 5, 6, 7, 8, 9, 10]",{}
10,ACO,11,2.284792664659961,4.673281410941854,7500,True,,"[3, 7, 10, 8, 6, 2, 4, 9, 5, 0, 1]","{""alpha"": 1.0, ""beta"": 2.0, ""evaluation_budget"": 7500, ""evaporation"": 0.5, ""population"": 50}"
10,ACO×3,11,2.284792664659961,13.651647613034584,22500,True,ACO stream 1,"[3, 7, 10, 8, 6, 2, 4, 9, 5, 0, 1]","{""candidate_lengths_km"": [2.2847926646599612, 2.2847926646599612, 2.3140252728719384], ""candidate_seeds"": [11, 31, 51], ""tie_tolerance_km"": 1e-12}"
10,DE,11,2.284792664659961,1.0334859350696206,7500,True,,"[3, 7, 10, 8, 6, 2, 4, 9, 5, 0, 1]",{}
10,NN+2opt,11,2.3677967787319165,0.0011790439020842,115,True,,"[3, 6, 2, 1, 0, 4, 5, 9, 8, 10, 7]",{}
10,PSO,11,2.617894007280725,0.0832698730519041,7500,True,,"[4, 5, 9, 8, 10, 7, 3, 6, 2, 1, 0]",{}
10,Portfolio,11,2.284792664659961,5.791365619050339,22616,True,ACO,"[3, 7, 10, 8, 6, 2, 4, 9, 5, 0, 1]","{""candidate_evaluations"": {""ACO"": 7500, ""DE"": 7500, ""NN+2opt"": 115, ""PSO"": 7500, ""Raw"": 1}, ""candidate_lengths_km"": {""ACO"": 2.2847926646599612, ""DE"": 2.2847926646599612, ""NN+2opt"": 2.3677967787319165, ""PSO"": 2.617894007280725, ""Raw"": 3.5475861051008586}, ""priority"": [""Raw"", ""NN+2opt"", ""ACO"", ""DE"", ""PSO""], ""tie_tolerance_km"": 1e-12}"
10,Raw,11,3.5475861051008586,0.0001362899783998,1,True,,"[0, 1, 2, 3, 4, 5, 6, 7, 8, 9, 10]",{}
10,ACO,12,2.3140252728719384,4.772051410051063,7500,True,,"[3, 7, 10, 8, 6, 2, 4, 5, 9, 0, 1]","{""alpha"": 1.0, ""beta"": 2.0, ""evaluation_budget"": 7500, ""evaporation"": 0.5, ""population"": 50}"
10,ACO×3,12,2.284792664659961,13.882294266019017,22500,True,ACO stream 3,"[3, 7, 10, 8, 6, 2, 4, 9, 5, 0, 1]","{""candidate_lengths_km"": [2.3140252728719384, 2.3140252728719384, 2.2847926646599612], ""candidate_seeds"": [12, 32, 52], ""tie_tolerance_km"": 1e-12}"
10,DE,12,2.284792664659961,0.7900016730418429,7500,True,,"[3, 7, 10, 8, 6, 2, 4, 9, 5, 0, 1]",{}
10,NN+2opt,12,2.3677967787319165,0.0011279010213911,115,True,,"[3, 6, 2, 1, 0, 4, 5, 9, 8, 10, 7]",{}
10,PSO,12,2.5184634607562773,0.0854983079480007,7500,True,,"[10, 8, 2, 1, 0, 5, 9, 4, 6, 3, 7]",{}
10,Portfolio,12,2.284792664659961,5.648866320145316,22616,True,DE,"[3, 7, 10, 8, 6, 2, 4, 9, 5, 0, 1]","{""candidate_evaluations"": {""ACO"": 7500, ""DE"": 7500, ""NN+2opt"": 115, ""PSO"": 7500, ""Raw"": 1}, ""candidate_lengths_km"": {""ACO"": 2.3140252728719384, ""DE"": 2.2847926646599612, ""NN+2opt"": 2.3677967787319165, ""PSO"": 2.5184634607562773, ""Raw"": 3.5475861051008586}, ""priority"": [""Raw"", ""NN+2opt"", ""ACO"", ""DE"", ""PSO""], ""tie_tolerance_km"": 1e-12}"
10,Raw,12,3.5475861051008586,0.0001790690002962,1,True,,"[0, 1, 2, 3, 4, 5, 6, 7, 8, 9, 10]",{}
10,ACO,13,2.284792664659961,5.255120287998579,7500,True,,"[3, 7, 10, 8, 6, 2, 4, 9, 5, 0, 1]","{""alpha"": 1.0, ""beta"": 2.0, ""evaluation_budget"": 7500, ""evaporation"": 0.5, ""population"": 50}"
10,ACO×3,13,2.284792664659961,14.27792825200595,22500,True,ACO stream 1,"[3, 7, 10, 8, 6, 2, 4, 9, 5, 0, 1]","{""candidate_lengths_km"": [2.2847926646599612, 2.2847926646599612, 2.2847926646599612], ""candidate_seeds"": [13, 33, 53], ""tie_tolerance_km"": 1e-12}"
10,DE,13,2.284792664659961,0.7942481039790437,7500,True,,"[3, 7, 10, 8, 6, 2, 4, 9, 5, 0, 1]",{}
10,NN+2opt,13,2.3677967787319165,0.0011291069677099,115,True,,"[3, 6, 2, 1, 0, 4, 5, 9, 8, 10, 7]",{}
10,PSO,13,2.284792664659961,0.0825911540305242,7500,True,,"[3, 7, 10, 8, 6, 2, 4, 9, 5, 0, 1]",{}
10,Portfolio,13,2.284792664659961,6.133232239983045,22616,True,ACO,"[3, 7, 10, 8, 6, 2, 4, 9, 5, 0, 1]","{""candidate_evaluations"": {""ACO"": 7500, ""DE"": 7500, ""NN+2opt"": 115, ""PSO"": 7500, ""Raw"": 1}, ""candidate_lengths_km"": {""ACO"": 2.2847926646599612, ""DE"": 2.2847926646599612, ""NN+2opt"": 2.3677967787319165, ""PSO"": 2.2847926646599612, ""Raw"": 3.5475861051008586}, ""priority"": [""Raw"", ""NN+2opt"", ""ACO"", ""DE"", ""PSO""], ""tie_tolerance_km"": 1e-12}"
10,Raw,13,3.5475861051008586,0.0001343480544164,1,True,,"[0, 1, 2, 3, 4, 5, 6, 7, 8, 9, 10]",{}
10,ACO,14,2.284792664659961,4.539880088996142,7500,True,,"[3, 7, 10, 8, 6, 2, 4, 9, 5, 0, 1]","{""alpha"": 1.0, ""beta"": 2.0, ""evaluation_budget"": 7500, ""evaporation"": 0.5, ""population"": 50}"
10,ACO×3,14,2.284792664659961,13.37207384686917,22500,True,ACO stream 1,"[3, 7, 10, 8, 6, 2, 4, 9, 5, 0, 1]","{""candidate_lengths_km"": [2.2847926646599612, 2.2847926646599612, 2.2847926646599612], ""candidate_seeds"": [14, 34, 54], ""tie_tolerance_km"": 1e-12}"
10,DE,14,2.284792664659961,0.7747838550712913,7500,True,,"[3, 7, 10, 8, 6, 2, 4, 9, 5, 0, 1]",{}
10,NN+2opt,14,2.3677967787319165,0.0011116450186818,115,True,,"[3, 6, 2, 1, 0, 4, 5, 9, 8, 10, 7]",{}
10,PSO,14,2.3533269215435557,0.0821969979442656,7500,True,,"[2, 4, 9, 5, 0, 1, 6, 8, 10, 7, 3]",{}
10,Portfolio,14,2.284792664659961,5.398116905009374,22616,True,ACO,"[3, 7, 10, 8, 6, 2, 4, 9, 5, 0, 1]","{""candidate_evaluations"": {""ACO"": 7500, ""DE"": 7500, ""NN+2opt"": 115, ""PSO"": 7500, ""Raw"": 1}, ""candidate_lengths_km"": {""ACO"": 2.2847926646599612, ""DE"": 2.2847926646599612, ""NN+2opt"": 2.3677967787319165, ""PSO"": 2.3533269215435553, ""Raw"": 3.5475861051008586}, ""priority"": [""Raw"", ""NN+2opt"", ""ACO"", ""DE"", ""PSO""], ""tie_tolerance_km"": 1e-12}"
10,Raw,14,3.5475861051008586,0.0001359479501843,1,True,,"[0, 1, 2, 3, 4, 5, 6, 7, 8, 9, 10]",{}
10,ACO,15,2.284792664659961,4.6949896269943565,7500,True,,"[3, 7, 10, 8, 6, 2, 4, 9, 5, 0, 1]","{""alpha"": 1.0, ""beta"": 2.0, ""evaluation_budget"": 7500, ""evaporation"": 0.5, ""population"": 50}"
10,ACO×3,15,2.284792664659961,13.79311592504382,22500,True,ACO stream 1,"[3, 7, 10, 8, 6, 2, 4, 9, 5, 0, 1]","{""candidate_lengths_km"": [2.2847926646599612, 2.2847926646599612, 2.2847926646599612], ""candidate_seeds"": [15, 35, 55], ""tie_tolerance_km"": 1e-12}"
10,DE,15,2.3245474686418053,0.8080740750301629,7500,True,,"[0, 1, 2, 4, 5, 9, 6, 8, 10, 7, 3]",{}
10,NN+2opt,15,2.3677967787319165,0.0011347599793225,115,True,,"[3, 6, 2, 1, 0, 4, 5, 9, 8, 10, 7]",{}
10,PSO,15,2.284792664659961,0.086109593976289,7500,True,,"[3, 7, 10, 8, 6, 2, 4, 9, 5, 0, 1]",{}
10,Portfolio,15,2.284792664659961,5.590459846891463,22616,True,ACO,"[3, 7, 10, 8, 6, 2, 4, 9, 5, 0, 1]","{""candidate_evaluations"": {""ACO"": 7500, ""DE"": 7500, ""NN+2opt"": 115, ""PSO"": 7500, ""Raw"": 1}, ""candidate_lengths_km"": {""ACO"": 2.2847926646599612, ""DE"": 2.3245474686418053, ""NN+2opt"": 2.3677967787319165, ""PSO"": 2.2847926646599612, ""Raw"": 3.5475861051008586}, ""priority"": [""Raw"", ""NN+2opt"", ""ACO"", ""DE"", ""PSO""], ""tie_tolerance_km"": 1e-12}"
10,Raw,15,3.5475861051008586,0.0001433459110558,1,True,,"[0, 1, 2, 3, 4, 5, 6, 7, 8, 9, 10]",{}
10,ACO,16,2.284792664659961,4.695118848001584,7500,True,,"[3, 7, 10, 8, 6, 2, 4, 9, 5, 0, 1]","{""alpha"": 1.0, ""beta"": 2.0, ""evaluation_budget"": 7500, ""evaporation"": 0.5, ""population"": 50}"
10,ACO×3,16,2.284792664659961,13.73815117799677,22500,True,ACO stream 1,"[3, 7, 10, 8, 6, 2, 4, 9, 5, 0, 1]","{""candidate_lengths_km"": [2.2847926646599612, 2.3140252728719384, 2.3140252728719384], ""candidate_seeds"": [16, 36, 56], ""tie_tolerance_km"": 1e-12}"
10,DE,16,2.284792664659961,0.7894123570295051,7500,True,,"[1, 0, 5, 9, 4, 2, 6, 8, 10, 7, 3]",{}
10,NN+2opt,16,2.3677967787319165,0.0011422850657254,115,True,,"[3, 6, 2, 1, 0, 4, 5, 9, 8, 10, 7]",{}
10,PSO,16,2.6017632776870507,0.0834834070410579,7500,True,,"[0, 2, 6, 3, 7, 10, 8, 9, 5, 4, 1]",{}
10,Portfolio,16,2.284792664659961,5.56930105003994,22616,True,ACO,"[3, 7, 10, 8, 6, 2, 4, 9, 5, 0, 1]","{""candidate_evaluations"": {""ACO"": 7500, ""DE"": 7500, ""NN+2opt"": 115, ""PSO"": 7500, ""Raw"": 1}, ""candidate_lengths_km"": {""ACO"": 2.2847926646599612, ""DE"": 2.2847926646599612, ""NN+2opt"": 2.3677967787319165, ""PSO"": 2.6017632776870507, ""Raw"": 3.5475861051008586}, ""priority"": [""Raw"", ""NN+2opt"", ""ACO"", ""DE"", ""PSO""], ""tie_tolerance_km"": 1e-12}"
10,Raw,16,3.5475861051008586,0.0001345549244433,1,True,,"[0, 1, 2, 3, 4, 5, 6, 7, 8, 9, 10]",{}
10,ACO,17,2.3140252728719384,5.161592137999833,7500,True,,"[3, 7, 10, 8, 6, 2, 4, 5, 9, 0, 1]","{""alpha"": 1.0, ""beta"": 2.0, ""evaluation_budget"": 7500, ""evaporation"": 0.5, ""population"": 50}"
10,ACO×3,17,2.284792664659961,14.404967625043357,22500,True,ACO stream 3,"[3, 7, 10, 8, 6, 2, 4, 9, 5, 0, 1]","{""candidate_lengths_km"": [2.3140252728719384, 2.3140252728719384, 2.2847926646599612], ""candidate_seeds"": [17, 37, 57], ""tie_tolerance_km"": 1e-12}"
10,DE,17,2.284792664659961,0.7923688420560211,7500,True,,"[3, 7, 10, 8, 6, 2, 4, 9, 5, 0, 1]",{}
10,NN+2opt,17,2.3677967787319165,0.0010966450208798,115,True,,"[3, 6, 2, 1, 0, 4, 5, 9, 8, 10, 7]",{}
10,PSO,17,2.3245474686418053,0.0864739479729905,7500,True,,"[0, 1, 2, 4, 5, 9, 6, 8, 10, 7, 3]",{}
10,Portfolio,17,2.284792664659961,6.041670871083625,22616,True,DE,"[3, 7, 10, 8, 6, 2, 4, 9, 5, 0, 1]","{""candidate_evaluations"": {""ACO"": 7500, ""DE"": 7500, ""NN+2opt"": 115, ""PSO"": 7500, ""Raw"": 1}, ""candidate_lengths_km"": {""ACO"": 2.3140252728719384, ""DE"": 2.2847926646599612, ""NN+2opt"": 2.3677967787319165, ""PSO"": 2.3245474686418053, ""Raw"": 3.5475861051008586}, ""priority"": [""Raw"", ""NN+2opt"", ""ACO"", ""DE"", ""PSO""], ""tie_tolerance_km"": 1e-12}"
10,Raw,17,3.5475861051008586,0.0001311140367761,1,True,,"[0, 1, 2, 3, 4, 5, 6, 7, 8, 9, 10]",{}
10,ACO,18,2.284792664659961,4.713842579047196,7500,True,,"[1, 0, 5, 9, 4, 2, 6, 8, 10, 7, 3]","{""alpha"": 1.0, ""beta"": 2.0, ""evaluation_budget"": 7500, ""evaporation"": 0.5, ""population"": 50}"
10,ACO×3,18,2.284792664659961,13.878999312059022,22500,True,ACO stream 1,"[1, 0, 5, 9, 4, 2, 6, 8, 10, 7, 3]","{""candidate_lengths_km"": [2.2847926646599612, 2.3140252728719384, 2.3140252728719384], ""candidate_seeds"": [18, 38, 58], ""tie_tolerance_km"": 1e-12}"
10,DE,18,2.3245474686418053,0.7913959990255535,7500,True,,"[0, 1, 2, 4, 5, 9, 6, 8, 10, 7, 3]",{}
10,NN+2opt,18,2.3677967787319165,0.0011119919363409,115,True,,"[3, 6, 2, 1, 0, 4, 5, 9, 8, 10, 7]",{}
10,PSO,18,2.3533269215435557,0.0860281949862837,7500,True,,"[3, 7, 10, 8, 6, 1, 0, 5, 9, 4, 2]",{}
10,Portfolio,18,2.284792664659961,5.592525309883058,22616,True,ACO,"[1, 0, 5, 9, 4, 2, 6, 8, 10, 7, 3]","{""candidate_evaluations"": {""ACO"": 7500, ""DE"": 7500, ""NN+2opt"": 115, ""PSO"": 7500, ""Raw"": 1}, ""candidate_lengths_km"": {""ACO"": 2.2847926646599612, ""DE"": 2.3245474686418053, ""NN+2opt"": 2.3677967787319165, ""PSO"": 2.3533269215435553, ""Raw"": 3.5475861051008586}, ""priority"": [""Raw"", ""NN+2opt"", ""ACO"", ""DE"", ""PSO""], ""tie_tolerance_km"": 1e-12}"
10,Raw,18,3.5475861051008586,0.0001377529697492,1,True,,"[0, 1, 2, 3, 4, 5, 6, 7, 8, 9, 10]",{}
10,ACO,19,2.3140252728719384,4.687462217058055,7500,True,,"[3, 7, 10, 8, 6, 2, 4, 5, 9, 0, 1]","{""alpha"": 1.0, ""beta"": 2.0, ""evaluation_budget"": 7500, ""evaporation"": 0.5, ""population"": 50}"
10,ACO×3,19,2.284792664659961,13.859179871156812,22500,True,ACO stream 2,"[3, 7, 10, 8, 6, 2, 4, 9, 5, 0, 1]","{""candidate_lengths_km"": [2.3140252728719384, 2.2847926646599612, 2.2847926646599612], ""candidate_seeds"": [19, 39, 59], ""tie_tolerance_km"": 1e-12}"
10,DE,19,2.284792664659961,0.7979802039917558,7500,True,,"[3, 7, 10, 8, 6, 2, 4, 9, 5, 0, 1]",{}
10,NN+2opt,19,2.3677967787319165,0.0011119559640064,115,True,,"[3, 6, 2, 1, 0, 4, 5, 9, 8, 10, 7]",{}
10,PSO,19,2.5302457479750173,0.0839708030689507,7500,True,,"[3, 7, 10, 2, 1, 0, 4, 5, 9, 8, 6]",{}
10,Portfolio,19,2.284792664659961,5.570665862993337,22616,True,DE,"[3, 7, 10, 8, 6, 2, 4, 9, 5, 0, 1]","{""candidate_evaluations"": {""ACO"": 7500, ""DE"": 7500, ""NN+2opt"": 115, ""PSO"": 7500, ""Raw"": 1}, ""candidate_lengths_km"": {""ACO"": 2.3140252728719384, ""DE"": 2.2847926646599612, ""NN+2opt"": 2.3677967787319165, ""PSO"": 2.5302457479750173, ""Raw"": 3.5475861051008586}, ""priority"": [""Raw"", ""NN+2opt"", ""ACO"", ""DE"", ""PSO""], ""tie_tolerance_km"": 1e-12}"
10,Raw,19,3.5475861051008586,0.0001315949484705,1,True,,"[0, 1, 2, 3, 4, 5, 6, 7, 8, 9, 10]",{}
11,ACO,0,2.724613222909853,4.560142231988721,7500,True,,"[0, 6, 7, 10, 8, 9, 4, 5, 3, 2, 1]","{""alpha"": 1.0, ""beta"": 2.0, ""evaluation_budget"": 7500, ""evaporation"": 0.5, ""population"": 50}"
11,ACO×3,0,2.694971670426138,13.324563445989044,22500,True,ACO stream 2,"[0, 1, 2, 3, 5, 4, 9, 8, 10, 7, 6]","{""candidate_lengths_km"": [2.724613222909853, 2.694971670426138, 2.724613222909853], ""candidate_seeds"": [0, 20, 40], ""tie_tolerance_km"": 1e-12}"
11,DE,0,2.7178088886007057,0.7549838230479509,7500,True,,"[1, 2, 3, 4, 5, 9, 8, 10, 7, 6, 0]",{}
11,NN+2opt,0,2.782425103851911,0.0014236930292099,176,True,,"[0, 1, 2, 3, 4, 5, 6, 9, 8, 10, 7]",{}
11,PSO,0,2.870452092415943,0.084166846005246,7500,True,,"[1, 2, 3, 6, 7, 10, 8, 9, 4, 5, 0]",{}
11,Portfolio,0,2.7178088886007057,5.400857589091174,22677,True,DE,"[1, 2, 3, 4, 5, 9, 8, 10, 7, 6, 0]","{""candidate_evaluations"": {""ACO"": 7500, ""DE"": 7500, ""NN+2opt"": 176, ""PSO"": 7500, ""Raw"": 1}, ""candidate_lengths_km"": {""ACO"": 2.724613222909853, ""DE"": 2.7178088886007057, ""NN+2opt"": 2.782425103851911, ""PSO"": 2.870452092415943, ""Raw"": 2.9001661773245435}, ""priority"": [""Raw"", ""NN+2opt"", ""ACO"", ""DE"", ""PSO""], ""tie_tolerance_km"": 1e-12}"
11,Raw,0,2.9001661773245435,0.0001328319776803,1,True,,"[0, 1, 2, 3, 4, 5, 6, 7, 8, 9, 10]",{}
11,ACO,1,2.8321930686067613,4.445767611963674,7500,True,,"[0, 1, 2, 3, 4, 5, 6, 8, 9, 10, 7]","{""alpha"": 1.0, ""beta"": 2.0, ""evaluation_budget"": 7500, ""evaporation"": 0.5, ""population"": 50}"
11,ACO×3,1,2.694971670426138,13.268317788024431,22500,True,ACO stream 2,"[0, 1, 2, 3, 5, 4, 9, 8, 10, 7, 6]","{""candidate_lengths_km"": [2.8321930686067613, 2.694971670426138, 2.694971670426138], ""candidate_seeds"": [1, 21, 41], ""tie_tolerance_km"": 1e-12}"
11,DE,1,2.688167336116991,0.7622521059820428,7500,True,,"[6, 7, 10, 8, 9, 5, 4, 3, 2, 1, 0]",{}
11,NN+2opt,1,2.782425103851911,0.0014380660140886,176,True,,"[0, 1, 2, 3, 4, 5, 6, 9, 8, 10, 7]",{}
11,PSO,1,2.7824251038519114,0.0827100250171497,7500,True,,"[7, 10, 8, 9, 6, 5, 4, 3, 2, 1, 0]",{}
11,Portfolio,1,2.688167336116991,5.29230994801037,22677,True,DE,"[6, 7, 10, 8, 9, 5, 4, 3, 2, 1, 0]","{""candidate_evaluations"": {""ACO"": 7500, ""DE"": 7500, ""NN+2opt"": 176, ""PSO"": 7500, ""Raw"": 1}, ""candidate_lengths_km"": {""ACO"": 2.8321930686067613, ""DE"": 2.688167336116991, ""NN+2opt"": 2.782425103851911, ""PSO"": 2.7824251038519114, ""Raw"": 2.9001661773245435}, ""priority"": [""Raw"", ""NN+2opt"", ""ACO"", ""DE"", ""PSO""], ""tie_tolerance_km"": 1e-12}"
11,Raw,1,2.9001661773245435,0.0001342180185019,1,True,,"[0, 1, 2, 3, 4, 5, 6, 7, 8, 9, 10]",{}
11,ACO,2,2.6881673361169907,4.3527196870418265,7500,True,,"[0, 1, 2, 3, 4, 5, 9, 8, 10, 7, 6]","{""alpha"": 1.0, ""beta"": 2.0, ""evaluation_budget"": 7500, ""evaporation"": 0.5, ""population"": 50}"
11,ACO×3,2,2.6881673361169907,13.11576110101305,22500,True,ACO stream 1,"[0, 1, 2, 3, 4, 5, 9, 8, 10, 7, 6]","{""candidate_lengths_km"": [2.6881673361169907, 2.8321930686067613, 2.7982154383869875], ""candidate_seeds"": [2, 22, 42], ""tie_tolerance_km"": 1e-12}"
11,DE,2,2.6881673361169907,0.7467106829863042,7500,True,,"[0, 1, 2, 3, 4, 5, 9, 8, 10, 7, 6]",{}
11,NN+2opt,2,2.782425103851911,0.001416836050339,176,True,,"[0, 1, 2, 3, 4, 5, 6, 9, 8, 10, 7]",{}
11,PSO,2,2.782425103851911,0.0827776599908247,7500,True,,"[0, 1, 2, 3, 4, 5, 6, 9, 8, 10, 7]",{}
11,Portfolio,2,2.6881673361169907,5.18376836006064,22677,True,ACO,"[0, 1, 2, 3, 4, 5, 9, 8, 10, 7, 6]","{""candidate_evaluations"": {""ACO"": 7500, ""DE"": 7500, ""NN+2opt"": 176, ""PSO"": 7500, ""Raw"": 1}, ""candidate_lengths_km"": {""ACO"": 2.6881673361169907, ""DE"": 2.6881673361169907, ""NN+2opt"": 2.782425103851911, ""PSO"": 2.782425103851911, ""Raw"": 2.9001661773245435}, ""priority"": [""Raw"", ""NN+2opt"", ""ACO"", ""DE"", ""PSO""], ""tie_tolerance_km"": 1e-12}"
11,Raw,2,2.9001661773245435,0.000134695903398,1,True,,"[0, 1, 2, 3, 4, 5, 6, 7, 8, 9, 10]",{}
11,ACO,3,2.782425103851911,4.438822429976426,7500,True,,"[0, 1, 2, 3, 4, 5, 6, 9, 8, 10, 7]","{""alpha"": 1.0, ""beta"": 2.0, ""evaluation_budget"": 7500, ""evaporation"": 0.5, ""population"": 50}"
11,ACO×3,3,2.782425103851911,13.266834028065205,22500,True,ACO stream 1,"[0, 1, 2, 3, 4, 5, 6, 9, 8, 10, 7]","{""candidate_lengths_km"": [2.782425103851911, 2.7854641086774925, 2.8589286493928547], ""candidate_seeds"": [3, 23, 43], ""tie_tolerance_km"": 1e-12}"
11,DE,3,2.6881673361169907,0.7751317949732766,7500,True,,"[0, 1, 2, 3, 4, 5, 9, 8, 10, 7, 6]",{}
11,NN+2opt,3,2.782425103851911,0.0014141149586066,176,True,,"[0, 1, 2, 3, 4, 5, 6, 9, 8, 10, 7]",{}
11,PSO,3,2.7178088886007057,0.0831313820090144,7500,True,,"[1, 2, 3, 4, 5, 9, 8, 10, 7, 6, 0]",{}
11,Portfolio,3,2.6881673361169907,5.298639103886671,22677,True,DE,"[0, 1, 2, 3, 4, 5, 9, 8, 10, 7, 6]","{""candidate_evaluations"": {""ACO"": 7500, ""DE"": 7500, ""NN+2opt"": 176, ""PSO"": 7500, ""Raw"": 1}, ""candidate_lengths_km"": {""ACO"": 2.782425103851911, ""DE"": 2.6881673361169907, ""NN+2opt"": 2.782425103851911, ""PSO"": 2.7178088886007057, ""Raw"": 2.9001661773245435}, ""priority"": [""Raw"", ""NN+2opt"", ""ACO"", ""DE"", ""PSO""], ""tie_tolerance_km"": 1e-12}"
11,Raw,3,2.9001661773245435,0.0001313219545409,1,True,,"[0, 1, 2, 3, 4, 5, 6, 7, 8, 9, 10]",{}
11,ACO,4,2.6881673361169907,4.429056201945059,7500,True,,"[0, 1, 2, 3, 4, 5, 9, 8, 10, 7, 6]","{""alpha"": 1.0, ""beta"": 2.0, ""evaluation_budget"": 7500, ""evaporation"": 0.5, ""population"": 50}"
11,ACO×3,4,2.6881673361169907,13.214987387880685,22500,True,ACO stream 1,"[0, 1, 2, 3, 4, 5, 9, 8, 10, 7, 6]","{""candidate_lengths_km"": [2.6881673361169907, 2.7982154383869875, 2.694971670426138], ""candidate_seeds"": [4, 24, 44], ""tie_tolerance_km"": 1e-12}"
11,DE,4,2.6881673361169907,0.7551828479627147,7500,True,,"[0, 1, 2, 3, 4, 5, 9, 8, 10, 7, 6]",{}
11,NN+2opt,4,2.782425103851911,0.0015283119864761,176,True,,"[0, 1, 2, 3, 4, 5, 6, 9, 8, 10, 7]",{}
11,PSO,4,2.9001661773245435,0.0810075990157201,7500,True,,"[0, 1, 2, 3, 4, 5, 6, 7, 8, 9, 10]",{}
11,Portfolio,4,2.6881673361169907,5.2669192048488185,22677,True,ACO,"[0, 1, 2, 3, 4, 5, 9, 8, 10, 7, 6]","{""candidate_evaluations"": {""ACO"": 7500, ""DE"": 7500, ""NN+2opt"": 176, ""PSO"": 7500, ""Raw"": 1}, ""candidate_lengths_km"": {""ACO"": 2.6881673361169907, ""DE"": 2.6881673361169907, ""NN+2opt"": 2.782425103851911, ""PSO"": 2.9001661773245435, ""Raw"": 2.9001661773245435}, ""priority"": [""Raw"", ""NN+2opt"", ""ACO"", ""DE"", ""PSO""], ""tie_tolerance_km"": 1e-12}"
11,Raw,4,2.9001661773245435,0.0001360679743811,1,True,,"[0, 1, 2, 3, 4, 5, 6, 7, 8, 9, 10]",{}
11,ACO,5,2.694971670426138,4.611882264027372,7500,True,,"[0, 1, 2, 3, 5, 4, 9, 8, 10, 7, 6]","{""alpha"": 1.0, ""beta"": 2.0, ""evaluation_budget"": 7500, ""evaporation"": 0.5, ""population"": 50}"
11,ACO×3,5,2.694971670426138,13.491390490089543,22500,True,ACO stream 1,"[0, 1, 2, 3, 5, 4, 9, 8, 10, 7, 6]","{""candidate_lengths_km"": [2.694971670426138, 2.694971670426138, 2.7854641086774925], ""candidate_seeds"": [5, 25, 45], ""tie_tolerance_km"": 1e-12}"
11,DE,5,2.7178088886007057,0.7635652190074325,7500,True,,"[0, 6, 7, 10, 8, 9, 5, 4, 3, 2, 1]",{}
11,NN+2opt,5,2.782425103851911,0.0014427349669858,176,True,,"[0, 1, 2, 3, 4, 5, 6, 9, 8, 10, 7]",{}
11,PSO,5,2.7824251038519114,0.0849284289870411,7500,True,,"[7, 10, 8, 9, 6, 5, 4, 3, 2, 1, 0]",{}
11,Portfolio,5,2.694971670426138,5.461962613859214,22677,True,ACO,"[0, 1, 2, 3, 5, 4, 9, 8, 10, 7, 6]","{""candidate_evaluations"": {""ACO"": 7500, ""DE"": 7500, ""NN+2opt"": 176, ""PSO"": 7500, ""Raw"": 1}, ""candidate_lengths_km"": {""ACO"": 2.694971670426138, ""DE"": 2.7178088886007057, ""NN+2opt"": 2.782425103851911, ""PSO"": 2.7824251038519114, ""Raw"": 2.9001661773245435}, ""priority"": [""Raw"", ""NN+2opt"", ""ACO"", ""DE"", ""PSO""], ""tie_tolerance_km"": 1e-12}"
11,Raw,5,2.9001661773245435,0.0001353329280391,1,True,,"[0, 1, 2, 3, 4, 5, 6, 7, 8, 9, 10]",{}
11,ACO,6,2.8321930686067613,4.35801381804049,7500,True,,"[0, 1, 2, 3, 4, 5, 6, 8, 9, 10, 7]","{""alpha"": 1.0, ""beta"": 2.0, ""evaluation_budget"": 7500, ""evaporation"": 0.5, ""population"": 50}"
11,ACO×3,6,2.6881673361169907,13.081402646144852,22500,True,ACO stream 3,"[0, 1, 2, 3, 4, 5, 9, 8, 10, 7, 6]","{""candidate_lengths_km"": [2.8321930686067613, 2.8321930686067613, 2.6881673361169907], ""candidate_seeds"": [6, 26, 46], ""tie_tolerance_km"": 1e-12}"
11,DE,6,2.6881673361169907,0.7559912569122389,7500,True,,"[0, 1, 2, 3, 4, 5, 9, 8, 10, 7, 6]",{}
11,NN+2opt,6,2.782425103851911,0.0014447829453274,176,True,,"[0, 1, 2, 3, 4, 5, 6, 9, 8, 10, 7]",{}
11,PSO,6,2.7178088886007057,0.0829154889797791,7500,True,,"[1, 2, 3, 4, 5, 9, 8, 10, 7, 6, 0]",{}
11,Portfolio,6,2.6881673361169907,5.198553906753659,22677,True,DE,"[0, 1, 2, 3, 4, 5, 9, 8, 10, 7, 6]","{""candidate_evaluations"": {""ACO"": 7500, ""DE"": 7500, ""NN+2opt"": 176, ""PSO"": 7500, ""Raw"": 1}, ""candidate_lengths_km"": {""ACO"": 2.8321930686067613, ""DE"": 2.6881673361169907, ""NN+2opt"": 2.782425103851911, ""PSO"": 2.7178088886007057, ""Raw"": 2.9001661773245435}, ""priority"": [""Raw"", ""NN+2opt"", ""ACO"", ""DE"", ""PSO""], ""tie_tolerance_km"": 1e-12}"
11,Raw,6,2.9001661773245435,0.0001802489859983,1,True,,"[0, 1, 2, 3, 4, 5, 6, 7, 8, 9, 10]",{}
11,ACO,7,2.7982154383869875,4.522136184968986,7500,True,,"[0, 1, 2, 3, 5, 4, 9, 10, 8, 7, 6]","{""alpha"": 1.0, ""beta"": 2.0, ""evaluation_budget"": 7500, ""evaporation"": 0.5, ""population"": 50}"
11,ACO×3,7,2.694971670426138,13.530974605935626,22500,True,ACO stream 2,"[0, 1, 2, 3, 5, 4, 9, 8, 10, 7, 6]","{""candidate_lengths_km"": [2.7982154383869875, 2.694971670426138, 2.724613222909853], ""candidate_seeds"": [7, 27, 47], ""tie_tolerance_km"": 1e-12}"
11,DE,7,2.6881673361169907,0.7659296329366043,7500,True,,"[0, 1, 2, 3, 4, 5, 9, 8, 10, 7, 6]",{}
11,NN+2opt,7,2.782425103851911,0.0014235839480534,176,True,,"[0, 1, 2, 3, 4, 5, 6, 9, 8, 10, 7]",{}
11,PSO,7,2.8542202485450123,0.0833065500482916,7500,True,,"[0, 1, 2, 3, 6, 7, 10, 8, 9, 4, 5]",{}
11,Portfolio,7,2.6881673361169907,5.372948968899436,22677,True,DE,"[0, 1, 2, 3, 4, 5, 9, 8, 10, 7, 6]","{""candidate_evaluations"": {""ACO"": 7500, ""DE"": 7500, ""NN+2opt"": 176, ""PSO"": 7500, ""Raw"": 1}, ""candidate_lengths_km"": {""ACO"": 2.7982154383869875, ""DE"": 2.6881673361169907, ""NN+2opt"": 2.782425103851911, ""PSO"": 2.8542202485450123, ""Raw"": 2.9001661773245435}, ""priority"": [""Raw"", ""NN+2opt"", ""ACO"", ""DE"", ""PSO""], ""tie_tolerance_km"": 1e-12}"
11,Raw,7,2.9001661773245435,0.00014476000797,1,True,,"[0, 1, 2, 3, 4, 5, 6, 7, 8, 9, 10]",{}
11,ACO,8,2.782425103851911,4.348063461948186,7500,True,,"[0, 1, 2, 3, 4, 5, 6, 9, 8, 10, 7]","{""alpha"": 1.0, ""beta"": 2.0, ""evaluation_budget"": 7500, ""evaporation"": 0.5, ""population"": 50}"
11,ACO×3,8,2.694971670426138,13.081171233090572,22500,True,ACO stream 2,"[0, 1, 2, 3, 5, 4, 9, 8, 10, 7, 6]","{""candidate_lengths_km"": [2.782425103851911, 2.694971670426138, 2.8321930686067613], ""candidate_seeds"": [8, 28, 48], ""tie_tolerance_km"": 1e-12}"
11,DE,8,2.6881673361169907,0.7512327400036156,7500,True,,"[0, 1, 2, 3, 4, 5, 9, 8, 10, 7, 6]",{}
11,NN+2opt,8,2.782425103851911,0.001437347033061,176,True,,"[0, 1, 2, 3, 4, 5, 6, 9, 8, 10, 7]",{}
11,PSO,8,2.6881673361169907,0.0832186279585585,7500,True,,"[0, 1, 2, 3, 4, 5, 9, 8, 10, 7, 6]",{}
11,Portfolio,8,2.6881673361169907,5.184105076943524,22677,True,DE,"[0, 1, 2, 3, 4, 5, 9, 8, 10, 7, 6]","{""candidate_evaluations"": {""ACO"": 7500, ""DE"": 7500, ""NN+2opt"": 176, ""PSO"": 7500, ""Raw"": 1}, ""candidate_lengths_km"": {""ACO"": 2.782425103851911, ""DE"": 2.6881673361169907, ""NN+2opt"": 2.782425103851911, ""PSO"": 2.6881673361169907, ""Raw"": 2.9001661773245435}, ""priority"": [""Raw"", ""NN+2opt"", ""ACO"", ""DE"", ""PSO""], ""tie_tolerance_km"": 1e-12}"
11,Raw,8,2.9001661773245435,0.0001324929762631,1,True,,"[0, 1, 2, 3, 4, 5, 6, 7, 8, 9, 10]",{}
11,ACO,9,2.694971670426138,4.452961659990251,7500,True,,"[0, 1, 2, 3, 5, 4, 9, 8, 10, 7, 6]","{""alpha"": 1.0, ""beta"": 2.0, ""evaluation_budget"": 7500, ""evaporation"": 0.5, ""population"": 50}"
11,ACO×3,9,2.694971670426138,13.264490392059088,22500,True,ACO stream 1,"[0, 1, 2, 3, 5, 4, 9, 8, 10, 7, 6]","{""candidate_lengths_km"": [2.694971670426138, 2.8239945847801433, 2.694971670426138], ""candidate_seeds"": [9, 29, 49], ""tie_tolerance_km"": 1e-12}"
11,DE,9,2.6881673361169907,0.7540337380487472,7500,True,,"[0, 1, 2, 3, 4, 5, 9, 8, 10, 7, 6]",{}
11,NN+2opt,9,2.782425103851911,0.0014317830791696,176,True,,"[0, 1, 2, 3, 4, 5, 6, 9, 8, 10, 7]",{}
11,PSO,9,2.688167336116991,0.0833200829802081,7500,True,,"[6, 7, 10, 8, 9, 5, 4, 3, 2, 1, 0]",{}
11,Portfolio,9,2.6881673361169907,5.291911798296496,22677,True,DE,"[0, 1, 2, 3, 4, 5, 9, 8, 10, 7, 6]","{""candidate_evaluations"": {""ACO"": 7500, ""DE"": 7500, ""NN+2opt"": 176, ""PSO"": 7500, ""Raw"": 1}, ""candidate_lengths_km"": {""ACO"": 2.694971670426138, ""DE"": 2.6881673361169907, ""NN+2opt"": 2.782425103851911, ""PSO"": 2.688167336116991, ""Raw"": 2.9001661773245435}, ""priority"": [""Raw"", ""NN+2opt"", ""ACO"", ""DE"", ""PSO""], ""tie_tolerance_km"": 1e-12}"
11,Raw,9,2.9001661773245435,0.00015559210442,1,True,,"[0, 1, 2, 3, 4, 5, 6, 7, 8, 9, 10]",{}
11,ACO,10,2.866604229159078,4.552730806986801,7500,True,,"[0, 1, 2, 3, 4, 5, 6, 7, 10, 8, 9]","{""alpha"": 1.0, ""beta"": 2.0, ""evaluation_budget"": 7500, ""evaporation"": 0.5, ""population"": 50}"
11,ACO×3,10,2.694971670426138,13.437117303023117,22500,True,ACO stream 2,"[0, 1, 2, 3, 5, 4, 9, 8, 10, 7, 6]","{""candidate_lengths_km"": [2.866604229159078, 2.694971670426138, 2.694971670426138], ""candidate_seeds"": [10, 30, 50], ""tie_tolerance_km"": 1e-12}"
11,DE,10,2.6881673361169907,0.7738916539819911,7500,True,,"[0, 1, 2, 3, 4, 5, 9, 8, 10, 7, 6]",{}
11,NN+2opt,10,2.782425103851911,0.0014430669834837,176,True,,"[0, 1, 2, 3, 4, 5, 6, 9, 8, 10, 7]",{}
11,PSO,10,3.058527023406577,0.0838118779938668,7500,True,,"[0, 1, 3, 4, 5, 9, 8, 10, 7, 6, 2]",{}
11,Portfolio,10,2.6881673361169907,5.412021872005425,22677,True,DE,"[0, 1, 2, 3, 4, 5, 9, 8, 10, 7, 6]","{""candidate_evaluations"": {""ACO"": 7500, ""DE"": 7500, ""NN+2opt"": 176, ""PSO"": 7500, ""Raw"": 1}, ""candidate_lengths_km"": {""ACO"": 2.866604229159078, ""DE"": 2.6881673361169907, ""NN+2opt"": 2.782425103851911, ""PSO"": 3.058527023406577, ""Raw"": 2.9001661773245435}, ""priority"": [""Raw"", ""NN+2opt"", ""ACO"", ""DE"", ""PSO""], ""tie_tolerance_km"": 1e-12}"
11,Raw,10,2.9001661773245435,0.0001367860240861,1,True,,"[0, 1, 2, 3, 4, 5, 6, 7, 8, 9, 10]",{}
11,ACO,11,2.7982154383869875,4.524473602999933,7500,True,,"[0, 1, 2, 3, 5, 4, 9, 10, 8, 7, 6]","{""alpha"": 1.0, ""beta"": 2.0, ""evaluation_budget"": 7500, ""evaporation"": 0.5, ""population"": 50}"
11,ACO×3,11,2.6881673361169907,13.891348999924958,22500,True,ACO stream 3,"[0, 1, 2, 3, 4, 5, 9, 8, 10, 7, 6]","{""candidate_lengths_km"": [2.7982154383869875, 2.694971670426138, 2.6881673361169907], ""candidate_seeds"": [11, 31, 51], ""tie_tolerance_km"": 1e-12}"
11,DE,11,2.6881673361169907,0.8779856479959562,7500,True,,"[0, 1, 2, 3, 4, 5, 9, 8, 10, 7, 6]",{}
11,NN+2opt,11,2.782425103851911,0.0016817420255392,176,True,,"[0, 1, 2, 3, 4, 5, 6, 9, 8, 10, 7]",{}
11,PSO,11,2.7178088886007057,0.0961908739991486,7500,True,,"[1, 2, 3, 4, 5, 9, 8, 10, 7, 6, 0]",{}
11,Portfolio,11,2.6881673361169907,5.50047493504826,22677,True,DE,"[0, 1, 2, 3, 4, 5, 9, 8, 10, 7, 6]","{""candidate_evaluations"": {""ACO"": 7500, ""DE"": 7500, ""NN+2opt"": 176, ""PSO"": 7500, ""Raw"": 1}, ""candidate_lengths_km"": {""ACO"": 2.7982154383869875, ""DE"": 2.6881673361169907, ""NN+2opt"": 2.782425103851911, ""PSO"": 2.7178088886007057, ""Raw"": 2.9001661773245435}, ""priority"": [""Raw"", ""NN+2opt"", ""ACO"", ""DE"", ""PSO""], ""tie_tolerance_km"": 1e-12}"
11,Raw,11,2.9001661773245435,0.0001332430401816,1,True,,"[0, 1, 2, 3, 4, 5, 6, 7, 8, 9, 10]",{}
11,ACO,12,2.694971670426138,4.510171917034313,7500,True,,"[0, 1, 2, 3, 5, 4, 9, 8, 10, 7, 6]","{""alpha"": 1.0, ""beta"": 2.0, ""evaluation_budget"": 7500, ""evaporation"": 0.5, ""population"": 50}"
11,ACO×3,12,2.694971670426138,13.66531165293418,22500,True,ACO stream 1,"[0, 1, 2, 3, 5, 4, 9, 8, 10, 7, 6]","{""candidate_lengths_km"": [2.694971670426138, 2.7729759797620734, 2.694971670426138], ""candidate_seeds"": [12, 32, 52], ""tie_tolerance_km"": 1e-12}"
11,DE,12,2.6881673361169907,0.7493642319459468,7500,True,,"[0, 1, 2, 3, 4, 5, 9, 8, 10, 7, 6]",{}
11,NN+2opt,12,2.782425103851911,0.0014058330561965,176,True,,"[0, 1, 2, 3, 4, 5, 6, 9, 8, 10, 7]",{}
11,PSO,12,2.8908628964940672,0.0805808679433539,7500,True,,"[0, 9, 8, 10, 7, 6, 5, 4, 3, 2, 1]",{}
11,Portfolio,12,2.6881673361169907,5.341665320913307,22677,True,DE,"[0, 1, 2, 3, 4, 5, 9, 8, 10, 7, 6]","{""candidate_evaluations"": {""ACO"": 7500, ""DE"": 7500, ""NN+2opt"": 176, ""PSO"": 7500, ""Raw"": 1}, ""candidate_lengths_km"": {""ACO"": 2.694971670426138, ""DE"": 2.6881673361169907, ""NN+2opt"": 2.782425103851911, ""PSO"": 2.8908628964940672, ""Raw"": 2.9001661773245435}, ""priority"": [""Raw"", ""NN+2opt"", ""ACO"", ""DE"", ""PSO""], ""tie_tolerance_km"": 1e-12}"
11,Raw,12,2.9001661773245435,0.0001342579489573,1,True,,"[0, 1, 2, 3, 4, 5, 6, 7, 8, 9, 10]",{}
11,ACO,13,2.724613222909853,4.509262453997508,7500,True,,"[0, 6, 7, 10, 8, 9, 4, 5, 3, 2, 1]","{""alpha"": 1.0, ""beta"": 2.0, ""evaluation_budget"": 7500, ""evaporation"": 0.5, ""population"": 50}"
11,ACO×3,13,2.6881673361169907,13.70642227702774,22500,True,ACO stream 3,"[0, 1, 2, 3, 4, 5, 9, 8, 10, 7, 6]","{""candidate_lengths_km"": [2.724613222909853, 2.694971670426138, 2.6881673361169907], ""candidate_seeds"": [13, 33, 53], ""tie_tolerance_km"": 1e-12}"
11,DE,13,2.782425103851911,0.7946974569931626,7500,True,,"[0, 1, 2, 3, 4, 5, 6, 9, 8, 10, 7]",{}
11,NN+2opt,13,2.782425103851911,0.0014559349510818,176,True,,"[0, 1, 2, 3, 4, 5, 6, 9, 8, 10, 7]",{}
11,PSO,13,2.8281822190764894,0.0836244990350678,7500,True,,"[0, 7, 10, 8, 9, 6, 5, 4, 3, 2, 1]",{}
11,Portfolio,13,2.724613222909853,5.389286273973994,22677,True,ACO,"[0, 6, 7, 10, 8, 9, 4, 5, 3, 2, 1]","{""candidate_evaluations"": {""ACO"": 7500, ""DE"": 7500, ""NN+2opt"": 176, ""PSO"": 7500, ""Raw"": 1}, ""candidate_lengths_km"": {""ACO"": 2.724613222909853, ""DE"": 2.782425103851911, ""NN+2opt"": 2.782425103851911, ""PSO"": 2.8281822190764894, ""Raw"": 2.9001661773245435}, ""priority"": [""Raw"", ""NN+2opt"", ""ACO"", ""DE"", ""PSO""], ""tie_tolerance_km"": 1e-12}"
11,Raw,13,2.9001661773245435,0.0002347889821976,1,True,,"[0, 1, 2, 3, 4, 5, 6, 7, 8, 9, 10]",{}
11,ACO,14,2.694971670426138,4.490514038014226,7500,True,,"[0, 1, 2, 3, 5, 4, 9, 8, 10, 7, 6]","{""alpha"": 1.0, ""beta"": 2.0, ""evaluation_budget"": 7500, ""evaporation"": 0.5, ""population"": 50}"
11,ACO×3,14,2.694971670426138,13.840927271987312,22500,True,ACO stream 1,"[0, 1, 2, 3, 5, 4, 9, 8, 10, 7, 6]","{""candidate_lengths_km"": [2.694971670426138, 2.694971670426138, 2.7982154383869875], ""candidate_seeds"": [14, 34, 54], ""tie_tolerance_km"": 1e-12}"
11,DE,14,2.688167336116991,0.7883158939657733,7500,True,,"[6, 7, 10, 8, 9, 5, 4, 3, 2, 1, 0]",{}
11,NN+2opt,14,2.782425103851911,0.001437613973394,176,True,,"[0, 1, 2, 3, 4, 5, 6, 9, 8, 10, 7]",{}
11,PSO,14,2.8542202485450123,0.085941468947567,7500,True,,"[0, 1, 2, 3, 6, 7, 10, 8, 9, 4, 5]",{}
11,Portfolio,14,2.688167336116991,5.3663548899348825,22677,True,DE,"[6, 7, 10, 8, 9, 5, 4, 3, 2, 1, 0]","{""candidate_evaluations"": {""ACO"": 7500, ""DE"": 7500, ""NN+2opt"": 176, ""PSO"": 7500, ""Raw"": 1}, ""candidate_lengths_km"": {""ACO"": 2.694971670426138, ""DE"": 2.688167336116991, ""NN+2opt"": 2.782425103851911, ""PSO"": 2.8542202485450123, ""Raw"": 2.9001661773245435}, ""priority"": [""Raw"", ""NN+2opt"", ""ACO"", ""DE"", ""PSO""], ""tie_tolerance_km"": 1e-12}"
11,Raw,14,2.9001661773245435,0.0001376119907945,1,True,,"[0, 1, 2, 3, 4, 5, 6, 7, 8, 9, 10]",{}
11,ACO,15,2.7982154383869875,4.512113531003706,7500,True,,"[0, 1, 2, 3, 5, 4, 9, 10, 8, 7, 6]","{""alpha"": 1.0, ""beta"": 2.0, ""evaluation_budget"": 7500, ""evaporation"": 0.5, ""population"": 50}"
11,ACO×3,15,2.694971670426138,13.647817597026004,22500,True,ACO stream 2,"[0, 1, 2, 3, 5, 4, 9, 8, 10, 7, 6]","{""candidate_lengths_km"": [2.7982154383869875, 2.694971670426138, 2.8278569908707025], ""candidate_seeds"": [15, 35, 55], ""tie_tolerance_km"": 1e-12}"
11,DE,15,2.6881673361169907,0.8066221229964867,7500,True,,"[0, 1, 2, 3, 4, 5, 9, 8, 10, 7, 6]",{}
11,NN+2opt,15,2.782425103851911,0.0014271270483732,176,True,,"[0, 1, 2, 3, 4, 5, 6, 9, 8, 10, 7]",{}
11,PSO,15,3.03127381799364,0.0844222530722618,7500,True,,"[0, 7, 10, 8, 9, 4, 2, 1, 3, 5, 6]",{}
11,Portfolio,15,2.6881673361169907,5.404724137159064,22677,True,DE,"[0, 1, 2, 3, 4, 5, 9, 8, 10, 7, 6]","{""candidate_evaluations"": {""ACO"": 7500, ""DE"": 7500, ""NN+2opt"": 176, ""PSO"": 7500, ""Raw"": 1}, ""candidate_lengths_km"": {""ACO"": 2.7982154383869875, ""DE"": 2.6881673361169907, ""NN+2opt"": 2.782425103851911, ""PSO"": 3.03127381799364, ""Raw"": 2.9001661773245435}, ""priority"": [""Raw"", ""NN+2opt"", ""ACO"", ""DE"", ""PSO""], ""tie_tolerance_km"": 1e-12}"
11,Raw,15,2.9001661773245435,0.0001307639759033,1,True,,"[0, 1, 2, 3, 4, 5, 6, 7, 8, 9, 10]",{}
11,ACO,16,2.7982154383869875,4.536892683012411,7500,True,,"[0, 1, 2, 3, 5, 4, 9, 10, 8, 7, 6]","{""alpha"": 1.0, ""beta"": 2.0, ""evaluation_budget"": 7500, ""evaporation"": 0.5, ""population"": 50}"
11,ACO×3,16,2.694971670426138,13.935548055102116,22500,True,ACO stream 2,"[0, 1, 2, 3, 5, 4, 9, 8, 10, 7, 6]","{""candidate_lengths_km"": [2.7982154383869875, 2.694971670426138, 2.694971670426138], ""candidate_seeds"": [16, 36, 56], ""tie_tolerance_km"": 1e-12}"
11,DE,16,2.6881673361169907,0.7766815760405734,7500,True,,"[0, 1, 2, 3, 4, 5, 9, 8, 10, 7, 6]",{}
11,NN+2opt,16,2.782425103851911,0.0014292730484157,176,True,,"[0, 1, 2, 3, 4, 5, 6, 9, 8, 10, 7]",{}
11,PSO,16,2.889818304398937,0.0831172040197998,7500,True,,"[5, 9, 8, 10, 7, 6, 4, 3, 2, 1, 0]",{}
11,Portfolio,16,2.6881673361169907,5.398260690155439,22677,True,DE,"[0, 1, 2, 3, 4, 5, 9, 8, 10, 7, 6]","{""candidate_evaluations"": {""ACO"": 7500, ""DE"": 7500, ""NN+2opt"": 176, ""PSO"": 7500, ""Raw"": 1}, ""candidate_lengths_km"": {""ACO"": 2.7982154383869875, ""DE"": 2.6881673361169907, ""NN+2opt"": 2.782425103851911, ""PSO"": 2.889818304398937, ""Raw"": 2.9001661773245435}, ""priority"": [""Raw"", ""NN+2opt"", ""ACO"", ""DE"", ""PSO""], ""tie_tolerance_km"": 1e-12}"
11,Raw,16,2.9001661773245435,0.0001320770243182,1,True,,"[0, 1, 2, 3, 4, 5, 6, 7, 8, 9, 10]",{}
11,ACO,17,2.7982154383869875,4.546468844055198,7500,True,,"[0, 1, 2, 3, 5, 4, 9, 10, 8, 7, 6]","{""alpha"": 1.0, ""beta"": 2.0, ""evaluation_budget"": 7500, ""evaporation"": 0.5, ""population"": 50}"
11,ACO×3,17,2.782425103851911,13.849290805053895,22500,True,ACO stream 3,"[0, 1, 2, 3, 4, 5, 6, 9, 8, 10, 7]","{""candidate_lengths_km"": [2.7982154383869875, 2.8451645469755933, 2.782425103851911], ""candidate_seeds"": [17, 37, 57], ""tie_tolerance_km"": 1e-12}"
11,DE,17,2.6881673361169907,0.7892689220607281,7500,True,,"[0, 1, 2, 3, 4, 5, 9, 8, 10, 7, 6]",{}
11,NN+2opt,17,2.782425103851911,0.0014276989968493,176,True,,"[0, 1, 2, 3, 4, 5, 6, 9, 8, 10, 7]",{}
11,PSO,17,2.9323643882093804,0.0854032150236889,7500,True,,"[0, 1, 2, 3, 7, 10, 8, 9, 4, 5, 6]",{}
11,Portfolio,17,2.6881673361169907,5.422719616093673,22677,True,DE,"[0, 1, 2, 3, 4, 5, 9, 8, 10, 7, 6]","{""candidate_evaluations"": {""ACO"": 7500, ""DE"": 7500, ""NN+2opt"": 176, ""PSO"": 7500, ""Raw"": 1}, ""candidate_lengths_km"": {""ACO"": 2.7982154383869875, ""DE"": 2.6881673361169907, ""NN+2opt"": 2.782425103851911, ""PSO"": 2.9323643882093804, ""Raw"": 2.9001661773245435}, ""priority"": [""Raw"", ""NN+2opt"", ""ACO"", ""DE"", ""PSO""], ""tie_tolerance_km"": 1e-12}"
11,Raw,17,2.9001661773245435,0.0001428149407729,1,True,,"[0, 1, 2, 3, 4, 5, 6, 7, 8, 9, 10]",{}
11,ACO,18,2.694971670426138,4.537257918040268,7500,True,,"[0, 1, 2, 3, 5, 4, 9, 8, 10, 7, 6]","{""alpha"": 1.0, ""beta"": 2.0, ""evaluation_budget"": 7500, ""evaporation"": 0.5, ""population"": 50}"
11,ACO×3,18,2.694971670426138,13.625025615096092,22500,True,ACO stream 1,"[0, 1, 2, 3, 5, 4, 9, 8, 10, 7, 6]","{""candidate_lengths_km"": [2.694971670426138, 2.7982154383869875, 2.694971670426138], ""candidate_seeds"": [18, 38, 58], ""tie_tolerance_km"": 1e-12}"
11,DE,18,2.6881673361169907,0.799314824049361,7500,True,,"[0, 1, 2, 3, 4, 5, 9, 8, 10, 7, 6]",{}
11,NN+2opt,18,2.782425103851911,0.0014679949963465,176,True,,"[0, 1, 2, 3, 4, 5, 6, 9, 8, 10, 7]",{}
11,PSO,18,2.688167336116991,0.084315612912178,7500,True,,"[6, 7, 10, 8, 9, 5, 4, 3, 2, 1, 0]",{}
11,Portfolio,18,2.6881673361169907,5.422502739937045,22677,True,DE,"[0, 1, 2, 3, 4, 5, 9, 8, 10, 7, 6]","{""candidate_evaluations"": {""ACO"": 7500, ""DE"": 7500, ""NN+2opt"": 176, ""PSO"": 7500, ""Raw"": 1}, ""candidate_lengths_km"": {""ACO"": 2.694971670426138, ""DE"": 2.6881673361169907, ""NN+2opt"": 2.782425103851911, ""PSO"": 2.688167336116991, ""Raw"": 2.9001661773245435}, ""priority"": [""Raw"", ""NN+2opt"", ""ACO"", ""DE"", ""PSO""], ""tie_tolerance_km"": 1e-12}"
11,Raw,18,2.9001661773245435,0.0001371830003336,1,True,,"[0, 1, 2, 3, 4, 5, 6, 7, 8, 9, 10]",{}
11,ACO,19,2.821052656561556,4.539086180971935,7500,True,,"[0, 6, 7, 8, 10, 9, 5, 4, 3, 2, 1]","{""alpha"": 1.0, ""beta"": 2.0, ""evaluation_budget"": 7500, ""evaporation"": 0.5, ""population"": 50}"
11,ACO×3,19,2.821052656561556,13.644604835077187,22500,True,ACO stream 1,"[0, 6, 7, 8, 10, 9, 5, 4, 3, 2, 1]","{""candidate_lengths_km"": [2.8210526565615557, 2.8321930686067613, 2.8239945847801433], ""candidate_seeds"": [19, 39, 59], ""tie_tolerance_km"": 1e-12}"
11,DE,19,2.8281822190764894,0.7797553990967572,7500,True,,"[0, 7, 10, 8, 9, 6, 5, 4, 3, 2, 1]",{}
11,NN+2opt,19,2.782425103851911,0.0014863079413771,176,True,,"[0, 1, 2, 3, 4, 5, 6, 9, 8, 10, 7]",{}
11,PSO,19,2.7824251038519114,0.0834370979573577,7500,True,,"[7, 10, 8, 9, 6, 5, 4, 3, 2, 1, 0]",{}
11,Portfolio,19,2.782425103851911,5.403951731859706,22677,True,NN+2opt,"[0, 1, 2, 3, 4, 5, 6, 9, 8, 10, 7]","{""candidate_evaluations"": {""ACO"": 7500, ""DE"": 7500, ""NN+2opt"": 176, ""PSO"": 7500, ""Raw"": 1}, ""candidate_lengths_km"": {""ACO"": 2.8210526565615557, ""DE"": 2.8281822190764894, ""NN+2opt"": 2.782425103851911, ""PSO"": 2.7824251038519114, ""Raw"": 2.9001661773245435}, ""priority"": [""Raw"", ""NN+2opt"", ""ACO"", ""DE"", ""PSO""], ""tie_tolerance_km"": 1e-12}"
11,Raw,19,2.9001661773245435,0.0001779969315975,1,True,,"[0, 1, 2, 3, 4, 5, 6, 7, 8, 9, 10]",{}
12,ACO,0,1.426348466542236,5.958153699990362,7500,True,,"[0, 1, 2, 11, 5, 8, 9, 12, 13, 14, 10, 6, 7, 3, 4]","{""alpha"": 1.0, ""beta"": 2.0, ""evaluation_budget"": 7500, ""evaporation"": 0.5, ""population"": 50}"
12,ACO×3,0,1.426348466542236,17.809213917003945,22500,True,ACO stream 1,"[0, 1, 2, 11, 5, 8, 9, 12, 13, 14, 10, 6, 7, 3, 4]","{""candidate_lengths_km"": [1.4263484665422361, 1.4400682975484465, 1.4400682975484465], ""candidate_seeds"": [0, 20, 40], ""tie_tolerance_km"": 1e-12}"
12,DE,0,1.426348466542236,0.7785424679750577,7500,True,,"[0, 1, 2, 11, 5, 8, 9, 12, 13, 14, 10, 6, 7, 3, 4]",{}
12,NN+2opt,0,1.4260236853528467,0.0022743189474567,226,True,,"[0, 4, 3, 7, 6, 10, 14, 13, 12, 9, 8, 5, 11, 2, 1]",{}
12,PSO,0,1.6249405881824384,0.0956781829008832,7500,True,,"[0, 11, 5, 8, 9, 6, 14, 13, 12, 10, 7, 3, 4, 2, 1]",{}
12,Portfolio,0,1.4260236853528467,6.834869343903847,22727,True,NN+2opt,"[0, 4, 3, 7, 6, 10, 14, 13, 12, 9, 8, 5, 11, 2, 1]","{""candidate_evaluations"": {""ACO"": 7500, ""DE"": 7500, ""NN+2opt"": 226, ""PSO"": 7500, ""Raw"": 1}, ""candidate_lengths_km"": {""ACO"": 1.4263484665422361, ""DE"": 1.4263484665422361, ""NN+2opt"": 1.4260236853528467, ""PSO"": 1.6249405881824384, ""Raw"": 2.2142821208421277}, ""priority"": [""Raw"", ""NN+2opt"", ""ACO"", ""DE"", ""PSO""], ""tie_tolerance_km"": 1e-12}"
12,Raw,0,2.214282120842128,0.000212027109228,1,True,,"[0, 1, 2, 3, 4, 5, 6, 7, 8, 9, 10, 11, 12, 13, 14]",{}
12,ACO,1,1.426348466542236,5.841108214925043,7500,True,,"[0, 1, 2, 11, 5, 8, 9, 12, 13, 14, 10, 6, 7, 3, 4]","{""alpha"": 1.0, ""beta"": 2.0, ""evaluation_budget"": 7500, ""evaporation"": 0.5, ""population"": 50}"
12,ACO×3,1,1.426348466542236,17.591616864898242,22500,True,ACO stream 1,"[0, 1, 2, 11, 5, 8, 9, 12, 13, 14, 10, 6, 7, 3, 4]","{""candidate_lengths_km"": [1.4263484665422361, 1.4400682975484465, 1.4263484665422361], ""candidate_seeds"": [1, 21, 41], ""tie_tolerance_km"": 1e-12}"
12,DE,1,1.4803709753023389,0.759202433982864,7500,True,,"[0, 1, 2, 4, 3, 7, 6, 10, 14, 13, 12, 9, 8, 5, 11]",{}
12,NN+2opt,1,1.4260236853528467,0.0023119710385799,226,True,,"[0, 4, 3, 7, 6, 10, 14, 13, 12, 9, 8, 5, 11, 2, 1]",{}
12,PSO,1,1.53440704650217,0.0940995120909065,7500,True,,"[0, 3, 6, 7, 14, 13, 12, 10, 4, 9, 8, 5, 11, 2, 1]",{}
12,Portfolio,1,1.4260236853528467,6.696940123103559,22727,True,NN+2opt,"[0, 4, 3, 7, 6, 10, 14, 13, 12, 9, 8, 5, 11, 2, 1]","{""candidate_evaluations"": {""ACO"": 7500, ""DE"": 7500, ""NN+2opt"": 226, ""PSO"": 7500, ""Raw"": 1}, ""candidate_lengths_km"": {""ACO"": 1.4263484665422361, ""DE"": 1.4803709753023389, ""NN+2opt"": 1.4260236853528467, ""PSO"": 1.53440704650217, ""Raw"": 2.2142821208421277}, ""priority"": [""Raw"", ""NN+2opt"", ""ACO"", ""DE"", ""PSO""], ""tie_tolerance_km"": 1e-12}"
12,Raw,1,2.214282120842128,0.0002098920522257,1,True,,"[0, 1, 2, 3, 4, 5, 6, 7, 8, 9, 10, 11, 12, 13, 14]",{}
12,ACO,2,1.426348466542236,5.959127963986248,7500,True,,"[0, 1, 2, 11, 5, 8, 9, 12, 13, 14, 10, 6, 7, 3, 4]","{""alpha"": 1.0, ""beta"": 2.0, ""evaluation_budget"": 7500, ""evaporation"": 0.5, ""population"": 50}"
12,ACO×3,2,1.426348466542236,17.772034444031306,22500,True,ACO stream 1,"[0, 1, 2, 11, 5, 8, 9, 12, 13, 14, 10, 6, 7, 3, 4]","{""candidate_lengths_km"": [1.4263484665422361, 1.4400682975484465, 1.4263484665422361], ""candidate_seeds"": [2, 22, 42], ""tie_tolerance_km"": 1e-12}"
12,DE,2,1.5406131901984998,0.7620832229731604,7500,True,,"[1, 3, 6, 7, 14, 13, 12, 10, 4, 9, 8, 5, 11, 2, 0]",{}
12,NN+2opt,2,1.4260236853528467,0.0023523580748587,226,True,,"[0, 4, 3, 7, 6, 10, 14, 13, 12, 9, 8, 5, 11, 2, 1]",{}
12,PSO,2,1.7290351999917244,0.0960258690174669,7500,True,,"[2, 4, 3, 7, 6, 8, 5, 11, 12, 13, 14, 10, 9, 1, 0]",{}
12,Portfolio,2,1.4260236853528467,6.819806725019589,22727,True,NN+2opt,"[0, 4, 3, 7, 6, 10, 14, 13, 12, 9, 8, 5, 11, 2, 1]","{""candidate_evaluations"": {""ACO"": 7500, ""DE"": 7500, ""NN+2opt"": 226, ""PSO"": 7500, ""Raw"": 1}, ""candidate_lengths_km"": {""ACO"": 1.4263484665422361, ""DE"": 1.5406131901984998, ""NN+2opt"": 1.4260236853528467, ""PSO"": 1.7290351999917244, ""Raw"": 2.2142821208421277}, ""priority"": [""Raw"", ""NN+2opt"", ""ACO"", ""DE"", ""PSO""], ""tie_tolerance_km"": 1e-12}"
12,Raw,2,2.214282120842128,0.0002092840149998,1,True,,"[0, 1, 2, 3, 4, 5, 6, 7, 8, 9, 10, 11, 12, 13, 14]",{}
12,ACO,3,1.439743516359057,5.917925218935125,7500,True,,"[1, 2, 11, 5, 8, 9, 10, 12, 13, 14, 7, 6, 3, 4, 0]","{""alpha"": 1.0, ""beta"": 2.0, ""evaluation_budget"": 7500, ""evaporation"": 0.5, ""population"": 50}"
12,ACO×3,3,1.426348466542236,17.84253727889154,22500,True,ACO stream 3,"[0, 1, 2, 11, 5, 8, 9, 12, 13, 14, 10, 6, 7, 3, 4]","{""candidate_lengths_km"": [1.439743516359057, 1.4400682975484465, 1.4263484665422361], ""candidate_seeds"": [3, 23, 43], ""tie_tolerance_km"": 1e-12}"
12,DE,3,1.5070295991881388,0.765979171032086,7500,True,,"[0, 1, 2, 11, 12, 13, 14, 10, 6, 7, 3, 4, 9, 8, 5]",{}
12,NN+2opt,3,1.4260236853528467,0.0023149469634518,226,True,,"[0, 4, 3, 7, 6, 10, 14, 13, 12, 9, 8, 5, 11, 2, 1]",{}
12,PSO,3,1.5795859328773985,0.0942393630975857,7500,True,,"[13, 14, 12, 10, 6, 7, 3, 4, 9, 8, 5, 11, 2, 1, 0]",{}
12,Portfolio,3,1.4260236853528467,6.780677880044095,22727,True,NN+2opt,"[0, 4, 3, 7, 6, 10, 14, 13, 12, 9, 8, 5, 11, 2, 1]","{""candidate_evaluations"": {""ACO"": 7500, ""DE"": 7500, ""NN+2opt"": 226, ""PSO"": 7500, ""Raw"": 1}, ""candidate_lengths_km"": {""ACO"": 1.439743516359057, ""DE"": 1.5070295991881388, ""NN+2opt"": 1.4260236853528467, ""PSO"": 1.5795859328773985, ""Raw"": 2.2142821208421277}, ""priority"": [""Raw"", ""NN+2opt"", ""ACO"", ""DE"", ""PSO""], ""tie_tolerance_km"": 1e-12}"
12,Raw,3,2.214282120842128,0.0002108979970216,1,True,,"[0, 1, 2, 3, 4, 5, 6, 7, 8, 9, 10, 11, 12, 13, 14]",{}
12,ACO,4,1.4400682975484465,5.995472562033683,7500,True,,"[0, 1, 2, 11, 5, 8, 9, 10, 12, 13, 14, 7, 6, 3, 4]","{""alpha"": 1.0, ""beta"": 2.0, ""evaluation_budget"": 7500, ""evaporation"": 0.5, ""population"": 50}"
12,ACO×3,4,1.4260236853528467,17.843064362066798,22500,True,ACO stream 2,"[1, 2, 11, 5, 8, 9, 12, 13, 14, 10, 6, 7, 3, 4, 0]","{""candidate_lengths_km"": [1.4400682975484465, 1.4260236853528467, 1.447706003977809], ""candidate_seeds"": [4, 24, 44], ""tie_tolerance_km"": 1e-12}"
12,DE,4,1.4400682975484465,0.771412130095996,7500,True,,"[0, 1, 2, 11, 5, 8, 9, 10, 12, 13, 14, 7, 6, 3, 4]",{}
12,NN+2opt,4,1.4260236853528467,0.0023233949905261,226,True,,"[0, 4, 3, 7, 6, 10, 14, 13, 12, 9, 8, 5, 11, 2, 1]",{}
12,PSO,4,1.613797595374152,0.094360014074482,7500,True,,"[13, 14, 7, 6, 3, 4, 10, 12, 9, 8, 5, 11, 2, 1, 0]",{}
12,Portfolio,4,1.4260236853528467,6.863786734174937,22727,True,NN+2opt,"[0, 4, 3, 7, 6, 10, 14, 13, 12, 9, 8, 5, 11, 2, 1]","{""candidate_evaluations"": {""ACO"": 7500, ""DE"": 7500, ""NN+2opt"": 226, ""PSO"": 7500, ""Raw"": 1}, ""candidate_lengths_km"": {""ACO"": 1.4400682975484465, ""DE"": 1.4400682975484465, ""NN+2opt"": 1.4260236853528467, ""PSO"": 1.6137975953741521, ""Raw"": 2.2142821208421277}, ""priority"": [""Raw"", ""NN+2opt"", ""ACO"", ""DE"", ""PSO""], ""tie_tolerance_km"": 1e-12}"
12,Raw,4,2.214282120842128,0.0002104729646816,1,True,,"[0, 1, 2, 3, 4, 5, 6, 7, 8, 9, 10, 11, 12, 13, 14]",{}
12,ACO,5,1.4629409667745168,5.968971905997023,7500,True,,"[1, 0, 2, 11, 5, 8, 9, 12, 13, 14, 10, 6, 7, 3, 4]","{""alpha"": 1.0, ""beta"": 2.0, ""evaluation_budget"": 7500, ""evaporation"": 0.5, ""population"": 50}"
12,ACO×3,5,1.4260236853528467,17.823350917897187,22500,True,ACO stream 3,"[1, 2, 11, 5, 8, 9, 12, 13, 14, 10, 6, 7, 3, 4, 0]","{""candidate_lengths_km"": [1.4629409667745168, 1.4263484665422361, 1.4260236853528467], ""candidate_seeds"": [5, 25, 45], ""tie_tolerance_km"": 1e-12}"
12,DE,5,1.426348466542236,0.7900099289836362,7500,True,,"[0, 1, 2, 11, 5, 8, 9, 12, 13, 14, 10, 6, 7, 3, 4]",{}
12,NN+2opt,5,1.4260236853528467,0.002259945962578,226,True,,"[0, 4, 3, 7, 6, 10, 14, 13, 12, 9, 8, 5, 11, 2, 1]",{}
12,PSO,5,1.5944884692648174,0.0954476370243355,7500,True,,"[1, 11, 14, 13, 12, 9, 10, 6, 7, 3, 4, 8, 5, 2, 0]",{}
12,Portfolio,5,1.4260236853528467,6.856909967027605,22727,True,NN+2opt,"[0, 4, 3, 7, 6, 10, 14, 13, 12, 9, 8, 5, 11, 2, 1]","{""candidate_evaluations"": {""ACO"": 7500, ""DE"": 7500, ""NN+2opt"": 226, ""PSO"": 7500, ""Raw"": 1}, ""candidate_lengths_km"": {""ACO"": 1.4629409667745168, ""DE"": 1.4263484665422361, ""NN+2opt"": 1.4260236853528467, ""PSO"": 1.5944884692648174, ""Raw"": 2.2142821208421277}, ""priority"": [""Raw"", ""NN+2opt"", ""ACO"", ""DE"", ""PSO""], ""tie_tolerance_km"": 1e-12}"
12,Raw,5,2.214282120842128,0.0002130949869751,1,True,,"[0, 1, 2, 3, 4, 5, 6, 7, 8, 9, 10, 11, 12, 13, 14]",{}
12,ACO,6,1.426348466542236,5.928068977897056,7500,True,,"[0, 1, 2, 11, 5, 8, 9, 12, 13, 14, 10, 6, 7, 3, 4]","{""alpha"": 1.0, ""beta"": 2.0, ""evaluation_budget"": 7500, ""evaporation"": 0.5, ""population"": 50}"
12,ACO×3,6,1.426348466542236,17.647459587897174,22500,True,ACO stream 1,"[0, 1, 2, 11, 5, 8, 9, 12, 13, 14, 10, 6, 7, 3, 4]","{""candidate_lengths_km"": [1.4263484665422361, 1.4766607977807271, 1.4569198214438415], ""candidate_seeds"": [6, 26, 46], ""tie_tolerance_km"": 1e-12}"
12,DE,6,1.426348466542236,0.7685626411112025,7500,True,,"[0, 1, 2, 11, 5, 8, 9, 12, 13, 14, 10, 6, 7, 3, 4]",{}
12,NN+2opt,6,1.4260236853528467,0.0022893809946253,226,True,,"[0, 4, 3, 7, 6, 10, 14, 13, 12, 9, 8, 5, 11, 2, 1]",{}
12,PSO,6,1.426348466542236,0.0942185670137405,7500,True,,"[4, 3, 7, 6, 10, 14, 13, 12, 9, 8, 5, 11, 2, 1, 0]",{}
12,Portfolio,6,1.4260236853528467,6.793371852021664,22727,True,NN+2opt,"[0, 4, 3, 7, 6, 10, 14, 13, 12, 9, 8, 5, 11, 2, 1]","{""candidate_evaluations"": {""ACO"": 7500, ""DE"": 7500, ""NN+2opt"": 226, ""PSO"": 7500, ""Raw"": 1}, ""candidate_lengths_km"": {""ACO"": 1.4263484665422361, ""DE"": 1.4263484665422361, ""NN+2opt"": 1.4260236853528467, ""PSO"": 1.426348466542236, ""Raw"": 2.2142821208421277}, ""priority"": [""Raw"", ""NN+2opt"", ""ACO"", ""DE"", ""PSO""], ""tie_tolerance_km"": 1e-12}"
12,Raw,6,2.214282120842128,0.0002240210305899,1,True,,"[0, 1, 2, 3, 4, 5, 6, 7, 8, 9, 10, 11, 12, 13, 14]",{}
12,ACO,7,1.4260236853528467,5.881809982005507,7500,True,,"[1, 2, 11, 5, 8, 9, 12, 13, 14, 10, 6, 7, 3, 4, 0]","{""alpha"": 1.0, ""beta"": 2.0, ""evaluation_budget"": 7500, ""evaporation"": 0.5, ""population"": 50}"
12,ACO×3,7,1.4260236853528467,17.785237855976447,22500,True,ACO stream 1,"[1, 2, 11, 5, 8, 9, 12, 13, 14, 10, 6, 7, 3, 4, 0]","{""candidate_lengths_km"": [1.4260236853528467, 1.4263484665422361, 1.4263484665422361], ""candidate_seeds"": [7, 27, 47], ""tie_tolerance_km"": 1e-12}"
12,DE,7,1.5101324414138853,0.7747822330566123,7500,True,,"[3, 4, 6, 7, 14, 13, 12, 10, 9, 8, 5, 11, 2, 1, 0]",{}
12,NN+2opt,7,1.4260236853528467,0.0023083740379661,226,True,,"[0, 4, 3, 7, 6, 10, 14, 13, 12, 9, 8, 5, 11, 2, 1]",{}
12,PSO,7,1.4400682975484462,0.0958906790474429,7500,True,,"[4, 3, 6, 7, 14, 13, 12, 10, 9, 8, 5, 11, 2, 1, 0]",{}
12,Portfolio,7,1.4260236853528467,6.755012429202907,22727,True,NN+2opt,"[0, 4, 3, 7, 6, 10, 14, 13, 12, 9, 8, 5, 11, 2, 1]","{""candidate_evaluations"": {""ACO"": 7500, ""DE"": 7500, ""NN+2opt"": 226, ""PSO"": 7500, ""Raw"": 1}, ""candidate_lengths_km"": {""ACO"": 1.4260236853528467, ""DE"": 1.5101324414138853, ""NN+2opt"": 1.4260236853528467, ""PSO"": 1.4400682975484462, ""Raw"": 2.2142821208421277}, ""priority"": [""Raw"", ""NN+2opt"", ""ACO"", ""DE"", ""PSO""], ""tie_tolerance_km"": 1e-12}"
12,Raw,7,2.214282120842128,0.0002122330479323,1,True,,"[0, 1, 2, 3, 4, 5, 6, 7, 8, 9, 10, 11, 12, 13, 14]",{}
12,ACO,8,1.426348466542236,5.979348834021948,7500,True,,"[0, 1, 2, 11, 5, 8, 9, 12, 13, 14, 10, 6, 7, 3, 4]","{""alpha"": 1.0, ""beta"": 2.0, ""evaluation_budget"": 7500, ""evaporation"": 0.5, ""population"": 50}"
12,ACO×3,8,1.4260236853528467,18.044215781032108,22500,True,ACO stream 3,"[1, 2, 11, 5, 8, 9, 12, 13, 14, 10, 6, 7, 3, 4, 0]","{""candidate_lengths_km"": [1.4263484665422361, 1.4263484665422361, 1.4260236853528467], ""candidate_seeds"": [8, 28, 48], ""tie_tolerance_km"": 1e-12}"
12,DE,8,1.426348466542236,0.7711526250932366,7500,True,,"[0, 1, 2, 11, 5, 8, 9, 12, 13, 14, 10, 6, 7, 3, 4]",{}
12,NN+2opt,8,1.4260236853528467,0.0023194819223135,226,True,,"[0, 4, 3, 7, 6, 10, 14, 13, 12, 9, 8, 5, 11, 2, 1]",{}
12,PSO,8,1.4314855201061052,0.0948610570048913,7500,True,,"[0, 1, 4, 3, 7, 6, 10, 14, 13, 12, 9, 8, 5, 11, 2]",{}
12,Portfolio,8,1.4260236853528467,6.84790482907556,22727,True,NN+2opt,"[0, 4, 3, 7, 6, 10, 14, 13, 12, 9, 8, 5, 11, 2, 1]","{""candidate_evaluations"": {""ACO"": 7500, ""DE"": 7500, ""NN+2opt"": 226, ""PSO"": 7500, ""Raw"": 1}, ""candidate_lengths_km"": {""ACO"": 1.4263484665422361, ""DE"": 1.4263484665422361, ""NN+2opt"": 1.4260236853528467, ""PSO"": 1.4314855201061052, ""Raw"": 2.2142821208421277}, ""priority"": [""Raw"", ""NN+2opt"", ""ACO"", ""DE"", ""PSO""], ""tie_tolerance_km"": 1e-12}"
12,Raw,8,2.214282120842128,0.0002142000012099,1,True,,"[0, 1, 2, 3, 4, 5, 6, 7, 8, 9, 10, 11, 12, 13, 14]",{}
12,ACO,9,1.426348466542236,6.046824406948872,7500,True,,"[0, 1, 2, 11, 5, 8, 9, 12, 13, 14, 10, 6, 7, 3, 4]","{""alpha"": 1.0, ""beta"": 2.0, ""evaluation_budget"": 7500, ""evaporation"": 0.5, ""population"": 50}"
12,ACO×3,9,1.426348466542236,18.168668030994013,22500,True,ACO stream 1,"[0, 1, 2, 11, 5, 8, 9, 12, 13, 14, 10, 6, 7, 3, 4]","{""candidate_lengths_km"": [1.4263484665422361, 1.4263484665422361, 1.4400682975484465], ""candidate_seeds"": [9, 29, 49], ""tie_tolerance_km"": 1e-12}"
12,DE,9,1.603821736693098,0.7889492980903015,7500,True,,"[1, 2, 11, 5, 8, 9, 13, 14, 12, 10, 4, 7, 6, 3, 0]",{}
12,NN+2opt,9,1.4260236853528467,0.0022831270471215,226,True,,"[0, 4, 3, 7, 6, 10, 14, 13, 12, 9, 8, 5, 11, 2, 1]",{}
12,PSO,9,1.663681656434386,0.0966293000383302,7500,True,,"[0, 1, 5, 8, 3, 6, 7, 14, 13, 12, 10, 4, 9, 11, 2]",{}
12,Portfolio,9,1.4260236853528467,6.934904469060712,22727,True,NN+2opt,"[0, 4, 3, 7, 6, 10, 14, 13, 12, 9, 8, 5, 11, 2, 1]","{""candidate_evaluations"": {""ACO"": 7500, ""DE"": 7500, ""NN+2opt"": 226, ""PSO"": 7500, ""Raw"": 1}, ""candidate_lengths_km"": {""ACO"": 1.4263484665422361, ""DE"": 1.603821736693098, ""NN+2opt"": 1.4260236853528467, ""PSO"": 1.6636816564343861, ""Raw"": 2.2142821208421277}, ""priority"": [""Raw"", ""NN+2opt"", ""ACO"", ""DE"", ""PSO""], ""tie_tolerance_km"": 1e-12}"
12,Raw,9,2.214282120842128,0.0002101409481838,1,True,,"[0, 1, 2, 3, 4, 5, 6, 7, 8, 9, 10, 11, 12, 13, 14]",{}
12,ACO,10,1.4629409667745168,6.086153317941353,7500,True,,"[1, 0, 2, 11, 5, 8, 9, 12, 13, 14, 10, 6, 7, 3, 4]","{""alpha"": 1.0, ""beta"": 2.0, ""evaluation_budget"": 7500, ""evaporation"": 0.5, ""population"": 50}"
12,ACO×3,10,1.426348466542236,18.0403289119713,22500,True,ACO stream 2,"[0, 1, 2, 11, 5, 8, 9, 12, 13, 14, 10, 6, 7, 3, 4]","{""candidate_lengths_km"": [1.4629409667745168, 1.4263484665422361, 1.4480307851671983], ""candidate_seeds"": [10, 30, 50], ""tie_tolerance_km"": 1e-12}"
12,DE,10,1.607472697118269,0.7818908519111574,7500,True,,"[0, 1, 2, 5, 11, 9, 8, 13, 12, 14, 10, 6, 7, 3, 4]",{}
12,NN+2opt,10,1.4260236853528467,0.0022765450412407,226,True,,"[0, 4, 3, 7, 6, 10, 14, 13, 12, 9, 8, 5, 11, 2, 1]",{}
12,PSO,10,1.5536775371153042,0.0950317799579352,7500,True,,"[2, 9, 12, 13, 14, 10, 6, 7, 3, 4, 8, 5, 11, 1, 0]",{}
12,Portfolio,10,1.4260236853528467,6.965575268841349,22727,True,NN+2opt,"[0, 4, 3, 7, 6, 10, 14, 13, 12, 9, 8, 5, 11, 2, 1]","{""candidate_evaluations"": {""ACO"": 7500, ""DE"": 7500, ""NN+2opt"": 226, ""PSO"": 7500, ""Raw"": 1}, ""candidate_lengths_km"": {""ACO"": 1.4629409667745168, ""DE"": 1.607472697118269, ""NN+2opt"": 1.4260236853528467, ""PSO"": 1.5536775371153042, ""Raw"": 2.2142821208421277}, ""priority"": [""Raw"", ""NN+2opt"", ""ACO"", ""DE"", ""PSO""], ""tie_tolerance_km"": 1e-12}"
12,Raw,10,2.214282120842128,0.0002145420294255,1,True,,"[0, 1, 2, 3, 4, 5, 6, 7, 8, 9, 10, 11, 12, 13, 14]",{}
12,ACO,11,1.4400682975484465,5.968004185939208,7500,True,,"[0, 1, 2, 11, 5, 8, 9, 10, 12, 13, 14, 7, 6, 3, 4]","{""alpha"": 1.0, ""beta"": 2.0, ""evaluation_budget"": 7500, ""evaporation"": 0.5, ""population"": 50}"
12,ACO×3,11,1.426348466542236,17.840067463810556,22500,True,ACO stream 2,"[0, 1, 2, 11, 5, 8, 9, 12, 13, 14, 10, 6, 7, 3, 4]","{""candidate_lengths_km"": [1.4400682975484465, 1.4263484665422361, 1.4263484665422361], ""candidate_seeds"": [11, 31, 51], ""tie_tolerance_km"": 1e-12}"
12,DE,11,1.528180921065331,0.7692820789525285,7500,True,,"[0, 1, 3, 4, 7, 6, 10, 14, 13, 12, 9, 8, 5, 11, 2]",{}
12,NN+2opt,11,1.4260236853528467,0.0022855970310047,226,True,,"[0, 4, 3, 7, 6, 10, 14, 13, 12, 9, 8, 5, 11, 2, 1]",{}
12,PSO,11,2.0178039214613017,0.0943703840021044,7500,True,,"[0, 1, 8, 9, 6, 7, 3, 4, 2, 5, 12, 10, 14, 13, 11]",{}
12,Portfolio,11,1.4260236853528467,6.834274515975267,22727,True,NN+2opt,"[0, 4, 3, 7, 6, 10, 14, 13, 12, 9, 8, 5, 11, 2, 1]","{""candidate_evaluations"": {""ACO"": 7500, ""DE"": 7500, ""NN+2opt"": 226, ""PSO"": 7500, ""Raw"": 1}, ""candidate_lengths_km"": {""ACO"": 1.4400682975484465, ""DE"": 1.528180921065331, ""NN+2opt"": 1.4260236853528467, ""PSO"": 2.0178039214613017, ""Raw"": 2.2142821208421277}, ""priority"": [""Raw"", ""NN+2opt"", ""ACO"", ""DE"", ""PSO""], ""tie_tolerance_km"": 1e-12}"
12,Raw,11,2.214282120842128,0.000324098044075,1,True,,"[0, 1, 2, 3, 4, 5, 6, 7, 8, 9, 10, 11, 12, 13, 14]",{}
12,ACO,12,1.426348466542236,6.16566080506891,7500,True,,"[0, 1, 2, 11, 5, 8, 9, 12, 13, 14, 10, 6, 7, 3, 4]","{""alpha"": 1.0, ""beta"": 2.0, ""evaluation_budget"": 7500, ""evaporation"": 0.5, ""population"": 50}"
12,ACO×3,12,1.426348466542236,18.653756528161463,22500,True,ACO stream 1,"[0, 1, 2, 11, 5, 8, 9, 12, 13, 14, 10, 6, 7, 3, 4]","{""candidate_lengths_km"": [1.4263484665422361, 1.4263484665422361, 1.4885283980438166], ""candidate_seeds"": [12, 32, 52], ""tie_tolerance_km"": 1e-12}"
12,DE,12,1.426348466542236,0.7904911380028352,7500,True,,"[0, 1, 2, 11, 5, 8, 9, 12, 13, 14, 10, 6, 7, 3, 4]",{}
12,NN+2opt,12,1.4260236853528467,0.0023011040175333,226,True,,"[0, 4, 3, 7, 6, 10, 14, 13, 12, 9, 8, 5, 11, 2, 1]",{}
12,PSO,12,1.5706329826638863,0.0961927219759672,7500,True,,"[2, 5, 9, 10, 12, 13, 14, 7, 6, 3, 4, 8, 11, 1, 0]",{}
12,Portfolio,12,1.4260236853528467,7.0548610490513965,22727,True,NN+2opt,"[0, 4, 3, 7, 6, 10, 14, 13, 12, 9, 8, 5, 11, 2, 1]","{""candidate_evaluations"": {""ACO"": 7500, ""DE"": 7500, ""NN+2opt"": 226, ""PSO"": 7500, ""Raw"": 1}, ""candidate_lengths_km"": {""ACO"": 1.4263484665422361, ""DE"": 1.4263484665422361, ""NN+2opt"": 1.4260236853528467, ""PSO"": 1.5706329826638865, ""Raw"": 2.2142821208421277}, ""priority"": [""Raw"", ""NN+2opt"", ""ACO"", ""DE"", ""PSO""], ""tie_tolerance_km"": 1e-12}"
12,Raw,12,2.214282120842128,0.0002070449991151,1,True,,"[0, 1, 2, 3, 4, 5, 6, 7, 8, 9, 10, 11, 12, 13, 14]",{}
12,ACO,13,1.426348466542236,6.179422326036729,7500,True,,"[0, 1, 2, 11, 5, 8, 9, 12, 13, 14, 10, 6, 7, 3, 4]","{""alpha"": 1.0, ""beta"": 2.0, ""evaluation_budget"": 7500, ""evaporation"": 0.5, ""population"": 50}"
12,ACO×3,13,1.426348466542236,18.610070413094945,22500,True,ACO stream 1,"[0, 1, 2, 11, 5, 8, 9, 12, 13, 14, 10, 6, 7, 3, 4]","{""candidate_lengths_km"": [1.4263484665422361, 1.4480307851671983, 1.4263484665422361], ""candidate_seeds"": [13, 33, 53], ""tie_tolerance_km"": 1e-12}"
12,DE,13,1.426348466542236,0.8260691110044718,7500,True,,"[0, 1, 2, 11, 5, 8, 9, 12, 13, 14, 10, 6, 7, 3, 4]",{}
12,NN+2opt,13,1.4260236853528467,0.0022916160523891,226,True,,"[0, 4, 3, 7, 6, 10, 14, 13, 12, 9, 8, 5, 11, 2, 1]",{}
12,PSO,13,1.5175952252635585,0.0990518189501017,7500,True,,"[2, 4, 3, 7, 6, 10, 14, 13, 12, 9, 8, 5, 11, 0, 1]",{}
12,Portfolio,13,1.4260236853528467,7.107174776028842,22727,True,NN+2opt,"[0, 4, 3, 7, 6, 10, 14, 13, 12, 9, 8, 5, 11, 2, 1]","{""candidate_evaluations"": {""ACO"": 7500, ""DE"": 7500, ""NN+2opt"": 226, ""PSO"": 7500, ""Raw"": 1}, ""candidate_lengths_km"": {""ACO"": 1.4263484665422361, ""DE"": 1.4263484665422361, ""NN+2opt"": 1.4260236853528467, ""PSO"": 1.5175952252635583, ""Raw"": 2.2142821208421277}, ""priority"": [""Raw"", ""NN+2opt"", ""ACO"", ""DE"", ""PSO""], ""tie_tolerance_km"": 1e-12}"
12,Raw,13,2.214282120842128,0.0003321289550513,1,True,,"[0, 1, 2, 3, 4, 5, 6, 7, 8, 9, 10, 11, 12, 13, 14]",{}
12,ACO,14,1.4400682975484465,6.127443111967295,7500,True,,"[0, 1, 2, 11, 5, 8, 9, 10, 12, 13, 14, 7, 6, 3, 4]","{""alpha"": 1.0, ""beta"": 2.0, ""evaluation_budget"": 7500, ""evaporation"": 0.5, ""population"": 50}"
12,ACO×3,14,1.4400682975484465,18.446407819050364,22500,True,ACO stream 1,"[0, 1, 2, 11, 5, 8, 9, 10, 12, 13, 14, 7, 6, 3, 4]","{""candidate_lengths_km"": [1.4400682975484465, 1.4629409667745168, 1.4629409667745168], ""candidate_seeds"": [14, 34, 54], ""tie_tolerance_km"": 1e-12}"
12,DE,14,1.598211881151141,0.8084498539101332,7500,True,,"[0, 1, 3, 4, 7, 6, 14, 10, 13, 12, 9, 8, 5, 11, 2]",{}
12,NN+2opt,14,1.4260236853528467,0.0022570559522137,226,True,,"[0, 4, 3, 7, 6, 10, 14, 13, 12, 9, 8, 5, 11, 2, 1]",{}
12,PSO,14,1.426348466542236,0.0972450759727507,7500,True,,"[0, 1, 2, 11, 5, 8, 9, 12, 13, 14, 10, 6, 7, 3, 4]",{}
12,Portfolio,14,1.4260236853528467,7.035618130816147,22727,True,NN+2opt,"[0, 4, 3, 7, 6, 10, 14, 13, 12, 9, 8, 5, 11, 2, 1]","{""candidate_evaluations"": {""ACO"": 7500, ""DE"": 7500, ""NN+2opt"": 226, ""PSO"": 7500, ""Raw"": 1}, ""candidate_lengths_km"": {""ACO"": 1.4400682975484465, ""DE"": 1.598211881151141, ""NN+2opt"": 1.4260236853528467, ""PSO"": 1.4263484665422361, ""Raw"": 2.2142821208421277}, ""priority"": [""Raw"", ""NN+2opt"", ""ACO"", ""DE"", ""PSO""], ""tie_tolerance_km"": 1e-12}"
12,Raw,14,2.214282120842128,0.0002144100144505,1,True,,"[0, 1, 2, 3, 4, 5, 6, 7, 8, 9, 10, 11, 12, 13, 14]",{}
12,ACO,15,1.4629409667745168,6.16854553995654,7500,True,,"[1, 0, 2, 11, 5, 8, 9, 12, 13, 14, 10, 6, 7, 3, 4]","{""alpha"": 1.0, ""beta"": 2.0, ""evaluation_budget"": 7500, ""evaporation"": 0.5, ""population"": 50}"
12,ACO×3,15,1.4400682975484465,18.37972703494597,22500,True,ACO stream 3,"[0, 1, 2, 11, 5, 8, 9, 10, 12, 13, 14, 7, 6, 3, 4]","{""candidate_lengths_km"": [1.4629409667745168, 1.4629409667745168, 1.4400682975484465], ""candidate_seeds"": [15, 35, 55], ""tie_tolerance_km"": 1e-12}"
12,DE,15,1.5118443298802229,0.7945215000072494,7500,True,,"[0, 1, 2, 11, 5, 8, 9, 12, 13, 14, 10, 3, 7, 6, 4]",{}
12,NN+2opt,15,1.4260236853528467,0.0022918659960851,226,True,,"[0, 4, 3, 7, 6, 10, 14, 13, 12, 9, 8, 5, 11, 2, 1]",{}
12,PSO,15,1.5364256683631656,0.0957215900998562,7500,True,,"[0, 1, 2, 11, 4, 3, 7, 6, 10, 14, 13, 12, 9, 8, 5]",{}
12,Portfolio,15,1.4260236853528467,7.061295683146454,22727,True,NN+2opt,"[0, 4, 3, 7, 6, 10, 14, 13, 12, 9, 8, 5, 11, 2, 1]","{""candidate_evaluations"": {""ACO"": 7500, ""DE"": 7500, ""NN+2opt"": 226, ""PSO"": 7500, ""Raw"": 1}, ""candidate_lengths_km"": {""ACO"": 1.4629409667745168, ""DE"": 1.5118443298802229, ""NN+2opt"": 1.4260236853528467, ""PSO"": 1.5364256683631656, ""Raw"": 2.2142821208421277}, ""priority"": [""Raw"", ""NN+2opt"", ""ACO"", ""DE"", ""PSO""], ""tie_tolerance_km"": 1e-12}"
12,Raw,15,2.214282120842128,0.0002071340568363,1,True,,"[0, 1, 2, 3, 4, 5, 6, 7, 8, 9, 10, 11, 12, 13, 14]",{}
12,ACO,16,1.426348466542236,6.129199391929433,7500,True,,"[0, 1, 2, 11, 5, 8, 9, 12, 13, 14, 10, 6, 7, 3, 4]","{""alpha"": 1.0, ""beta"": 2.0, ""evaluation_budget"": 7500, ""evaporation"": 0.5, ""population"": 50}"
12,ACO×3,16,1.426348466542236,18.40325743588619,22500,True,ACO stream 1,"[0, 1, 2, 11, 5, 8, 9, 12, 13, 14, 10, 6, 7, 3, 4]","{""candidate_lengths_km"": [1.4263484665422361, 1.4263484665422361, 1.4400682975484465], ""candidate_seeds"": [16, 36, 56], ""tie_tolerance_km"": 1e-12}"
12,DE,16,1.4803709753023389,0.7961012899177149,7500,True,,"[0, 1, 2, 4, 3, 7, 6, 10, 14, 13, 12, 9, 8, 5, 11]",{}
12,NN+2opt,16,1.4260236853528467,0.0022923770593479,226,True,,"[0, 4, 3, 7, 6, 10, 14, 13, 12, 9, 8, 5, 11, 2, 1]",{}
12,PSO,16,1.6941602167779264,0.100406865007244,7500,True,,"[4, 9, 8, 5, 12, 13, 14, 10, 6, 7, 3, 11, 2, 1, 0]",{}
12,Portfolio,16,1.4260236853528467,7.028218014864251,22727,True,NN+2opt,"[0, 4, 3, 7, 6, 10, 14, 13, 12, 9, 8, 5, 11, 2, 1]","{""candidate_evaluations"": {""ACO"": 7500, ""DE"": 7500, ""NN+2opt"": 226, ""PSO"": 7500, ""Raw"": 1}, ""candidate_lengths_km"": {""ACO"": 1.4263484665422361, ""DE"": 1.4803709753023389, ""NN+2opt"": 1.4260236853528467, ""PSO"": 1.6941602167779264, ""Raw"": 2.2142821208421277}, ""priority"": [""Raw"", ""NN+2opt"", ""ACO"", ""DE"", ""PSO""], ""tie_tolerance_km"": 1e-12}"
12,Raw,16,2.214282120842128,0.0002094228984788,1,True,,"[0, 1, 2, 3, 4, 5, 6, 7, 8, 9, 10, 11, 12, 13, 14]",{}
12,ACO,17,1.4400682975484465,6.029474626062438,7500,True,,"[0, 1, 2, 11, 5, 8, 9, 10, 12, 13, 14, 7, 6, 3, 4]","{""alpha"": 1.0, ""beta"": 2.0, ""evaluation_budget"": 7500, ""evaporation"": 0.5, ""population"": 50}"
12,ACO×3,17,1.4400682975484465,18.496610439033248,22500,True,ACO stream 1,"[0, 1, 2, 11, 5, 8, 9, 10, 12, 13, 14, 7, 6, 3, 4]","{""candidate_lengths_km"": [1.4400682975484465, 1.4400682975484465, 1.4400682975484465], ""candidate_seeds"": [17, 37, 57], ""tie_tolerance_km"": 1e-12}"
12,DE,17,1.426348466542236,0.7957591050071642,7500,True,,"[0, 1, 2, 11, 5, 8, 9, 12, 13, 14, 10, 6, 7, 3, 4]",{}
12,NN+2opt,17,1.4260236853528467,0.0023259189911186,226,True,,"[0, 4, 3, 7, 6, 10, 14, 13, 12, 9, 8, 5, 11, 2, 1]",{}
12,PSO,17,1.4400682975484465,0.0961554360110312,7500,True,,"[0, 1, 2, 11, 5, 8, 9, 10, 12, 13, 14, 7, 6, 3, 4]",{}
12,Portfolio,17,1.4260236853528467,6.923934908118099,22727,True,NN+2opt,"[0, 4, 3, 7, 6, 10, 14, 13, 12, 9, 8, 5, 11, 2, 1]","{""candidate_evaluations"": {""ACO"": 7500, ""DE"": 7500, ""NN+2opt"": 226, ""PSO"": 7500, ""Raw"": 1}, ""candidate_lengths_km"": {""ACO"": 1.4400682975484465, ""DE"": 1.4263484665422361, ""NN+2opt"": 1.4260236853528467, ""PSO"": 1.4400682975484465, ""Raw"": 2.2142821208421277}, ""priority"": [""Raw"", ""NN+2opt"", ""ACO"", ""DE"", ""PSO""], ""tie_tolerance_km"": 1e-12}"
12,Raw,17,2.214282120842128,0.000212162034586,1,True,,"[0, 1, 2, 3, 4, 5, 6, 7, 8, 9, 10, 11, 12, 13, 14]",{}
12,ACO,18,1.4400682975484465,6.243313315906562,7500,True,,"[0, 1, 2, 11, 5, 8, 9, 10, 12, 13, 14, 7, 6, 3, 4]","{""alpha"": 1.0, ""beta"": 2.0, ""evaluation_budget"": 7500, ""evaporation"": 0.5, ""population"": 50}"
12,ACO×3,18,1.4400682975484465,18.56940272881184,22500,True,ACO stream 1,"[0, 1, 2, 11, 5, 8, 9, 10, 12, 13, 14, 7, 6, 3, 4]","{""candidate_lengths_km"": [1.4400682975484465, 1.447706003977809, 1.4400682975484465], ""candidate_seeds"": [18, 38, 58], ""tie_tolerance_km"": 1e-12}"
12,DE,18,1.5082416081022028,0.8154443189268932,7500,True,,"[0, 3, 4, 6, 7, 14, 13, 12, 10, 9, 8, 5, 11, 2, 1]",{}
12,NN+2opt,18,1.4260236853528467,0.002302445936948,226,True,,"[0, 4, 3, 7, 6, 10, 14, 13, 12, 9, 8, 5, 11, 2, 1]",{}
12,PSO,18,1.5855547981911338,0.0963170400355011,7500,True,,"[5, 10, 4, 3, 6, 7, 14, 13, 12, 9, 8, 11, 2, 1, 0]",{}
12,Portfolio,18,1.4260236853528467,7.15759004780557,22727,True,NN+2opt,"[0, 4, 3, 7, 6, 10, 14, 13, 12, 9, 8, 5, 11, 2, 1]","{""candidate_evaluations"": {""ACO"": 7500, ""DE"": 7500, ""NN+2opt"": 226, ""PSO"": 7500, ""Raw"": 1}, ""candidate_lengths_km"": {""ACO"": 1.4400682975484465, ""DE"": 1.5082416081022028, ""NN+2opt"": 1.4260236853528467, ""PSO"": 1.5855547981911338, ""Raw"": 2.2142821208421277}, ""priority"": [""Raw"", ""NN+2opt"", ""ACO"", ""DE"", ""PSO""], ""tie_tolerance_km"": 1e-12}"
12,Raw,18,2.214282120842128,0.0002046129666268,1,True,,"[0, 1, 2, 3, 4, 5, 6, 7, 8, 9, 10, 11, 12, 13, 14]",{}
12,ACO,19,1.4260236853528467,6.183595974114724,7500,True,,"[1, 2, 11, 5, 8, 9, 12, 13, 14, 10, 6, 7, 3, 4, 0]","{""alpha"": 1.0, ""beta"": 2.0, ""evaluation_budget"": 7500, ""evaporation"": 0.5, ""population"": 50}"
12,ACO×3,19,1.4260236853528467,18.60945500619709,22500,True,ACO stream 1,"[1, 2, 11, 5, 8, 9, 12, 13, 14, 10, 6, 7, 3, 4, 0]","{""candidate_lengths_km"": [1.4260236853528467, 1.4260236853528467, 1.4260236853528467], ""candidate_seeds"": [19, 39, 59], ""tie_tolerance_km"": 1e-12}"
12,DE,19,1.4260236853528467,0.8028831239789724,7500,True,,"[0, 4, 3, 7, 6, 10, 14, 13, 12, 9, 8, 5, 11, 2, 1]",{}
12,NN+2opt,19,1.4260236853528467,0.0023204530589282,226,True,,"[0, 4, 3, 7, 6, 10, 14, 13, 12, 9, 8, 5, 11, 2, 1]",{}
12,PSO,19,1.63096876303942,0.1024297750554978,7500,True,,"[0, 1, 2, 5, 8, 9, 12, 14, 7, 6, 3, 4, 10, 13, 11]",{}
12,Portfolio,19,1.4260236853528467,7.091445806086995,22727,True,NN+2opt,"[0, 4, 3, 7, 6, 10, 14, 13, 12, 9, 8, 5, 11, 2, 1]","{""candidate_evaluations"": {""ACO"": 7500, ""DE"": 7500, ""NN+2opt"": 226, ""PSO"": 7500, ""Raw"": 1}, ""candidate_lengths_km"": {""ACO"": 1.4260236853528467, ""DE"": 1.4260236853528467, ""NN+2opt"": 1.4260236853528467, ""PSO"": 1.63096876303942, ""Raw"": 2.2142821208421277}, ""priority"": [""Raw"", ""NN+2opt"", ""ACO"", ""DE"", ""PSO""], ""tie_tolerance_km"": 1e-12}"
12,Raw,19,2.214282120842128,0.0002075099619105,1,True,,"[0, 1, 2, 3, 4, 5, 6, 7, 8, 9, 10, 11, 12, 13, 14]",{}
13,ACO,0,2.026911186852802,4.390054763061926,7500,True,,"[0, 1, 2, 3, 4, 5, 9, 10, 7, 6, 8]","{""alpha"": 1.0, ""beta"": 2.0, ""evaluation_budget"": 7500, ""evaporation"": 0.5, ""population"": 50}"
13,ACO×3,0,2.026911186852802,13.109397933236323,22500,True,ACO stream 1,"[0, 1, 2, 3, 4, 5, 9, 10, 7, 6, 8]","{""candidate_lengths_km"": [2.026911186852802, 2.064340106337574, 2.026911186852802], ""candidate_seeds"": [0, 20, 40], ""tie_tolerance_km"": 1e-12}"
13,DE,0,2.026911186852802,0.7523573869839311,7500,True,,"[0, 1, 2, 3, 4, 5, 9, 10, 7, 6, 8]",{}
13,NN+2opt,0,2.080079610501402,0.000781322014518,56,True,,"[0, 1, 6, 7, 2, 3, 4, 5, 9, 10, 8]",{}
13,PSO,0,2.1100247670775323,0.0832092680502682,7500,True,,"[0, 2, 3, 4, 5, 9, 10, 7, 6, 8, 1]",{}
13,Portfolio,0,2.026911186852802,5.226546899299137,22557,True,ACO,"[0, 1, 2, 3, 4, 5, 9, 10, 7, 6, 8]","{""candidate_evaluations"": {""ACO"": 7500, ""DE"": 7500, ""NN+2opt"": 56, ""PSO"": 7500, ""Raw"": 1}, ""candidate_lengths_km"": {""ACO"": 2.026911186852802, ""DE"": 2.026911186852802, ""NN+2opt"": 2.080079610501402, ""PSO"": 2.1100247670775323, ""Raw"": 2.623767278619098}, ""priority"": [""Raw"", ""NN+2opt"", ""ACO"", ""DE"", ""PSO""], ""tie_tolerance_km"": 1e-12}"
13,Raw,0,2.623767278619098,0.000135705107823,1,True,,"[0, 1, 2, 3, 4, 5, 6, 7, 8, 9, 10]",{}
13,ACO,1,2.064340106337574,4.368926921044476,7500,True,,"[8, 6, 7, 10, 9, 5, 4, 3, 2, 0, 1]","{""alpha"": 1.0, ""beta"": 2.0, ""evaluation_budget"": 7500, ""evaporation"": 0.5, ""population"": 50}"
13,ACO×3,1,2.026911186852802,13.10822829802055,22500,True,ACO stream 3,"[0, 1, 2, 3, 4, 5, 9, 10, 7, 6, 8]","{""candidate_lengths_km"": [2.064340106337574, 2.064340106337574, 2.026911186852802], ""candidate_seeds"": [1, 21, 41], ""tie_tolerance_km"": 1e-12}"
13,DE,1,2.026911186852802,0.7654369920492172,7500,True,,"[0, 1, 2, 3, 4, 5, 9, 10, 7, 6, 8]",{}
13,NN+2opt,1,2.080079610501402,0.0007844360079616,56,True,,"[0, 1, 6, 7, 2, 3, 4, 5, 9, 10, 8]",{}
13,PSO,1,2.0269111868528022,0.082158792996779,7500,True,,"[8, 6, 7, 10, 9, 5, 4, 3, 2, 1, 0]",{}
13,Portfolio,1,2.026911186852802,5.217448948067613,22557,True,DE,"[0, 1, 2, 3, 4, 5, 9, 10, 7, 6, 8]","{""candidate_evaluations"": {""ACO"": 7500, ""DE"": 7500, ""NN+2opt"": 56, ""PSO"": 7500, ""Raw"": 1}, ""candidate_lengths_km"": {""ACO"": 2.064340106337574, ""DE"": 2.026911186852802, ""NN+2opt"": 2.080079610501402, ""PSO"": 2.0269111868528022, ""Raw"": 2.623767278619098}, ""priority"": [""Raw"", ""NN+2opt"", ""ACO"", ""DE"", ""PSO""], ""tie_tolerance_km"": 1e-12}"
13,Raw,1,2.623767278619098,0.0001328450161963,1,True,,"[0, 1, 2, 3, 4, 5, 6, 7, 8, 9, 10]",{}
13,ACO,2,2.026911186852802,4.563994314987212,7500,True,,"[0, 1, 2, 3, 4, 5, 9, 10, 7, 6, 8]","{""alpha"": 1.0, ""beta"": 2.0, ""evaluation_budget"": 7500, ""evaporation"": 0.5, ""population"": 50}"
13,ACO×3,2,2.026911186852802,13.34771672298666,22500,True,ACO stream 1,"[0, 1, 2, 3, 4, 5, 9, 10, 7, 6, 8]","{""candidate_lengths_km"": [2.026911186852802, 2.026911186852802, 2.026911186852802], ""candidate_seeds"": [2, 22, 42], ""tie_tolerance_km"": 1e-12}"
13,DE,2,2.026911186852802,0.7701391000300646,7500,True,,"[0, 1, 2, 3, 4, 5, 9, 10, 7, 6, 8]",{}
13,NN+2opt,2,2.080079610501402,0.0007786880014464,56,True,,"[0, 1, 6, 7, 2, 3, 4, 5, 9, 10, 8]",{}
13,PSO,2,2.1181396961057644,0.0829311900306493,7500,True,,"[0, 1, 6, 7, 10, 9, 5, 4, 3, 2, 8]",{}
13,Portfolio,2,2.026911186852802,5.417982805985957,22557,True,ACO,"[0, 1, 2, 3, 4, 5, 9, 10, 7, 6, 8]","{""candidate_evaluations"": {""ACO"": 7500, ""DE"": 7500, ""NN+2opt"": 56, ""PSO"": 7500, ""Raw"": 1}, ""candidate_lengths_km"": {""ACO"": 2.026911186852802, ""DE"": 2.026911186852802, ""NN+2opt"": 2.080079610501402, ""PSO"": 2.1181396961057644, ""Raw"": 2.623767278619098}, ""priority"": [""Raw"", ""NN+2opt"", ""ACO"", ""DE"", ""PSO""], ""tie_tolerance_km"": 1e-12}"
13,Raw,2,2.623767278619098,0.0001306849298998,1,True,,"[0, 1, 2, 3, 4, 5, 6, 7, 8, 9, 10]",{}
13,ACO,3,2.026911186852802,4.396573459962383,7500,True,,"[0, 1, 2, 3, 4, 5, 9, 10, 7, 6, 8]","{""alpha"": 1.0, ""beta"": 2.0, ""evaluation_budget"": 7500, ""evaporation"": 0.5, ""population"": 50}"
13,ACO×3,3,2.026911186852802,13.279515902977437,22500,True,ACO stream 1,"[0, 1, 2, 3, 4, 5, 9, 10, 7, 6, 8]","{""candidate_lengths_km"": [2.026911186852802, 2.080079610501402, 2.026911186852802], ""candidate_seeds"": [3, 23, 43], ""tie_tolerance_km"": 1e-12}"
13,DE,3,2.026911186852802,0.7565079090418294,7500,True,,"[0, 1, 2, 3, 4, 5, 9, 10, 7, 6, 8]",{}
13,NN+2opt,3,2.080079610501402,0.0007780849700793,56,True,,"[0, 1, 6, 7, 2, 3, 4, 5, 9, 10, 8]",{}
13,PSO,3,2.261497900664617,0.0825351210078224,7500,True,,"[6, 7, 10, 9, 5, 4, 3, 2, 0, 1, 8]",{}
13,Portfolio,3,2.026911186852802,5.236533231916837,22557,True,ACO,"[0, 1, 2, 3, 4, 5, 9, 10, 7, 6, 8]","{""candidate_evaluations"": {""ACO"": 7500, ""DE"": 7500, ""NN+2opt"": 56, ""PSO"": 7500, ""Raw"": 1}, ""candidate_lengths_km"": {""ACO"": 2.026911186852802, ""DE"": 2.026911186852802, ""NN+2opt"": 2.080079610501402, ""PSO"": 2.261497900664617, ""Raw"": 2.623767278619098}, ""priority"": [""Raw"", ""NN+2opt"", ""ACO"", ""DE"", ""PSO""], ""tie_tolerance_km"": 1e-12}"
13,Raw,3,2.623767278619098,0.0001302279997617,1,True,,"[0, 1, 2, 3, 4, 5, 6, 7, 8, 9, 10]",{}
13,ACO,4,2.026911186852802,4.412055080989376,7500,True,,"[0, 1, 2, 3, 4, 5, 9, 10, 7, 6, 8]","{""alpha"": 1.0, ""beta"": 2.0, ""evaluation_budget"": 7500, ""evaporation"": 0.5, ""population"": 50}"
13,ACO×3,4,2.026911186852802,13.169269046979023,22500,True,ACO stream 1,"[0, 1, 2, 3, 4, 5, 9, 10, 7, 6, 8]","{""candidate_lengths_km"": [2.026911186852802, 2.026911186852802, 2.026911186852802], ""candidate_seeds"": [4, 24, 44], ""tie_tolerance_km"": 1e-12}"
13,DE,4,2.026911186852802,0.7562352309469134,7500,True,,"[0, 1, 2, 3, 4, 5, 9, 10, 7, 6, 8]",{}
13,NN+2opt,4,2.080079610501402,0.0007916330359876,56,True,,"[0, 1, 6, 7, 2, 3, 4, 5, 9, 10, 8]",{}
13,PSO,4,2.2495837381778854,0.0843160969670862,7500,True,,"[1, 6, 7, 10, 9, 5, 4, 3, 2, 8, 0]",{}
13,Portfolio,4,2.026911186852802,5.253548788954504,22557,True,ACO,"[0, 1, 2, 3, 4, 5, 9, 10, 7, 6, 8]","{""candidate_evaluations"": {""ACO"": 7500, ""DE"": 7500, ""NN+2opt"": 56, ""PSO"": 7500, ""Raw"": 1}, ""candidate_lengths_km"": {""ACO"": 2.026911186852802, ""DE"": 2.026911186852802, ""NN+2opt"": 2.080079610501402, ""PSO"": 2.2495837381778854, ""Raw"": 2.623767278619098}, ""priority"": [""Raw"", ""NN+2opt"", ""ACO"", ""DE"", ""PSO""], ""tie_tolerance_km"": 1e-12}"
13,Raw,4,2.623767278619098,0.0001423530047759,1,True,,"[0, 1, 2, 3, 4, 5, 6, 7, 8, 9, 10]",{}
13,ACO,5,2.026911186852802,4.30625875107944,7500,True,,"[0, 1, 2, 3, 4, 5, 9, 10, 7, 6, 8]","{""alpha"": 1.0, ""beta"": 2.0, ""evaluation_budget"": 7500, ""evaporation"": 0.5, ""population"": 50}"
13,ACO×3,5,2.026911186852802,13.046258650021628,22500,True,ACO stream 1,"[0, 1, 2, 3, 4, 5, 9, 10, 7, 6, 8]","{""candidate_lengths_km"": [2.026911186852802, 2.064340106337574, 2.026911186852802], ""candidate_seeds"": [5, 25, 45], ""tie_tolerance_km"": 1e-12}"
13,DE,5,2.026911186852802,0.7550762250320986,7500,True,,"[0, 1, 2, 3, 4, 5, 9, 10, 7, 6, 8]",{}
13,NN+2opt,5,2.080079610501402,0.0007835770957171,56,True,,"[0, 1, 6, 7, 2, 3, 4, 5, 9, 10, 8]",{}
13,PSO,5,2.2491624618608954,0.081814406090416,7500,True,,"[7, 10, 9, 5, 4, 3, 2, 6, 8, 1, 0]",{}
13,Portfolio,5,2.026911186852802,5.144078100216575,22557,True,ACO,"[0, 1, 2, 3, 4, 5, 9, 10, 7, 6, 8]","{""candidate_evaluations"": {""ACO"": 7500, ""DE"": 7500, ""NN+2opt"": 56, ""PSO"": 7500, ""Raw"": 1}, ""candidate_lengths_km"": {""ACO"": 2.026911186852802, ""DE"": 2.026911186852802, ""NN+2opt"": 2.080079610501402, ""PSO"": 2.2491624618608954, ""Raw"": 2.623767278619098}, ""priority"": [""Raw"", ""NN+2opt"", ""ACO"", ""DE"", ""PSO""], ""tie_tolerance_km"": 1e-12}"
13,Raw,5,2.623767278619098,0.000136250979267,1,True,,"[0, 1, 2, 3, 4, 5, 6, 7, 8, 9, 10]",{}
13,ACO,6,2.026911186852802,4.391158403945155,7500,True,,"[0, 1, 2, 3, 4, 5, 9, 10, 7, 6, 8]","{""alpha"": 1.0, ""beta"": 2.0, ""evaluation_budget"": 7500, ""evaporation"": 0.5, ""population"": 50}"
13,ACO×3,6,2.026911186852802,13.26567433285527,22500,True,ACO stream 1,"[0, 1, 2, 3, 4, 5, 9, 10, 7, 6, 8]","{""candidate_lengths_km"": [2.026911186852802, 2.026911186852802, 2.064340106337574], ""candidate_seeds"": [6, 26, 46], ""tie_tolerance_km"": 1e-12}"
13,DE,6,2.080079610501402,0.7732861679978669,7500,True,,"[0, 1, 6, 7, 2, 3, 4, 5, 9, 10, 8]",{}
13,NN+2opt,6,2.080079610501402,0.0007870349800214,56,True,,"[0, 1, 6, 7, 2, 3, 4, 5, 9, 10, 8]",{}
13,PSO,6,2.158355228924923,0.086497347918339,7500,True,,"[0, 8, 6, 7, 10, 9, 5, 4, 3, 2, 1]",{}
13,Portfolio,6,2.026911186852802,5.251871611806564,22557,True,ACO,"[0, 1, 2, 3, 4, 5, 9, 10, 7, 6, 8]","{""candidate_evaluations"": {""ACO"": 7500, ""DE"": 7500, ""NN+2opt"": 56, ""PSO"": 7500, ""Raw"": 1}, ""candidate_lengths_km"": {""ACO"": 2.026911186852802, ""DE"": 2.080079610501402, ""NN+2opt"": 2.080079610501402, ""PSO"": 2.158355228924923, ""Raw"": 2.623767278619098}, ""priority"": [""Raw"", ""NN+2opt"", ""ACO"", ""DE"", ""PSO""], ""tie_tolerance_km"": 1e-12}"
13,Raw,6,2.623767278619098,0.0001341759925708,1,True,,"[0, 1, 2, 3, 4, 5, 6, 7, 8, 9, 10]",{}
13,ACO,7,2.026911186852802,4.374288193997927,7500,True,,"[0, 1, 2, 3, 4, 5, 9, 10, 7, 6, 8]","{""alpha"": 1.0, ""beta"": 2.0, ""evaluation_budget"": 7500, ""evaporation"": 0.5, ""population"": 50}"
13,ACO×3,7,2.026911186852802,13.152711495058613,22500,True,ACO stream 1,"[0, 1, 2, 3, 4, 5, 9, 10, 7, 6, 8]","{""candidate_lengths_km"": [2.026911186852802, 2.064340106337574, 2.026911186852802], ""candidate_seeds"": [7, 27, 47], ""tie_tolerance_km"": 1e-12}"
13,DE,7,2.026911186852802,0.7561937349382788,7500,True,,"[0, 1, 2, 3, 4, 5, 9, 10, 7, 6, 8]",{}
13,NN+2opt,7,2.080079610501402,0.0010666729649528,56,True,,"[0, 1, 6, 7, 2, 3, 4, 5, 9, 10, 8]",{}
13,PSO,7,2.1100247670775323,0.0831752349622547,7500,True,,"[0, 2, 3, 4, 5, 9, 10, 7, 6, 8, 1]",{}
13,Portfolio,7,2.026911186852802,5.214866742957383,22557,True,ACO,"[0, 1, 2, 3, 4, 5, 9, 10, 7, 6, 8]","{""candidate_evaluations"": {""ACO"": 7500, ""DE"": 7500, ""NN+2opt"": 56, ""PSO"": 7500, ""Raw"": 1}, ""candidate_lengths_km"": {""ACO"": 2.026911186852802, ""DE"": 2.026911186852802, ""NN+2opt"": 2.080079610501402, ""PSO"": 2.1100247670775323, ""Raw"": 2.623767278619098}, ""priority"": [""Raw"", ""NN+2opt"", ""ACO"", ""DE"", ""PSO""], ""tie_tolerance_km"": 1e-12}"
13,Raw,7,2.623767278619098,0.0001342180185019,1,True,,"[0, 1, 2, 3, 4, 5, 6, 7, 8, 9, 10]",{}
13,ACO,8,2.026911186852802,4.426870465045795,7500,True,,"[0, 1, 2, 3, 4, 5, 9, 10, 7, 6, 8]","{""alpha"": 1.0, ""beta"": 2.0, ""evaluation_budget"": 7500, ""evaporation"": 0.5, ""population"": 50}"
13,ACO×3,8,2.026911186852802,13.276040860218927,22500,True,ACO stream 1,"[0, 1, 2, 3, 4, 5, 9, 10, 7, 6, 8]","{""candidate_lengths_km"": [2.026911186852802, 2.026911186852802, 2.064340106337574], ""candidate_seeds"": [8, 28, 48], ""tie_tolerance_km"": 1e-12}"
13,DE,8,2.026911186852802,0.7576857400126755,7500,True,,"[0, 1, 2, 3, 4, 5, 9, 10, 7, 6, 8]",{}
13,NN+2opt,8,2.080079610501402,0.0007856639567762,56,True,,"[0, 1, 6, 7, 2, 3, 4, 5, 9, 10, 8]",{}
13,PSO,8,2.0269111868528022,0.0835765290539711,7500,True,,"[8, 6, 7, 10, 9, 5, 4, 3, 2, 1, 0]",{}
13,Portfolio,8,2.026911186852802,5.269063321989961,22557,True,ACO,"[0, 1, 2, 3, 4, 5, 9, 10, 7, 6, 8]","{""candidate_evaluations"": {""ACO"": 7500, ""DE"": 7500, ""NN+2opt"": 56, ""PSO"": 7500, ""Raw"": 1}, ""candidate_lengths_km"": {""ACO"": 2.026911186852802, ""DE"": 2.026911186852802, ""NN+2opt"": 2.080079610501402, ""PSO"": 2.0269111868528022, ""Raw"": 2.623767278619098}, ""priority"": [""Raw"", ""NN+2opt"", ""ACO"", ""DE"", ""PSO""], ""tie_tolerance_km"": 1e-12}"
13,Raw,8,2.623767278619098,0.0001362969633191,1,True,,"[0, 1, 2, 3, 4, 5, 6, 7, 8, 9, 10]",{}
13,ACO,9,2.026911186852802,4.471482034074143,7500,True,,"[0, 1, 2, 3, 4, 5, 9, 10, 7, 6, 8]","{""alpha"": 1.0, ""beta"": 2.0, ""evaluation_budget"": 7500, ""evaporation"": 0.5, ""population"": 50}"
13,ACO×3,9,2.026911186852802,13.548178944154644,22500,True,ACO stream 1,"[0, 1, 2, 3, 4, 5, 9, 10, 7, 6, 8]","{""candidate_lengths_km"": [2.026911186852802, 2.026911186852802, 2.026911186852802], ""candidate_seeds"": [9, 29, 49], ""tie_tolerance_km"": 1e-12}"
13,DE,9,2.026911186852802,0.7802199409343302,7500,True,,"[0, 1, 2, 3, 4, 5, 9, 10, 7, 6, 8]",{}
13,NN+2opt,9,2.080079610501402,0.0007807989604771,56,True,,"[0, 1, 6, 7, 2, 3, 4, 5, 9, 10, 8]",{}
13,PSO,9,2.1222061904718226,0.0838392419973388,7500,True,,"[8, 7, 10, 9, 5, 4, 3, 2, 6, 1, 0]",{}
13,Portfolio,9,2.026911186852802,5.336467865970917,22557,True,ACO,"[0, 1, 2, 3, 4, 5, 9, 10, 7, 6, 8]","{""candidate_evaluations"": {""ACO"": 7500, ""DE"": 7500, ""NN+2opt"": 56, ""PSO"": 7500, ""Raw"": 1}, ""candidate_lengths_km"": {""ACO"": 2.026911186852802, ""DE"": 2.026911186852802, ""NN+2opt"": 2.080079610501402, ""PSO"": 2.1222061904718226, ""Raw"": 2.623767278619098}, ""priority"": [""Raw"", ""NN+2opt"", ""ACO"", ""DE"", ""PSO""], ""tie_tolerance_km"": 1e-12}"
13,Raw,9,2.623767278619098,0.0001367919612675,1,True,,"[0, 1, 2, 3, 4, 5, 6, 7, 8, 9, 10]",{}
13,ACO,10,2.026911186852802,4.478246983955614,7500,True,,"[0, 1, 2, 3, 4, 5, 9, 10, 7, 6, 8]","{""alpha"": 1.0, ""beta"": 2.0, ""evaluation_budget"": 7500, ""evaporation"": 0.5, ""population"": 50}"
13,ACO×3,10,2.026911186852802,13.463384885923006,22500,True,ACO stream 1,"[0, 1, 2, 3, 4, 5, 9, 10, 7, 6, 8]","{""candidate_lengths_km"": [2.026911186852802, 2.0269111868528022, 2.026911186852802], ""candidate_seeds"": [10, 30, 50], ""tie_tolerance_km"": 1e-12}"
13,DE,10,2.026911186852802,0.7851343989605084,7500,True,,"[0, 1, 2, 3, 4, 5, 9, 10, 7, 6, 8]",{}
13,NN+2opt,10,2.080079610501402,0.0007832359988242,56,True,,"[0, 1, 6, 7, 2, 3, 4, 5, 9, 10, 8]",{}
13,PSO,10,2.1496621090328816,0.0862093380419537,7500,True,,"[2, 3, 4, 5, 9, 10, 7, 6, 8, 1, 0]",{}
13,Portfolio,10,2.026911186852802,5.350518349907361,22557,True,ACO,"[0, 1, 2, 3, 4, 5, 9, 10, 7, 6, 8]","{""candidate_evaluations"": {""ACO"": 7500, ""DE"": 7500, ""NN+2opt"": 56, ""PSO"": 7500, ""Raw"": 1}, ""candidate_lengths_km"": {""ACO"": 2.026911186852802, ""DE"": 2.026911186852802, ""NN+2opt"": 2.080079610501402, ""PSO"": 2.1496621090328816, ""Raw"": 2.623767278619098}, ""priority"": [""Raw"", ""NN+2opt"", ""ACO"", ""DE"", ""PSO""], ""tie_tolerance_km"": 1e-12}"
13,Raw,10,2.623767278619098,0.000136402901262,1,True,,"[0, 1, 2, 3, 4, 5, 6, 7, 8, 9, 10]",{}
13,ACO,11,2.064340106337574,4.387163827079348,7500,True,,"[8, 6, 7, 10, 9, 5, 4, 3, 2, 0, 1]","{""alpha"": 1.0, ""beta"": 2.0, ""evaluation_budget"": 7500, ""evaporation"": 0.5, ""population"": 50}"
13,ACO×3,11,2.026911186852802,13.245631931116804,22500,True,ACO stream 2,"[0, 1, 2, 3, 4, 5, 9, 10, 7, 6, 8]","{""candidate_lengths_km"": [2.064340106337574, 2.026911186852802, 2.026911186852802], ""candidate_seeds"": [11, 31, 51], ""tie_tolerance_km"": 1e-12}"
13,DE,11,2.026911186852802,0.7653737289365381,7500,True,,"[0, 1, 2, 3, 4, 5, 9, 10, 7, 6, 8]",{}
13,NN+2opt,11,2.080079610501402,0.0008067600429058,56,True,,"[0, 1, 6, 7, 2, 3, 4, 5, 9, 10, 8]",{}
13,PSO,11,2.261497900664617,0.0814372020540759,7500,True,,"[6, 7, 10, 9, 5, 4, 3, 2, 0, 1, 8]",{}
13,Portfolio,11,2.026911186852802,5.234921804163605,22557,True,DE,"[0, 1, 2, 3, 4, 5, 9, 10, 7, 6, 8]","{""candidate_evaluations"": {""ACO"": 7500, ""DE"": 7500, ""NN+2opt"": 56, ""PSO"": 7500, ""Raw"": 1}, ""candidate_lengths_km"": {""ACO"": 2.064340106337574, ""DE"": 2.026911186852802, ""NN+2opt"": 2.080079610501402, ""PSO"": 2.261497900664617, ""Raw"": 2.623767278619098}, ""priority"": [""Raw"", ""NN+2opt"", ""ACO"", ""DE"", ""PSO""], ""tie_tolerance_km"": 1e-12}"
13,Raw,11,2.623767278619098,0.0001320870360359,1,True,,"[0, 1, 2, 3, 4, 5, 6, 7, 8, 9, 10]",{}
13,ACO,12,2.026911186852802,4.976298946072348,7500,True,,"[0, 1, 2, 3, 4, 5, 9, 10, 7, 6, 8]","{""alpha"": 1.0, ""beta"": 2.0, ""evaluation_budget"": 7500, ""evaporation"": 0.5, ""population"": 50}"
13,ACO×3,12,2.026911186852802,14.1125338251004,22500,True,ACO stream 1,"[0, 1, 2, 3, 4, 5, 9, 10, 7, 6, 8]","{""candidate_lengths_km"": [2.026911186852802, 2.026911186852802, 2.026911186852802], ""candidate_seeds"": [12, 32, 52], ""tie_tolerance_km"": 1e-12}"
13,DE,12,2.026911186852802,0.7752082960214466,7500,True,,"[0, 1, 2, 3, 4, 5, 9, 10, 7, 6, 8]",{}
13,NN+2opt,12,2.080079610501402,0.0008132199291139,56,True,,"[0, 1, 6, 7, 2, 3, 4, 5, 9, 10, 8]",{}
13,PSO,12,2.207577261064972,0.0816346800420433,7500,True,,"[0, 1, 7, 5, 4, 3, 2, 9, 10, 6, 8]",{}
13,Portfolio,12,2.026911186852802,5.83411886007525,22557,True,ACO,"[0, 1, 2, 3, 4, 5, 9, 10, 7, 6, 8]","{""candidate_evaluations"": {""ACO"": 7500, ""DE"": 7500, ""NN+2opt"": 56, ""PSO"": 7500, ""Raw"": 1}, ""candidate_lengths_km"": {""ACO"": 2.026911186852802, ""DE"": 2.026911186852802, ""NN+2opt"": 2.080079610501402, ""PSO"": 2.207577261064972, ""Raw"": 2.623767278619098}, ""priority"": [""Raw"", ""NN+2opt"", ""ACO"", ""DE"", ""PSO""], ""tie_tolerance_km"": 1e-12}"
13,Raw,12,2.623767278619098,0.0001546159619465,1,True,,"[0, 1, 2, 3, 4, 5, 6, 7, 8, 9, 10]",{}
13,ACO,13,2.064340106337574,4.513380421092734,7500,True,,"[1, 0, 2, 3, 4, 5, 9, 10, 7, 6, 8]","{""alpha"": 1.0, ""beta"": 2.0, ""evaluation_budget"": 7500, ""evaporation"": 0.5, ""population"": 50}"
13,ACO×3,13,2.026911186852802,13.65694512904156,22500,True,ACO stream 2,"[0, 1, 2, 3, 4, 5, 9, 10, 7, 6, 8]","{""candidate_lengths_km"": [2.064340106337574, 2.026911186852802, 2.026911186852802], ""candidate_seeds"": [13, 33, 53], ""tie_tolerance_km"": 1e-12}"
13,DE,13,2.026911186852802,0.8172276919940487,7500,True,,"[0, 1, 2, 3, 4, 5, 9, 10, 7, 6, 8]",{}
13,NN+2opt,13,2.080079610501402,0.0008003859547898,56,True,,"[0, 1, 6, 7, 2, 3, 4, 5, 9, 10, 8]",{}
13,PSO,13,2.2372417900500454,0.087457632063888,7500,True,,"[0, 6, 2, 3, 4, 5, 9, 10, 7, 8, 1]",{}
13,Portfolio,13,2.026911186852802,5.419107377179898,22557,True,DE,"[0, 1, 2, 3, 4, 5, 9, 10, 7, 6, 8]","{""candidate_evaluations"": {""ACO"": 7500, ""DE"": 7500, ""NN+2opt"": 56, ""PSO"": 7500, ""Raw"": 1}, ""candidate_lengths_km"": {""ACO"": 2.064340106337574, ""DE"": 2.026911186852802, ""NN+2opt"": 2.080079610501402, ""PSO"": 2.2372417900500454, ""Raw"": 2.623767278619098}, ""priority"": [""Raw"", ""NN+2opt"", ""ACO"", ""DE"", ""PSO""], ""tie_tolerance_km"": 1e-12}"
13,Raw,13,2.623767278619098,0.0002325240056961,1,True,,"[0, 1, 2, 3, 4, 5, 6, 7, 8, 9, 10]",{}
13,ACO,14,2.026911186852802,4.503168627037667,7500,True,,"[0, 1, 2, 3, 4, 5, 9, 10, 7, 6, 8]","{""alpha"": 1.0, ""beta"": 2.0, ""evaluation_budget"": 7500, ""evaporation"": 0.5, ""population"": 50}"
13,ACO×3,14,2.026911186852802,13.354600047226995,22500,True,ACO stream 1,"[0, 1, 2, 3, 4, 5, 9, 10, 7, 6, 8]","{""candidate_lengths_km"": [2.026911186852802, 2.026911186852802, 2.026911186852802], ""candidate_seeds"": [14, 34, 54], ""tie_tolerance_km"": 1e-12}"
13,DE,14,2.026911186852802,0.790908963070251,7500,True,,"[0, 1, 2, 3, 4, 5, 9, 10, 7, 6, 8]",{}
13,NN+2opt,14,2.080079610501402,0.0007710480131208,56,True,,"[0, 1, 6, 7, 2, 3, 4, 5, 9, 10, 8]",{}
13,PSO,14,2.1181396961057644,0.0860404790146276,7500,True,,"[0, 1, 6, 7, 10, 9, 5, 4, 3, 2, 8]",{}
13,Portfolio,14,2.026911186852802,5.381031590979546,22557,True,ACO,"[0, 1, 2, 3, 4, 5, 9, 10, 7, 6, 8]","{""candidate_evaluations"": {""ACO"": 7500, ""DE"": 7500, ""NN+2opt"": 56, ""PSO"": 7500, ""Raw"": 1}, ""candidate_lengths_km"": {""ACO"": 2.026911186852802, ""DE"": 2.026911186852802, ""NN+2opt"": 2.080079610501402, ""PSO"": 2.1181396961057644, ""Raw"": 2.623767278619098}, ""priority"": [""Raw"", ""NN+2opt"", ""ACO"", ""DE"", ""PSO""], ""tie_tolerance_km"": 1e-12}"
13,Raw,14,2.623767278619098,0.0001337209250777,1,True,,"[0, 1, 2, 3, 4, 5, 6, 7, 8, 9, 10]",{}
13,ACO,15,2.026911186852802,4.609549149987288,7500,True,,"[0, 1, 2, 3, 4, 5, 9, 10, 7, 6, 8]","{""alpha"": 1.0, ""beta"": 2.0, ""evaluation_budget"": 7500, ""evaporation"": 0.5, ""population"": 50}"
13,ACO×3,15,2.026911186852802,13.717249657958746,22500,True,ACO stream 1,"[0, 1, 2, 3, 4, 5, 9, 10, 7, 6, 8]","{""candidate_lengths_km"": [2.026911186852802, 2.055447847904717, 2.026911186852802], ""candidate_seeds"": [15, 35, 55], ""tie_tolerance_km"": 1e-12}"
13,DE,15,2.026911186852802,0.8064581530634314,7500,True,,"[0, 1, 2, 3, 4, 5, 9, 10, 7, 6, 8]",{}
13,NN+2opt,15,2.080079610501402,0.0007973379688337,56,True,,"[0, 1, 6, 7, 2, 3, 4, 5, 9, 10, 8]",{}
13,PSO,15,2.0269111868528022,0.0843857480213046,7500,True,,"[8, 6, 7, 10, 9, 5, 4, 3, 2, 1, 0]",{}
13,Portfolio,15,2.026911186852802,5.501330416183919,22557,True,ACO,"[0, 1, 2, 3, 4, 5, 9, 10, 7, 6, 8]","{""candidate_evaluations"": {""ACO"": 7500, ""DE"": 7500, ""NN+2opt"": 56, ""PSO"": 7500, ""Raw"": 1}, ""candidate_lengths_km"": {""ACO"": 2.026911186852802, ""DE"": 2.026911186852802, ""NN+2opt"": 2.080079610501402, ""PSO"": 2.0269111868528022, ""Raw"": 2.623767278619098}, ""priority"": [""Raw"", ""NN+2opt"", ""ACO"", ""DE"", ""PSO""], ""tie_tolerance_km"": 1e-12}"
13,Raw,15,2.623767278619098,0.0001301370793953,1,True,,"[0, 1, 2, 3, 4, 5, 6, 7, 8, 9, 10]",{}
13,ACO,16,2.064340106337574,4.888224318972789,7500,True,,"[1, 0, 2, 3, 4, 5, 9, 10, 7, 6, 8]","{""alpha"": 1.0, ""beta"": 2.0, ""evaluation_budget"": 7500, ""evaporation"": 0.5, ""population"": 50}"
13,ACO×3,16,2.026911186852802,13.907645054045132,22500,True,ACO stream 3,"[0, 1, 2, 3, 4, 5, 9, 10, 7, 6, 8]","{""candidate_lengths_km"": [2.064340106337574, 2.064340106337574, 2.026911186852802], ""candidate_seeds"": [16, 36, 56], ""tie_tolerance_km"": 1e-12}"
13,DE,16,2.144765593117773,0.7860899950610474,7500,True,,"[0, 1, 6, 7, 4, 3, 2, 5, 9, 10, 8]",{}
13,NN+2opt,16,2.080079610501402,0.0007770749507471,56,True,,"[0, 1, 6, 7, 2, 3, 4, 5, 9, 10, 8]",{}
13,PSO,16,2.1100247670775323,0.0831478709587827,7500,True,,"[1, 8, 6, 7, 10, 9, 5, 4, 3, 2, 0]",{}
13,Portfolio,16,2.064340106337574,5.75838029384613,22557,True,ACO,"[1, 0, 2, 3, 4, 5, 9, 10, 7, 6, 8]","{""candidate_evaluations"": {""ACO"": 7500, ""DE"": 7500, ""NN+2opt"": 56, ""PSO"": 7500, ""Raw"": 1}, ""candidate_lengths_km"": {""ACO"": 2.064340106337574, ""DE"": 2.144765593117773, ""NN+2opt"": 2.080079610501402, ""PSO"": 2.1100247670775323, ""Raw"": 2.623767278619098}, ""priority"": [""Raw"", ""NN+2opt"", ""ACO"", ""DE"", ""PSO""], ""tie_tolerance_km"": 1e-12}"
13,Raw,16,2.623767278619098,0.0001325749326497,1,True,,"[0, 1, 2, 3, 4, 5, 6, 7, 8, 9, 10]",{}
13,ACO,17,2.064340106337574,4.545039574964903,7500,True,,"[1, 0, 2, 3, 4, 5, 9, 10, 7, 6, 8]","{""alpha"": 1.0, ""beta"": 2.0, ""evaluation_budget"": 7500, ""evaporation"": 0.5, ""population"": 50}"
13,ACO×3,17,2.026911186852802,13.669552562991155,22500,True,ACO stream 3,"[0, 1, 2, 3, 4, 5, 9, 10, 7, 6, 8]","{""candidate_lengths_km"": [2.064340106337574, 2.064340106337574, 2.026911186852802], ""candidate_seeds"": [17, 37, 57], ""tie_tolerance_km"": 1e-12}"
13,DE,17,2.026911186852802,0.7884533570613712,7500,True,,"[0, 1, 2, 3, 4, 5, 9, 10, 7, 6, 8]",{}
13,NN+2opt,17,2.080079610501402,0.0007866199593991,56,True,,"[0, 1, 6, 7, 2, 3, 4, 5, 9, 10, 8]",{}
13,PSO,17,2.0269111868528022,0.0837601949460804,7500,True,,"[8, 6, 7, 10, 9, 5, 4, 3, 2, 1, 0]",{}
13,Portfolio,17,2.026911186852802,5.418189947959036,22557,True,DE,"[0, 1, 2, 3, 4, 5, 9, 10, 7, 6, 8]","{""candidate_evaluations"": {""ACO"": 7500, ""DE"": 7500, ""NN+2opt"": 56, ""PSO"": 7500, ""Raw"": 1}, ""candidate_lengths_km"": {""ACO"": 2.064340106337574, ""DE"": 2.026911186852802, ""NN+2opt"": 2.080079610501402, ""PSO"": 2.0269111868528022, ""Raw"": 2.623767278619098}, ""priority"": [""Raw"", ""NN+2opt"", ""ACO"", ""DE"", ""PSO""], ""tie_tolerance_km"": 1e-12}"
13,Raw,17,2.623767278619098,0.000141939963214,1,True,,"[0, 1, 2, 3, 4, 5, 6, 7, 8, 9, 10]",{}
13,ACO,18,2.026911186852802,4.517991789034568,7500,True,,"[0, 1, 2, 3, 4, 5, 9, 10, 7, 6, 8]","{""alpha"": 1.0, ""beta"": 2.0, ""evaluation_budget"": 7500, ""evaporation"": 0.5, ""population"": 50}"
13,ACO×3,18,2.026911186852802,13.55916098097805,22500,True,ACO stream 1,"[0, 1, 2, 3, 4, 5, 9, 10, 7, 6, 8]","{""candidate_lengths_km"": [2.026911186852802, 2.026911186852802, 2.064340106337574], ""candidate_seeds"": [18, 38, 58], ""tie_tolerance_km"": 1e-12}"
13,DE,18,2.026911186852802,0.7928515319945291,7500,True,,"[0, 1, 2, 3, 4, 5, 9, 10, 7, 6, 8]",{}
13,NN+2opt,18,2.080079610501402,0.000784620991908,56,True,,"[0, 1, 6, 7, 2, 3, 4, 5, 9, 10, 8]",{}
13,PSO,18,2.248653053709156,0.0907247440190985,7500,True,,"[0, 1, 8, 2, 3, 4, 5, 9, 10, 7, 6]",{}
13,Portfolio,18,2.026911186852802,5.402502081939019,22557,True,ACO,"[0, 1, 2, 3, 4, 5, 9, 10, 7, 6, 8]","{""candidate_evaluations"": {""ACO"": 7500, ""DE"": 7500, ""NN+2opt"": 56, ""PSO"": 7500, ""Raw"": 1}, ""candidate_lengths_km"": {""ACO"": 2.026911186852802, ""DE"": 2.026911186852802, ""NN+2opt"": 2.080079610501402, ""PSO"": 2.2486530537091554, ""Raw"": 2.623767278619098}, ""priority"": [""Raw"", ""NN+2opt"", ""ACO"", ""DE"", ""PSO""], ""tie_tolerance_km"": 1e-12}"
13,Raw,18,2.623767278619098,0.0001405669609084,1,True,,"[0, 1, 2, 3, 4, 5, 6, 7, 8, 9, 10]",{}
13,ACO,19,2.064340106337574,4.520554770948365,7500,True,,"[1, 0, 2, 3, 4, 5, 9, 10, 7, 6, 8]","{""alpha"": 1.0, ""beta"": 2.0, ""evaluation_budget"": 7500, ""evaporation"": 0.5, ""population"": 50}"
13,ACO×3,19,2.026911186852802,13.615881823934616,22500,True,ACO stream 2,"[0, 1, 2, 3, 4, 5, 9, 10, 7, 6, 8]","{""candidate_lengths_km"": [2.064340106337574, 2.026911186852802, 2.064340106337574], ""candidate_seeds"": [19, 39, 59], ""tie_tolerance_km"": 1e-12}"
13,DE,19,2.026911186852802,0.7792943700915202,7500,True,,"[0, 1, 2, 3, 4, 5, 9, 10, 7, 6, 8]",{}
13,NN+2opt,19,2.080079610501402,0.0008251259569078,56,True,,"[0, 1, 6, 7, 2, 3, 4, 5, 9, 10, 8]",{}
13,PSO,19,2.208591223154677,0.0848965730983764,7500,True,,"[0, 6, 7, 10, 9, 5, 4, 3, 2, 1, 8]",{}
13,Portfolio,19,2.026911186852802,5.385708654066548,22557,True,DE,"[0, 1, 2, 3, 4, 5, 9, 10, 7, 6, 8]","{""candidate_evaluations"": {""ACO"": 7500, ""DE"": 7500, ""NN+2opt"": 56, ""PSO"": 7500, ""Raw"": 1}, ""candidate_lengths_km"": {""ACO"": 2.064340106337574, ""DE"": 2.026911186852802, ""NN+2opt"": 2.080079610501402, ""PSO"": 2.208591223154677, ""Raw"": 2.623767278619098}, ""priority"": [""Raw"", ""NN+2opt"", ""ACO"", ""DE"", ""PSO""], ""tie_tolerance_km"": 1e-12}"
13,Raw,19,2.623767278619098,0.0001295360270887,1,True,,"[0, 1, 2, 3, 4, 5, 6, 7, 8, 9, 10]",{}
14,ACO,0,1.067134550587395,1.9697203889954835,7500,True,,"[2, 4, 3, 1, 0]","{""alpha"": 1.0, ""beta"": 2.0, ""evaluation_budget"": 7500, ""evaporation"": 0.5, ""population"": 50}"
14,ACO×3,0,1.067134550587395,6.0425073489313945,22500,True,ACO stream 1,"[2, 4, 3, 1, 0]","{""candidate_lengths_km"": [1.067134550587395, 1.067134550587395, 1.067134550587395], ""candidate_seeds"": [0, 20, 40], ""tie_tolerance_km"": 1e-12}"
14,DE,0,1.067134550587395,0.7156637610169128,7500,True,,"[0, 1, 3, 4, 2]",{}
14,NN+2opt,0,1.067134550587395,0.000224984018132,18,True,,"[0, 1, 3, 4, 2]",{}
14,PSO,0,1.067134550587395,0.0641503310762345,7500,True,,"[0, 1, 3, 4, 2]",{}
14,Portfolio,0,1.067134550587395,2.749827174120582,22519,True,NN+2opt,"[0, 1, 3, 4, 2]","{""candidate_evaluations"": {""ACO"": 7500, ""DE"": 7500, ""NN+2opt"": 18, ""PSO"": 7500, ""Raw"": 1}, ""candidate_lengths_km"": {""ACO"": 1.067134550587395, ""DE"": 1.067134550587395, ""NN+2opt"": 1.067134550587395, ""PSO"": 1.067134550587395, ""Raw"": 1.2934519309581551}, ""priority"": [""Raw"", ""NN+2opt"", ""ACO"", ""DE"", ""PSO""], ""tie_tolerance_km"": 1e-12}"
14,Raw,0,1.2934519309581551,5.8399979025125504e-05,1,True,,"[0, 1, 2, 3, 4]",{}
14,ACO,1,1.067134550587395,1.9934613660443572,7500,True,,"[0, 1, 3, 4, 2]","{""alpha"": 1.0, ""beta"": 2.0, ""evaluation_budget"": 7500, ""evaporation"": 0.5, ""population"": 50}"
14,ACO×3,1,1.067134550587395,5.931297920062207,22500,True,ACO stream 1,"[0, 1, 3, 4, 2]","{""candidate_lengths_km"": [1.067134550587395, 1.067134550587395, 1.067134550587395], ""candidate_seeds"": [1, 21, 41], ""tie_tolerance_km"": 1e-12}"
14,DE,1,1.067134550587395,0.7328140740282834,7500,True,,"[0, 1, 3, 4, 2]",{}
14,NN+2opt,1,1.067134550587395,0.0002254790160804,18,True,,"[0, 1, 3, 4, 2]",{}
14,PSO,1,1.067134550587395,0.0653205390553921,7500,True,,"[0, 1, 3, 4, 2]",{}
14,Portfolio,1,1.067134550587395,2.791891410248354,22519,True,NN+2opt,"[0, 1, 3, 4, 2]","{""candidate_evaluations"": {""ACO"": 7500, ""DE"": 7500, ""NN+2opt"": 18, ""PSO"": 7500, ""Raw"": 1}, ""candidate_lengths_km"": {""ACO"": 1.067134550587395, ""DE"": 1.067134550587395, ""NN+2opt"": 1.067134550587395, ""PSO"": 1.067134550587395, ""Raw"": 1.2934519309581551}, ""priority"": [""Raw"", ""NN+2opt"", ""ACO"", ""DE"", ""PSO""], ""tie_tolerance_km"": 1e-12}"
14,Raw,1,1.2934519309581551,6.076809950172901e-05,1,True,,"[0, 1, 2, 3, 4]",{}
14,ACO,2,1.067134550587395,1.978273981017992,7500,True,,"[0, 1, 3, 4, 2]","{""alpha"": 1.0, ""beta"": 2.0, ""evaluation_budget"": 7500, ""evaporation"": 0.5, ""population"": 50}"
14,ACO×3,2,1.067134550587395,5.926944070030004,22500,True,ACO stream 1,"[0, 1, 3, 4, 2]","{""candidate_lengths_km"": [1.067134550587395, 1.067134550587395, 1.067134550587395], ""candidate_seeds"": [2, 22, 42], ""tie_tolerance_km"": 1e-12}"
14,DE,2,1.067134550587395,0.7107944239396602,7500,True,,"[0, 1, 3, 4, 2]",{}
14,NN+2opt,2,1.067134550587395,0.0002254729624837,18,True,,"[0, 1, 3, 4, 2]",{}
14,PSO,2,1.067134550587395,0.0634478259598836,7500,True,,"[0, 1, 3, 4, 2]",{}
14,Portfolio,2,1.067134550587395,2.752811586833559,22519,True,NN+2opt,"[0, 1, 3, 4, 2]","{""candidate_evaluations"": {""ACO"": 7500, ""DE"": 7500, ""NN+2opt"": 18, ""PSO"": 7500, ""Raw"": 1}, ""candidate_lengths_km"": {""ACO"": 1.067134550587395, ""DE"": 1.067134550587395, ""NN+2opt"": 1.067134550587395, ""PSO"": 1.067134550587395, ""Raw"": 1.2934519309581551}, ""priority"": [""Raw"", ""NN+2opt"", ""ACO"", ""DE"", ""PSO""], ""tie_tolerance_km"": 1e-12}"
14,Raw,2,1.2934519309581551,6.085005588829517e-05,1,True,,"[0, 1, 2, 3, 4]",{}
14,ACO,3,1.067134550587395,2.05789433803875,7500,True,,"[2, 4, 3, 1, 0]","{""alpha"": 1.0, ""beta"": 2.0, ""evaluation_budget"": 7500, ""evaporation"": 0.5, ""population"": 50}"
14,ACO×3,3,1.067134550587395,6.24248711601831,22500,True,ACO stream 1,"[2, 4, 3, 1, 0]","{""candidate_lengths_km"": [1.067134550587395, 1.067134550587395, 1.067134550587395], ""candidate_seeds"": [3, 23, 43], ""tie_tolerance_km"": 1e-12}"
14,DE,3,1.067134550587395,0.7588623800547794,7500,True,,"[0, 1, 3, 4, 2]",{}
14,NN+2opt,3,1.067134550587395,0.0002244279021397,18,True,,"[0, 1, 3, 4, 2]",{}
14,PSO,3,1.067134550587395,0.0637109780218452,7500,True,,"[0, 1, 3, 4, 2]",{}
14,Portfolio,3,1.067134550587395,2.8807598331477493,22519,True,NN+2opt,"[0, 1, 3, 4, 2]","{""candidate_evaluations"": {""ACO"": 7500, ""DE"": 7500, ""NN+2opt"": 18, ""PSO"": 7500, ""Raw"": 1}, ""candidate_lengths_km"": {""ACO"": 1.067134550587395, ""DE"": 1.067134550587395, ""NN+2opt"": 1.067134550587395, ""PSO"": 1.067134550587395, ""Raw"": 1.2934519309581551}, ""priority"": [""Raw"", ""NN+2opt"", ""ACO"", ""DE"", ""PSO""], ""tie_tolerance_km"": 1e-12}"
14,Raw,3,1.2934519309581551,5.816307384520769e-05,1,True,,"[0, 1, 2, 3, 4]",{}
14,ACO,4,1.067134550587395,1.9697409749496728,7500,True,,"[2, 4, 3, 1, 0]","{""alpha"": 1.0, ""beta"": 2.0, ""evaluation_budget"": 7500, ""evaporation"": 0.5, ""population"": 50}"
14,ACO×3,4,1.067134550587395,5.916533523006365,22500,True,ACO stream 1,"[2, 4, 3, 1, 0]","{""candidate_lengths_km"": [1.067134550587395, 1.067134550587395, 1.067134550587395], ""candidate_seeds"": [4, 24, 44], ""tie_tolerance_km"": 1e-12}"
14,DE,4,1.067134550587395,0.7174729719990864,7500,True,,"[0, 1, 3, 4, 2]",{}
14,NN+2opt,4,1.067134550587395,0.0002260559704154,18,True,,"[0, 1, 3, 4, 2]",{}
14,PSO,4,1.067134550587395,0.0640345640713349,7500,True,,"[0, 1, 3, 4, 2]",{}
14,Portfolio,4,1.067134550587395,2.751543155987747,22519,True,NN+2opt,"[0, 1, 3, 4, 2]","{""candidate_evaluations"": {""ACO"": 7500, ""DE"": 7500, ""NN+2opt"": 18, ""PSO"": 7500, ""Raw"": 1}, ""candidate_lengths_km"": {""ACO"": 1.067134550587395, ""DE"": 1.067134550587395, ""NN+2opt"": 1.067134550587395, ""PSO"": 1.067134550587395, ""Raw"": 1.2934519309581551}, ""priority"": [""Raw"", ""NN+2opt"", ""ACO"", ""DE"", ""PSO""], ""tie_tolerance_km"": 1e-12}"
14,Raw,4,1.2934519309581551,5.960103590041399e-05,1,True,,"[0, 1, 2, 3, 4]",{}
14,ACO,5,1.067134550587395,1.9961617939407008,7500,True,,"[2, 4, 3, 1, 0]","{""alpha"": 1.0, ""beta"": 2.0, ""evaluation_budget"": 7500, ""evaporation"": 0.5, ""population"": 50}"
14,ACO×3,5,1.067134550587395,5.984178993850946,22500,True,ACO stream 1,"[2, 4, 3, 1, 0]","{""candidate_lengths_km"": [1.067134550587395, 1.067134550587395, 1.067134550587395], ""candidate_seeds"": [5, 25, 45], ""tie_tolerance_km"": 1e-12}"
14,DE,5,1.067134550587395,0.7178277190541849,7500,True,,"[2, 4, 3, 1, 0]",{}
14,NN+2opt,5,1.067134550587395,0.0002286280505359,18,True,,"[0, 1, 3, 4, 2]",{}
14,PSO,5,1.067134550587395,0.0644742649747058,7500,True,,"[2, 4, 3, 1, 0]",{}
14,Portfolio,5,1.067134550587395,2.778763984097168,22519,True,NN+2opt,"[0, 1, 3, 4, 2]","{""candidate_evaluations"": {""ACO"": 7500, ""DE"": 7500, ""NN+2opt"": 18, ""PSO"": 7500, ""Raw"": 1}, ""candidate_lengths_km"": {""ACO"": 1.067134550587395, ""DE"": 1.067134550587395, ""NN+2opt"": 1.067134550587395, ""PSO"": 1.067134550587395, ""Raw"": 1.2934519309581551}, ""priority"": [""Raw"", ""NN+2opt"", ""ACO"", ""DE"", ""PSO""], ""tie_tolerance_km"": 1e-12}"
14,Raw,5,1.2934519309581551,6.197905167937279e-05,1,True,,"[0, 1, 2, 3, 4]",{}
14,ACO,6,1.067134550587395,2.042342350934632,7500,True,,"[2, 4, 3, 1, 0]","{""alpha"": 1.0, ""beta"": 2.0, ""evaluation_budget"": 7500, ""evaporation"": 0.5, ""population"": 50}"
14,ACO×3,6,1.067134550587395,6.076164060039446,22500,True,ACO stream 1,"[2, 4, 3, 1, 0]","{""candidate_lengths_km"": [1.067134550587395, 1.067134550587395, 1.067134550587395], ""candidate_seeds"": [6, 26, 46], ""tie_tolerance_km"": 1e-12}"
14,DE,6,1.067134550587395,0.7251968829659745,7500,True,,"[0, 1, 3, 4, 2]",{}
14,NN+2opt,6,1.067134550587395,0.0002206990029662,18,True,,"[0, 1, 3, 4, 2]",{}
14,PSO,6,1.067134550587395,0.0641615430358797,7500,True,,"[0, 1, 3, 4, 2]",{}
14,Portfolio,6,1.067134550587395,2.831986716017127,22519,True,NN+2opt,"[0, 1, 3, 4, 2]","{""candidate_evaluations"": {""ACO"": 7500, ""DE"": 7500, ""NN+2opt"": 18, ""PSO"": 7500, ""Raw"": 1}, ""candidate_lengths_km"": {""ACO"": 1.067134550587395, ""DE"": 1.067134550587395, ""NN+2opt"": 1.067134550587395, ""PSO"": 1.067134550587395, ""Raw"": 1.2934519309581551}, ""priority"": [""Raw"", ""NN+2opt"", ""ACO"", ""DE"", ""PSO""], ""tie_tolerance_km"": 1e-12}"
14,Raw,6,1.2934519309581551,5.6614051572978497e-05,1,True,,"[0, 1, 2, 3, 4]",{}
14,ACO,7,1.067134550587395,2.0064709979342297,7500,True,,"[2, 4, 3, 1, 0]","{""alpha"": 1.0, ""beta"": 2.0, ""evaluation_budget"": 7500, ""evaporation"": 0.5, ""population"": 50}"
14,ACO×3,7,1.067134550587395,5.979387806844898,22500,True,ACO stream 1,"[2, 4, 3, 1, 0]","{""candidate_lengths_km"": [1.067134550587395, 1.067134550587395, 1.067134550587395], ""candidate_seeds"": [7, 27, 47], ""tie_tolerance_km"": 1e-12}"
14,DE,7,1.067134550587395,0.7274518499616534,7500,True,,"[2, 4, 3, 1, 0]",{}
14,NN+2opt,7,1.067134550587395,0.0002326449612155,18,True,,"[0, 1, 3, 4, 2]",{}
14,PSO,7,1.067134550587395,0.0688867819262668,7500,True,,"[0, 1, 3, 4, 2]",{}
14,Portfolio,7,1.067134550587395,2.803105209837668,22519,True,NN+2opt,"[0, 1, 3, 4, 2]","{""candidate_evaluations"": {""ACO"": 7500, ""DE"": 7500, ""NN+2opt"": 18, ""PSO"": 7500, ""Raw"": 1}, ""candidate_lengths_km"": {""ACO"": 1.067134550587395, ""DE"": 1.067134550587395, ""NN+2opt"": 1.067134550587395, ""PSO"": 1.067134550587395, ""Raw"": 1.2934519309581551}, ""priority"": [""Raw"", ""NN+2opt"", ""ACO"", ""DE"", ""PSO""], ""tie_tolerance_km"": 1e-12}"
14,Raw,7,1.2934519309581551,5.405396223068237e-05,1,True,,"[0, 1, 2, 3, 4]",{}
14,ACO,8,1.067134550587395,2.0062470469856635,7500,True,,"[2, 4, 3, 1, 0]","{""alpha"": 1.0, ""beta"": 2.0, ""evaluation_budget"": 7500, ""evaporation"": 0.5, ""population"": 50}"
14,ACO×3,8,1.067134550587395,6.749495328986086,22500,True,ACO stream 1,"[2, 4, 3, 1, 0]","{""candidate_lengths_km"": [1.067134550587395, 1.067134550587395, 1.067134550587395], ""candidate_seeds"": [8, 28, 48], ""tie_tolerance_km"": 1e-12}"
14,DE,8,1.067134550587395,0.7231150500010699,7500,True,,"[0, 1, 3, 4, 2]",{}
14,NN+2opt,8,1.067134550587395,0.0002265910152345,18,True,,"[0, 1, 3, 4, 2]",{}
14,PSO,8,1.067134550587395,0.0651128320023417,7500,True,,"[2, 4, 3, 1, 0]",{}
14,Portfolio,8,1.067134550587395,2.7947668619453907,22519,True,NN+2opt,"[0, 1, 3, 4, 2]","{""candidate_evaluations"": {""ACO"": 7500, ""DE"": 7500, ""NN+2opt"": 18, ""PSO"": 7500, ""Raw"": 1}, ""candidate_lengths_km"": {""ACO"": 1.067134550587395, ""DE"": 1.067134550587395, ""NN+2opt"": 1.067134550587395, ""PSO"": 1.067134550587395, ""Raw"": 1.2934519309581551}, ""priority"": [""Raw"", ""NN+2opt"", ""ACO"", ""DE"", ""PSO""], ""tie_tolerance_km"": 1e-12}"
14,Raw,8,1.2934519309581551,5.591101944446564e-05,1,True,,"[0, 1, 2, 3, 4]",{}
14,ACO,9,1.067134550587395,2.093483450007625,7500,True,,"[2, 4, 3, 1, 0]","{""alpha"": 1.0, ""beta"": 2.0, ""evaluation_budget"": 7500, ""evaporation"": 0.5, ""population"": 50}"
14,ACO×3,9,1.067134550587395,6.130319661111571,22500,True,ACO stream 1,"[2, 4, 3, 1, 0]","{""candidate_lengths_km"": [1.067134550587395, 1.067134550587395, 1.067134550587395], ""candidate_seeds"": [9, 29, 49], ""tie_tolerance_km"": 1e-12}"
14,DE,9,1.067134550587395,0.7869067200226709,7500,True,,"[0, 1, 3, 4, 2]",{}
14,NN+2opt,9,1.067134550587395,0.0002500209957361,18,True,,"[0, 1, 3, 4, 2]",{}
14,PSO,9,1.067134550587395,0.0670171860838308,7500,True,,"[0, 1, 3, 4, 2]",{}
14,Portfolio,9,1.067134550587395,2.9477262580767274,22519,True,NN+2opt,"[0, 1, 3, 4, 2]","{""candidate_evaluations"": {""ACO"": 7500, ""DE"": 7500, ""NN+2opt"": 18, ""PSO"": 7500, ""Raw"": 1}, ""candidate_lengths_km"": {""ACO"": 1.067134550587395, ""DE"": 1.067134550587395, ""NN+2opt"": 1.067134550587395, ""PSO"": 1.067134550587395, ""Raw"": 1.2934519309581551}, ""priority"": [""Raw"", ""NN+2opt"", ""ACO"", ""DE"", ""PSO""], ""tie_tolerance_km"": 1e-12}"
14,Raw,9,1.2934519309581551,5.9935031458735466e-05,1,True,,"[0, 1, 2, 3, 4]",{}
14,ACO,10,1.067134550587395,2.1045063530327752,7500,True,,"[2, 4, 3, 1, 0]","{""alpha"": 1.0, ""beta"": 2.0, ""evaluation_budget"": 7500, ""evaporation"": 0.5, ""population"": 50}"
14,ACO×3,10,1.067134550587395,6.863618545001373,22500,True,ACO stream 1,"[2, 4, 3, 1, 0]","{""candidate_lengths_km"": [1.067134550587395, 1.067134550587395, 1.067134550587395], ""candidate_seeds"": [10, 30, 50], ""tie_tolerance_km"": 1e-12}"
14,DE,10,1.067134550587395,0.80983721697703,7500,True,,"[0, 1, 3, 4, 2]",{}
14,NN+2opt,10,1.067134550587395,0.0002276849700137,18,True,,"[0, 1, 3, 4, 2]",{}
14,PSO,10,1.067134550587395,0.0646861669374629,7500,True,,"[0, 1, 3, 4, 2]",{}
14,Portfolio,10,1.067134550587395,2.9793317888397723,22519,True,NN+2opt,"[0, 1, 3, 4, 2]","{""candidate_evaluations"": {""ACO"": 7500, ""DE"": 7500, ""NN+2opt"": 18, ""PSO"": 7500, ""Raw"": 1}, ""candidate_lengths_km"": {""ACO"": 1.067134550587395, ""DE"": 1.067134550587395, ""NN+2opt"": 1.067134550587395, ""PSO"": 1.067134550587395, ""Raw"": 1.2934519309581551}, ""priority"": [""Raw"", ""NN+2opt"", ""ACO"", ""DE"", ""PSO""], ""tie_tolerance_km"": 1e-12}"
14,Raw,10,1.2934519309581551,6.494403351098299e-05,1,True,,"[0, 1, 2, 3, 4]",{}
14,ACO,11,1.067134550587395,2.029215138987638,7500,True,,"[0, 1, 3, 4, 2]","{""alpha"": 1.0, ""beta"": 2.0, ""evaluation_budget"": 7500, ""evaporation"": 0.5, ""population"": 50}"
14,ACO×3,11,1.067134550587395,5.979925477993675,22500,True,ACO stream 1,"[0, 1, 3, 4, 2]","{""candidate_lengths_km"": [1.067134550587395, 1.067134550587395, 1.067134550587395], ""candidate_seeds"": [11, 31, 51], ""tie_tolerance_km"": 1e-12}"
14,DE,11,1.067134550587395,0.7408960019238293,7500,True,,"[2, 4, 3, 1, 0]",{}
14,NN+2opt,11,1.067134550587395,0.0002257960150018,18,True,,"[0, 1, 3, 4, 2]",{}
14,PSO,11,1.067134550587395,0.0642406570259481,7500,True,,"[2, 4, 3, 1, 0]",{}
14,Portfolio,11,1.067134550587395,2.8346427510259677,22519,True,NN+2opt,"[0, 1, 3, 4, 2]","{""candidate_evaluations"": {""ACO"": 7500, ""DE"": 7500, ""NN+2opt"": 18, ""PSO"": 7500, ""Raw"": 1}, ""candidate_lengths_km"": {""ACO"": 1.067134550587395, ""DE"": 1.067134550587395, ""NN+2opt"": 1.067134550587395, ""PSO"": 1.067134550587395, ""Raw"": 1.2934519309581551}, ""priority"": [""Raw"", ""NN+2opt"", ""ACO"", ""DE"", ""PSO""], ""tie_tolerance_km"": 1e-12}"
14,Raw,11,1.2934519309581551,5.6033022701740265e-05,1,True,,"[0, 1, 2, 3, 4]",{}
14,ACO,12,1.067134550587395,2.004624034045264,7500,True,,"[2, 4, 3, 1, 0]","{""alpha"": 1.0, ""beta"": 2.0, ""evaluation_budget"": 7500, ""evaporation"": 0.5, ""population"": 50}"
14,ACO×3,12,1.067134550587395,5.988490211078897,22500,True,ACO stream 1,"[2, 4, 3, 1, 0]","{""candidate_lengths_km"": [1.067134550587395, 1.067134550587395, 1.067134550587395], ""candidate_seeds"": [12, 32, 52], ""tie_tolerance_km"": 1e-12}"
14,DE,12,1.067134550587395,0.7061791170854121,7500,True,,"[2, 4, 3, 1, 0]",{}
14,NN+2opt,12,1.067134550587395,0.0002287690294906,18,True,,"[0, 1, 3, 4, 2]",{}
14,PSO,12,1.067134550587395,0.064347025938332,7500,True,,"[2, 4, 3, 1, 0]",{}
14,Portfolio,12,1.067134550587395,2.775443593156524,22519,True,NN+2opt,"[0, 1, 3, 4, 2]","{""candidate_evaluations"": {""ACO"": 7500, ""DE"": 7500, ""NN+2opt"": 18, ""PSO"": 7500, ""Raw"": 1}, ""candidate_lengths_km"": {""ACO"": 1.067134550587395, ""DE"": 1.067134550587395, ""NN+2opt"": 1.067134550587395, ""PSO"": 1.067134550587395, ""Raw"": 1.2934519309581551}, ""priority"": [""Raw"", ""NN+2opt"", ""ACO"", ""DE"", ""PSO""], ""tie_tolerance_km"": 1e-12}"
14,Raw,12,1.2934519309581551,5.545699968934059e-05,1,True,,"[0, 1, 2, 3, 4]",{}
14,ACO,13,1.067134550587395,1.9349718060111627,7500,True,,"[2, 4, 3, 1, 0]","{""alpha"": 1.0, ""beta"": 2.0, ""evaluation_budget"": 7500, ""evaporation"": 0.5, ""population"": 50}"
14,ACO×3,13,1.067134550587395,5.929597291979007,22500,True,ACO stream 1,"[2, 4, 3, 1, 0]","{""candidate_lengths_km"": [1.067134550587395, 1.067134550587395, 1.067134550587395], ""candidate_seeds"": [13, 33, 53], ""tie_tolerance_km"": 1e-12}"
14,DE,13,1.067134550587395,0.7063262249575928,7500,True,,"[2, 4, 3, 1, 0]",{}
14,NN+2opt,13,1.067134550587395,0.0002289350377395,18,True,,"[0, 1, 3, 4, 2]",{}
14,PSO,13,1.067134550587395,0.0652439569821581,7500,True,,"[0, 1, 3, 4, 2]",{}
14,Portfolio,13,1.067134550587395,2.706837347126566,22519,True,NN+2opt,"[0, 1, 3, 4, 2]","{""candidate_evaluations"": {""ACO"": 7500, ""DE"": 7500, ""NN+2opt"": 18, ""PSO"": 7500, ""Raw"": 1}, ""candidate_lengths_km"": {""ACO"": 1.067134550587395, ""DE"": 1.067134550587395, ""NN+2opt"": 1.067134550587395, ""PSO"": 1.067134550587395, ""Raw"": 1.2934519309581551}, ""priority"": [""Raw"", ""NN+2opt"", ""ACO"", ""DE"", ""PSO""], ""tie_tolerance_km"": 1e-12}"
14,Raw,13,1.2934519309581551,5.695410072803497e-05,1,True,,"[0, 1, 2, 3, 4]",{}
14,ACO,14,1.067134550587395,2.028667491977103,7500,True,,"[2, 4, 3, 1, 0]","{""alpha"": 1.0, ""beta"": 2.0, ""evaluation_budget"": 7500, ""evaporation"": 0.5, ""population"": 50}"
14,ACO×3,14,1.067134550587395,6.1872757989913225,22500,True,ACO stream 1,"[2, 4, 3, 1, 0]","{""candidate_lengths_km"": [1.067134550587395, 1.067134550587395, 1.067134550587395], ""candidate_seeds"": [14, 34, 54], ""tie_tolerance_km"": 1e-12}"
14,DE,14,1.067134550587395,0.77485693001654,7500,True,,"[2, 4, 3, 1, 0]",{}
14,NN+2opt,14,1.067134550587395,0.0002218890003859,18,True,,"[0, 1, 3, 4, 2]",{}
14,PSO,14,1.067134550587395,0.0661195919383317,7500,True,,"[2, 4, 3, 1, 0]",{}
14,Portfolio,14,1.067134550587395,2.8699289048090577,22519,True,NN+2opt,"[0, 1, 3, 4, 2]","{""candidate_evaluations"": {""ACO"": 7500, ""DE"": 7500, ""NN+2opt"": 18, ""PSO"": 7500, ""Raw"": 1}, ""candidate_lengths_km"": {""ACO"": 1.067134550587395, ""DE"": 1.067134550587395, ""NN+2opt"": 1.067134550587395, ""PSO"": 1.067134550587395, ""Raw"": 1.2934519309581551}, ""priority"": [""Raw"", ""NN+2opt"", ""ACO"", ""DE"", ""PSO""], ""tie_tolerance_km"": 1e-12}"
14,Raw,14,1.2934519309581551,5.4169911891222e-05,1,True,,"[0, 1, 2, 3, 4]",{}
14,ACO,15,1.067134550587395,1.972082757973112,7500,True,,"[2, 4, 3, 1, 0]","{""alpha"": 1.0, ""beta"": 2.0, ""evaluation_budget"": 7500, ""evaporation"": 0.5, ""population"": 50}"
14,ACO×3,15,1.067134550587395,6.256420033983886,22500,True,ACO stream 1,"[2, 4, 3, 1, 0]","{""candidate_lengths_km"": [1.067134550587395, 1.067134550587395, 1.067134550587395], ""candidate_seeds"": [15, 35, 55], ""tie_tolerance_km"": 1e-12}"
14,DE,15,1.067134550587395,0.7217522229766473,7500,True,,"[2, 4, 3, 1, 0]",{}
14,NN+2opt,15,1.067134550587395,0.0002254380378872,18,True,,"[0, 1, 3, 4, 2]",{}
14,PSO,15,1.067134550587395,0.0635177929652854,7500,True,,"[2, 4, 3, 1, 0]",{}
14,Portfolio,15,1.067134550587395,2.757659090915695,22519,True,NN+2opt,"[0, 1, 3, 4, 2]","{""candidate_evaluations"": {""ACO"": 7500, ""DE"": 7500, ""NN+2opt"": 18, ""PSO"": 7500, ""Raw"": 1}, ""candidate_lengths_km"": {""ACO"": 1.067134550587395, ""DE"": 1.067134550587395, ""NN+2opt"": 1.067134550587395, ""PSO"": 1.067134550587395, ""Raw"": 1.2934519309581551}, ""priority"": [""Raw"", ""NN+2opt"", ""ACO"", ""DE"", ""PSO""], ""tie_tolerance_km"": 1e-12}"
14,Raw,15,1.2934519309581551,7.181602995842695e-05,1,True,,"[0, 1, 2, 3, 4]",{}
14,ACO,16,1.067134550587395,2.0481957220472395,7500,True,,"[0, 1, 3, 4, 2]","{""alpha"": 1.0, ""beta"": 2.0, ""evaluation_budget"": 7500, ""evaporation"": 0.5, ""population"": 50}"
14,ACO×3,16,1.067134550587395,6.117188498144969,22500,True,ACO stream 1,"[0, 1, 3, 4, 2]","{""candidate_lengths_km"": [1.067134550587395, 1.067134550587395, 1.067134550587395], ""candidate_seeds"": [16, 36, 56], ""tie_tolerance_km"": 1e-12}"
14,DE,16,1.067134550587395,0.7346888009924442,7500,True,,"[2, 4, 3, 1, 0]",{}
14,NN+2opt,16,1.067134550587395,0.0002394190523773,18,True,,"[0, 1, 3, 4, 2]",{}
14,PSO,16,1.067134550587395,0.0646506309276446,7500,True,,"[2, 4, 3, 1, 0]",{}
14,Portfolio,16,1.067134550587395,2.847845138050616,22519,True,NN+2opt,"[0, 1, 3, 4, 2]","{""candidate_evaluations"": {""ACO"": 7500, ""DE"": 7500, ""NN+2opt"": 18, ""PSO"": 7500, ""Raw"": 1}, ""candidate_lengths_km"": {""ACO"": 1.067134550587395, ""DE"": 1.067134550587395, ""NN+2opt"": 1.067134550587395, ""PSO"": 1.067134550587395, ""Raw"": 1.2934519309581551}, ""priority"": [""Raw"", ""NN+2opt"", ""ACO"", ""DE"", ""PSO""], ""tie_tolerance_km"": 1e-12}"
14,Raw,16,1.2934519309581551,6.061105523258448e-05,1,True,,"[0, 1, 2, 3, 4]",{}
14,ACO,17,1.067134550587395,1.9778164809104053,7500,True,,"[2, 4, 3, 1, 0]","{""alpha"": 1.0, ""beta"": 2.0, ""evaluation_budget"": 7500, ""evaporation"": 0.5, ""population"": 50}"
14,ACO×3,17,1.067134550587395,5.976833113934845,22500,True,ACO stream 1,"[2, 4, 3, 1, 0]","{""candidate_lengths_km"": [1.067134550587395, 1.067134550587395, 1.067134550587395], ""candidate_seeds"": [17, 37, 57], ""tie_tolerance_km"": 1e-12}"
14,DE,17,1.067134550587395,0.722007894073613,7500,True,,"[0, 1, 3, 4, 2]",{}
14,NN+2opt,17,1.067134550587395,0.0002250659745186,18,True,,"[0, 1, 3, 4, 2]",{}
14,PSO,17,1.067134550587395,0.0643926010234281,7500,True,,"[2, 4, 3, 1, 0]",{}
14,Portfolio,17,1.067134550587395,2.7645032819127664,22519,True,NN+2opt,"[0, 1, 3, 4, 2]","{""candidate_evaluations"": {""ACO"": 7500, ""DE"": 7500, ""NN+2opt"": 18, ""PSO"": 7500, ""Raw"": 1}, ""candidate_lengths_km"": {""ACO"": 1.067134550587395, ""DE"": 1.067134550587395, ""NN+2opt"": 1.067134550587395, ""PSO"": 1.067134550587395, ""Raw"": 1.2934519309581551}, ""priority"": [""Raw"", ""NN+2opt"", ""ACO"", ""DE"", ""PSO""], ""tie_tolerance_km"": 1e-12}"
14,Raw,17,1.2934519309581551,5.304801743477583e-05,1,True,,"[0, 1, 2, 3, 4]",{}
14,ACO,18,1.067134550587395,2.042880862019956,7500,True,,"[2, 4, 3, 1, 0]","{""alpha"": 1.0, ""beta"": 2.0, ""evaluation_budget"": 7500, ""evaporation"": 0.5, ""population"": 50}"
14,ACO×3,18,1.067134550587395,6.177630246966146,22500,True,ACO stream 1,"[2, 4, 3, 1, 0]","{""candidate_lengths_km"": [1.067134550587395, 1.067134550587395, 1.067134550587395], ""candidate_seeds"": [18, 38, 58], ""tie_tolerance_km"": 1e-12}"
14,DE,18,1.067134550587395,0.7507390839746222,7500,True,,"[0, 1, 3, 4, 2]",{}
14,NN+2opt,18,1.067134550587395,0.0002239299938082,18,True,,"[0, 1, 3, 4, 2]",{}
14,PSO,18,1.067134550587395,0.0679758819751441,7500,True,,"[2, 4, 3, 1, 0]",{}
14,Portfolio,18,1.067134550587395,2.8619182420661677,22519,True,NN+2opt,"[0, 1, 3, 4, 2]","{""candidate_evaluations"": {""ACO"": 7500, ""DE"": 7500, ""NN+2opt"": 18, ""PSO"": 7500, ""Raw"": 1}, ""candidate_lengths_km"": {""ACO"": 1.067134550587395, ""DE"": 1.067134550587395, ""NN+2opt"": 1.067134550587395, ""PSO"": 1.067134550587395, ""Raw"": 1.2934519309581551}, ""priority"": [""Raw"", ""NN+2opt"", ""ACO"", ""DE"", ""PSO""], ""tie_tolerance_km"": 1e-12}"
14,Raw,18,1.2934519309581551,8.934608194977045e-05,1,True,,"[0, 1, 2, 3, 4]",{}
14,ACO,19,1.067134550587395,2.017177164903842,7500,True,,"[2, 4, 3, 1, 0]","{""alpha"": 1.0, ""beta"": 2.0, ""evaluation_budget"": 7500, ""evaporation"": 0.5, ""population"": 50}"
14,ACO×3,19,1.067134550587395,5.959808063926175,22500,True,ACO stream 1,"[2, 4, 3, 1, 0]","{""candidate_lengths_km"": [1.067134550587395, 1.067134550587395, 1.067134550587395], ""candidate_seeds"": [19, 39, 59], ""tie_tolerance_km"": 1e-12}"
14,DE,19,1.067134550587395,0.7232310979161412,7500,True,,"[0, 1, 3, 4, 2]",{}
14,NN+2opt,19,1.067134550587395,0.000223477021791,18,True,,"[0, 1, 3, 4, 2]",{}
14,PSO,19,1.067134550587395,0.0629058309132233,7500,True,,"[2, 4, 3, 1, 0]",{}
14,Portfolio,19,1.067134550587395,2.803599738632329,22519,True,NN+2opt,"[0, 1, 3, 4, 2]","{""candidate_evaluations"": {""ACO"": 7500, ""DE"": 7500, ""NN+2opt"": 18, ""PSO"": 7500, ""Raw"": 1}, ""candidate_lengths_km"": {""ACO"": 1.067134550587395, ""DE"": 1.067134550587395, ""NN+2opt"": 1.067134550587395, ""PSO"": 1.067134550587395, ""Raw"": 1.2934519309581551}, ""priority"": [""Raw"", ""NN+2opt"", ""ACO"", ""DE"", ""PSO""], ""tie_tolerance_km"": 1e-12}"
14,Raw,19,1.2934519309581551,5.300890188664198e-05,1,True,,"[0, 1, 2, 3, 4]",{}
15,ACO,0,2.112602871122433,3.64006545196753,7500,True,,"[7, 8, 6, 5, 2, 4, 3, 1, 0]","{""alpha"": 1.0, ""beta"": 2.0, ""evaluation_budget"": 7500, ""evaporation"": 0.5, ""population"": 50}"
15,ACO×3,0,2.112602871122433,11.135729138855822,22500,True,ACO stream 1,"[7, 8, 6, 5, 2, 4, 3, 1, 0]","{""candidate_lengths_km"": [2.112602871122433, 2.112602871122433, 2.112602871122433], ""candidate_seeds"": [0, 20, 40], ""tie_tolerance_km"": 1e-12}"
15,DE,0,2.112602871122433,0.7730204040417448,7500,True,,"[7, 8, 6, 5, 2, 4, 3, 1, 0]",{}
15,NN+2opt,0,2.1201527161839,0.001035185996443,142,True,,"[5, 6, 7, 8, 1, 3, 4, 2, 0]",{}
15,PSO,0,2.130099779914512,0.0758779540192335,7500,True,,"[7, 8, 6, 5, 3, 1, 0, 4, 2]",{}
15,Portfolio,0,2.112602871122433,4.490127917029895,22643,True,ACO,"[7, 8, 6, 5, 2, 4, 3, 1, 0]","{""candidate_evaluations"": {""ACO"": 7500, ""DE"": 7500, ""NN+2opt"": 142, ""PSO"": 7500, ""Raw"": 1}, ""candidate_lengths_km"": {""ACO"": 2.112602871122433, ""DE"": 2.112602871122433, ""NN+2opt"": 2.1201527161838998, ""PSO"": 2.130099779914512, ""Raw"": 2.4352700700648398}, ""priority"": [""Raw"", ""NN+2opt"", ""ACO"", ""DE"", ""PSO""], ""tie_tolerance_km"": 1e-12}"
15,Raw,0,2.43527007006484,0.0001201760023832,1,True,,"[0, 1, 2, 3, 4, 5, 6, 7, 8]",{}
15,ACO,1,2.112602871122433,3.6600496280007055,7500,True,,"[0, 1, 3, 4, 2, 5, 6, 8, 7]","{""alpha"": 1.0, ""beta"": 2.0, ""evaluation_budget"": 7500, ""evaporation"": 0.5, ""population"": 50}"
15,ACO×3,1,2.112602871122433,11.170146949938498,22500,True,ACO stream 1,"[0, 1, 3, 4, 2, 5, 6, 8, 7]","{""candidate_lengths_km"": [2.112602871122433, 2.112602871122433, 2.112602871122433], ""candidate_seeds"": [1, 21, 41], ""tie_tolerance_km"": 1e-12}"
15,DE,1,2.112602871122433,0.7862827150383964,7500,True,,"[0, 1, 3, 4, 2, 5, 6, 8, 7]",{}
15,NN+2opt,1,2.1201527161839,0.0010343550238758,142,True,,"[5, 6, 7, 8, 1, 3, 4, 2, 0]",{}
15,PSO,1,2.1201527161839,0.0763747049495577,7500,True,,"[5, 6, 7, 8, 1, 3, 4, 2, 0]",{}
15,Portfolio,1,2.112602871122433,4.52386223396752,22643,True,ACO,"[0, 1, 3, 4, 2, 5, 6, 8, 7]","{""candidate_evaluations"": {""ACO"": 7500, ""DE"": 7500, ""NN+2opt"": 142, ""PSO"": 7500, ""Raw"": 1}, ""candidate_lengths_km"": {""ACO"": 2.112602871122433, ""DE"": 2.112602871122433, ""NN+2opt"": 2.1201527161838998, ""PSO"": 2.1201527161838998, ""Raw"": 2.4352700700648398}, ""priority"": [""Raw"", ""NN+2opt"", ""ACO"", ""DE"", ""PSO""], ""tie_tolerance_km"": 1e-12}"
15,Raw,1,2.43527007006484,0.0001119349617511,1,True,,"[0, 1, 2, 3, 4, 5, 6, 7, 8]",{}
15,ACO,2,2.112602871122433,3.575179422972724,7500,True,,"[0, 1, 3, 4, 2, 5, 6, 8, 7]","{""alpha"": 1.0, ""beta"": 2.0, ""evaluation_budget"": 7500, ""evaporation"": 0.5, ""population"": 50}"
15,ACO×3,2,2.112602871122433,10.746910561108962,22500,True,ACO stream 1,"[0, 1, 3, 4, 2, 5, 6, 8, 7]","{""candidate_lengths_km"": [2.112602871122433, 2.112602871122433, 2.112602871122433], ""candidate_seeds"": [2, 22, 42], ""tie_tolerance_km"": 1e-12}"
15,DE,2,2.112602871122433,0.7545545239700004,7500,True,,"[0, 1, 3, 4, 2, 5, 6, 8, 7]",{}
15,NN+2opt,2,2.1201527161839,0.0010623859707266,142,True,,"[5, 6, 7, 8, 1, 3, 4, 2, 0]",{}
15,PSO,2,2.112602871122433,0.0761819879990071,7500,True,,"[7, 8, 6, 5, 2, 4, 3, 1, 0]",{}
15,Portfolio,2,2.112602871122433,4.407094126800075,22643,True,ACO,"[0, 1, 3, 4, 2, 5, 6, 8, 7]","{""candidate_evaluations"": {""ACO"": 7500, ""DE"": 7500, ""NN+2opt"": 142, ""PSO"": 7500, ""Raw"": 1}, ""candidate_lengths_km"": {""ACO"": 2.112602871122433, ""DE"": 2.112602871122433, ""NN+2opt"": 2.1201527161838998, ""PSO"": 2.112602871122433, ""Raw"": 2.4352700700648398}, ""priority"": [""Raw"", ""NN+2opt"", ""ACO"", ""DE"", ""PSO""], ""tie_tolerance_km"": 1e-12}"
15,Raw,2,2.43527007006484,0.0001066259574145,1,True,,"[0, 1, 2, 3, 4, 5, 6, 7, 8]",{}
15,ACO,3,2.112602871122433,3.7319831179920575,7500,True,,"[0, 1, 3, 4, 2, 5, 6, 8, 7]","{""alpha"": 1.0, ""beta"": 2.0, ""evaluation_budget"": 7500, ""evaporation"": 0.5, ""population"": 50}"
15,ACO×3,3,2.112602871122433,11.390660210046915,22500,True,ACO stream 1,"[0, 1, 3, 4, 2, 5, 6, 8, 7]","{""candidate_lengths_km"": [2.112602871122433, 2.112602871122433, 2.112602871122433], ""candidate_seeds"": [3, 23, 43], ""tie_tolerance_km"": 1e-12}"
15,DE,3,2.1148327769950863,0.7813918699976057,7500,True,,"[7, 8, 6, 5, 3, 1, 4, 2, 0]",{}
15,NN+2opt,3,2.1201527161839,0.0010718080447986,142,True,,"[5, 6, 7, 8, 1, 3, 4, 2, 0]",{}
15,PSO,3,2.210521501099292,0.0784095240524038,7500,True,,"[1, 3, 8, 7, 6, 5, 4, 2, 0]",{}
15,Portfolio,3,2.112602871122433,4.592977405176498,22643,True,ACO,"[0, 1, 3, 4, 2, 5, 6, 8, 7]","{""candidate_evaluations"": {""ACO"": 7500, ""DE"": 7500, ""NN+2opt"": 142, ""PSO"": 7500, ""Raw"": 1}, ""candidate_lengths_km"": {""ACO"": 2.112602871122433, ""DE"": 2.1148327769950863, ""NN+2opt"": 2.1201527161838998, ""PSO"": 2.210521501099292, ""Raw"": 2.4352700700648398}, ""priority"": [""Raw"", ""NN+2opt"", ""ACO"", ""DE"", ""PSO""], ""tie_tolerance_km"": 1e-12}"
15,Raw,3,2.43527007006484,0.0001119880471378,1,True,,"[0, 1, 2, 3, 4, 5, 6, 7, 8]",{}
15,ACO,4,2.112602871122433,3.713730196934194,7500,True,,"[7, 8, 6, 5, 2, 4, 3, 1, 0]","{""alpha"": 1.0, ""beta"": 2.0, ""evaluation_budget"": 7500, ""evaporation"": 0.5, ""population"": 50}"
15,ACO×3,4,2.112602871122433,11.174648504820652,22500,True,ACO stream 1,"[7, 8, 6, 5, 2, 4, 3, 1, 0]","{""candidate_lengths_km"": [2.112602871122433, 2.112602871122433, 2.112602871122433], ""candidate_seeds"": [4, 24, 44], ""tie_tolerance_km"": 1e-12}"
15,DE,4,2.112602871122433,0.7923039318993688,7500,True,,"[0, 1, 3, 4, 2, 5, 6, 8, 7]",{}
15,NN+2opt,4,2.1201527161839,0.0010345230111852,142,True,,"[5, 6, 7, 8, 1, 3, 4, 2, 0]",{}
15,PSO,4,2.149538842821502,0.0780756680760532,7500,True,,"[2, 4, 0, 3, 1, 8, 7, 6, 5]",{}
15,Portfolio,4,2.112602871122433,4.585260622901842,22643,True,ACO,"[7, 8, 6, 5, 2, 4, 3, 1, 0]","{""candidate_evaluations"": {""ACO"": 7500, ""DE"": 7500, ""NN+2opt"": 142, ""PSO"": 7500, ""Raw"": 1}, ""candidate_lengths_km"": {""ACO"": 2.112602871122433, ""DE"": 2.112602871122433, ""NN+2opt"": 2.1201527161838998, ""PSO"": 2.149538842821502, ""Raw"": 2.4352700700648398}, ""priority"": [""Raw"", ""NN+2opt"", ""ACO"", ""DE"", ""PSO""], ""tie_tolerance_km"": 1e-12}"
15,Raw,4,2.43527007006484,0.0001071320148184,1,True,,"[0, 1, 2, 3, 4, 5, 6, 7, 8]",{}
15,ACO,5,2.112602871122433,3.7605433720164,7500,True,,"[7, 8, 6, 5, 2, 4, 3, 1, 0]","{""alpha"": 1.0, ""beta"": 2.0, ""evaluation_budget"": 7500, ""evaporation"": 0.5, ""population"": 50}"
15,ACO×3,5,2.112602871122433,11.16974643804133,22500,True,ACO stream 1,"[7, 8, 6, 5, 2, 4, 3, 1, 0]","{""candidate_lengths_km"": [2.112602871122433, 2.112602871122433, 2.112602871122433], ""candidate_seeds"": [5, 25, 45], ""tie_tolerance_km"": 1e-12}"
15,DE,5,2.112602871122433,0.773430208908394,7500,True,,"[0, 1, 3, 4, 2, 5, 6, 8, 7]",{}
15,NN+2opt,5,2.1201527161839,0.0013543489621952,142,True,,"[5, 6, 7, 8, 1, 3, 4, 2, 0]",{}
15,PSO,5,2.18347398075161,0.0773767330683767,7500,True,,"[7, 8, 6, 5, 4, 2, 0, 1, 3]",{}
15,Portfolio,5,2.112602871122433,4.612826563999988,22643,True,ACO,"[7, 8, 6, 5, 2, 4, 3, 1, 0]","{""candidate_evaluations"": {""ACO"": 7500, ""DE"": 7500, ""NN+2opt"": 142, ""PSO"": 7500, ""Raw"": 1}, ""candidate_lengths_km"": {""ACO"": 2.112602871122433, ""DE"": 2.112602871122433, ""NN+2opt"": 2.1201527161838998, ""PSO"": 2.18347398075161, ""Raw"": 2.4352700700648398}, ""priority"": [""Raw"", ""NN+2opt"", ""ACO"", ""DE"", ""PSO""], ""tie_tolerance_km"": 1e-12}"
15,Raw,5,2.43527007006484,0.000113085960038,1,True,,"[0, 1, 2, 3, 4, 5, 6, 7, 8]",{}
15,ACO,6,2.112602871122433,3.6131413700059056,7500,True,,"[0, 1, 3, 4, 2, 5, 6, 8, 7]","{""alpha"": 1.0, ""beta"": 2.0, ""evaluation_budget"": 7500, ""evaporation"": 0.5, ""population"": 50}"
15,ACO×3,6,2.112602871122433,10.879408924025483,22500,True,ACO stream 1,"[0, 1, 3, 4, 2, 5, 6, 8, 7]","{""candidate_lengths_km"": [2.112602871122433, 2.112602871122433, 2.112602871122433], ""candidate_seeds"": [6, 26, 46], ""tie_tolerance_km"": 1e-12}"
15,DE,6,2.112602871122433,0.8112013670615852,7500,True,,"[0, 1, 3, 4, 2, 5, 6, 8, 7]",{}
15,NN+2opt,6,2.1201527161839,0.0019886320224031,142,True,,"[5, 6, 7, 8, 1, 3, 4, 2, 0]",{}
15,PSO,6,2.203483606218509,0.1622028299607336,7500,True,,"[2, 3, 1, 8, 7, 6, 5, 4, 0]",{}
15,Portfolio,6,2.112602871122433,4.588659265078604,22643,True,ACO,"[0, 1, 3, 4, 2, 5, 6, 8, 7]","{""candidate_evaluations"": {""ACO"": 7500, ""DE"": 7500, ""NN+2opt"": 142, ""PSO"": 7500, ""Raw"": 1}, ""candidate_lengths_km"": {""ACO"": 2.112602871122433, ""DE"": 2.112602871122433, ""NN+2opt"": 2.1201527161838998, ""PSO"": 2.203483606218509, ""Raw"": 2.4352700700648398}, ""priority"": [""Raw"", ""NN+2opt"", ""ACO"", ""DE"", ""PSO""], ""tie_tolerance_km"": 1e-12}"
15,Raw,6,2.43527007006484,0.000110036926344,1,True,,"[0, 1, 2, 3, 4, 5, 6, 7, 8]",{}
15,ACO,7,2.112602871122433,3.628645441960544,7500,True,,"[7, 8, 6, 5, 2, 4, 3, 1, 0]","{""alpha"": 1.0, ""beta"": 2.0, ""evaluation_budget"": 7500, ""evaporation"": 0.5, ""population"": 50}"
15,ACO×3,7,2.112602871122433,10.93199152383022,22500,True,ACO stream 1,"[7, 8, 6, 5, 2, 4, 3, 1, 0]","{""candidate_lengths_km"": [2.112602871122433, 2.112602871122433, 2.112602871122433], ""candidate_seeds"": [7, 27, 47], ""tie_tolerance_km"": 1e-12}"
15,DE,7,2.112602871122433,0.7483503359835595,7500,True,,"[0, 1, 3, 4, 2, 5, 6, 8, 7]",{}
15,NN+2opt,7,2.1201527161839,0.0017233350081369,142,True,,"[5, 6, 7, 8, 1, 3, 4, 2, 0]",{}
15,PSO,7,2.150507422406211,0.0759948709746822,7500,True,,"[2, 4, 5, 6, 7, 8, 1, 3, 0]",{}
15,Portfolio,7,2.112602871122433,4.454839183017612,22643,True,ACO,"[7, 8, 6, 5, 2, 4, 3, 1, 0]","{""candidate_evaluations"": {""ACO"": 7500, ""DE"": 7500, ""NN+2opt"": 142, ""PSO"": 7500, ""Raw"": 1}, ""candidate_lengths_km"": {""ACO"": 2.112602871122433, ""DE"": 2.112602871122433, ""NN+2opt"": 2.1201527161838998, ""PSO"": 2.150507422406211, ""Raw"": 2.4352700700648398}, ""priority"": [""Raw"", ""NN+2opt"", ""ACO"", ""DE"", ""PSO""], ""tie_tolerance_km"": 1e-12}"
15,Raw,7,2.43527007006484,0.0001150140305981,1,True,,"[0, 1, 2, 3, 4, 5, 6, 7, 8]",{}
15,ACO,8,2.112602871122433,3.68395994999446,7500,True,,"[0, 1, 3, 4, 2, 5, 6, 8, 7]","{""alpha"": 1.0, ""beta"": 2.0, ""evaluation_budget"": 7500, ""evaporation"": 0.5, ""population"": 50}"
15,ACO×3,8,2.112602871122433,11.09030874504242,22500,True,ACO stream 1,"[0, 1, 3, 4, 2, 5, 6, 8, 7]","{""candidate_lengths_km"": [2.112602871122433, 2.112602871122433, 2.112602871122433], ""candidate_seeds"": [8, 28, 48], ""tie_tolerance_km"": 1e-12}"
15,DE,8,2.112602871122433,0.7723005850566551,7500,True,,"[7, 8, 6, 5, 2, 4, 3, 1, 0]",{}
15,NN+2opt,8,2.1201527161839,0.0011155169922858,142,True,,"[5, 6, 7, 8, 1, 3, 4, 2, 0]",{}
15,PSO,8,2.1148327769950863,0.0786381140351295,7500,True,,"[0, 2, 4, 1, 3, 5, 6, 8, 7]",{}
15,Portfolio,8,2.112602871122433,4.536136337090284,22643,True,ACO,"[0, 1, 3, 4, 2, 5, 6, 8, 7]","{""candidate_evaluations"": {""ACO"": 7500, ""DE"": 7500, ""NN+2opt"": 142, ""PSO"": 7500, ""Raw"": 1}, ""candidate_lengths_km"": {""ACO"": 2.112602871122433, ""DE"": 2.112602871122433, ""NN+2opt"": 2.1201527161838998, ""PSO"": 2.1148327769950863, ""Raw"": 2.4352700700648398}, ""priority"": [""Raw"", ""NN+2opt"", ""ACO"", ""DE"", ""PSO""], ""tie_tolerance_km"": 1e-12}"
15,Raw,8,2.43527007006484,0.0001135820057243,1,True,,"[0, 1, 2, 3, 4, 5, 6, 7, 8]",{}
15,ACO,9,2.112602871122433,3.6273317120503634,7500,True,,"[0, 1, 3, 4, 2, 5, 6, 8, 7]","{""alpha"": 1.0, ""beta"": 2.0, ""evaluation_budget"": 7500, ""evaporation"": 0.5, ""population"": 50}"
15,ACO×3,9,2.112602871122433,11.020661620073952,22500,True,ACO stream 1,"[0, 1, 3, 4, 2, 5, 6, 8, 7]","{""candidate_lengths_km"": [2.112602871122433, 2.1148327769950863, 2.112602871122433], ""candidate_seeds"": [9, 29, 49], ""tie_tolerance_km"": 1e-12}"
15,DE,9,2.1148327769950863,0.7526942429831252,7500,True,,"[0, 2, 4, 1, 3, 5, 6, 8, 7]",{}
15,NN+2opt,9,2.1201527161839,0.0010335210245102,142,True,,"[5, 6, 7, 8, 1, 3, 4, 2, 0]",{}
15,PSO,9,2.1148327769950863,0.0773909939453005,7500,True,,"[0, 2, 4, 1, 3, 5, 6, 8, 7]",{}
15,Portfolio,9,2.112602871122433,4.458571061026305,22643,True,ACO,"[0, 1, 3, 4, 2, 5, 6, 8, 7]","{""candidate_evaluations"": {""ACO"": 7500, ""DE"": 7500, ""NN+2opt"": 142, ""PSO"": 7500, ""Raw"": 1}, ""candidate_lengths_km"": {""ACO"": 2.112602871122433, ""DE"": 2.1148327769950863, ""NN+2opt"": 2.1201527161838998, ""PSO"": 2.1148327769950863, ""Raw"": 2.4352700700648398}, ""priority"": [""Raw"", ""NN+2opt"", ""ACO"", ""DE"", ""PSO""], ""tie_tolerance_km"": 1e-12}"
15,Raw,9,2.43527007006484,0.0001134349731728,1,True,,"[0, 1, 2, 3, 4, 5, 6, 7, 8]",{}
15,ACO,10,2.112602871122433,3.707887017051689,7500,True,,"[0, 1, 3, 4, 2, 5, 6, 8, 7]","{""alpha"": 1.0, ""beta"": 2.0, ""evaluation_budget"": 7500, ""evaporation"": 0.5, ""population"": 50}"
15,ACO×3,10,2.112602871122433,11.14400061010383,22500,True,ACO stream 1,"[0, 1, 3, 4, 2, 5, 6, 8, 7]","{""candidate_lengths_km"": [2.112602871122433, 2.112602871122433, 2.112602871122433], ""candidate_seeds"": [10, 30, 50], ""tie_tolerance_km"": 1e-12}"
15,DE,10,2.112602871122433,0.7742914450354874,7500,True,,"[7, 8, 6, 5, 2, 4, 3, 1, 0]",{}
15,NN+2opt,10,2.1201527161839,0.0010304570896551,142,True,,"[5, 6, 7, 8, 1, 3, 4, 2, 0]",{}
15,PSO,10,2.112602871122433,0.0777207548962906,7500,True,,"[7, 8, 6, 5, 2, 4, 3, 1, 0]",{}
15,Portfolio,10,2.112602871122433,4.561054636025801,22643,True,ACO,"[0, 1, 3, 4, 2, 5, 6, 8, 7]","{""candidate_evaluations"": {""ACO"": 7500, ""DE"": 7500, ""NN+2opt"": 142, ""PSO"": 7500, ""Raw"": 1}, ""candidate_lengths_km"": {""ACO"": 2.112602871122433, ""DE"": 2.112602871122433, ""NN+2opt"": 2.1201527161838998, ""PSO"": 2.112602871122433, ""Raw"": 2.4352700700648398}, ""priority"": [""Raw"", ""NN+2opt"", ""ACO"", ""DE"", ""PSO""], ""tie_tolerance_km"": 1e-12}"
15,Raw,10,2.43527007006484,0.0001164629356935,1,True,,"[0, 1, 2, 3, 4, 5, 6, 7, 8]",{}
15,ACO,11,2.112602871122433,3.61867611494381,7500,True,,"[0, 1, 3, 4, 2, 5, 6, 8, 7]","{""alpha"": 1.0, ""beta"": 2.0, ""evaluation_budget"": 7500, ""evaporation"": 0.5, ""population"": 50}"
15,ACO×3,11,2.112602871122433,10.873468921985475,22500,True,ACO stream 1,"[0, 1, 3, 4, 2, 5, 6, 8, 7]","{""candidate_lengths_km"": [2.112602871122433, 2.112602871122433, 2.112602871122433], ""candidate_seeds"": [11, 31, 51], ""tie_tolerance_km"": 1e-12}"
15,DE,11,2.1148327769950863,0.7619017430115491,7500,True,,"[7, 8, 6, 5, 3, 1, 4, 2, 0]",{}
15,NN+2opt,11,2.1201527161839,0.0010796360438689,142,True,,"[5, 6, 7, 8, 1, 3, 4, 2, 0]",{}
15,PSO,11,2.112602871122433,0.0774128950433805,7500,True,,"[7, 8, 6, 5, 2, 4, 3, 1, 0]",{}
15,Portfolio,11,2.112602871122433,4.459185215993784,22643,True,ACO,"[0, 1, 3, 4, 2, 5, 6, 8, 7]","{""candidate_evaluations"": {""ACO"": 7500, ""DE"": 7500, ""NN+2opt"": 142, ""PSO"": 7500, ""Raw"": 1}, ""candidate_lengths_km"": {""ACO"": 2.112602871122433, ""DE"": 2.1148327769950863, ""NN+2opt"": 2.1201527161838998, ""PSO"": 2.112602871122433, ""Raw"": 2.4352700700648398}, ""priority"": [""Raw"", ""NN+2opt"", ""ACO"", ""DE"", ""PSO""], ""tie_tolerance_km"": 1e-12}"
15,Raw,11,2.43527007006484,0.0001070409780368,1,True,,"[0, 1, 2, 3, 4, 5, 6, 7, 8]",{}
15,ACO,12,2.112602871122433,3.6280521920416495,7500,True,,"[7, 8, 6, 5, 2, 4, 3, 1, 0]","{""alpha"": 1.0, ""beta"": 2.0, ""evaluation_budget"": 7500, ""evaporation"": 0.5, ""population"": 50}"
15,ACO×3,12,2.112602871122433,10.961937300045976,22500,True,ACO stream 1,"[7, 8, 6, 5, 2, 4, 3, 1, 0]","{""candidate_lengths_km"": [2.112602871122433, 2.112602871122433, 2.112602871122433], ""candidate_seeds"": [12, 32, 52], ""tie_tolerance_km"": 1e-12}"
15,DE,12,2.112602871122433,0.7690100279869512,7500,True,,"[7, 8, 6, 5, 2, 4, 3, 1, 0]",{}
15,NN+2opt,12,2.1201527161839,0.001062483061105,142,True,,"[5, 6, 7, 8, 1, 3, 4, 2, 0]",{}
15,PSO,12,2.112602871122433,0.0792733919806778,7500,True,,"[7, 8, 6, 5, 2, 4, 3, 1, 0]",{}
15,Portfolio,12,2.112602871122433,4.4775210791267455,22643,True,ACO,"[7, 8, 6, 5, 2, 4, 3, 1, 0]","{""candidate_evaluations"": {""ACO"": 7500, ""DE"": 7500, ""NN+2opt"": 142, ""PSO"": 7500, ""Raw"": 1}, ""candidate_lengths_km"": {""ACO"": 2.112602871122433, ""DE"": 2.112602871122433, ""NN+2opt"": 2.1201527161838998, ""PSO"": 2.112602871122433, ""Raw"": 2.4352700700648398}, ""priority"": [""Raw"", ""NN+2opt"", ""ACO"", ""DE"", ""PSO""], ""tie_tolerance_km"": 1e-12}"
15,Raw,12,2.43527007006484,0.0001141800312325,1,True,,"[0, 1, 2, 3, 4, 5, 6, 7, 8]",{}
15,ACO,13,2.112602871122433,3.6333887089276686,7500,True,,"[0, 1, 3, 4, 2, 5, 6, 8, 7]","{""alpha"": 1.0, ""beta"": 2.0, ""evaluation_budget"": 7500, ""evaporation"": 0.5, ""population"": 50}"
15,ACO×3,13,2.112602871122433,10.910656300955452,22500,True,ACO stream 1,"[0, 1, 3, 4, 2, 5, 6, 8, 7]","{""candidate_lengths_km"": [2.112602871122433, 2.112602871122433, 2.112602871122433], ""candidate_seeds"": [13, 33, 53], ""tie_tolerance_km"": 1e-12}"
15,DE,13,2.1148327769950863,0.7401649239473045,7500,True,,"[7, 8, 6, 5, 3, 1, 4, 2, 0]",{}
15,NN+2opt,13,2.1201527161839,0.0010415950091555,142,True,,"[5, 6, 7, 8, 1, 3, 4, 2, 0]",{}
15,PSO,13,2.206398956648429,0.0762635900173336,7500,True,,"[3, 1, 8, 7, 6, 5, 4, 2, 0]",{}
15,Portfolio,13,2.112602871122433,4.450979214860126,22643,True,ACO,"[0, 1, 3, 4, 2, 5, 6, 8, 7]","{""candidate_evaluations"": {""ACO"": 7500, ""DE"": 7500, ""NN+2opt"": 142, ""PSO"": 7500, ""Raw"": 1}, ""candidate_lengths_km"": {""ACO"": 2.112602871122433, ""DE"": 2.1148327769950863, ""NN+2opt"": 2.1201527161838998, ""PSO"": 2.206398956648429, ""Raw"": 2.4352700700648398}, ""priority"": [""Raw"", ""NN+2opt"", ""ACO"", ""DE"", ""PSO""], ""tie_tolerance_km"": 1e-12}"
15,Raw,13,2.43527007006484,0.0001120679080486,1,True,,"[0, 1, 2, 3, 4, 5, 6, 7, 8]",{}
15,ACO,14,2.112602871122433,3.761899899924174,7500,True,,"[7, 8, 6, 5, 2, 4, 3, 1, 0]","{""alpha"": 1.0, ""beta"": 2.0, ""evaluation_budget"": 7500, ""evaporation"": 0.5, ""population"": 50}"
15,ACO×3,14,2.112602871122433,11.30266673292499,22500,True,ACO stream 1,"[7, 8, 6, 5, 2, 4, 3, 1, 0]","{""candidate_lengths_km"": [2.112602871122433, 2.112602871122433, 2.112602871122433], ""candidate_seeds"": [14, 34, 54], ""tie_tolerance_km"": 1e-12}"
15,DE,14,2.112602871122433,0.7874692369950935,7500,True,,"[7, 8, 6, 5, 2, 4, 3, 1, 0]",{}
15,NN+2opt,14,2.1201527161839,0.0010649809846654,142,True,,"[5, 6, 7, 8, 1, 3, 4, 2, 0]",{}
15,PSO,14,2.1148327769950863,0.0774355890462175,7500,True,,"[7, 8, 6, 5, 3, 1, 4, 2, 0]",{}
15,Portfolio,14,2.112602871122433,4.628003050922416,22643,True,ACO,"[7, 8, 6, 5, 2, 4, 3, 1, 0]","{""candidate_evaluations"": {""ACO"": 7500, ""DE"": 7500, ""NN+2opt"": 142, ""PSO"": 7500, ""Raw"": 1}, ""candidate_lengths_km"": {""ACO"": 2.112602871122433, ""DE"": 2.112602871122433, ""NN+2opt"": 2.1201527161838998, ""PSO"": 2.1148327769950863, ""Raw"": 2.4352700700648398}, ""priority"": [""Raw"", ""NN+2opt"", ""ACO"", ""DE"", ""PSO""], ""tie_tolerance_km"": 1e-12}"
15,Raw,14,2.43527007006484,0.0001247889595106,1,True,,"[0, 1, 2, 3, 4, 5, 6, 7, 8]",{}
15,ACO,15,2.112602871122433,3.644985552062281,7500,True,,"[0, 1, 3, 4, 2, 5, 6, 8, 7]","{""alpha"": 1.0, ""beta"": 2.0, ""evaluation_budget"": 7500, ""evaporation"": 0.5, ""population"": 50}"
15,ACO×3,15,2.112602871122433,10.898212905041872,22500,True,ACO stream 1,"[0, 1, 3, 4, 2, 5, 6, 8, 7]","{""candidate_lengths_km"": [2.112602871122433, 2.112602871122433, 2.112602871122433], ""candidate_seeds"": [15, 35, 55], ""tie_tolerance_km"": 1e-12}"
15,DE,15,2.112602871122433,0.7646273829741403,7500,True,,"[7, 8, 6, 5, 2, 4, 3, 1, 0]",{}
15,NN+2opt,15,2.1201527161839,0.0010514958994463,142,True,,"[5, 6, 7, 8, 1, 3, 4, 2, 0]",{}
15,PSO,15,2.150507422406211,0.0782142659882083,7500,True,,"[0, 3, 1, 8, 7, 6, 5, 4, 2]",{}
15,Portfolio,15,2.112602871122433,4.488998180022463,22643,True,ACO,"[0, 1, 3, 4, 2, 5, 6, 8, 7]","{""candidate_evaluations"": {""ACO"": 7500, ""DE"": 7500, ""NN+2opt"": 142, ""PSO"": 7500, ""Raw"": 1}, ""candidate_lengths_km"": {""ACO"": 2.112602871122433, ""DE"": 2.112602871122433, ""NN+2opt"": 2.1201527161838998, ""PSO"": 2.150507422406211, ""Raw"": 2.4352700700648398}, ""priority"": [""Raw"", ""NN+2opt"", ""ACO"", ""DE"", ""PSO""], ""tie_tolerance_km"": 1e-12}"
15,Raw,15,2.43527007006484,0.0001113810576498,1,True,,"[0, 1, 2, 3, 4, 5, 6, 7, 8]",{}
15,ACO,16,2.112602871122433,3.741876848973334,7500,True,,"[0, 1, 3, 4, 2, 5, 6, 8, 7]","{""alpha"": 1.0, ""beta"": 2.0, ""evaluation_budget"": 7500, ""evaporation"": 0.5, ""population"": 50}"
15,ACO×3,16,2.112602871122433,10.961014500120656,22500,True,ACO stream 1,"[0, 1, 3, 4, 2, 5, 6, 8, 7]","{""candidate_lengths_km"": [2.112602871122433, 2.112602871122433, 2.112602871122433], ""candidate_seeds"": [16, 36, 56], ""tie_tolerance_km"": 1e-12}"
15,DE,16,2.112602871122433,0.7441725140670314,7500,True,,"[0, 1, 3, 4, 2, 5, 6, 8, 7]",{}
15,NN+2opt,16,2.1201527161839,0.0010339959990233,142,True,,"[5, 6, 7, 8, 1, 3, 4, 2, 0]",{}
15,PSO,16,2.112602871122433,0.0773041470674797,7500,True,,"[7, 8, 6, 5, 2, 4, 3, 1, 0]",{}
15,Portfolio,16,2.112602871122433,4.564504052046686,22643,True,ACO,"[0, 1, 3, 4, 2, 5, 6, 8, 7]","{""candidate_evaluations"": {""ACO"": 7500, ""DE"": 7500, ""NN+2opt"": 142, ""PSO"": 7500, ""Raw"": 1}, ""candidate_lengths_km"": {""ACO"": 2.112602871122433, ""DE"": 2.112602871122433, ""NN+2opt"": 2.1201527161838998, ""PSO"": 2.112602871122433, ""Raw"": 2.4352700700648398}, ""priority"": [""Raw"", ""NN+2opt"", ""ACO"", ""DE"", ""PSO""], ""tie_tolerance_km"": 1e-12}"
15,Raw,16,2.43527007006484,0.0001071949955075,1,True,,"[0, 1, 2, 3, 4, 5, 6, 7, 8]",{}
15,ACO,17,2.112602871122433,3.829625566024333,7500,True,,"[0, 1, 3, 4, 2, 5, 6, 8, 7]","{""alpha"": 1.0, ""beta"": 2.0, ""evaluation_budget"": 7500, ""evaporation"": 0.5, ""population"": 50}"
15,ACO×3,17,2.112602871122433,11.220669631962664,22500,True,ACO stream 1,"[0, 1, 3, 4, 2, 5, 6, 8, 7]","{""candidate_lengths_km"": [2.112602871122433, 2.112602871122433, 2.112602871122433], ""candidate_seeds"": [17, 37, 57], ""tie_tolerance_km"": 1e-12}"
15,DE,17,2.112602871122433,0.7564937130082399,7500,True,,"[0, 1, 3, 4, 2, 5, 6, 8, 7]",{}
15,NN+2opt,17,2.1201527161839,0.0011131239589303,142,True,,"[5, 6, 7, 8, 1, 3, 4, 2, 0]",{}
15,PSO,17,2.112602871122433,0.0767545340349897,7500,True,,"[7, 8, 6, 5, 2, 4, 3, 1, 0]",{}
15,Portfolio,17,2.112602871122433,4.664114704006352,22643,True,ACO,"[0, 1, 3, 4, 2, 5, 6, 8, 7]","{""candidate_evaluations"": {""ACO"": 7500, ""DE"": 7500, ""NN+2opt"": 142, ""PSO"": 7500, ""Raw"": 1}, ""candidate_lengths_km"": {""ACO"": 2.112602871122433, ""DE"": 2.112602871122433, ""NN+2opt"": 2.1201527161838998, ""PSO"": 2.112602871122433, ""Raw"": 2.4352700700648398}, ""priority"": [""Raw"", ""NN+2opt"", ""ACO"", ""DE"", ""PSO""], ""tie_tolerance_km"": 1e-12}"
15,Raw,17,2.43527007006484,0.0001188319874927,1,True,,"[0, 1, 2, 3, 4, 5, 6, 7, 8]",{}
15,ACO,18,2.112602871122433,3.630138500011526,7500,True,,"[0, 1, 3, 4, 2, 5, 6, 8, 7]","{""alpha"": 1.0, ""beta"": 2.0, ""evaluation_budget"": 7500, ""evaporation"": 0.5, ""population"": 50}"
15,ACO×3,18,2.112602871122433,10.905078122974372,22500,True,ACO stream 1,"[0, 1, 3, 4, 2, 5, 6, 8, 7]","{""candidate_lengths_km"": [2.112602871122433, 2.112602871122433, 2.112602871122433], ""candidate_seeds"": [18, 38, 58], ""tie_tolerance_km"": 1e-12}"
15,DE,18,2.1148327769950863,0.7748953859554604,7500,True,,"[7, 8, 6, 5, 3, 1, 4, 2, 0]",{}
15,NN+2opt,18,2.1201527161839,0.0010595220373943,142,True,,"[5, 6, 7, 8, 1, 3, 4, 2, 0]",{}
15,PSO,18,2.1148327769950863,0.0784921699669212,7500,True,,"[0, 2, 4, 1, 3, 5, 6, 8, 7]",{}
15,Portfolio,18,2.112602871122433,4.48470508295577,22643,True,ACO,"[0, 1, 3, 4, 2, 5, 6, 8, 7]","{""candidate_evaluations"": {""ACO"": 7500, ""DE"": 7500, ""NN+2opt"": 142, ""PSO"": 7500, ""Raw"": 1}, ""candidate_lengths_km"": {""ACO"": 2.112602871122433, ""DE"": 2.1148327769950863, ""NN+2opt"": 2.1201527161838998, ""PSO"": 2.1148327769950863, ""Raw"": 2.4352700700648398}, ""priority"": [""Raw"", ""NN+2opt"", ""ACO"", ""DE"", ""PSO""], ""tie_tolerance_km"": 1e-12}"
15,Raw,18,2.43527007006484,0.0001107959542423,1,True,,"[0, 1, 2, 3, 4, 5, 6, 7, 8]",{}
15,ACO,19,2.112602871122433,3.739951184950769,7500,True,,"[0, 1, 3, 4, 2, 5, 6, 8, 7]","{""alpha"": 1.0, ""beta"": 2.0, ""evaluation_budget"": 7500, ""evaporation"": 0.5, ""population"": 50}"
15,ACO×3,19,2.112602871122433,11.304164523957295,22500,True,ACO stream 1,"[0, 1, 3, 4, 2, 5, 6, 8, 7]","{""candidate_lengths_km"": [2.112602871122433, 2.112602871122433, 2.112602871122433], ""candidate_seeds"": [19, 39, 59], ""tie_tolerance_km"": 1e-12}"
15,DE,19,2.112602871122433,0.7855551849352196,7500,True,,"[0, 1, 3, 4, 2, 5, 6, 8, 7]",{}
15,NN+2opt,19,2.1201527161839,0.001040298026055,142,True,,"[5, 6, 7, 8, 1, 3, 4, 2, 0]",{}
15,PSO,19,2.1148327769950863,0.0775422650622204,7500,True,,"[0, 2, 4, 1, 3, 5, 6, 8, 7]",{}
15,Portfolio,19,2.112602871122433,4.60421349608805,22643,True,ACO,"[0, 1, 3, 4, 2, 5, 6, 8, 7]","{""candidate_evaluations"": {""ACO"": 7500, ""DE"": 7500, ""NN+2opt"": 142, ""PSO"": 7500, ""Raw"": 1}, ""candidate_lengths_km"": {""ACO"": 2.112602871122433, ""DE"": 2.112602871122433, ""NN+2opt"": 2.1201527161838998, ""PSO"": 2.1148327769950863, ""Raw"": 2.4352700700648398}, ""priority"": [""Raw"", ""NN+2opt"", ""ACO"", ""DE"", ""PSO""], ""tie_tolerance_km"": 1e-12}"
15,Raw,19,2.43527007006484,0.0001155380159616,1,True,,"[0, 1, 2, 3, 4, 5, 6, 7, 8]",{}
16,ACO,0,2.159640501700675,6.730535285081714,7500,True,,"[0, 1, 3, 6, 9, 7, 5, 2, 4, 8, 11, 13, 15, 14, 10, 16, 12]","{""alpha"": 1.0, ""beta"": 2.0, ""evaluation_budget"": 7500, ""evaporation"": 0.5, ""population"": 50}"
16,ACO×3,0,2.159640501700675,20.27612503513228,22500,True,ACO stream 1,"[0, 1, 3, 6, 9, 7, 5, 2, 4, 8, 11, 13, 15, 14, 10, 16, 12]","{""candidate_lengths_km"": [2.159640501700675, 2.159640501700675, 2.159640501700675], ""candidate_seeds"": [0, 20, 40], ""tie_tolerance_km"": 1e-12}"
16,DE,0,2.165852252724251,0.7930353910196573,7500,True,,"[0, 1, 3, 6, 9, 7, 5, 2, 4, 8, 11, 13, 15, 14, 10, 12, 16]",{}
16,NN+2opt,0,2.17124401463147,0.0081588450120761,1017,True,,"[0, 1, 3, 6, 9, 5, 2, 4, 8, 7, 11, 13, 15, 14, 10, 16, 12]",{}
16,PSO,0,2.271950552334957,0.1073890230618417,7500,True,,"[3, 10, 12, 16, 14, 15, 13, 11, 8, 4, 2, 5, 7, 9, 6, 1, 0]",{}
16,Portfolio,0,2.159640501700675,7.6393861341057345,23518,True,ACO,"[0, 1, 3, 6, 9, 7, 5, 2, 4, 8, 11, 13, 15, 14, 10, 16, 12]","{""candidate_evaluations"": {""ACO"": 7500, ""DE"": 7500, ""NN+2opt"": 1017, ""PSO"": 7500, ""Raw"": 1}, ""candidate_lengths_km"": {""ACO"": 2.159640501700675, ""DE"": 2.165852252724251, ""NN+2opt"": 2.17124401463147, ""PSO"": 2.271950552334957, ""Raw"": 2.436746087549985}, ""priority"": [""Raw"", ""NN+2opt"", ""ACO"", ""DE"", ""PSO""], ""tie_tolerance_km"": 1e-12}"
16,Raw,0,2.436746087549985,0.0002596819540485,1,True,,"[0, 1, 2, 3, 4, 5, 6, 7, 8, 9, 10, 11, 12, 13, 14, 15, 16]",{}
16,ACO,1,2.159640501700675,7.143567083054222,7500,True,,"[0, 1, 3, 6, 9, 7, 5, 2, 4, 8, 11, 13, 15, 14, 10, 16, 12]","{""alpha"": 1.0, ""beta"": 2.0, ""evaluation_budget"": 7500, ""evaporation"": 0.5, ""population"": 50}"
16,ACO×3,1,2.159640501700675,21.044777992996387,22500,True,ACO stream 1,"[0, 1, 3, 6, 9, 7, 5, 2, 4, 8, 11, 13, 15, 14, 10, 16, 12]","{""candidate_lengths_km"": [2.159640501700675, 2.159640501700675, 2.159640501700675], ""candidate_seeds"": [1, 21, 41], ""tie_tolerance_km"": 1e-12}"
16,DE,1,2.159640501700675,0.8290019559208304,7500,True,,"[0, 1, 3, 6, 9, 7, 5, 2, 4, 8, 11, 13, 15, 14, 10, 16, 12]",{}
16,NN+2opt,1,2.17124401463147,0.0081010910216718,1017,True,,"[0, 1, 3, 6, 9, 5, 2, 4, 8, 7, 11, 13, 15, 14, 10, 16, 12]",{}
16,PSO,1,2.298554505181017,0.1057484810007736,7500,True,,"[1, 3, 9, 12, 16, 14, 15, 13, 11, 10, 6, 7, 8, 4, 5, 2, 0]",{}
16,Portfolio,1,2.159640501700675,8.08671826403588,23518,True,ACO,"[0, 1, 3, 6, 9, 7, 5, 2, 4, 8, 11, 13, 15, 14, 10, 16, 12]","{""candidate_evaluations"": {""ACO"": 7500, ""DE"": 7500, ""NN+2opt"": 1017, ""PSO"": 7500, ""Raw"": 1}, ""candidate_lengths_km"": {""ACO"": 2.159640501700675, ""DE"": 2.159640501700675, ""NN+2opt"": 2.17124401463147, ""PSO"": 2.298554505181017, ""Raw"": 2.436746087549985}, ""priority"": [""Raw"", ""NN+2opt"", ""ACO"", ""DE"", ""PSO""], ""tie_tolerance_km"": 1e-12}"
16,Raw,1,2.436746087549985,0.0002914450597018,1,True,,"[0, 1, 2, 3, 4, 5, 6, 7, 8, 9, 10, 11, 12, 13, 14, 15, 16]",{}
16,ACO,2,2.159640501700675,7.012657902087085,7500,True,,"[0, 1, 3, 6, 9, 7, 5, 2, 4, 8, 11, 13, 15, 14, 10, 16, 12]","{""alpha"": 1.0, ""beta"": 2.0, ""evaluation_budget"": 7500, ""evaporation"": 0.5, ""population"": 50}"
16,ACO×3,2,2.159640501700675,21.514407132170163,22500,True,ACO stream 1,"[0, 1, 3, 6, 9, 7, 5, 2, 4, 8, 11, 13, 15, 14, 10, 16, 12]","{""candidate_lengths_km"": [2.159640501700675, 2.1596405017006752, 2.159640501700675], ""candidate_seeds"": [2, 22, 42], ""tie_tolerance_km"": 1e-12}"
16,DE,2,2.1596405017006752,0.8073887740029022,7500,True,,"[12, 16, 10, 14, 15, 13, 11, 8, 4, 2, 5, 7, 9, 6, 3, 1, 0]",{}
16,NN+2opt,2,2.17124401463147,0.008147748070769,1017,True,,"[0, 1, 3, 6, 9, 5, 2, 4, 8, 7, 11, 13, 15, 14, 10, 16, 12]",{}
16,PSO,2,2.940729104922244,0.1017518490552902,7500,True,,"[2, 1, 6, 9, 15, 11, 8, 4, 7, 5, 0, 3, 10, 13, 14, 16, 12]",{}
16,Portfolio,2,2.159640501700675,7.930215493193828,23518,True,ACO,"[0, 1, 3, 6, 9, 7, 5, 2, 4, 8, 11, 13, 15, 14, 10, 16, 12]","{""candidate_evaluations"": {""ACO"": 7500, ""DE"": 7500, ""NN+2opt"": 1017, ""PSO"": 7500, ""Raw"": 1}, ""candidate_lengths_km"": {""ACO"": 2.159640501700675, ""DE"": 2.1596405017006752, ""NN+2opt"": 2.17124401463147, ""PSO"": 2.940729104922244, ""Raw"": 2.436746087549985}, ""priority"": [""Raw"", ""NN+2opt"", ""ACO"", ""DE"", ""PSO""], ""tie_tolerance_km"": 1e-12}"
16,Raw,2,2.436746087549985,0.0002610180526971,1,True,,"[0, 1, 2, 3, 4, 5, 6, 7, 8, 9, 10, 11, 12, 13, 14, 15, 16]",{}
16,ACO,3,2.159640501700675,7.060128231998533,7500,True,,"[0, 1, 3, 6, 9, 7, 5, 2, 4, 8, 11, 13, 15, 14, 10, 16, 12]","{""alpha"": 1.0, ""beta"": 2.0, ""evaluation_budget"": 7500, ""evaporation"": 0.5, ""population"": 50}"
16,ACO×3,3,2.159640501700675,21.462372030946423,22500,True,ACO stream 1,"[0, 1, 3, 6, 9, 7, 5, 2, 4, 8, 11, 13, 15, 14, 10, 16, 12]","{""candidate_lengths_km"": [2.159640501700675, 2.163603088423454, 2.159640501700675], ""candidate_seeds"": [3, 23, 43], ""tie_tolerance_km"": 1e-12}"
16,DE,3,2.1970671634511234,0.814263942069374,7500,True,,"[12, 16, 14, 15, 13, 11, 10, 9, 6, 3, 7, 8, 4, 5, 2, 1, 0]",{}
16,NN+2opt,3,2.17124401463147,0.0080472759436815,1017,True,,"[0, 1, 3, 6, 9, 5, 2, 4, 8, 7, 11, 13, 15, 14, 10, 16, 12]",{}
16,PSO,3,2.205447761252477,0.1065219260053709,7500,True,,"[12, 16, 10, 14, 15, 13, 11, 8, 4, 7, 5, 2, 0, 1, 9, 6, 3]",{}
16,Portfolio,3,2.159640501700675,7.989230883074924,23518,True,ACO,"[0, 1, 3, 6, 9, 7, 5, 2, 4, 8, 11, 13, 15, 14, 10, 16, 12]","{""candidate_evaluations"": {""ACO"": 7500, ""DE"": 7500, ""NN+2opt"": 1017, ""PSO"": 7500, ""Raw"": 1}, ""candidate_lengths_km"": {""ACO"": 2.159640501700675, ""DE"": 2.1970671634511234, ""NN+2opt"": 2.17124401463147, ""PSO"": 2.205447761252477, ""Raw"": 2.436746087549985}, ""priority"": [""Raw"", ""NN+2opt"", ""ACO"", ""DE"", ""PSO""], ""tie_tolerance_km"": 1e-12}"
16,Raw,3,2.436746087549985,0.0002614370314404,1,True,,"[0, 1, 2, 3, 4, 5, 6, 7, 8, 9, 10, 11, 12, 13, 14, 15, 16]",{}
16,ACO,4,2.163603088423454,7.021156933973543,7500,True,,"[0, 1, 3, 6, 9, 7, 5, 2, 4, 8, 10, 11, 13, 15, 14, 16, 12]","{""alpha"": 1.0, ""beta"": 2.0, ""evaluation_budget"": 7500, ""evaporation"": 0.5, ""population"": 50}"
16,ACO×3,4,2.163603088423454,21.22844421199989,22500,True,ACO stream 1,"[0, 1, 3, 6, 9, 7, 5, 2, 4, 8, 10, 11, 13, 15, 14, 16, 12]","{""candidate_lengths_km"": [2.163603088423454, 2.163603088423454, 2.165852252724251], ""candidate_seeds"": [4, 24, 44], ""tie_tolerance_km"": 1e-12}"
16,DE,4,2.1636030884234545,0.8131769750034437,7500,True,,"[12, 16, 14, 15, 13, 11, 10, 8, 4, 2, 5, 7, 9, 6, 3, 1, 0]",{}
16,NN+2opt,4,2.17124401463147,0.0081642080331221,1017,True,,"[0, 1, 3, 6, 9, 5, 2, 4, 8, 7, 11, 13, 15, 14, 10, 16, 12]",{}
16,PSO,4,2.3453393802797806,0.104183850926347,7500,True,,"[6, 12, 16, 10, 14, 15, 13, 11, 8, 7, 9, 1, 0, 2, 4, 5, 3]",{}
16,Portfolio,4,2.163603088423454,7.94694431591779,23518,True,ACO,"[0, 1, 3, 6, 9, 7, 5, 2, 4, 8, 10, 11, 13, 15, 14, 16, 12]","{""candidate_evaluations"": {""ACO"": 7500, ""DE"": 7500, ""NN+2opt"": 1017, ""PSO"": 7500, ""Raw"": 1}, ""candidate_lengths_km"": {""ACO"": 2.163603088423454, ""DE"": 2.1636030884234545, ""NN+2opt"": 2.17124401463147, ""PSO"": 2.3453393802797806, ""Raw"": 2.436746087549985}, ""priority"": [""Raw"", ""NN+2opt"", ""ACO"", ""DE"", ""PSO""], ""tie_tolerance_km"": 1e-12}"
16,Raw,4,2.436746087549985,0.0002541929716244,1,True,,"[0, 1, 2, 3, 4, 5, 6, 7, 8, 9, 10, 11, 12, 13, 14, 15, 16]",{}
16,ACO,5,2.159640501700675,6.756260794005357,7500,True,,"[0, 1, 3, 6, 9, 7, 5, 2, 4, 8, 11, 13, 15, 14, 10, 16, 12]","{""alpha"": 1.0, ""beta"": 2.0, ""evaluation_budget"": 7500, ""evaporation"": 0.5, ""population"": 50}"
16,ACO×3,5,2.159640501700675,20.33180934598204,22500,True,ACO stream 1,"[0, 1, 3, 6, 9, 7, 5, 2, 4, 8, 11, 13, 15, 14, 10, 16, 12]","{""candidate_lengths_km"": [2.159640501700675, 2.159640501700675, 2.159640501700675], ""candidate_seeds"": [5, 25, 45], ""tie_tolerance_km"": 1e-12}"
16,DE,5,2.183698692450953,0.777352637029253,7500,True,,"[12, 16, 10, 15, 14, 13, 11, 7, 8, 4, 2, 5, 9, 6, 3, 1, 0]",{}
16,NN+2opt,5,2.17124401463147,0.0080367330228909,1017,True,,"[0, 1, 3, 6, 9, 5, 2, 4, 8, 7, 11, 13, 15, 14, 10, 16, 12]",{}
16,PSO,5,2.209963564733956,0.1010192609392106,7500,True,,"[10, 15, 11, 13, 14, 16, 12, 7, 8, 4, 2, 5, 9, 6, 3, 1, 0]",{}
16,Portfolio,5,2.159640501700675,7.642929977970198,23518,True,ACO,"[0, 1, 3, 6, 9, 7, 5, 2, 4, 8, 11, 13, 15, 14, 10, 16, 12]","{""candidate_evaluations"": {""ACO"": 7500, ""DE"": 7500, ""NN+2opt"": 1017, ""PSO"": 7500, ""Raw"": 1}, ""candidate_lengths_km"": {""ACO"": 2.159640501700675, ""DE"": 2.183698692450953, ""NN+2opt"": 2.17124401463147, ""PSO"": 2.2099635647339557, ""Raw"": 2.436746087549985}, ""priority"": [""Raw"", ""NN+2opt"", ""ACO"", ""DE"", ""PSO""], ""tie_tolerance_km"": 1e-12}"
16,Raw,5,2.436746087549985,0.0002530260244384,1,True,,"[0, 1, 2, 3, 4, 5, 6, 7, 8, 9, 10, 11, 12, 13, 14, 15, 16]",{}
16,ACO,6,2.159640501700675,7.250156708993018,7500,True,,"[0, 1, 3, 6, 9, 7, 5, 2, 4, 8, 11, 13, 15, 14, 10, 16, 12]","{""alpha"": 1.0, ""beta"": 2.0, ""evaluation_budget"": 7500, ""evaporation"": 0.5, ""population"": 50}"
16,ACO×3,6,2.159640501700675,23.02272119699046,22500,True,ACO stream 1,"[0, 1, 3, 6, 9, 7, 5, 2, 4, 8, 11, 13, 15, 14, 10, 16, 12]","{""candidate_lengths_km"": [2.159640501700675, 2.159640501700675, 2.163603088423454], ""candidate_seeds"": [6, 26, 46], ""tie_tolerance_km"": 1e-12}"
16,DE,6,2.1596405017006752,0.8056038930080831,7500,True,,"[12, 16, 10, 14, 15, 13, 11, 8, 4, 2, 5, 7, 9, 6, 3, 1, 0]",{}
16,NN+2opt,6,2.17124401463147,0.0082271579885855,1017,True,,"[0, 1, 3, 6, 9, 5, 2, 4, 8, 7, 11, 13, 15, 14, 10, 16, 12]",{}
16,PSO,6,2.8405713668397703,0.1067937479820102,7500,True,,"[12, 7, 9, 6, 1, 0, 4, 8, 11, 13, 15, 14, 16, 10, 5, 2, 3]",{}
16,Portfolio,6,2.159640501700675,8.171044503920712,23518,True,ACO,"[0, 1, 3, 6, 9, 7, 5, 2, 4, 8, 11, 13, 15, 14, 10, 16, 12]","{""candidate_evaluations"": {""ACO"": 7500, ""DE"": 7500, ""NN+2opt"": 1017, ""PSO"": 7500, ""Raw"": 1}, ""candidate_lengths_km"": {""ACO"": 2.159640501700675, ""DE"": 2.1596405017006752, ""NN+2opt"": 2.17124401463147, ""PSO"": 2.8405713668397703, ""Raw"": 2.436746087549985}, ""priority"": [""Raw"", ""NN+2opt"", ""ACO"", ""DE"", ""PSO""], ""tie_tolerance_km"": 1e-12}"
16,Raw,6,2.436746087549985,0.0002539010019972,1,True,,"[0, 1, 2, 3, 4, 5, 6, 7, 8, 9, 10, 11, 12, 13, 14, 15, 16]",{}
16,ACO,7,2.163603088423454,6.808134788065217,7500,True,,"[0, 1, 3, 6, 9, 7, 5, 2, 4, 8, 10, 11, 13, 15, 14, 16, 12]","{""alpha"": 1.0, ""beta"": 2.0, ""evaluation_budget"": 7500, ""evaporation"": 0.5, ""population"": 50}"
16,ACO×3,7,2.163603088423454,21.2311149451416,22500,True,ACO stream 1,"[0, 1, 3, 6, 9, 7, 5, 2, 4, 8, 10, 11, 13, 15, 14, 16, 12]","{""candidate_lengths_km"": [2.163603088423454, 2.163603088423454, 2.1636030884234545], ""candidate_seeds"": [7, 27, 47], ""tie_tolerance_km"": 1e-12}"
16,DE,7,2.173540964426512,0.7756554620573297,7500,True,,"[12, 16, 14, 15, 13, 11, 10, 7, 8, 4, 2, 5, 9, 6, 3, 1, 0]",{}
16,NN+2opt,7,2.17124401463147,0.0080147620756179,1017,True,,"[0, 1, 3, 6, 9, 5, 2, 4, 8, 7, 11, 13, 15, 14, 10, 16, 12]",{}
16,PSO,7,2.76003165724798,0.102031180053018,7500,True,,"[12, 13, 11, 8, 9, 6, 3, 1, 0, 2, 4, 5, 7, 10, 15, 14, 16]",{}
16,Portfolio,7,2.163603088423454,7.694103728164919,23518,True,ACO,"[0, 1, 3, 6, 9, 7, 5, 2, 4, 8, 10, 11, 13, 15, 14, 16, 12]","{""candidate_evaluations"": {""ACO"": 7500, ""DE"": 7500, ""NN+2opt"": 1017, ""PSO"": 7500, ""Raw"": 1}, ""candidate_lengths_km"": {""ACO"": 2.163603088423454, ""DE"": 2.173540964426512, ""NN+2opt"": 2.17124401463147, ""PSO"": 2.76003165724798, ""Raw"": 2.436746087549985}, ""priority"": [""Raw"", ""NN+2opt"", ""ACO"", ""DE"", ""PSO""], ""tie_tolerance_km"": 1e-12}"
16,Raw,7,2.436746087549985,0.0002596279373392,1,True,,"[0, 1, 2, 3, 4, 5, 6, 7, 8, 9, 10, 11, 12, 13, 14, 15, 16]",{}
16,ACO,8,2.159640501700675,6.776770471013151,7500,True,,"[0, 1, 3, 6, 9, 7, 5, 2, 4, 8, 11, 13, 15, 14, 10, 16, 12]","{""alpha"": 1.0, ""beta"": 2.0, ""evaluation_budget"": 7500, ""evaporation"": 0.5, ""population"": 50}"
16,ACO×3,8,2.159640501700675,20.639125952962782,22500,True,ACO stream 1,"[0, 1, 3, 6, 9, 7, 5, 2, 4, 8, 11, 13, 15, 14, 10, 16, 12]","{""candidate_lengths_km"": [2.159640501700675, 2.1817521790676593, 2.159640501700675], ""candidate_seeds"": [8, 28, 48], ""tie_tolerance_km"": 1e-12}"
16,DE,8,2.159640501700675,0.7772476760437712,7500,True,,"[0, 1, 3, 6, 9, 7, 5, 2, 4, 8, 11, 13, 15, 14, 10, 16, 12]",{}
16,NN+2opt,8,2.17124401463147,0.0080703669227659,1017,True,,"[0, 1, 3, 6, 9, 5, 2, 4, 8, 7, 11, 13, 15, 14, 10, 16, 12]",{}
16,PSO,8,2.304190159108271,0.1031194429378956,7500,True,,"[0, 1, 6, 9, 7, 2, 4, 8, 11, 13, 15, 14, 10, 16, 12, 5, 3]",{}
16,Portfolio,8,2.159640501700675,7.665470855892636,23518,True,ACO,"[0, 1, 3, 6, 9, 7, 5, 2, 4, 8, 11, 13, 15, 14, 10, 16, 12]","{""candidate_evaluations"": {""ACO"": 7500, ""DE"": 7500, ""NN+2opt"": 1017, ""PSO"": 7500, ""Raw"": 1}, ""candidate_lengths_km"": {""ACO"": 2.159640501700675, ""DE"": 2.159640501700675, ""NN+2opt"": 2.17124401463147, ""PSO"": 2.304190159108271, ""Raw"": 2.436746087549985}, ""priority"": [""Raw"", ""NN+2opt"", ""ACO"", ""DE"", ""PSO""], ""tie_tolerance_km"": 1e-12}"
16,Raw,8,2.436746087549985,0.0002553559606894,1,True,,"[0, 1, 2, 3, 4, 5, 6, 7, 8, 9, 10, 11, 12, 13, 14, 15, 16]",{}
16,ACO,9,2.1632901501485526,6.91219289903529,7500,True,,"[0, 1, 3, 6, 9, 7, 5, 2, 4, 8, 11, 13, 15, 10, 14, 16, 12]","{""alpha"": 1.0, ""beta"": 2.0, ""evaluation_budget"": 7500, ""evaporation"": 0.5, ""population"": 50}"
16,ACO×3,9,2.159640501700675,20.88609773211647,22500,True,ACO stream 3,"[0, 1, 3, 6, 9, 7, 5, 2, 4, 8, 11, 13, 15, 14, 10, 16, 12]","{""candidate_lengths_km"": [2.1632901501485526, 2.163603088423454, 2.159640501700675], ""candidate_seeds"": [9, 29, 49], ""tie_tolerance_km"": 1e-12}"
16,DE,9,2.1596405017006752,0.7939551849849522,7500,True,,"[12, 16, 10, 14, 15, 13, 11, 8, 4, 2, 5, 7, 9, 6, 3, 1, 0]",{}
16,NN+2opt,9,2.17124401463147,0.0082445249427109,1017,True,,"[0, 1, 3, 6, 9, 5, 2, 4, 8, 7, 11, 13, 15, 14, 10, 16, 12]",{}
16,PSO,9,2.323661554065935,0.1021196470828726,7500,True,,"[1, 2, 15, 13, 11, 10, 14, 16, 12, 8, 4, 5, 7, 9, 6, 3, 0]",{}
16,Portfolio,9,2.1596405017006752,7.81678594101686,23518,True,DE,"[12, 16, 10, 14, 15, 13, 11, 8, 4, 2, 5, 7, 9, 6, 3, 1, 0]","{""candidate_evaluations"": {""ACO"": 7500, ""DE"": 7500, ""NN+2opt"": 1017, ""PSO"": 7500, ""Raw"": 1}, ""candidate_lengths_km"": {""ACO"": 2.1632901501485526, ""DE"": 2.1596405017006752, ""NN+2opt"": 2.17124401463147, ""PSO"": 2.323661554065935, ""Raw"": 2.436746087549985}, ""priority"": [""Raw"", ""NN+2opt"", ""ACO"", ""DE"", ""PSO""], ""tie_tolerance_km"": 1e-12}"
16,Raw,9,2.436746087549985,0.000265336013399,1,True,,"[0, 1, 2, 3, 4, 5, 6, 7, 8, 9, 10, 11, 12, 13, 14, 15, 16]",{}
16,ACO,10,2.163603088423454,6.7497067409567535,7500,True,,"[0, 1, 3, 6, 9, 7, 5, 2, 4, 8, 10, 11, 13, 15, 14, 16, 12]","{""alpha"": 1.0, ""beta"": 2.0, ""evaluation_budget"": 7500, ""evaporation"": 0.5, ""population"": 50}"
16,ACO×3,10,2.159640501700675,20.503020354080945,22500,True,ACO stream 3,"[0, 1, 3, 6, 9, 7, 5, 2, 4, 8, 11, 13, 15, 14, 10, 16, 12]","{""candidate_lengths_km"": [2.163603088423454, 2.163603088423454, 2.159640501700675], ""candidate_seeds"": [10, 30, 50], ""tie_tolerance_km"": 1e-12}"
16,DE,10,2.1596405017006752,0.8010775779839605,7500,True,,"[12, 16, 10, 14, 15, 13, 11, 8, 4, 2, 5, 7, 9, 6, 3, 1, 0]",{}
16,NN+2opt,10,2.17124401463147,0.0092710469616577,1017,True,,"[0, 1, 3, 6, 9, 5, 2, 4, 8, 7, 11, 13, 15, 14, 10, 16, 12]",{}
16,PSO,10,2.23053935402105,0.1257097370689734,7500,True,,"[10, 11, 13, 15, 14, 16, 12, 7, 8, 4, 5, 2, 0, 1, 9, 6, 3]",{}
16,Portfolio,10,2.1596405017006752,7.6860302640125155,23518,True,DE,"[12, 16, 10, 14, 15, 13, 11, 8, 4, 2, 5, 7, 9, 6, 3, 1, 0]","{""candidate_evaluations"": {""ACO"": 7500, ""DE"": 7500, ""NN+2opt"": 1017, ""PSO"": 7500, ""Raw"": 1}, ""candidate_lengths_km"": {""ACO"": 2.163603088423454, ""DE"": 2.1596405017006752, ""NN+2opt"": 2.17124401463147, ""PSO"": 2.23053935402105, ""Raw"": 2.436746087549985}, ""priority"": [""Raw"", ""NN+2opt"", ""ACO"", ""DE"", ""PSO""], ""tie_tolerance_km"": 1e-12}"
16,Raw,10,2.436746087549985,0.0002565130125731,1,True,,"[0, 1, 2, 3, 4, 5, 6, 7, 8, 9, 10, 11, 12, 13, 14, 15, 16]",{}
16,ACO,11,2.159640501700675,7.125555793987587,7500,True,,"[0, 1, 3, 6, 9, 7, 5, 2, 4, 8, 11, 13, 15, 14, 10, 16, 12]","{""alpha"": 1.0, ""beta"": 2.0, ""evaluation_budget"": 7500, ""evaporation"": 0.5, ""population"": 50}"
16,ACO×3,11,2.159640501700675,21.00316660804674,22500,True,ACO stream 1,"[0, 1, 3, 6, 9, 7, 5, 2, 4, 8, 11, 13, 15, 14, 10, 16, 12]","{""candidate_lengths_km"": [2.159640501700675, 2.159640501700675, 2.159640501700675], ""candidate_seeds"": [11, 31, 51], ""tie_tolerance_km"": 1e-12}"
16,DE,11,2.175766342557444,0.7889779800316319,7500,True,,"[12, 16, 10, 14, 15, 13, 11, 8, 4, 7, 5, 2, 9, 6, 3, 1, 0]",{}
16,NN+2opt,11,2.17124401463147,0.0080801239237189,1017,True,,"[0, 1, 3, 6, 9, 5, 2, 4, 8, 7, 11, 13, 15, 14, 10, 16, 12]",{}
16,PSO,11,2.821193934006155,0.1021713659865781,7500,True,,"[12, 13, 11, 6, 3, 0, 2, 4, 8, 7, 5, 1, 9, 10, 15, 14, 16]",{}
16,Portfolio,11,2.159640501700675,8.025055336998776,23518,True,ACO,"[0, 1, 3, 6, 9, 7, 5, 2, 4, 8, 11, 13, 15, 14, 10, 16, 12]","{""candidate_evaluations"": {""ACO"": 7500, ""DE"": 7500, ""NN+2opt"": 1017, ""PSO"": 7500, ""Raw"": 1}, ""candidate_lengths_km"": {""ACO"": 2.159640501700675, ""DE"": 2.175766342557444, ""NN+2opt"": 2.17124401463147, ""PSO"": 2.821193934006155, ""Raw"": 2.436746087549985}, ""priority"": [""Raw"", ""NN+2opt"", ""ACO"", ""DE"", ""PSO""], ""tie_tolerance_km"": 1e-12}"
16,Raw,11,2.436746087549985,0.0002620770828798,1,True,,"[0, 1, 2, 3, 4, 5, 6, 7, 8, 9, 10, 11, 12, 13, 14, 15, 16]",{}
16,ACO,12,2.159640501700675,6.892349218949676,7500,True,,"[0, 1, 3, 6, 9, 7, 5, 2, 4, 8, 11, 13, 15, 14, 10, 16, 12]","{""alpha"": 1.0, ""beta"": 2.0, ""evaluation_budget"": 7500, ""evaporation"": 0.5, ""population"": 50}"
16,ACO×3,12,2.159640501700675,21.40052946493961,22500,True,ACO stream 1,"[0, 1, 3, 6, 9, 7, 5, 2, 4, 8, 11, 13, 15, 14, 10, 16, 12]","{""candidate_lengths_km"": [2.159640501700675, 2.163603088423454, 2.159640501700675], ""candidate_seeds"": [12, 32, 52], ""tie_tolerance_km"": 1e-12}"
16,DE,12,2.1596405017006752,0.7849428070476279,7500,True,,"[12, 16, 10, 14, 15, 13, 11, 8, 4, 2, 5, 7, 9, 6, 3, 1, 0]",{}
16,NN+2opt,12,2.17124401463147,0.0081151250051334,1017,True,,"[0, 1, 3, 6, 9, 5, 2, 4, 8, 7, 11, 13, 15, 14, 10, 16, 12]",{}
16,PSO,12,2.882446881199102,0.1013573890086263,7500,True,,"[5, 8, 12, 14, 10, 11, 7, 4, 2, 0, 1, 3, 6, 9, 13, 15, 16]",{}
16,Portfolio,12,2.159640501700675,7.787030268926173,23518,True,ACO,"[0, 1, 3, 6, 9, 7, 5, 2, 4, 8, 11, 13, 15, 14, 10, 16, 12]","{""candidate_evaluations"": {""ACO"": 7500, ""DE"": 7500, ""NN+2opt"": 1017, ""PSO"": 7500, ""Raw"": 1}, ""candidate_lengths_km"": {""ACO"": 2.159640501700675, ""DE"": 2.1596405017006752, ""NN+2opt"": 2.17124401463147, ""PSO"": 2.882446881199102, ""Raw"": 2.436746087549985}, ""priority"": [""Raw"", ""NN+2opt"", ""ACO"", ""DE"", ""PSO""], ""tie_tolerance_km"": 1e-12}"
16,Raw,12,2.436746087549985,0.0002572329249233,1,True,,"[0, 1, 2, 3, 4, 5, 6, 7, 8, 9, 10, 11, 12, 13, 14, 15, 16]",{}
16,ACO,13,2.1636030884234545,6.782245487091132,7500,True,,"[12, 16, 14, 15, 13, 11, 10, 8, 4, 2, 5, 7, 9, 6, 3, 1, 0]","{""alpha"": 1.0, ""beta"": 2.0, ""evaluation_budget"": 7500, ""evaporation"": 0.5, ""population"": 50}"
16,ACO×3,13,2.1636030884234545,20.42195288510993,22500,True,ACO stream 1,"[12, 16, 14, 15, 13, 11, 10, 8, 4, 2, 5, 7, 9, 6, 3, 1, 0]","{""candidate_lengths_km"": [2.1636030884234545, 2.163603088423454, 2.163603088423454], ""candidate_seeds"": [13, 33, 53], ""tie_tolerance_km"": 1e-12}"
16,DE,13,2.163290150148553,0.782503783935681,7500,True,,"[12, 16, 14, 10, 15, 13, 11, 8, 4, 2, 5, 7, 9, 6, 3, 1, 0]",{}
16,NN+2opt,13,2.17124401463147,0.0080233160406351,1017,True,,"[0, 1, 3, 6, 9, 5, 2, 4, 8, 7, 11, 13, 15, 14, 10, 16, 12]",{}
16,PSO,13,2.8259951834134998,0.102386764017865,7500,True,,"[13, 15, 14, 6, 3, 5, 7, 8, 4, 2, 0, 1, 9, 11, 10, 12, 16]",{}
16,Portfolio,13,2.163290150148553,7.675419251085259,23518,True,DE,"[12, 16, 14, 10, 15, 13, 11, 8, 4, 2, 5, 7, 9, 6, 3, 1, 0]","{""candidate_evaluations"": {""ACO"": 7500, ""DE"": 7500, ""NN+2opt"": 1017, ""PSO"": 7500, ""Raw"": 1}, ""candidate_lengths_km"": {""ACO"": 2.1636030884234545, ""DE"": 2.163290150148553, ""NN+2opt"": 2.17124401463147, ""PSO"": 2.8259951834134993, ""Raw"": 2.436746087549985}, ""priority"": [""Raw"", ""NN+2opt"", ""ACO"", ""DE"", ""PSO""], ""tie_tolerance_km"": 1e-12}"
16,Raw,13,2.436746087549985,0.0002517460379749,1,True,,"[0, 1, 2, 3, 4, 5, 6, 7, 8, 9, 10, 11, 12, 13, 14, 15, 16]",{}
16,ACO,14,2.159640501700675,6.8957243979675695,7500,True,,"[0, 1, 3, 6, 9, 7, 5, 2, 4, 8, 11, 13, 15, 14, 10, 16, 12]","{""alpha"": 1.0, ""beta"": 2.0, ""evaluation_budget"": 7500, ""evaporation"": 0.5, ""population"": 50}"
16,ACO×3,14,2.159640501700675,20.7732763820095,22500,True,ACO stream 1,"[0, 1, 3, 6, 9, 7, 5, 2, 4, 8, 11, 13, 15, 14, 10, 16, 12]","{""candidate_lengths_km"": [2.159640501700675, 2.163603088423454, 2.159640501700675], ""candidate_seeds"": [14, 34, 54], ""tie_tolerance_km"": 1e-12}"
16,DE,14,2.1596405017006752,0.7753287979867309,7500,True,,"[12, 16, 10, 14, 15, 13, 11, 8, 4, 2, 5, 7, 9, 6, 3, 1, 0]",{}
16,NN+2opt,14,2.17124401463147,0.007977426983416,1017,True,,"[0, 1, 3, 6, 9, 5, 2, 4, 8, 7, 11, 13, 15, 14, 10, 16, 12]",{}
16,PSO,14,2.1596405017006752,0.1032548559596762,7500,True,,"[12, 16, 10, 14, 15, 13, 11, 8, 4, 2, 5, 7, 9, 6, 3, 1, 0]",{}
16,Portfolio,14,2.159640501700675,7.782552176970057,23518,True,ACO,"[0, 1, 3, 6, 9, 7, 5, 2, 4, 8, 11, 13, 15, 14, 10, 16, 12]","{""candidate_evaluations"": {""ACO"": 7500, ""DE"": 7500, ""NN+2opt"": 1017, ""PSO"": 7500, ""Raw"": 1}, ""candidate_lengths_km"": {""ACO"": 2.159640501700675, ""DE"": 2.1596405017006752, ""NN+2opt"": 2.17124401463147, ""PSO"": 2.1596405017006752, ""Raw"": 2.436746087549985}, ""priority"": [""Raw"", ""NN+2opt"", ""ACO"", ""DE"", ""PSO""], ""tie_tolerance_km"": 1e-12}"
16,Raw,14,2.436746087549985,0.0002582430606707,1,True,,"[0, 1, 2, 3, 4, 5, 6, 7, 8, 9, 10, 11, 12, 13, 14, 15, 16]",{}
16,ACO,15,2.159640501700675,6.804660063004121,7500,True,,"[0, 1, 3, 6, 9, 7, 5, 2, 4, 8, 11, 13, 15, 14, 10, 16, 12]","{""alpha"": 1.0, ""beta"": 2.0, ""evaluation_budget"": 7500, ""evaporation"": 0.5, ""population"": 50}"
16,ACO×3,15,2.159640501700675,20.63310465204995,22500,True,ACO stream 1,"[0, 1, 3, 6, 9, 7, 5, 2, 4, 8, 11, 13, 15, 14, 10, 16, 12]","{""candidate_lengths_km"": [2.159640501700675, 2.163603088423454, 2.159640501700675], ""candidate_seeds"": [15, 35, 55], ""tie_tolerance_km"": 1e-12}"
16,DE,15,2.1596405017006752,0.7720642130589113,7500,True,,"[12, 16, 10, 14, 15, 13, 11, 8, 4, 2, 5, 7, 9, 6, 3, 1, 0]",{}
16,NN+2opt,15,2.17124401463147,0.0080336880637332,1017,True,,"[0, 1, 3, 6, 9, 5, 2, 4, 8, 7, 11, 13, 15, 14, 10, 16, 12]",{}
16,PSO,15,2.3081707461920944,0.1023136330768466,7500,True,,"[1, 5, 7, 8, 4, 2, 9, 11, 13, 15, 14, 10, 16, 12, 6, 3, 0]",{}
16,Portfolio,15,2.159640501700675,7.6873365042265505,23518,True,ACO,"[0, 1, 3, 6, 9, 7, 5, 2, 4, 8, 11, 13, 15, 14, 10, 16, 12]","{""candidate_evaluations"": {""ACO"": 7500, ""DE"": 7500, ""NN+2opt"": 1017, ""PSO"": 7500, ""Raw"": 1}, ""candidate_lengths_km"": {""ACO"": 2.159640501700675, ""DE"": 2.1596405017006752, ""NN+2opt"": 2.17124401463147, ""PSO"": 2.3081707461920944, ""Raw"": 2.436746087549985}, ""priority"": [""Raw"", ""NN+2opt"", ""ACO"", ""DE"", ""PSO""], ""tie_tolerance_km"": 1e-12}"
16,Raw,15,2.436746087549985,0.0002564640017226,1,True,,"[0, 1, 2, 3, 4, 5, 6, 7, 8, 9, 10, 11, 12, 13, 14, 15, 16]",{}
16,ACO,16,2.159640501700675,6.847791314008646,7500,True,,"[0, 1, 3, 6, 9, 7, 5, 2, 4, 8, 11, 13, 15, 14, 10, 16, 12]","{""alpha"": 1.0, ""beta"": 2.0, ""evaluation_budget"": 7500, ""evaporation"": 0.5, ""population"": 50}"
16,ACO×3,16,2.159640501700675,20.750068572931923,22500,True,ACO stream 1,"[0, 1, 3, 6, 9, 7, 5, 2, 4, 8, 11, 13, 15, 14, 10, 16, 12]","{""candidate_lengths_km"": [2.159640501700675, 2.159640501700675, 2.163603088423454], ""candidate_seeds"": [16, 36, 56], ""tie_tolerance_km"": 1e-12}"
16,DE,16,2.1857713113889714,0.7884974550688639,7500,True,,"[12, 16, 14, 10, 15, 13, 11, 8, 4, 7, 2, 5, 9, 6, 3, 1, 0]",{}
16,NN+2opt,16,2.17124401463147,0.0081140780821442,1017,True,,"[0, 1, 3, 6, 9, 5, 2, 4, 8, 7, 11, 13, 15, 14, 10, 16, 12]",{}
16,PSO,16,2.2466801391136944,0.103765222011134,7500,True,,"[3, 6, 1, 0, 2, 5, 4, 8, 7, 9, 12, 10, 15, 13, 11, 14, 16]",{}
16,Portfolio,16,2.159640501700675,7.748433597153053,23518,True,ACO,"[0, 1, 3, 6, 9, 7, 5, 2, 4, 8, 11, 13, 15, 14, 10, 16, 12]","{""candidate_evaluations"": {""ACO"": 7500, ""DE"": 7500, ""NN+2opt"": 1017, ""PSO"": 7500, ""Raw"": 1}, ""candidate_lengths_km"": {""ACO"": 2.159640501700675, ""DE"": 2.1857713113889714, ""NN+2opt"": 2.17124401463147, ""PSO"": 2.2466801391136944, ""Raw"": 2.436746087549985}, ""priority"": [""Raw"", ""NN+2opt"", ""ACO"", ""DE"", ""PSO""], ""tie_tolerance_km"": 1e-12}"
16,Raw,16,2.436746087549985,0.0002576999831944,1,True,,"[0, 1, 2, 3, 4, 5, 6, 7, 8, 9, 10, 11, 12, 13, 14, 15, 16]",{}
16,ACO,17,2.159640501700675,7.026593709015288,7500,True,,"[0, 1, 3, 6, 9, 7, 5, 2, 4, 8, 11, 13, 15, 14, 10, 16, 12]","{""alpha"": 1.0, ""beta"": 2.0, ""evaluation_budget"": 7500, ""evaporation"": 0.5, ""population"": 50}"
16,ACO×3,17,2.159640501700675,21.20609807688743,22500,True,ACO stream 1,"[0, 1, 3, 6, 9, 7, 5, 2, 4, 8, 11, 13, 15, 14, 10, 16, 12]","{""candidate_lengths_km"": [2.159640501700675, 2.159640501700675, 2.159640501700675], ""candidate_seeds"": [17, 37, 57], ""tie_tolerance_km"": 1e-12}"
16,DE,17,2.186601900498704,0.7965822590049356,7500,True,,"[10, 11, 13, 15, 14, 16, 12, 8, 4, 2, 5, 7, 9, 6, 3, 1, 0]",{}
16,NN+2opt,17,2.17124401463147,0.0080802229931578,1017,True,,"[0, 1, 3, 6, 9, 5, 2, 4, 8, 7, 11, 13, 15, 14, 10, 16, 12]",{}
16,PSO,17,2.201119913734643,0.1030980210052803,7500,True,,"[12, 16, 10, 14, 15, 13, 11, 9, 6, 3, 1, 5, 7, 8, 4, 2, 0]",{}
16,Portfolio,17,2.159640501700675,7.934745441074483,23518,True,ACO,"[0, 1, 3, 6, 9, 7, 5, 2, 4, 8, 11, 13, 15, 14, 10, 16, 12]","{""candidate_evaluations"": {""ACO"": 7500, ""DE"": 7500, ""NN+2opt"": 1017, ""PSO"": 7500, ""Raw"": 1}, ""candidate_lengths_km"": {""ACO"": 2.159640501700675, ""DE"": 2.1866019004987036, ""NN+2opt"": 2.17124401463147, ""PSO"": 2.201119913734643, ""Raw"": 2.436746087549985}, ""priority"": [""Raw"", ""NN+2opt"", ""ACO"", ""DE"", ""PSO""], ""tie_tolerance_km"": 1e-12}"
16,Raw,17,2.436746087549985,0.000383815029636,1,True,,"[0, 1, 2, 3, 4, 5, 6, 7, 8, 9, 10, 11, 12, 13, 14, 15, 16]",{}
16,ACO,18,2.1636030884234545,6.94557549606543,7500,True,,"[12, 16, 14, 15, 13, 11, 10, 8, 4, 2, 5, 7, 9, 6, 3, 1, 0]","{""alpha"": 1.0, ""beta"": 2.0, ""evaluation_budget"": 7500, ""evaporation"": 0.5, ""population"": 50}"
16,ACO×3,18,2.159640501700675,21.358833901118487,22500,True,ACO stream 2,"[0, 1, 3, 6, 9, 7, 5, 2, 4, 8, 11, 13, 15, 14, 10, 16, 12]","{""candidate_lengths_km"": [2.1636030884234545, 2.159640501700675, 2.159640501700675], ""candidate_seeds"": [18, 38, 58], ""tie_tolerance_km"": 1e-12}"
16,DE,18,2.1596405017006752,0.8044076269725338,7500,True,,"[12, 16, 10, 14, 15, 13, 11, 8, 4, 2, 5, 7, 9, 6, 3, 1, 0]",{}
16,NN+2opt,18,2.17124401463147,0.0086684430716559,1017,True,,"[0, 1, 3, 6, 9, 5, 2, 4, 8, 7, 11, 13, 15, 14, 10, 16, 12]",{}
16,PSO,18,2.2446078025911804,0.1024500739295035,7500,True,,"[3, 6, 9, 4, 8, 12, 16, 10, 14, 15, 13, 11, 7, 5, 2, 1, 0]",{}
16,Portfolio,18,2.1596405017006752,7.861362997209653,23518,True,DE,"[12, 16, 10, 14, 15, 13, 11, 8, 4, 2, 5, 7, 9, 6, 3, 1, 0]","{""candidate_evaluations"": {""ACO"": 7500, ""DE"": 7500, ""NN+2opt"": 1017, ""PSO"": 7500, ""Raw"": 1}, ""candidate_lengths_km"": {""ACO"": 2.1636030884234545, ""DE"": 2.1596405017006752, ""NN+2opt"": 2.17124401463147, ""PSO"": 2.2446078025911804, ""Raw"": 2.436746087549985}, ""priority"": [""Raw"", ""NN+2opt"", ""ACO"", ""DE"", ""PSO""], ""tie_tolerance_km"": 1e-12}"
16,Raw,18,2.436746087549985,0.0002529080957174,1,True,,"[0, 1, 2, 3, 4, 5, 6, 7, 8, 9, 10, 11, 12, 13, 14, 15, 16]",{}
16,ACO,19,2.159640501700675,7.150803226977587,7500,True,,"[0, 1, 3, 6, 9, 7, 5, 2, 4, 8, 11, 13, 15, 14, 10, 16, 12]","{""alpha"": 1.0, ""beta"": 2.0, ""evaluation_budget"": 7500, ""evaporation"": 0.5, ""population"": 50}"
16,ACO×3,19,2.159640501700675,21.62471327302046,22500,True,ACO stream 1,"[0, 1, 3, 6, 9, 7, 5, 2, 4, 8, 11, 13, 15, 14, 10, 16, 12]","{""candidate_lengths_km"": [2.159640501700675, 2.1632901501485526, 2.159640501700675], ""candidate_seeds"": [19, 39, 59], ""tie_tolerance_km"": 1e-12}"
16,DE,19,2.1596405017006752,0.8260160660138354,7500,True,,"[12, 16, 10, 14, 15, 13, 11, 8, 4, 2, 5, 7, 9, 6, 3, 1, 0]",{}
16,NN+2opt,19,2.17124401463147,0.0095752120250836,1017,True,,"[0, 1, 3, 6, 9, 5, 2, 4, 8, 7, 11, 13, 15, 14, 10, 16, 12]",{}
16,PSO,19,2.9285991297137546,0.1051934330025687,7500,True,,"[6, 14, 15, 8, 4, 0, 2, 5, 7, 11, 13, 10, 16, 12, 9, 3, 1]",{}
16,Portfolio,19,2.159640501700675,8.091865367954597,23518,True,ACO,"[0, 1, 3, 6, 9, 7, 5, 2, 4, 8, 11, 13, 15, 14, 10, 16, 12]","{""candidate_evaluations"": {""ACO"": 7500, ""DE"": 7500, ""NN+2opt"": 1017, ""PSO"": 7500, ""Raw"": 1}, ""candidate_lengths_km"": {""ACO"": 2.159640501700675, ""DE"": 2.1596405017006752, ""NN+2opt"": 2.17124401463147, ""PSO"": 2.9285991297137546, ""Raw"": 2.436746087549985}, ""priority"": [""Raw"", ""NN+2opt"", ""ACO"", ""DE"", ""PSO""], ""tie_tolerance_km"": 1e-12}"
16,Raw,19,2.436746087549985,0.0002623359905555,1,True,,"[0, 1, 2, 3, 4, 5, 6, 7, 8, 9, 10, 11, 12, 13, 14, 15, 16]",{}
17,ACO,0,2.0100547196305705,2.7313358680112287,7500,True,,"[4, 2, 1, 3, 0, 5, 6]","{""alpha"": 1.0, ""beta"": 2.0, ""evaluation_budget"": 7500, ""evaporation"": 0.5, ""population"": 50}"
17,ACO×3,0,2.0100547196305705,8.28303119004704,22500,True,ACO stream 1,"[4, 2, 1, 3, 0, 5, 6]","{""candidate_lengths_km"": [2.0100547196305705, 2.0100547196305705, 2.0100547196305705], ""candidate_seeds"": [0, 20, 40], ""tie_tolerance_km"": 1e-12}"
17,DE,0,2.0100547196305705,0.7249449610244483,7500,True,,"[6, 5, 0, 3, 1, 2, 4]",{}
17,NN+2opt,0,2.0100547196305705,0.0003332879859954,22,True,,"[4, 2, 1, 3, 0, 5, 6]",{}
17,PSO,0,2.0100547196305705,0.0708082560449838,7500,True,,"[6, 5, 0, 3, 1, 2, 4]",{}
17,Portfolio,0,2.0100547196305705,3.5275222351774573,22523,True,NN+2opt,"[4, 2, 1, 3, 0, 5, 6]","{""candidate_evaluations"": {""ACO"": 7500, ""DE"": 7500, ""NN+2opt"": 22, ""PSO"": 7500, ""Raw"": 1}, ""candidate_lengths_km"": {""ACO"": 2.0100547196305705, ""DE"": 2.0100547196305705, ""NN+2opt"": 2.0100547196305705, ""PSO"": 2.0100547196305705, ""Raw"": 2.6262496680195677}, ""priority"": [""Raw"", ""NN+2opt"", ""ACO"", ""DE"", ""PSO""], ""tie_tolerance_km"": 1e-12}"
17,Raw,0,2.626249668019568,9.053107351064682e-05,1,True,,"[0, 1, 2, 3, 4, 5, 6]",{}
17,ACO,1,2.0100547196305705,2.7619694940513,7500,True,,"[4, 2, 1, 3, 0, 5, 6]","{""alpha"": 1.0, ""beta"": 2.0, ""evaluation_budget"": 7500, ""evaporation"": 0.5, ""population"": 50}"
17,ACO×3,1,2.0100547196305705,8.41331373702269,22500,True,ACO stream 1,"[4, 2, 1, 3, 0, 5, 6]","{""candidate_lengths_km"": [2.0100547196305705, 2.0100547196305705, 2.0100547196305705], ""candidate_seeds"": [1, 21, 41], ""tie_tolerance_km"": 1e-12}"
17,DE,1,2.0100547196305705,0.7348016370087862,7500,True,,"[4, 2, 1, 3, 0, 5, 6]",{}
17,NN+2opt,1,2.0100547196305705,0.0003391799982637,22,True,,"[4, 2, 1, 3, 0, 5, 6]",{}
17,PSO,1,2.113066874921564,0.0718985709827393,7500,True,,"[4, 6, 5, 0, 3, 1, 2]",{}
17,Portfolio,1,2.0100547196305705,3.5691133519867435,22523,True,NN+2opt,"[4, 2, 1, 3, 0, 5, 6]","{""candidate_evaluations"": {""ACO"": 7500, ""DE"": 7500, ""NN+2opt"": 22, ""PSO"": 7500, ""Raw"": 1}, ""candidate_lengths_km"": {""ACO"": 2.0100547196305705, ""DE"": 2.0100547196305705, ""NN+2opt"": 2.0100547196305705, ""PSO"": 2.113066874921564, ""Raw"": 2.6262496680195677}, ""priority"": [""Raw"", ""NN+2opt"", ""ACO"", ""DE"", ""PSO""], ""tie_tolerance_km"": 1e-12}"
17,Raw,1,2.626249668019568,9.535893332213163e-05,1,True,,"[0, 1, 2, 3, 4, 5, 6]",{}
17,ACO,2,2.0100547196305705,2.8802873239619657,7500,True,,"[4, 2, 1, 3, 0, 5, 6]","{""alpha"": 1.0, ""beta"": 2.0, ""evaluation_budget"": 7500, ""evaporation"": 0.5, ""population"": 50}"
17,ACO×3,2,2.0100547196305705,8.601534111774527,22500,True,ACO stream 1,"[4, 2, 1, 3, 0, 5, 6]","{""candidate_lengths_km"": [2.0100547196305705, 2.0100547196305705, 2.0100547196305705], ""candidate_seeds"": [2, 22, 42], ""tie_tolerance_km"": 1e-12}"
17,DE,2,2.0100547196305705,0.7506087609799579,7500,True,,"[4, 2, 1, 3, 0, 5, 6]",{}
17,NN+2opt,2,2.0100547196305705,0.0003355169901624,22,True,,"[4, 2, 1, 3, 0, 5, 6]",{}
17,PSO,2,2.113066874921564,0.0713211160618811,7500,True,,"[2, 1, 3, 0, 5, 6, 4]",{}
17,Portfolio,2,2.0100547196305705,3.702656077919528,22523,True,NN+2opt,"[4, 2, 1, 3, 0, 5, 6]","{""candidate_evaluations"": {""ACO"": 7500, ""DE"": 7500, ""NN+2opt"": 22, ""PSO"": 7500, ""Raw"": 1}, ""candidate_lengths_km"": {""ACO"": 2.0100547196305705, ""DE"": 2.0100547196305705, ""NN+2opt"": 2.0100547196305705, ""PSO"": 2.113066874921564, ""Raw"": 2.6262496680195677}, ""priority"": [""Raw"", ""NN+2opt"", ""ACO"", ""DE"", ""PSO""], ""tie_tolerance_km"": 1e-12}"
17,Raw,2,2.626249668019568,9.411200881004332e-05,1,True,,"[0, 1, 2, 3, 4, 5, 6]",{}
17,ACO,3,2.0100547196305705,3.126135113998316,7500,True,,"[4, 2, 1, 3, 0, 5, 6]","{""alpha"": 1.0, ""beta"": 2.0, ""evaluation_budget"": 7500, ""evaporation"": 0.5, ""population"": 50}"
17,ACO×3,3,2.0100547196305705,9.015937021933496,22500,True,ACO stream 1,"[4, 2, 1, 3, 0, 5, 6]","{""candidate_lengths_km"": [2.0100547196305705, 2.0100547196305705, 2.0100547196305705], ""candidate_seeds"": [3, 23, 43], ""tie_tolerance_km"": 1e-12}"
17,DE,3,2.0100547196305705,0.7495721309678629,7500,True,,"[6, 5, 0, 3, 1, 2, 4]",{}
17,NN+2opt,3,2.0100547196305705,0.0003343630814924,22,True,,"[4, 2, 1, 3, 0, 5, 6]",{}
17,PSO,3,2.0100547196305705,0.0715900351060554,7500,True,,"[4, 2, 1, 3, 0, 5, 6]",{}
17,Portfolio,3,2.0100547196305705,3.947734185145237,22523,True,NN+2opt,"[4, 2, 1, 3, 0, 5, 6]","{""candidate_evaluations"": {""ACO"": 7500, ""DE"": 7500, ""NN+2opt"": 22, ""PSO"": 7500, ""Raw"": 1}, ""candidate_lengths_km"": {""ACO"": 2.0100547196305705, ""DE"": 2.0100547196305705, ""NN+2opt"": 2.0100547196305705, ""PSO"": 2.0100547196305705, ""Raw"": 2.6262496680195677}, ""priority"": [""Raw"", ""NN+2opt"", ""ACO"", ""DE"", ""PSO""], ""tie_tolerance_km"": 1e-12}"
17,Raw,3,2.626249668019568,9.225402027368546e-05,1,True,,"[0, 1, 2, 3, 4, 5, 6]",{}
17,ACO,4,2.0100547196305705,2.934815458022058,7500,True,,"[4, 2, 1, 3, 0, 5, 6]","{""alpha"": 1.0, ""beta"": 2.0, ""evaluation_budget"": 7500, ""evaporation"": 0.5, ""population"": 50}"
17,ACO×3,4,2.0100547196305705,8.793536814977415,22500,True,ACO stream 1,"[4, 2, 1, 3, 0, 5, 6]","{""candidate_lengths_km"": [2.0100547196305705, 2.0100547196305705, 2.0100547196305705], ""candidate_seeds"": [4, 24, 44], ""tie_tolerance_km"": 1e-12}"
17,DE,4,2.0100547196305705,0.7781863859854639,7500,True,,"[6, 5, 0, 3, 1, 2, 4]",{}
17,NN+2opt,4,2.0100547196305705,0.000341531005688,22,True,,"[4, 2, 1, 3, 0, 5, 6]",{}
17,PSO,4,2.0100547196305705,0.0803293460048735,7500,True,,"[6, 5, 0, 3, 1, 2, 4]",{}
17,Portfolio,4,2.0100547196305705,3.793778297957033,22523,True,NN+2opt,"[4, 2, 1, 3, 0, 5, 6]","{""candidate_evaluations"": {""ACO"": 7500, ""DE"": 7500, ""NN+2opt"": 22, ""PSO"": 7500, ""Raw"": 1}, ""candidate_lengths_km"": {""ACO"": 2.0100547196305705, ""DE"": 2.0100547196305705, ""NN+2opt"": 2.0100547196305705, ""PSO"": 2.0100547196305705, ""Raw"": 2.6262496680195677}, ""priority"": [""Raw"", ""NN+2opt"", ""ACO"", ""DE"", ""PSO""], ""tie_tolerance_km"": 1e-12}"
17,Raw,4,2.626249668019568,9.652995504438876e-05,1,True,,"[0, 1, 2, 3, 4, 5, 6]",{}
17,ACO,5,2.0100547196305705,2.9911755939247087,7500,True,,"[6, 5, 0, 3, 1, 2, 4]","{""alpha"": 1.0, ""beta"": 2.0, ""evaluation_budget"": 7500, ""evaporation"": 0.5, ""population"": 50}"
17,ACO×3,5,2.0100547196305705,8.836067508906126,22500,True,ACO stream 1,"[6, 5, 0, 3, 1, 2, 4]","{""candidate_lengths_km"": [2.0100547196305705, 2.0100547196305705, 2.0100547196305705], ""candidate_seeds"": [5, 25, 45], ""tie_tolerance_km"": 1e-12}"
17,DE,5,2.0100547196305705,0.7538322390755638,7500,True,,"[4, 2, 1, 3, 0, 5, 6]",{}
17,NN+2opt,5,2.0100547196305705,0.0003330960171297,22,True,,"[4, 2, 1, 3, 0, 5, 6]",{}
17,PSO,5,2.0100547196305705,0.076711141038686,7500,True,,"[4, 2, 1, 3, 0, 5, 6]",{}
17,Portfolio,5,2.0100547196305705,3.822157779126428,22523,True,NN+2opt,"[4, 2, 1, 3, 0, 5, 6]","{""candidate_evaluations"": {""ACO"": 7500, ""DE"": 7500, ""NN+2opt"": 22, ""PSO"": 7500, ""Raw"": 1}, ""candidate_lengths_km"": {""ACO"": 2.0100547196305705, ""DE"": 2.0100547196305705, ""NN+2opt"": 2.0100547196305705, ""PSO"": 2.0100547196305705, ""Raw"": 2.6262496680195677}, ""priority"": [""Raw"", ""NN+2opt"", ""ACO"", ""DE"", ""PSO""], ""tie_tolerance_km"": 1e-12}"
17,Raw,5,2.626249668019568,9.621598292142151e-05,1,True,,"[0, 1, 2, 3, 4, 5, 6]",{}
17,ACO,6,2.0100547196305705,2.875550662050955,7500,True,,"[4, 2, 1, 3, 0, 5, 6]","{""alpha"": 1.0, ""beta"": 2.0, ""evaluation_budget"": 7500, ""evaporation"": 0.5, ""population"": 50}"
17,ACO×3,6,2.0100547196305705,9.171104473993182,22500,True,ACO stream 1,"[4, 2, 1, 3, 0, 5, 6]","{""candidate_lengths_km"": [2.0100547196305705, 2.0100547196305705, 2.0100547196305705], ""candidate_seeds"": [6, 26, 46], ""tie_tolerance_km"": 1e-12}"
17,DE,6,2.0100547196305705,0.7538877649931237,7500,True,,"[4, 2, 1, 3, 0, 5, 6]",{}
17,NN+2opt,6,2.0100547196305705,0.0003365589072927,22,True,,"[4, 2, 1, 3, 0, 5, 6]",{}
17,PSO,6,2.0100547196305705,0.0702620859956368,7500,True,,"[4, 2, 1, 3, 0, 5, 6]",{}
17,Portfolio,6,2.0100547196305705,3.700135339982808,22523,True,NN+2opt,"[4, 2, 1, 3, 0, 5, 6]","{""candidate_evaluations"": {""ACO"": 7500, ""DE"": 7500, ""NN+2opt"": 22, ""PSO"": 7500, ""Raw"": 1}, ""candidate_lengths_km"": {""ACO"": 2.0100547196305705, ""DE"": 2.0100547196305705, ""NN+2opt"": 2.0100547196305705, ""PSO"": 2.0100547196305705, ""Raw"": 2.6262496680195677}, ""priority"": [""Raw"", ""NN+2opt"", ""ACO"", ""DE"", ""PSO""], ""tie_tolerance_km"": 1e-12}"
17,Raw,6,2.626249668019568,8.9784967713058e-05,1,True,,"[0, 1, 2, 3, 4, 5, 6]",{}
17,ACO,7,2.0100547196305705,2.837135631940328,7500,True,,"[4, 2, 1, 3, 0, 5, 6]","{""alpha"": 1.0, ""beta"": 2.0, ""evaluation_budget"": 7500, ""evaporation"": 0.5, ""population"": 50}"
17,ACO×3,7,2.0100547196305705,8.503140807966702,22500,True,ACO stream 1,"[4, 2, 1, 3, 0, 5, 6]","{""candidate_lengths_km"": [2.0100547196305705, 2.0100547196305705, 2.0100547196305705], ""candidate_seeds"": [7, 27, 47], ""tie_tolerance_km"": 1e-12}"
17,DE,7,2.0100547196305705,0.785582878976129,7500,True,,"[4, 2, 1, 3, 0, 5, 6]",{}
17,NN+2opt,7,2.0100547196305705,0.0003388120094314,22,True,,"[4, 2, 1, 3, 0, 5, 6]",{}
17,PSO,7,2.0100547196305705,0.0749883709941059,7500,True,,"[4, 2, 1, 3, 0, 5, 6]",{}
17,Portfolio,7,2.0100547196305705,3.69814556883648,22523,True,NN+2opt,"[4, 2, 1, 3, 0, 5, 6]","{""candidate_evaluations"": {""ACO"": 7500, ""DE"": 7500, ""NN+2opt"": 22, ""PSO"": 7500, ""Raw"": 1}, ""candidate_lengths_km"": {""ACO"": 2.0100547196305705, ""DE"": 2.0100547196305705, ""NN+2opt"": 2.0100547196305705, ""PSO"": 2.0100547196305705, ""Raw"": 2.6262496680195677}, ""priority"": [""Raw"", ""NN+2opt"", ""ACO"", ""DE"", ""PSO""], ""tie_tolerance_km"": 1e-12}"
17,Raw,7,2.626249668019568,9.069498628377914e-05,1,True,,"[0, 1, 2, 3, 4, 5, 6]",{}
17,ACO,8,2.0100547196305705,3.072437359020114,7500,True,,"[4, 2, 1, 3, 0, 5, 6]","{""alpha"": 1.0, ""beta"": 2.0, ""evaluation_budget"": 7500, ""evaporation"": 0.5, ""population"": 50}"
17,ACO×3,8,2.0100547196305705,9.105534890084527,22500,True,ACO stream 1,"[4, 2, 1, 3, 0, 5, 6]","{""candidate_lengths_km"": [2.0100547196305705, 2.0100547196305705, 2.0100547196305705], ""candidate_seeds"": [8, 28, 48], ""tie_tolerance_km"": 1e-12}"
17,DE,8,2.0100547196305705,0.7820309899980202,7500,True,,"[4, 2, 1, 3, 0, 5, 6]",{}
17,NN+2opt,8,2.0100547196305705,0.0003356030210852,22,True,,"[4, 2, 1, 3, 0, 5, 6]",{}
17,PSO,8,2.113066874921564,0.083673715009354,7500,True,,"[4, 6, 5, 0, 3, 1, 2]",{}
17,Portfolio,8,2.0100547196305705,3.9385811222018674,22523,True,NN+2opt,"[4, 2, 1, 3, 0, 5, 6]","{""candidate_evaluations"": {""ACO"": 7500, ""DE"": 7500, ""NN+2opt"": 22, ""PSO"": 7500, ""Raw"": 1}, ""candidate_lengths_km"": {""ACO"": 2.0100547196305705, ""DE"": 2.0100547196305705, ""NN+2opt"": 2.0100547196305705, ""PSO"": 2.113066874921564, ""Raw"": 2.6262496680195677}, ""priority"": [""Raw"", ""NN+2opt"", ""ACO"", ""DE"", ""PSO""], ""tie_tolerance_km"": 1e-12}"
17,Raw,8,2.626249668019568,9.387405589222908e-05,1,True,,"[0, 1, 2, 3, 4, 5, 6]",{}
17,ACO,9,2.0100547196305705,2.8596139600267634,7500,True,,"[4, 2, 1, 3, 0, 5, 6]","{""alpha"": 1.0, ""beta"": 2.0, ""evaluation_budget"": 7500, ""evaporation"": 0.5, ""population"": 50}"
17,ACO×3,9,2.0100547196305705,8.847705319989473,22500,True,ACO stream 1,"[4, 2, 1, 3, 0, 5, 6]","{""candidate_lengths_km"": [2.0100547196305705, 2.0100547196305705, 2.0100547196305705], ""candidate_seeds"": [9, 29, 49], ""tie_tolerance_km"": 1e-12}"
17,DE,9,2.0100547196305705,0.766605110024102,7500,True,,"[4, 2, 1, 3, 0, 5, 6]",{}
17,NN+2opt,9,2.0100547196305705,0.0003288510488346,22,True,,"[4, 2, 1, 3, 0, 5, 6]",{}
17,PSO,9,2.0100547196305705,0.0736305940663442,7500,True,,"[4, 2, 1, 3, 0, 5, 6]",{}
17,Portfolio,9,2.0100547196305705,3.700299796066247,22523,True,NN+2opt,"[4, 2, 1, 3, 0, 5, 6]","{""candidate_evaluations"": {""ACO"": 7500, ""DE"": 7500, ""NN+2opt"": 22, ""PSO"": 7500, ""Raw"": 1}, ""candidate_lengths_km"": {""ACO"": 2.0100547196305705, ""DE"": 2.0100547196305705, ""NN+2opt"": 2.0100547196305705, ""PSO"": 2.0100547196305705, ""Raw"": 2.6262496680195677}, ""priority"": [""Raw"", ""NN+2opt"", ""ACO"", ""DE"", ""PSO""], ""tie_tolerance_km"": 1e-12}"
17,Raw,9,2.626249668019568,0.000113051966764,1,True,,"[0, 1, 2, 3, 4, 5, 6]",{}
17,ACO,10,2.0100547196305705,2.803522718022577,7500,True,,"[4, 2, 1, 3, 0, 5, 6]","{""alpha"": 1.0, ""beta"": 2.0, ""evaluation_budget"": 7500, ""evaporation"": 0.5, ""population"": 50}"
17,ACO×3,10,2.0100547196305705,8.691747045028023,22500,True,ACO stream 1,"[4, 2, 1, 3, 0, 5, 6]","{""candidate_lengths_km"": [2.0100547196305705, 2.0100547196305705, 2.0100547196305705], ""candidate_seeds"": [10, 30, 50], ""tie_tolerance_km"": 1e-12}"
17,DE,10,2.0100547196305705,0.7348599879769608,7500,True,,"[4, 2, 1, 3, 0, 5, 6]",{}
17,NN+2opt,10,2.0100547196305705,0.0003354550572112,22,True,,"[4, 2, 1, 3, 0, 5, 6]",{}
17,PSO,10,2.0100547196305705,0.0783739370526745,7500,True,,"[4, 2, 1, 3, 0, 5, 6]",{}
17,Portfolio,10,2.0100547196305705,3.617189411073923,22523,True,NN+2opt,"[4, 2, 1, 3, 0, 5, 6]","{""candidate_evaluations"": {""ACO"": 7500, ""DE"": 7500, ""NN+2opt"": 22, ""PSO"": 7500, ""Raw"": 1}, ""candidate_lengths_km"": {""ACO"": 2.0100547196305705, ""DE"": 2.0100547196305705, ""NN+2opt"": 2.0100547196305705, ""PSO"": 2.0100547196305705, ""Raw"": 2.6262496680195677}, ""priority"": [""Raw"", ""NN+2opt"", ""ACO"", ""DE"", ""PSO""], ""tie_tolerance_km"": 1e-12}"
17,Raw,10,2.626249668019568,8.892803452908993e-05,1,True,,"[0, 1, 2, 3, 4, 5, 6]",{}
17,ACO,11,2.0100547196305705,2.8997338889166717,7500,True,,"[4, 2, 1, 3, 0, 5, 6]","{""alpha"": 1.0, ""beta"": 2.0, ""evaluation_budget"": 7500, ""evaporation"": 0.5, ""population"": 50}"
17,ACO×3,11,2.0100547196305705,8.564629257889464,22500,True,ACO stream 1,"[4, 2, 1, 3, 0, 5, 6]","{""candidate_lengths_km"": [2.0100547196305705, 2.0100547196305705, 2.0100547196305705], ""candidate_seeds"": [11, 31, 51], ""tie_tolerance_km"": 1e-12}"
17,DE,11,2.0100547196305705,0.7404284169897437,7500,True,,"[6, 5, 0, 3, 1, 2, 4]",{}
17,NN+2opt,11,2.0100547196305705,0.0003436090191826,22,True,,"[4, 2, 1, 3, 0, 5, 6]",{}
17,PSO,11,2.0100547196305705,0.0773929229471832,7500,True,,"[4, 2, 1, 3, 0, 5, 6]",{}
17,Portfolio,11,2.0100547196305705,3.718001062981784,22523,True,NN+2opt,"[4, 2, 1, 3, 0, 5, 6]","{""candidate_evaluations"": {""ACO"": 7500, ""DE"": 7500, ""NN+2opt"": 22, ""PSO"": 7500, ""Raw"": 1}, ""candidate_lengths_km"": {""ACO"": 2.0100547196305705, ""DE"": 2.0100547196305705, ""NN+2opt"": 2.0100547196305705, ""PSO"": 2.0100547196305705, ""Raw"": 2.6262496680195677}, ""priority"": [""Raw"", ""NN+2opt"", ""ACO"", ""DE"", ""PSO""], ""tie_tolerance_km"": 1e-12}"
17,Raw,11,2.626249668019568,9.363202843815088e-05,1,True,,"[0, 1, 2, 3, 4, 5, 6]",{}
17,ACO,12,2.0100547196305705,2.872283932985738,7500,True,,"[4, 2, 1, 3, 0, 5, 6]","{""alpha"": 1.0, ""beta"": 2.0, ""evaluation_budget"": 7500, ""evaporation"": 0.5, ""population"": 50}"
17,ACO×3,12,2.0100547196305705,8.534382896032184,22500,True,ACO stream 1,"[4, 2, 1, 3, 0, 5, 6]","{""candidate_lengths_km"": [2.0100547196305705, 2.0100547196305705, 2.0100547196305705], ""candidate_seeds"": [12, 32, 52], ""tie_tolerance_km"": 1e-12}"
17,DE,12,2.0100547196305705,0.7330493909539655,7500,True,,"[6, 5, 0, 3, 1, 2, 4]",{}
17,NN+2opt,12,2.0100547196305705,0.000338005949743,22,True,,"[4, 2, 1, 3, 0, 5, 6]",{}
17,PSO,12,2.0853564515225984,0.0720737449591979,7500,True,,"[4, 2, 3, 1, 0, 5, 6]",{}
17,Portfolio,12,2.0100547196305705,3.67784712172579,22523,True,NN+2opt,"[4, 2, 1, 3, 0, 5, 6]","{""candidate_evaluations"": {""ACO"": 7500, ""DE"": 7500, ""NN+2opt"": 22, ""PSO"": 7500, ""Raw"": 1}, ""candidate_lengths_km"": {""ACO"": 2.0100547196305705, ""DE"": 2.0100547196305705, ""NN+2opt"": 2.0100547196305705, ""PSO"": 2.0853564515225984, ""Raw"": 2.6262496680195677}, ""priority"": [""Raw"", ""NN+2opt"", ""ACO"", ""DE"", ""PSO""], ""tie_tolerance_km"": 1e-12}"
17,Raw,12,2.626249668019568,9.314191993325947e-05,1,True,,"[0, 1, 2, 3, 4, 5, 6]",{}
17,ACO,13,2.0100547196305705,2.8796833540545776,7500,True,,"[4, 2, 1, 3, 0, 5, 6]","{""alpha"": 1.0, ""beta"": 2.0, ""evaluation_budget"": 7500, ""evaporation"": 0.5, ""population"": 50}"
17,ACO×3,13,2.0100547196305705,8.4965100340778,22500,True,ACO stream 1,"[4, 2, 1, 3, 0, 5, 6]","{""candidate_lengths_km"": [2.0100547196305705, 2.0100547196305705, 2.0100547196305705], ""candidate_seeds"": [13, 33, 53], ""tie_tolerance_km"": 1e-12}"
17,DE,13,2.0100547196305705,0.7469374970532954,7500,True,,"[4, 2, 1, 3, 0, 5, 6]",{}
17,NN+2opt,13,2.0100547196305705,0.0004101700615137,22,True,,"[4, 2, 1, 3, 0, 5, 6]",{}
17,PSO,13,2.1687513614064216,0.0742813220713287,7500,True,,"[6, 2, 3, 5, 0, 1, 4]",{}
17,Portfolio,13,2.0100547196305705,3.7014623802388087,22523,True,NN+2opt,"[4, 2, 1, 3, 0, 5, 6]","{""candidate_evaluations"": {""ACO"": 7500, ""DE"": 7500, ""NN+2opt"": 22, ""PSO"": 7500, ""Raw"": 1}, ""candidate_lengths_km"": {""ACO"": 2.0100547196305705, ""DE"": 2.0100547196305705, ""NN+2opt"": 2.0100547196305705, ""PSO"": 2.1687513614064216, ""Raw"": 2.6262496680195677}, ""priority"": [""Raw"", ""NN+2opt"", ""ACO"", ""DE"", ""PSO""], ""tie_tolerance_km"": 1e-12}"
17,Raw,13,2.626249668019568,0.0001405209768563,1,True,,"[0, 1, 2, 3, 4, 5, 6]",{}
17,ACO,14,2.0100547196305705,2.846294749993831,7500,True,,"[4, 2, 1, 3, 0, 5, 6]","{""alpha"": 1.0, ""beta"": 2.0, ""evaluation_budget"": 7500, ""evaporation"": 0.5, ""population"": 50}"
17,ACO×3,14,2.0100547196305705,8.403844640008174,22500,True,ACO stream 1,"[4, 2, 1, 3, 0, 5, 6]","{""candidate_lengths_km"": [2.0100547196305705, 2.0100547196305705, 2.0100547196305705], ""candidate_seeds"": [14, 34, 54], ""tie_tolerance_km"": 1e-12}"
17,DE,14,2.0100547196305705,0.7453363100066781,7500,True,,"[4, 2, 1, 3, 0, 5, 6]",{}
17,NN+2opt,14,2.0100547196305705,0.0003323210403323,22,True,,"[4, 2, 1, 3, 0, 5, 6]",{}
17,PSO,14,2.0100547196305705,0.0708449489902705,7500,True,,"[6, 5, 0, 3, 1, 2, 4]",{}
17,Portfolio,14,2.0100547196305705,3.662909011007287,22523,True,NN+2opt,"[4, 2, 1, 3, 0, 5, 6]","{""candidate_evaluations"": {""ACO"": 7500, ""DE"": 7500, ""NN+2opt"": 22, ""PSO"": 7500, ""Raw"": 1}, ""candidate_lengths_km"": {""ACO"": 2.0100547196305705, ""DE"": 2.0100547196305705, ""NN+2opt"": 2.0100547196305705, ""PSO"": 2.0100547196305705, ""Raw"": 2.6262496680195677}, ""priority"": [""Raw"", ""NN+2opt"", ""ACO"", ""DE"", ""PSO""], ""tie_tolerance_km"": 1e-12}"
17,Raw,14,2.626249668019568,9.14010452106595e-05,1,True,,"[0, 1, 2, 3, 4, 5, 6]",{}
17,ACO,15,2.0100547196305705,2.885992789058946,7500,True,,"[4, 2, 1, 3, 0, 5, 6]","{""alpha"": 1.0, ""beta"": 2.0, ""evaluation_budget"": 7500, ""evaporation"": 0.5, ""population"": 50}"
17,ACO×3,15,2.0100547196305705,8.45468541898299,22500,True,ACO stream 1,"[4, 2, 1, 3, 0, 5, 6]","{""candidate_lengths_km"": [2.0100547196305705, 2.0100547196305705, 2.0100547196305705], ""candidate_seeds"": [15, 35, 55], ""tie_tolerance_km"": 1e-12}"
17,DE,15,2.0100547196305705,0.7489369410322979,7500,True,,"[4, 2, 1, 3, 0, 5, 6]",{}
17,NN+2opt,15,2.0100547196305705,0.0003360549453645,22,True,,"[4, 2, 1, 3, 0, 5, 6]",{}
17,PSO,15,2.0100547196305705,0.0725900619290769,7500,True,,"[6, 5, 0, 3, 1, 2, 4]",{}
17,Portfolio,15,2.0100547196305705,3.707956083118916,22523,True,NN+2opt,"[4, 2, 1, 3, 0, 5, 6]","{""candidate_evaluations"": {""ACO"": 7500, ""DE"": 7500, ""NN+2opt"": 22, ""PSO"": 7500, ""Raw"": 1}, ""candidate_lengths_km"": {""ACO"": 2.0100547196305705, ""DE"": 2.0100547196305705, ""NN+2opt"": 2.0100547196305705, ""PSO"": 2.0100547196305705, ""Raw"": 2.6262496680195677}, ""priority"": [""Raw"", ""NN+2opt"", ""ACO"", ""DE"", ""PSO""], ""tie_tolerance_km"": 1e-12}"
17,Raw,15,2.626249668019568,9.11620445549488e-05,1,True,,"[0, 1, 2, 3, 4, 5, 6]",{}
17,ACO,16,2.0100547196305705,2.900243178009987,7500,True,,"[4, 2, 1, 3, 0, 5, 6]","{""alpha"": 1.0, ""beta"": 2.0, ""evaluation_budget"": 7500, ""evaporation"": 0.5, ""population"": 50}"
17,ACO×3,16,2.0100547196305705,8.520498867961578,22500,True,ACO stream 1,"[4, 2, 1, 3, 0, 5, 6]","{""candidate_lengths_km"": [2.0100547196305705, 2.0100547196305705, 2.0100547196305705], ""candidate_seeds"": [16, 36, 56], ""tie_tolerance_km"": 1e-12}"
17,DE,16,2.0100547196305705,0.7400801320327446,7500,True,,"[6, 5, 0, 3, 1, 2, 4]",{}
17,NN+2opt,16,2.0100547196305705,0.0003336850786581,22,True,,"[4, 2, 1, 3, 0, 5, 6]",{}
17,PSO,16,2.0100547196305705,0.0693016949808225,7500,True,,"[6, 5, 0, 3, 1, 2, 4]",{}
17,Portfolio,16,2.0100547196305705,3.710057362099178,22523,True,NN+2opt,"[4, 2, 1, 3, 0, 5, 6]","{""candidate_evaluations"": {""ACO"": 7500, ""DE"": 7500, ""NN+2opt"": 22, ""PSO"": 7500, ""Raw"": 1}, ""candidate_lengths_km"": {""ACO"": 2.0100547196305705, ""DE"": 2.0100547196305705, ""NN+2opt"": 2.0100547196305705, ""PSO"": 2.0100547196305705, ""Raw"": 2.6262496680195677}, ""priority"": [""Raw"", ""NN+2opt"", ""ACO"", ""DE"", ""PSO""], ""tie_tolerance_km"": 1e-12}"
17,Raw,16,2.626249668019568,8.984201122075319e-05,1,True,,"[0, 1, 2, 3, 4, 5, 6]",{}
17,ACO,17,2.0100547196305705,2.847945512970909,7500,True,,"[4, 2, 1, 3, 0, 5, 6]","{""alpha"": 1.0, ""beta"": 2.0, ""evaluation_budget"": 7500, ""evaporation"": 0.5, ""population"": 50}"
17,ACO×3,17,2.0100547196305705,8.61059104197193,22500,True,ACO stream 1,"[4, 2, 1, 3, 0, 5, 6]","{""candidate_lengths_km"": [2.0100547196305705, 2.0100547196305705, 2.0100547196305705], ""candidate_seeds"": [17, 37, 57], ""tie_tolerance_km"": 1e-12}"
17,DE,17,2.0100547196305705,0.724930068012327,7500,True,,"[4, 2, 1, 3, 0, 5, 6]",{}
17,NN+2opt,17,2.0100547196305705,0.000337415956892,22,True,,"[4, 2, 1, 3, 0, 5, 6]",{}
17,PSO,17,2.0100547196305705,0.0707783780526369,7500,True,,"[6, 5, 0, 3, 1, 2, 4]",{}
17,Portfolio,17,2.0100547196305705,3.644095689873211,22523,True,NN+2opt,"[4, 2, 1, 3, 0, 5, 6]","{""candidate_evaluations"": {""ACO"": 7500, ""DE"": 7500, ""NN+2opt"": 22, ""PSO"": 7500, ""Raw"": 1}, ""candidate_lengths_km"": {""ACO"": 2.0100547196305705, ""DE"": 2.0100547196305705, ""NN+2opt"": 2.0100547196305705, ""PSO"": 2.0100547196305705, ""Raw"": 2.6262496680195677}, ""priority"": [""Raw"", ""NN+2opt"", ""ACO"", ""DE"", ""PSO""], ""tie_tolerance_km"": 1e-12}"
17,Raw,17,2.626249668019568,9.516894351691008e-05,1,True,,"[0, 1, 2, 3, 4, 5, 6]",{}
17,ACO,18,2.0100547196305705,2.9162506220163777,7500,True,,"[4, 2, 1, 3, 0, 5, 6]","{""alpha"": 1.0, ""beta"": 2.0, ""evaluation_budget"": 7500, ""evaporation"": 0.5, ""population"": 50}"
17,ACO×3,18,2.0100547196305705,8.703865913907066,22500,True,ACO stream 1,"[4, 2, 1, 3, 0, 5, 6]","{""candidate_lengths_km"": [2.0100547196305705, 2.0100547196305705, 2.0100547196305705], ""candidate_seeds"": [18, 38, 58], ""tie_tolerance_km"": 1e-12}"
17,DE,18,2.0100547196305705,0.7557337880134583,7500,True,,"[4, 2, 1, 3, 0, 5, 6]",{}
17,NN+2opt,18,2.0100547196305705,0.0003450119402259,22,True,,"[4, 2, 1, 3, 0, 5, 6]",{}
17,PSO,18,2.0100547196305705,0.0714049090165644,7500,True,,"[6, 5, 0, 3, 1, 2, 4]",{}
17,Portfolio,18,2.0100547196305705,3.7438327569980174,22523,True,NN+2opt,"[4, 2, 1, 3, 0, 5, 6]","{""candidate_evaluations"": {""ACO"": 7500, ""DE"": 7500, ""NN+2opt"": 22, ""PSO"": 7500, ""Raw"": 1}, ""candidate_lengths_km"": {""ACO"": 2.0100547196305705, ""DE"": 2.0100547196305705, ""NN+2opt"": 2.0100547196305705, ""PSO"": 2.0100547196305705, ""Raw"": 2.6262496680195677}, ""priority"": [""Raw"", ""NN+2opt"", ""ACO"", ""DE"", ""PSO""], ""tie_tolerance_km"": 1e-12}"
17,Raw,18,2.626249668019568,9.02240863069892e-05,1,True,,"[0, 1, 2, 3, 4, 5, 6]",{}
17,ACO,19,2.0100547196305705,3.330238395021297,7500,True,,"[4, 2, 1, 3, 0, 5, 6]","{""alpha"": 1.0, ""beta"": 2.0, ""evaluation_budget"": 7500, ""evaporation"": 0.5, ""population"": 50}"
17,ACO×3,19,2.0100547196305705,9.042070551076904,22500,True,ACO stream 1,"[4, 2, 1, 3, 0, 5, 6]","{""candidate_lengths_km"": [2.0100547196305705, 2.0100547196305705, 2.0100547196305705], ""candidate_seeds"": [19, 39, 59], ""tie_tolerance_km"": 1e-12}"
17,DE,19,2.0100547196305705,0.7836400639498606,7500,True,,"[6, 5, 0, 3, 1, 2, 4]",{}
17,NN+2opt,19,2.0100547196305705,0.0003339719260111,22,True,,"[4, 2, 1, 3, 0, 5, 6]",{}
17,PSO,19,2.0100547196305705,0.0735628319671377,7500,True,,"[4, 2, 1, 3, 0, 5, 6]",{}
17,Portfolio,19,2.0100547196305705,4.1879301618319005,22523,True,NN+2opt,"[4, 2, 1, 3, 0, 5, 6]","{""candidate_evaluations"": {""ACO"": 7500, ""DE"": 7500, ""NN+2opt"": 22, ""PSO"": 7500, ""Raw"": 1}, ""candidate_lengths_km"": {""ACO"": 2.0100547196305705, ""DE"": 2.0100547196305705, ""NN+2opt"": 2.0100547196305705, ""PSO"": 2.0100547196305705, ""Raw"": 2.6262496680195677}, ""priority"": [""Raw"", ""NN+2opt"", ""ACO"", ""DE"", ""PSO""], ""tie_tolerance_km"": 1e-12}"
17,Raw,19,2.626249668019568,0.0001454110024496,1,True,,"[0, 1, 2, 3, 4, 5, 6]",{}
18,ACO,0,2.7052757751641314,6.82556334300898,7500,True,,"[2, 3, 0, 1, 5, 10, 8, 9, 11, 13, 12, 15, 16, 14, 7, 6, 4]","{""alpha"": 1.0, ""beta"": 2.0, ""evaluation_budget"": 7500, ""evaporation"": 0.5, ""population"": 50}"
18,ACO×3,0,2.7052757751641314,20.405634358990937,22500,True,ACO stream 1,"[2, 3, 0, 1, 5, 10, 8, 9, 11, 13, 12, 15, 16, 14, 7, 6, 4]","{""candidate_lengths_km"": [2.7052757751641314, 2.7052757751641314, 2.7052757751641314], ""candidate_seeds"": [0, 20, 40], ""tie_tolerance_km"": 1e-12}"
18,DE,0,2.8899732891638017,0.7853418610757217,7500,True,,"[7, 8, 9, 11, 14, 16, 15, 13, 12, 10, 5, 1, 0, 2, 3, 6, 4]",{}
18,NN+2opt,0,2.761131209664624,0.0093356251018121,1206,True,,"[7, 6, 4, 3, 2, 0, 1, 5, 10, 8, 9, 11, 13, 12, 15, 16, 14]",{}
18,PSO,0,3.19466988713183,0.1022588849300518,7500,True,,"[7, 6, 2, 1, 5, 8, 10, 12, 13, 15, 16, 14, 11, 9, 4, 3, 0]",{}
18,Portfolio,0,2.7052757751641314,7.722766319173388,23707,True,ACO,"[2, 3, 0, 1, 5, 10, 8, 9, 11, 13, 12, 15, 16, 14, 7, 6, 4]","{""candidate_evaluations"": {""ACO"": 7500, ""DE"": 7500, ""NN+2opt"": 1206, ""PSO"": 7500, ""Raw"": 1}, ""candidate_lengths_km"": {""ACO"": 2.7052757751641314, ""DE"": 2.8899732891638017, ""NN+2opt"": 2.761131209664624, ""PSO"": 3.19466988713183, ""Raw"": 3.956017119039075}, ""priority"": [""Raw"", ""NN+2opt"", ""ACO"", ""DE"", ""PSO""], ""tie_tolerance_km"": 1e-12}"
18,Raw,0,3.956017119039075,0.0002590590156614,1,True,,"[0, 1, 2, 3, 4, 5, 6, 7, 8, 9, 10, 11, 12, 13, 14, 15, 16]",{}
18,ACO,1,2.7052757751641314,6.774855399038643,7500,True,,"[2, 3, 0, 1, 5, 10, 8, 9, 11, 13, 12, 15, 16, 14, 7, 6, 4]","{""alpha"": 1.0, ""beta"": 2.0, ""evaluation_budget"": 7500, ""evaporation"": 0.5, ""population"": 50}"
18,ACO×3,1,2.7052757751641314,20.560796512058005,22500,True,ACO stream 1,"[2, 3, 0, 1, 5, 10, 8, 9, 11, 13, 12, 15, 16, 14, 7, 6, 4]","{""candidate_lengths_km"": [2.7052757751641314, 2.7052757751641314, 2.7052757751641314], ""candidate_seeds"": [1, 21, 41], ""tie_tolerance_km"": 1e-12}"
18,DE,1,3.3684000900093314,0.7799060379620641,7500,True,,"[0, 1, 2, 3, 4, 6, 7, 14, 11, 9, 8, 5, 10, 12, 13, 15, 16]",{}
18,NN+2opt,1,2.761131209664624,0.0093916879268363,1206,True,,"[7, 6, 4, 3, 2, 0, 1, 5, 10, 8, 9, 11, 13, 12, 15, 16, 14]",{}
18,PSO,1,3.073894152346901,0.1046045999974012,7500,True,,"[4, 13, 12, 15, 16, 14, 11, 9, 8, 10, 5, 1, 0, 2, 3, 7, 6]",{}
18,Portfolio,1,2.7052757751641314,7.66906151000876,23707,True,ACO,"[2, 3, 0, 1, 5, 10, 8, 9, 11, 13, 12, 15, 16, 14, 7, 6, 4]","{""candidate_evaluations"": {""ACO"": 7500, ""DE"": 7500, ""NN+2opt"": 1206, ""PSO"": 7500, ""Raw"": 1}, ""candidate_lengths_km"": {""ACO"": 2.7052757751641314, ""DE"": 3.3684000900093314, ""NN+2opt"": 2.761131209664624, ""PSO"": 3.073894152346901, ""Raw"": 3.956017119039075}, ""priority"": [""Raw"", ""NN+2opt"", ""ACO"", ""DE"", ""PSO""], ""tie_tolerance_km"": 1e-12}"
18,Raw,1,3.956017119039075,0.0002963680308312,1,True,,"[0, 1, 2, 3, 4, 5, 6, 7, 8, 9, 10, 11, 12, 13, 14, 15, 16]",{}
18,ACO,2,2.7052757751641314,7.078291823971085,7500,True,,"[2, 3, 0, 1, 5, 10, 8, 9, 11, 13, 12, 15, 16, 14, 7, 6, 4]","{""alpha"": 1.0, ""beta"": 2.0, ""evaluation_budget"": 7500, ""evaporation"": 0.5, ""population"": 50}"
18,ACO×3,2,2.7052757751641314,21.102375646936707,22500,True,ACO stream 1,"[2, 3, 0, 1, 5, 10, 8, 9, 11, 13, 12, 15, 16, 14, 7, 6, 4]","{""candidate_lengths_km"": [2.7052757751641314, 2.7052757751641314, 2.7052757751641314], ""candidate_seeds"": [2, 22, 42], ""tie_tolerance_km"": 1e-12}"
18,DE,2,3.096992707185064,0.8070690599270165,7500,True,,"[7, 14, 16, 15, 13, 12, 10, 8, 9, 11, 4, 6, 5, 1, 3, 2, 0]",{}
18,NN+2opt,2,2.761131209664624,0.0094563520979136,1206,True,,"[7, 6, 4, 3, 2, 0, 1, 5, 10, 8, 9, 11, 13, 12, 15, 16, 14]",{}
18,PSO,2,3.183555331479025,0.1021441089687869,7500,True,,"[6, 4, 2, 1, 5, 10, 12, 13, 15, 16, 14, 11, 9, 8, 7, 0, 3]",{}
18,Portfolio,2,2.7052757751641314,7.99722493707668,23707,True,ACO,"[2, 3, 0, 1, 5, 10, 8, 9, 11, 13, 12, 15, 16, 14, 7, 6, 4]","{""candidate_evaluations"": {""ACO"": 7500, ""DE"": 7500, ""NN+2opt"": 1206, ""PSO"": 7500, ""Raw"": 1}, ""candidate_lengths_km"": {""ACO"": 2.7052757751641314, ""DE"": 3.0969927071850636, ""NN+2opt"": 2.761131209664624, ""PSO"": 3.183555331479025, ""Raw"": 3.956017119039075}, ""priority"": [""Raw"", ""NN+2opt"", ""ACO"", ""DE"", ""PSO""], ""tie_tolerance_km"": 1e-12}"
18,Raw,2,3.956017119039075,0.0002555310493335,1,True,,"[0, 1, 2, 3, 4, 5, 6, 7, 8, 9, 10, 11, 12, 13, 14, 15, 16]",{}
18,ACO,3,2.7052757751641314,7.425715187913738,7500,True,,"[2, 3, 0, 1, 5, 10, 8, 9, 11, 13, 12, 15, 16, 14, 7, 6, 4]","{""alpha"": 1.0, ""beta"": 2.0, ""evaluation_budget"": 7500, ""evaporation"": 0.5, ""population"": 50}"
18,ACO×3,3,2.7052757751641314,21.48440429090988,22500,True,ACO stream 1,"[2, 3, 0, 1, 5, 10, 8, 9, 11, 13, 12, 15, 16, 14, 7, 6, 4]","{""candidate_lengths_km"": [2.7052757751641314, 2.7052757751641314, 2.7052757751641314], ""candidate_seeds"": [3, 23, 43], ""tie_tolerance_km"": 1e-12}"
18,DE,3,2.8409953864635185,0.8183709589065984,7500,True,,"[7, 14, 16, 15, 12, 13, 11, 9, 8, 10, 5, 1, 0, 2, 3, 6, 4]",{}
18,NN+2opt,3,2.761131209664624,0.0093371489783748,1206,True,,"[7, 6, 4, 3, 2, 0, 1, 5, 10, 8, 9, 11, 13, 12, 15, 16, 14]",{}
18,PSO,3,3.087687681908049,0.1062349560670554,7500,True,,"[3, 4, 6, 7, 8, 10, 12, 13, 15, 16, 14, 11, 9, 5, 1, 0, 2]",{}
18,Portfolio,3,2.7052757751641314,8.359924420947209,23707,True,ACO,"[2, 3, 0, 1, 5, 10, 8, 9, 11, 13, 12, 15, 16, 14, 7, 6, 4]","{""candidate_evaluations"": {""ACO"": 7500, ""DE"": 7500, ""NN+2opt"": 1206, ""PSO"": 7500, ""Raw"": 1}, ""candidate_lengths_km"": {""ACO"": 2.7052757751641314, ""DE"": 2.8409953864635185, ""NN+2opt"": 2.761131209664624, ""PSO"": 3.0876876819080494, ""Raw"": 3.956017119039075}, ""priority"": [""Raw"", ""NN+2opt"", ""ACO"", ""DE"", ""PSO""], ""tie_tolerance_km"": 1e-12}"
18,Raw,3,3.956017119039075,0.0002584930043667,1,True,,"[0, 1, 2, 3, 4, 5, 6, 7, 8, 9, 10, 11, 12, 13, 14, 15, 16]",{}
18,ACO,4,2.7052757751641314,7.0597884360468015,7500,True,,"[2, 3, 0, 1, 5, 10, 8, 9, 11, 13, 12, 15, 16, 14, 7, 6, 4]","{""alpha"": 1.0, ""beta"": 2.0, ""evaluation_budget"": 7500, ""evaporation"": 0.5, ""population"": 50}"
18,ACO×3,4,2.7052757751641314,21.250671514077112,22500,True,ACO stream 1,"[2, 3, 0, 1, 5, 10, 8, 9, 11, 13, 12, 15, 16, 14, 7, 6, 4]","{""candidate_lengths_km"": [2.7052757751641314, 2.7052757751641314, 2.7052757751641314], ""candidate_seeds"": [4, 24, 44], ""tie_tolerance_km"": 1e-12}"
18,DE,4,2.766091864115224,0.8231589630013332,7500,True,,"[6, 7, 14, 16, 15, 12, 13, 11, 9, 8, 10, 5, 1, 0, 3, 2, 4]",{}
18,NN+2opt,4,2.761131209664624,0.0100852380273863,1206,True,,"[7, 6, 4, 3, 2, 0, 1, 5, 10, 8, 9, 11, 13, 12, 15, 16, 14]",{}
18,PSO,4,3.113595454882807,0.1052558190422132,7500,True,,"[7, 6, 4, 5, 10, 8, 9, 11, 14, 16, 15, 13, 12, 1, 0, 3, 2]",{}
18,Portfolio,4,2.7052757751641314,7.998574300087057,23707,True,ACO,"[2, 3, 0, 1, 5, 10, 8, 9, 11, 13, 12, 15, 16, 14, 7, 6, 4]","{""candidate_evaluations"": {""ACO"": 7500, ""DE"": 7500, ""NN+2opt"": 1206, ""PSO"": 7500, ""Raw"": 1}, ""candidate_lengths_km"": {""ACO"": 2.7052757751641314, ""DE"": 2.766091864115224, ""NN+2opt"": 2.761131209664624, ""PSO"": 3.113595454882807, ""Raw"": 3.956017119039075}, ""priority"": [""Raw"", ""NN+2opt"", ""ACO"", ""DE"", ""PSO""], ""tie_tolerance_km"": 1e-12}"
18,Raw,4,3.956017119039075,0.0002781599760055,1,True,,"[0, 1, 2, 3, 4, 5, 6, 7, 8, 9, 10, 11, 12, 13, 14, 15, 16]",{}
18,ACO,5,2.7052757751641314,7.1096996100386605,7500,True,,"[2, 3, 0, 1, 5, 10, 8, 9, 11, 13, 12, 15, 16, 14, 7, 6, 4]","{""alpha"": 1.0, ""beta"": 2.0, ""evaluation_budget"": 7500, ""evaporation"": 0.5, ""population"": 50}"
18,ACO×3,5,2.7052757751641314,21.21025719610043,22500,True,ACO stream 1,"[2, 3, 0, 1, 5, 10, 8, 9, 11, 13, 12, 15, 16, 14, 7, 6, 4]","{""candidate_lengths_km"": [2.7052757751641314, 2.7052757751641314, 2.7052757751641314], ""candidate_seeds"": [5, 25, 45], ""tie_tolerance_km"": 1e-12}"
18,DE,5,2.8742267975090736,0.8143142109038308,7500,True,,"[6, 7, 4, 8, 9, 11, 14, 15, 16, 13, 12, 10, 5, 1, 3, 0, 2]",{}
18,NN+2opt,5,2.761131209664624,0.00936206697952,1206,True,,"[7, 6, 4, 3, 2, 0, 1, 5, 10, 8, 9, 11, 13, 12, 15, 16, 14]",{}
18,PSO,5,3.4261328628237795,0.1045660199597477,7500,True,,"[6, 14, 16, 15, 13, 12, 10, 1, 0, 2, 4, 7, 11, 9, 8, 5, 3]",{}
18,Portfolio,5,2.7052757751641314,8.038208407931961,23707,True,ACO,"[2, 3, 0, 1, 5, 10, 8, 9, 11, 13, 12, 15, 16, 14, 7, 6, 4]","{""candidate_evaluations"": {""ACO"": 7500, ""DE"": 7500, ""NN+2opt"": 1206, ""PSO"": 7500, ""Raw"": 1}, ""candidate_lengths_km"": {""ACO"": 2.7052757751641314, ""DE"": 2.8742267975090736, ""NN+2opt"": 2.761131209664624, ""PSO"": 3.4261328628237795, ""Raw"": 3.956017119039075}, ""priority"": [""Raw"", ""NN+2opt"", ""ACO"", ""DE"", ""PSO""], ""tie_tolerance_km"": 1e-12}"
18,Raw,5,3.956017119039075,0.0002578910207375,1,True,,"[0, 1, 2, 3, 4, 5, 6, 7, 8, 9, 10, 11, 12, 13, 14, 15, 16]",{}
18,ACO,6,2.7052757751641314,7.1052703119348735,7500,True,,"[4, 6, 7, 14, 16, 15, 12, 13, 11, 9, 8, 10, 5, 1, 0, 3, 2]","{""alpha"": 1.0, ""beta"": 2.0, ""evaluation_budget"": 7500, ""evaporation"": 0.5, ""population"": 50}"
18,ACO×3,6,2.7052757751641314,21.130254196817987,22500,True,ACO stream 1,"[4, 6, 7, 14, 16, 15, 12, 13, 11, 9, 8, 10, 5, 1, 0, 3, 2]","{""candidate_lengths_km"": [2.7052757751641314, 2.7052757751641314, 2.7052757751641314], ""candidate_seeds"": [6, 26, 46], ""tie_tolerance_km"": 1e-12}"
18,DE,6,2.9082532031726087,0.8037835400318727,7500,True,,"[6, 7, 14, 16, 15, 12, 13, 11, 8, 9, 10, 5, 1, 2, 3, 0, 4]",{}
18,NN+2opt,6,2.761131209664624,0.0095436099218204,1206,True,,"[7, 6, 4, 3, 2, 0, 1, 5, 10, 8, 9, 11, 13, 12, 15, 16, 14]",{}
18,PSO,6,3.7889795958324832,0.1062470789765939,7500,True,,"[4, 5, 8, 12, 15, 16, 14, 11, 7, 6, 3, 2, 0, 1, 10, 13, 9]",{}
18,Portfolio,6,2.7052757751641314,8.025117765879259,23707,True,ACO,"[4, 6, 7, 14, 16, 15, 12, 13, 11, 9, 8, 10, 5, 1, 0, 3, 2]","{""candidate_evaluations"": {""ACO"": 7500, ""DE"": 7500, ""NN+2opt"": 1206, ""PSO"": 7500, ""Raw"": 1}, ""candidate_lengths_km"": {""ACO"": 2.7052757751641314, ""DE"": 2.9082532031726087, ""NN+2opt"": 2.761131209664624, ""PSO"": 3.7889795958324832, ""Raw"": 3.956017119039075}, ""priority"": [""Raw"", ""NN+2opt"", ""ACO"", ""DE"", ""PSO""], ""tie_tolerance_km"": 1e-12}"
18,Raw,6,3.956017119039075,0.0002647599903866,1,True,,"[0, 1, 2, 3, 4, 5, 6, 7, 8, 9, 10, 11, 12, 13, 14, 15, 16]",{}
18,ACO,7,2.7052757751641314,6.981630566995591,7500,True,,"[4, 6, 7, 14, 16, 15, 12, 13, 11, 9, 8, 10, 5, 1, 0, 3, 2]","{""alpha"": 1.0, ""beta"": 2.0, ""evaluation_budget"": 7500, ""evaporation"": 0.5, ""population"": 50}"
18,ACO×3,7,2.7052757751641314,21.319442588021047,22500,True,ACO stream 1,"[4, 6, 7, 14, 16, 15, 12, 13, 11, 9, 8, 10, 5, 1, 0, 3, 2]","{""candidate_lengths_km"": [2.7052757751641314, 2.7052757751641314, 2.7052757751641314], ""candidate_seeds"": [7, 27, 47], ""tie_tolerance_km"": 1e-12}"
18,DE,7,2.7584189226538127,0.8036644369130954,7500,True,,"[6, 7, 14, 16, 15, 12, 13, 11, 9, 8, 10, 5, 1, 0, 2, 3, 4]",{}
18,NN+2opt,7,2.761131209664624,0.0096580409444868,1206,True,,"[7, 6, 4, 3, 2, 0, 1, 5, 10, 8, 9, 11, 13, 12, 15, 16, 14]",{}
18,PSO,7,3.2802094430693303,0.1029187990352511,7500,True,,"[6, 2, 0, 3, 5, 10, 12, 13, 15, 16, 14, 11, 9, 8, 1, 4, 7]",{}
18,Portfolio,7,2.7052757751641314,7.898160507902503,23707,True,ACO,"[4, 6, 7, 14, 16, 15, 12, 13, 11, 9, 8, 10, 5, 1, 0, 3, 2]","{""candidate_evaluations"": {""ACO"": 7500, ""DE"": 7500, ""NN+2opt"": 1206, ""PSO"": 7500, ""Raw"": 1}, ""candidate_lengths_km"": {""ACO"": 2.7052757751641314, ""DE"": 2.7584189226538127, ""NN+2opt"": 2.761131209664624, ""PSO"": 3.2802094430693303, ""Raw"": 3.956017119039075}, ""priority"": [""Raw"", ""NN+2opt"", ""ACO"", ""DE"", ""PSO""], ""tie_tolerance_km"": 1e-12}"
18,Raw,7,3.956017119039075,0.0002800289075821,1,True,,"[0, 1, 2, 3, 4, 5, 6, 7, 8, 9, 10, 11, 12, 13, 14, 15, 16]",{}
18,ACO,8,2.7052757751641314,6.926569232949987,7500,True,,"[4, 6, 7, 14, 16, 15, 12, 13, 11, 9, 8, 10, 5, 1, 0, 3, 2]","{""alpha"": 1.0, ""beta"": 2.0, ""evaluation_budget"": 7500, ""evaporation"": 0.5, ""population"": 50}"
18,ACO×3,8,2.7052757751641314,20.936349616968077,22500,True,ACO stream 1,"[4, 6, 7, 14, 16, 15, 12, 13, 11, 9, 8, 10, 5, 1, 0, 3, 2]","{""candidate_lengths_km"": [2.7052757751641314, 2.7052757751641314, 2.7052757751641314], ""candidate_seeds"": [8, 28, 48], ""tie_tolerance_km"": 1e-12}"
18,DE,8,2.7584189226538127,0.8049639380769804,7500,True,,"[6, 7, 14, 16, 15, 12, 13, 11, 9, 8, 10, 5, 1, 0, 2, 3, 4]",{}
18,NN+2opt,8,2.761131209664624,0.0093915469478815,1206,True,,"[7, 6, 4, 3, 2, 0, 1, 5, 10, 8, 9, 11, 13, 12, 15, 16, 14]",{}
18,PSO,8,3.084932566395284,0.1038351880852133,7500,True,,"[2, 3, 0, 1, 5, 10, 8, 7, 9, 11, 13, 12, 15, 16, 14, 6, 4]",{}
18,Portfolio,8,2.7052757751641314,7.845019145053811,23707,True,ACO,"[4, 6, 7, 14, 16, 15, 12, 13, 11, 9, 8, 10, 5, 1, 0, 3, 2]","{""candidate_evaluations"": {""ACO"": 7500, ""DE"": 7500, ""NN+2opt"": 1206, ""PSO"": 7500, ""Raw"": 1}, ""candidate_lengths_km"": {""ACO"": 2.7052757751641314, ""DE"": 2.7584189226538127, ""NN+2opt"": 2.761131209664624, ""PSO"": 3.084932566395284, ""Raw"": 3.956017119039075}, ""priority"": [""Raw"", ""NN+2opt"", ""ACO"", ""DE"", ""PSO""], ""tie_tolerance_km"": 1e-12}"
18,Raw,8,3.956017119039075,0.0002510320628061,1,True,,"[0, 1, 2, 3, 4, 5, 6, 7, 8, 9, 10, 11, 12, 13, 14, 15, 16]",{}
18,ACO,9,2.7052757751641314,7.209529206040315,7500,True,,"[2, 3, 0, 1, 5, 10, 8, 9, 11, 13, 12, 15, 16, 14, 7, 6, 4]","{""alpha"": 1.0, ""beta"": 2.0, ""evaluation_budget"": 7500, ""evaporation"": 0.5, ""population"": 50}"
18,ACO×3,9,2.7052757751641314,21.50789515010547,22500,True,ACO stream 1,"[2, 3, 0, 1, 5, 10, 8, 9, 11, 13, 12, 15, 16, 14, 7, 6, 4]","{""candidate_lengths_km"": [2.7052757751641314, 2.7052757751641314, 2.7052757751641314], ""candidate_seeds"": [9, 29, 49], ""tie_tolerance_km"": 1e-12}"
18,DE,9,2.896249420889485,0.8111349430400878,7500,True,,"[7, 14, 16, 15, 12, 13, 11, 9, 8, 10, 5, 1, 2, 0, 3, 6, 4]",{}
18,NN+2opt,9,2.761131209664624,0.0095485710771754,1206,True,,"[7, 6, 4, 3, 2, 0, 1, 5, 10, 8, 9, 11, 13, 12, 15, 16, 14]",{}
18,PSO,9,3.0645261792138467,0.1087643520440906,7500,True,,"[2, 10, 12, 13, 15, 16, 14, 11, 9, 8, 5, 1, 0, 3, 4, 6, 7]",{}
18,Portfolio,9,2.7052757751641314,8.139284737058915,23707,True,ACO,"[2, 3, 0, 1, 5, 10, 8, 9, 11, 13, 12, 15, 16, 14, 7, 6, 4]","{""candidate_evaluations"": {""ACO"": 7500, ""DE"": 7500, ""NN+2opt"": 1206, ""PSO"": 7500, ""Raw"": 1}, ""candidate_lengths_km"": {""ACO"": 2.7052757751641314, ""DE"": 2.896249420889485, ""NN+2opt"": 2.761131209664624, ""PSO"": 3.0645261792138467, ""Raw"": 3.956017119039075}, ""priority"": [""Raw"", ""NN+2opt"", ""ACO"", ""DE"", ""PSO""], ""tie_tolerance_km"": 1e-12}"
18,Raw,9,3.956017119039075,0.0002999879652634,1,True,,"[0, 1, 2, 3, 4, 5, 6, 7, 8, 9, 10, 11, 12, 13, 14, 15, 16]",{}
18,ACO,10,2.7052757751641314,6.859294971101917,7500,True,,"[2, 3, 0, 1, 5, 10, 8, 9, 11, 13, 12, 15, 16, 14, 7, 6, 4]","{""alpha"": 1.0, ""beta"": 2.0, ""evaluation_budget"": 7500, ""evaporation"": 0.5, ""population"": 50}"
18,ACO×3,10,2.7052757751641314,20.47467175417114,22500,True,ACO stream 1,"[2, 3, 0, 1, 5, 10, 8, 9, 11, 13, 12, 15, 16, 14, 7, 6, 4]","{""candidate_lengths_km"": [2.7052757751641314, 2.7052757751641314, 2.7052757751641314], ""candidate_seeds"": [10, 30, 50], ""tie_tolerance_km"": 1e-12}"
18,DE,10,2.8469652503432217,0.7938924749614671,7500,True,,"[6, 7, 14, 16, 15, 12, 13, 9, 11, 8, 10, 5, 1, 0, 3, 2, 4]",{}
18,NN+2opt,10,2.761131209664624,0.0097616489510983,1206,True,,"[7, 6, 4, 3, 2, 0, 1, 5, 10, 8, 9, 11, 13, 12, 15, 16, 14]",{}
18,PSO,10,3.0078896301807454,0.1053011439507827,7500,True,,"[7, 6, 4, 2, 0, 3, 8, 9, 11, 14, 16, 15, 13, 12, 10, 5, 1]",{}
18,Portfolio,10,2.7052757751641314,7.768512639915571,23707,True,ACO,"[2, 3, 0, 1, 5, 10, 8, 9, 11, 13, 12, 15, 16, 14, 7, 6, 4]","{""candidate_evaluations"": {""ACO"": 7500, ""DE"": 7500, ""NN+2opt"": 1206, ""PSO"": 7500, ""Raw"": 1}, ""candidate_lengths_km"": {""ACO"": 2.7052757751641314, ""DE"": 2.8469652503432217, ""NN+2opt"": 2.761131209664624, ""PSO"": 3.0078896301807454, ""Raw"": 3.956017119039075}, ""priority"": [""Raw"", ""NN+2opt"", ""ACO"", ""DE"", ""PSO""], ""tie_tolerance_km"": 1e-12}"
18,Raw,10,3.956017119039075,0.0002548879710957,1,True,,"[0, 1, 2, 3, 4, 5, 6, 7, 8, 9, 10, 11, 12, 13, 14, 15, 16]",{}
18,ACO,11,2.7052757751641314,6.748009455041029,7500,True,,"[2, 3, 0, 1, 5, 10, 8, 9, 11, 13, 12, 15, 16, 14, 7, 6, 4]","{""alpha"": 1.0, ""beta"": 2.0, ""evaluation_budget"": 7500, ""evaporation"": 0.5, ""population"": 50}"
18,ACO×3,11,2.7052757751641314,20.34758402511943,22500,True,ACO stream 1,"[2, 3, 0, 1, 5, 10, 8, 9, 11, 13, 12, 15, 16, 14, 7, 6, 4]","{""candidate_lengths_km"": [2.7052757751641314, 2.7052757751641314, 2.7052757751641314], ""candidate_seeds"": [11, 31, 51], ""tie_tolerance_km"": 1e-12}"
18,DE,11,3.0766309978224884,0.8313002190552652,7500,True,,"[6, 7, 14, 16, 15, 13, 12, 8, 9, 11, 10, 5, 1, 4, 2, 0, 3]",{}
18,NN+2opt,11,2.761131209664624,0.0118333859136328,1206,True,,"[7, 6, 4, 3, 2, 0, 1, 5, 10, 8, 9, 11, 13, 12, 15, 16, 14]",{}
18,PSO,11,3.026679811416669,0.117692299070768,7500,True,,"[14, 16, 15, 12, 13, 11, 9, 8, 10, 5, 1, 0, 3, 4, 6, 7, 2]",{}
18,Portfolio,11,2.7052757751641314,7.709108235081658,23707,True,ACO,"[2, 3, 0, 1, 5, 10, 8, 9, 11, 13, 12, 15, 16, 14, 7, 6, 4]","{""candidate_evaluations"": {""ACO"": 7500, ""DE"": 7500, ""NN+2opt"": 1206, ""PSO"": 7500, ""Raw"": 1}, ""candidate_lengths_km"": {""ACO"": 2.7052757751641314, ""DE"": 3.0766309978224884, ""NN+2opt"": 2.761131209664624, ""PSO"": 3.0266798114166695, ""Raw"": 3.956017119039075}, ""priority"": [""Raw"", ""NN+2opt"", ""ACO"", ""DE"", ""PSO""], ""tie_tolerance_km"": 1e-12}"
18,Raw,11,3.956017119039075,0.0002640889724716,1,True,,"[0, 1, 2, 3, 4, 5, 6, 7, 8, 9, 10, 11, 12, 13, 14, 15, 16]",{}
18,ACO,12,2.7052757751641314,6.794956983067095,7500,True,,"[2, 3, 0, 1, 5, 10, 8, 9, 11, 13, 12, 15, 16, 14, 7, 6, 4]","{""alpha"": 1.0, ""beta"": 2.0, ""evaluation_budget"": 7500, ""evaporation"": 0.5, ""population"": 50}"
18,ACO×3,12,2.7052757751641314,20.28621318307705,22500,True,ACO stream 1,"[2, 3, 0, 1, 5, 10, 8, 9, 11, 13, 12, 15, 16, 14, 7, 6, 4]","{""candidate_lengths_km"": [2.7052757751641314, 2.7052757751641314, 2.7052757751641314], ""candidate_seeds"": [12, 32, 52], ""tie_tolerance_km"": 1e-12}"
18,DE,12,2.9068070771569987,0.8465161559870467,7500,True,,"[0, 2, 3, 4, 6, 7, 14, 16, 15, 12, 13, 11, 9, 8, 10, 5, 1]",{}
18,NN+2opt,12,2.761131209664624,0.0103110970230773,1206,True,,"[7, 6, 4, 3, 2, 0, 1, 5, 10, 8, 9, 11, 13, 12, 15, 16, 14]",{}
18,PSO,12,2.834552199240705,0.1022907909937202,7500,True,,"[6, 7, 4, 3, 2, 0, 1, 5, 10, 8, 9, 11, 12, 13, 15, 16, 14]",{}
18,Portfolio,12,2.7052757751641314,7.754354987060651,23707,True,ACO,"[2, 3, 0, 1, 5, 10, 8, 9, 11, 13, 12, 15, 16, 14, 7, 6, 4]","{""candidate_evaluations"": {""ACO"": 7500, ""DE"": 7500, ""NN+2opt"": 1206, ""PSO"": 7500, ""Raw"": 1}, ""candidate_lengths_km"": {""ACO"": 2.7052757751641314, ""DE"": 2.9068070771569987, ""NN+2opt"": 2.761131209664624, ""PSO"": 2.8345521992407052, ""Raw"": 3.956017119039075}, ""priority"": [""Raw"", ""NN+2opt"", ""ACO"", ""DE"", ""PSO""], ""tie_tolerance_km"": 1e-12}"
18,Raw,12,3.956017119039075,0.000272503006272,1,True,,"[0, 1, 2, 3, 4, 5, 6, 7, 8, 9, 10, 11, 12, 13, 14, 15, 16]",{}
18,ACO,13,2.7052757751641314,6.806707285926677,7500,True,,"[2, 3, 0, 1, 5, 10, 8, 9, 11, 13, 12, 15, 16, 14, 7, 6, 4]","{""alpha"": 1.0, ""beta"": 2.0, ""evaluation_budget"": 7500, ""evaporation"": 0.5, ""population"": 50}"
18,ACO×3,13,2.7052757751641314,20.310446038958617,22500,True,ACO stream 1,"[2, 3, 0, 1, 5, 10, 8, 9, 11, 13, 12, 15, 16, 14, 7, 6, 4]","{""candidate_lengths_km"": [2.7052757751641314, 2.7052757751641314, 2.7052757751641314], ""candidate_seeds"": [13, 33, 53], ""tie_tolerance_km"": 1e-12}"
18,DE,13,3.2676339104080294,0.7785898349247873,7500,True,,"[0, 1, 2, 3, 4, 6, 7, 11, 9, 8, 5, 10, 15, 16, 13, 12, 14]",{}
18,NN+2opt,13,2.761131209664624,0.0093819859903305,1206,True,,"[7, 6, 4, 3, 2, 0, 1, 5, 10, 8, 9, 11, 13, 12, 15, 16, 14]",{}
18,PSO,13,3.180614563172858,0.1032404870493337,7500,True,,"[7, 3, 2, 0, 1, 5, 4, 6, 11, 9, 8, 10, 12, 13, 15, 16, 14]",{}
18,Portfolio,13,2.7052757751641314,7.698198716854677,23707,True,ACO,"[2, 3, 0, 1, 5, 10, 8, 9, 11, 13, 12, 15, 16, 14, 7, 6, 4]","{""candidate_evaluations"": {""ACO"": 7500, ""DE"": 7500, ""NN+2opt"": 1206, ""PSO"": 7500, ""Raw"": 1}, ""candidate_lengths_km"": {""ACO"": 2.7052757751641314, ""DE"": 3.2676339104080294, ""NN+2opt"": 2.761131209664624, ""PSO"": 3.180614563172858, ""Raw"": 3.956017119039075}, ""priority"": [""Raw"", ""NN+2opt"", ""ACO"", ""DE"", ""PSO""], ""tie_tolerance_km"": 1e-12}"
18,Raw,13,3.956017119039075,0.0002711568959057,1,True,,"[0, 1, 2, 3, 4, 5, 6, 7, 8, 9, 10, 11, 12, 13, 14, 15, 16]",{}
18,ACO,14,2.7052757751641314,6.848234074073844,7500,True,,"[2, 3, 0, 1, 5, 10, 8, 9, 11, 13, 12, 15, 16, 14, 7, 6, 4]","{""alpha"": 1.0, ""beta"": 2.0, ""evaluation_budget"": 7500, ""evaporation"": 0.5, ""population"": 50}"
18,ACO×3,14,2.7052757751641314,20.429253344074823,22500,True,ACO stream 1,"[2, 3, 0, 1, 5, 10, 8, 9, 11, 13, 12, 15, 16, 14, 7, 6, 4]","{""candidate_lengths_km"": [2.7052757751641314, 2.7052757751641314, 2.7052757751641314], ""candidate_seeds"": [14, 34, 54], ""tie_tolerance_km"": 1e-12}"
18,DE,14,2.7584189226538127,0.8138048240216449,7500,True,,"[6, 7, 14, 16, 15, 12, 13, 11, 9, 8, 10, 5, 1, 0, 2, 3, 4]",{}
18,NN+2opt,14,2.761131209664624,0.0093493530293926,1206,True,,"[7, 6, 4, 3, 2, 0, 1, 5, 10, 8, 9, 11, 13, 12, 15, 16, 14]",{}
18,PSO,14,3.1512047727133923,0.1086974120698869,7500,True,,"[9, 8, 10, 12, 15, 16, 13, 11, 14, 7, 6, 4, 5, 1, 0, 3, 2]",{}
18,Portfolio,14,2.7052757751641314,7.780364354257472,23707,True,ACO,"[2, 3, 0, 1, 5, 10, 8, 9, 11, 13, 12, 15, 16, 14, 7, 6, 4]","{""candidate_evaluations"": {""ACO"": 7500, ""DE"": 7500, ""NN+2opt"": 1206, ""PSO"": 7500, ""Raw"": 1}, ""candidate_lengths_km"": {""ACO"": 2.7052757751641314, ""DE"": 2.7584189226538127, ""NN+2opt"": 2.761131209664624, ""PSO"": 3.1512047727133923, ""Raw"": 3.956017119039075}, ""priority"": [""Raw"", ""NN+2opt"", ""ACO"", ""DE"", ""PSO""], ""tie_tolerance_km"": 1e-12}"
18,Raw,14,3.956017119039075,0.0002709050895646,1,True,,"[0, 1, 2, 3, 4, 5, 6, 7, 8, 9, 10, 11, 12, 13, 14, 15, 16]",{}
18,ACO,15,2.7052757751641314,6.787599720992148,7500,True,,"[2, 3, 0, 1, 5, 10, 8, 9, 11, 13, 12, 15, 16, 14, 7, 6, 4]","{""alpha"": 1.0, ""beta"": 2.0, ""evaluation_budget"": 7500, ""evaporation"": 0.5, ""population"": 50}"
18,ACO×3,15,2.7052757751641314,20.15287399815861,22500,True,ACO stream 1,"[2, 3, 0, 1, 5, 10, 8, 9, 11, 13, 12, 15, 16, 14, 7, 6, 4]","{""candidate_lengths_km"": [2.7052757751641314, 2.7052757751641314, 2.7052757751641314], ""candidate_seeds"": [15, 35, 55], ""tie_tolerance_km"": 1e-12}"
18,DE,15,2.8527172114974246,0.7744433949701488,7500,True,,"[6, 7, 4, 8, 9, 11, 14, 16, 15, 12, 13, 10, 5, 1, 0, 2, 3]",{}
18,NN+2opt,15,2.761131209664624,0.0093567640287801,1206,True,,"[7, 6, 4, 3, 2, 0, 1, 5, 10, 8, 9, 11, 13, 12, 15, 16, 14]",{}
18,PSO,15,3.799743970302178,0.0999153680168092,7500,True,,"[2, 3, 6, 14, 11, 8, 12, 10, 5, 1, 0, 4, 9, 13, 15, 16, 7]",{}
18,Portfolio,15,2.7052757751641314,7.671581069123931,23707,True,ACO,"[2, 3, 0, 1, 5, 10, 8, 9, 11, 13, 12, 15, 16, 14, 7, 6, 4]","{""candidate_evaluations"": {""ACO"": 7500, ""DE"": 7500, ""NN+2opt"": 1206, ""PSO"": 7500, ""Raw"": 1}, ""candidate_lengths_km"": {""ACO"": 2.7052757751641314, ""DE"": 2.8527172114974246, ""NN+2opt"": 2.761131209664624, ""PSO"": 3.799743970302178, ""Raw"": 3.956017119039075}, ""priority"": [""Raw"", ""NN+2opt"", ""ACO"", ""DE"", ""PSO""], ""tie_tolerance_km"": 1e-12}"
18,Raw,15,3.956017119039075,0.0002581630833446,1,True,,"[0, 1, 2, 3, 4, 5, 6, 7, 8, 9, 10, 11, 12, 13, 14, 15, 16]",{}
18,ACO,16,2.7052757751641314,6.864475390990265,7500,True,,"[4, 6, 7, 14, 16, 15, 12, 13, 11, 9, 8, 10, 5, 1, 0, 3, 2]","{""alpha"": 1.0, ""beta"": 2.0, ""evaluation_budget"": 7500, ""evaporation"": 0.5, ""population"": 50}"
18,ACO×3,16,2.7052757751641314,20.42480066709686,22500,True,ACO stream 1,"[4, 6, 7, 14, 16, 15, 12, 13, 11, 9, 8, 10, 5, 1, 0, 3, 2]","{""candidate_lengths_km"": [2.7052757751641314, 2.7052757751641314, 2.7052757751641314], ""candidate_seeds"": [16, 36, 56], ""tie_tolerance_km"": 1e-12}"
18,DE,16,2.98852880069584,0.7869770100805908,7500,True,,"[0, 2, 3, 4, 7, 6, 8, 9, 11, 14, 16, 15, 13, 12, 10, 5, 1]",{}
18,NN+2opt,16,2.761131209664624,0.0095079840393736,1206,True,,"[7, 6, 4, 3, 2, 0, 1, 5, 10, 8, 9, 11, 13, 12, 15, 16, 14]",{}
18,PSO,16,2.955784979857283,0.1021999350050464,7500,True,,"[0, 2, 3, 4, 6, 7, 8, 9, 11, 14, 16, 15, 13, 12, 10, 5, 1]",{}
18,Portfolio,16,2.7052757751641314,7.7634269101545215,23707,True,ACO,"[4, 6, 7, 14, 16, 15, 12, 13, 11, 9, 8, 10, 5, 1, 0, 3, 2]","{""candidate_evaluations"": {""ACO"": 7500, ""DE"": 7500, ""NN+2opt"": 1206, ""PSO"": 7500, ""Raw"": 1}, ""candidate_lengths_km"": {""ACO"": 2.7052757751641314, ""DE"": 2.98852880069584, ""NN+2opt"": 2.761131209664624, ""PSO"": 2.955784979857283, ""Raw"": 3.956017119039075}, ""priority"": [""Raw"", ""NN+2opt"", ""ACO"", ""DE"", ""PSO""], ""tie_tolerance_km"": 1e-12}"
18,Raw,16,3.956017119039075,0.0002585400361567,1,True,,"[0, 1, 2, 3, 4, 5, 6, 7, 8, 9, 10, 11, 12, 13, 14, 15, 16]",{}
18,ACO,17,2.7052757751641314,6.7803618079051375,7500,True,,"[2, 3, 0, 1, 5, 10, 8, 9, 11, 13, 12, 15, 16, 14, 7, 6, 4]","{""alpha"": 1.0, ""beta"": 2.0, ""evaluation_budget"": 7500, ""evaporation"": 0.5, ""population"": 50}"
18,ACO×3,17,2.7052757751641314,20.39277952199336,22500,True,ACO stream 1,"[2, 3, 0, 1, 5, 10, 8, 9, 11, 13, 12, 15, 16, 14, 7, 6, 4]","{""candidate_lengths_km"": [2.7052757751641314, 2.7052757751641314, 2.7052757751641314], ""candidate_seeds"": [17, 37, 57], ""tie_tolerance_km"": 1e-12}"
18,DE,17,3.2865513220036515,0.786071338923648,7500,True,,"[0, 2, 3, 1, 5, 4, 6, 7, 14, 11, 9, 8, 10, 12, 13, 15, 16]",{}
18,NN+2opt,17,2.761131209664624,0.0093943109968677,1206,True,,"[7, 6, 4, 3, 2, 0, 1, 5, 10, 8, 9, 11, 13, 12, 15, 16, 14]",{}
18,PSO,17,3.212479097528308,0.1032481919974088,7500,True,,"[0, 1, 5, 3, 2, 4, 6, 8, 9, 11, 14, 16, 15, 13, 12, 10, 7]",{}
18,Portfolio,17,2.7052757751641314,7.679354985826649,23707,True,ACO,"[2, 3, 0, 1, 5, 10, 8, 9, 11, 13, 12, 15, 16, 14, 7, 6, 4]","{""candidate_evaluations"": {""ACO"": 7500, ""DE"": 7500, ""NN+2opt"": 1206, ""PSO"": 7500, ""Raw"": 1}, ""candidate_lengths_km"": {""ACO"": 2.7052757751641314, ""DE"": 3.2865513220036515, ""NN+2opt"": 2.761131209664624, ""PSO"": 3.212479097528308, ""Raw"": 3.956017119039075}, ""priority"": [""Raw"", ""NN+2opt"", ""ACO"", ""DE"", ""PSO""], ""tie_tolerance_km"": 1e-12}"
18,Raw,17,3.956017119039075,0.0002717960160225,1,True,,"[0, 1, 2, 3, 4, 5, 6, 7, 8, 9, 10, 11, 12, 13, 14, 15, 16]",{}
18,ACO,18,2.7052757751641314,7.117664196994156,7500,True,,"[2, 3, 0, 1, 5, 10, 8, 9, 11, 13, 12, 15, 16, 14, 7, 6, 4]","{""alpha"": 1.0, ""beta"": 2.0, ""evaluation_budget"": 7500, ""evaporation"": 0.5, ""population"": 50}"
18,ACO×3,18,2.7052757751641314,21.36506305192597,22500,True,ACO stream 1,"[2, 3, 0, 1, 5, 10, 8, 9, 11, 13, 12, 15, 16, 14, 7, 6, 4]","{""candidate_lengths_km"": [2.7052757751641314, 2.7052757751641314, 2.7052757751641314], ""candidate_seeds"": [18, 38, 58], ""tie_tolerance_km"": 1e-12}"
18,DE,18,2.7584189226538127,0.8029719369951636,7500,True,,"[6, 7, 14, 16, 15, 12, 13, 11, 9, 8, 10, 5, 1, 0, 2, 3, 4]",{}
18,NN+2opt,18,2.761131209664624,0.0108795770211145,1206,True,,"[7, 6, 4, 3, 2, 0, 1, 5, 10, 8, 9, 11, 13, 12, 15, 16, 14]",{}
18,PSO,18,3.633036934361776,0.1037910151062533,7500,True,,"[3, 6, 8, 9, 11, 13, 15, 12, 10, 5, 1, 0, 2, 4, 16, 14, 7]",{}
18,Portfolio,18,2.7052757751641314,8.035573947126977,23707,True,ACO,"[2, 3, 0, 1, 5, 10, 8, 9, 11, 13, 12, 15, 16, 14, 7, 6, 4]","{""candidate_evaluations"": {""ACO"": 7500, ""DE"": 7500, ""NN+2opt"": 1206, ""PSO"": 7500, ""Raw"": 1}, ""candidate_lengths_km"": {""ACO"": 2.7052757751641314, ""DE"": 2.7584189226538127, ""NN+2opt"": 2.761131209664624, ""PSO"": 3.6330369343617757, ""Raw"": 3.956017119039075}, ""priority"": [""Raw"", ""NN+2opt"", ""ACO"", ""DE"", ""PSO""], ""tie_tolerance_km"": 1e-12}"
18,Raw,18,3.956017119039075,0.0002589679788798,1,True,,"[0, 1, 2, 3, 4, 5, 6, 7, 8, 9, 10, 11, 12, 13, 14, 15, 16]",{}
18,ACO,19,2.7052757751641314,7.111158041050658,7500,True,,"[4, 6, 7, 14, 16, 15, 12, 13, 11, 9, 8, 10, 5, 1, 0, 3, 2]","{""alpha"": 1.0, ""beta"": 2.0, ""evaluation_budget"": 7500, ""evaporation"": 0.5, ""population"": 50}"
18,ACO×3,19,2.7052757751641314,21.237843765993603,22500,True,ACO stream 1,"[4, 6, 7, 14, 16, 15, 12, 13, 11, 9, 8, 10, 5, 1, 0, 3, 2]","{""candidate_lengths_km"": [2.7052757751641314, 2.7052757751641314, 2.7052757751641314], ""candidate_seeds"": [19, 39, 59], ""tie_tolerance_km"": 1e-12}"
18,DE,19,2.789909158080243,0.8283550770720467,7500,True,,"[6, 7, 4, 8, 9, 11, 14, 16, 15, 13, 12, 10, 5, 1, 0, 3, 2]",{}
18,NN+2opt,19,2.761131209664624,0.0104587570531293,1206,True,,"[7, 6, 4, 3, 2, 0, 1, 5, 10, 8, 9, 11, 13, 12, 15, 16, 14]",{}
18,PSO,19,3.0776872220375227,0.1139242439530789,7500,True,,"[0, 1, 5, 13, 16, 15, 12, 10, 8, 9, 11, 14, 7, 6, 4, 3, 2]",{}
18,Portfolio,19,2.7052757751641314,8.064296328113414,23707,True,ACO,"[4, 6, 7, 14, 16, 15, 12, 13, 11, 9, 8, 10, 5, 1, 0, 3, 2]","{""candidate_evaluations"": {""ACO"": 7500, ""DE"": 7500, ""NN+2opt"": 1206, ""PSO"": 7500, ""Raw"": 1}, ""candidate_lengths_km"": {""ACO"": 2.7052757751641314, ""DE"": 2.789909158080243, ""NN+2opt"": 2.761131209664624, ""PSO"": 3.0776872220375227, ""Raw"": 3.956017119039075}, ""priority"": [""Raw"", ""NN+2opt"", ""ACO"", ""DE"", ""PSO""], ""tie_tolerance_km"": 1e-12}"
18,Raw,19,3.956017119039075,0.0003923170734196,1,True,,"[0, 1, 2, 3, 4, 5, 6, 7, 8, 9, 10, 11, 12, 13, 14, 15, 16]",{}
19,ACO,0,1.908463713665149,2.3733922579558566,7500,True,,"[0, 1, 5, 4, 3, 2]","{""alpha"": 1.0, ""beta"": 2.0, ""evaluation_budget"": 7500, ""evaporation"": 0.5, ""population"": 50}"
19,ACO×3,0,1.908463713665149,7.098094667890109,22500,True,ACO stream 1,"[0, 1, 5, 4, 3, 2]","{""candidate_lengths_km"": [1.908463713665149, 1.908463713665149, 1.908463713665149], ""candidate_seeds"": [0, 20, 40], ""tie_tolerance_km"": 1e-12}"
19,DE,0,1.908463713665149,0.7171023120172322,7500,True,,"[2, 3, 4, 5, 1, 0]",{}
19,NN+2opt,0,1.908463713665149,0.0003019369905814,28,True,,"[0, 1, 5, 4, 3, 2]",{}
19,PSO,0,1.908463713665149,0.0660862519871443,7500,True,,"[0, 1, 5, 4, 3, 2]",{}
19,Portfolio,0,1.908463713665149,3.1569603700190783,22529,True,NN+2opt,"[0, 1, 5, 4, 3, 2]","{""candidate_evaluations"": {""ACO"": 7500, ""DE"": 7500, ""NN+2opt"": 28, ""PSO"": 7500, ""Raw"": 1}, ""candidate_lengths_km"": {""ACO"": 1.908463713665149, ""DE"": 1.908463713665149, ""NN+2opt"": 1.908463713665149, ""PSO"": 1.908463713665149, ""Raw"": 1.9609034837980999}, ""priority"": [""Raw"", ""NN+2opt"", ""ACO"", ""DE"", ""PSO""], ""tie_tolerance_km"": 1e-12}"
19,Raw,0,1.9609034837981,6.825500167906284e-05,1,True,,"[0, 1, 2, 3, 4, 5]",{}
19,ACO,1,1.908463713665149,2.434221987030469,7500,True,,"[2, 3, 4, 5, 1, 0]","{""alpha"": 1.0, ""beta"": 2.0, ""evaluation_budget"": 7500, ""evaporation"": 0.5, ""population"": 50}"
19,ACO×3,1,1.908463713665149,7.201287104166113,22500,True,ACO stream 1,"[2, 3, 4, 5, 1, 0]","{""candidate_lengths_km"": [1.908463713665149, 1.908463713665149, 1.908463713665149], ""candidate_seeds"": [1, 21, 41], ""tie_tolerance_km"": 1e-12}"
19,DE,1,1.908463713665149,0.7466794120846316,7500,True,,"[2, 3, 4, 5, 1, 0]",{}
19,NN+2opt,1,1.908463713665149,0.0003066839417442,28,True,,"[0, 1, 5, 4, 3, 2]",{}
19,PSO,1,1.908463713665149,0.0675389310345053,7500,True,,"[2, 3, 4, 5, 1, 0]",{}
19,Portfolio,1,1.908463713665149,3.2488233600743115,22529,True,NN+2opt,"[0, 1, 5, 4, 3, 2]","{""candidate_evaluations"": {""ACO"": 7500, ""DE"": 7500, ""NN+2opt"": 28, ""PSO"": 7500, ""Raw"": 1}, ""candidate_lengths_km"": {""ACO"": 1.908463713665149, ""DE"": 1.908463713665149, ""NN+2opt"": 1.908463713665149, ""PSO"": 1.908463713665149, ""Raw"": 1.9609034837980999}, ""priority"": [""Raw"", ""NN+2opt"", ""ACO"", ""DE"", ""PSO""], ""tie_tolerance_km"": 1e-12}"
19,Raw,1,1.9609034837981,6.747699808329344e-05,1,True,,"[0, 1, 2, 3, 4, 5]",{}
19,ACO,2,1.908463713665149,2.4065366549184546,7500,True,,"[2, 3, 4, 5, 1, 0]","{""alpha"": 1.0, ""beta"": 2.0, ""evaluation_budget"": 7500, ""evaporation"": 0.5, ""population"": 50}"
19,ACO×3,2,1.908463713665149,7.281347234849818,22500,True,ACO stream 1,"[2, 3, 4, 5, 1, 0]","{""candidate_lengths_km"": [1.908463713665149, 1.908463713665149, 1.908463713665149], ""candidate_seeds"": [2, 22, 42], ""tie_tolerance_km"": 1e-12}"
19,DE,2,1.908463713665149,0.7345047760754824,7500,True,,"[0, 1, 5, 4, 3, 2]",{}
19,NN+2opt,2,1.908463713665149,0.0003282789839431,28,True,,"[0, 1, 5, 4, 3, 2]",{}
19,PSO,2,1.908463713665149,0.0668526239460334,7500,True,,"[0, 1, 5, 4, 3, 2]",{}
19,Portfolio,2,1.908463713665149,3.208296218770556,22529,True,NN+2opt,"[0, 1, 5, 4, 3, 2]","{""candidate_evaluations"": {""ACO"": 7500, ""DE"": 7500, ""NN+2opt"": 28, ""PSO"": 7500, ""Raw"": 1}, ""candidate_lengths_km"": {""ACO"": 1.908463713665149, ""DE"": 1.908463713665149, ""NN+2opt"": 1.908463713665149, ""PSO"": 1.908463713665149, ""Raw"": 1.9609034837980999}, ""priority"": [""Raw"", ""NN+2opt"", ""ACO"", ""DE"", ""PSO""], ""tie_tolerance_km"": 1e-12}"
19,Raw,2,1.9609034837981,6.54709292575717e-05,1,True,,"[0, 1, 2, 3, 4, 5]",{}
19,ACO,3,1.908463713665149,2.43822867795825,7500,True,,"[2, 3, 4, 5, 1, 0]","{""alpha"": 1.0, ""beta"": 2.0, ""evaluation_budget"": 7500, ""evaporation"": 0.5, ""population"": 50}"
19,ACO×3,3,1.908463713665149,7.3675081299152225,22500,True,ACO stream 1,"[2, 3, 4, 5, 1, 0]","{""candidate_lengths_km"": [1.908463713665149, 1.908463713665149, 1.908463713665149], ""candidate_seeds"": [3, 23, 43], ""tie_tolerance_km"": 1e-12}"
19,DE,3,1.908463713665149,0.7708097129361704,7500,True,,"[0, 1, 5, 4, 3, 2]",{}
19,NN+2opt,3,1.908463713665149,0.0003126460360363,28,True,,"[0, 1, 5, 4, 3, 2]",{}
19,PSO,3,1.908463713665149,0.070127320010215,7500,True,,"[0, 1, 5, 4, 3, 2]",{}
19,Portfolio,3,1.908463713665149,3.279555071960204,22529,True,NN+2opt,"[0, 1, 5, 4, 3, 2]","{""candidate_evaluations"": {""ACO"": 7500, ""DE"": 7500, ""NN+2opt"": 28, ""PSO"": 7500, ""Raw"": 1}, ""candidate_lengths_km"": {""ACO"": 1.908463713665149, ""DE"": 1.908463713665149, ""NN+2opt"": 1.908463713665149, ""PSO"": 1.908463713665149, ""Raw"": 1.9609034837980999}, ""priority"": [""Raw"", ""NN+2opt"", ""ACO"", ""DE"", ""PSO""], ""tie_tolerance_km"": 1e-12}"
19,Raw,3,1.9609034837981,6.760004907846451e-05,1,True,,"[0, 1, 2, 3, 4, 5]",{}
19,ACO,4,1.908463713665149,2.4899151470744982,7500,True,,"[2, 3, 4, 5, 1, 0]","{""alpha"": 1.0, ""beta"": 2.0, ""evaluation_budget"": 7500, ""evaporation"": 0.5, ""population"": 50}"
19,ACO×3,4,1.908463713665149,7.516124294954352,22500,True,ACO stream 1,"[2, 3, 4, 5, 1, 0]","{""candidate_lengths_km"": [1.908463713665149, 1.908463713665149, 1.908463713665149], ""candidate_seeds"": [4, 24, 44], ""tie_tolerance_km"": 1e-12}"
19,DE,4,1.908463713665149,0.7486689190845937,7500,True,,"[0, 1, 5, 4, 3, 2]",{}
19,NN+2opt,4,1.908463713665149,0.0003141789929941,28,True,,"[0, 1, 5, 4, 3, 2]",{}
19,PSO,4,1.908463713665149,0.0674401950091123,7500,True,,"[0, 1, 5, 4, 3, 2]",{}
19,Portfolio,4,1.908463713665149,3.3064127560937777,22529,True,NN+2opt,"[0, 1, 5, 4, 3, 2]","{""candidate_evaluations"": {""ACO"": 7500, ""DE"": 7500, ""NN+2opt"": 28, ""PSO"": 7500, ""Raw"": 1}, ""candidate_lengths_km"": {""ACO"": 1.908463713665149, ""DE"": 1.908463713665149, ""NN+2opt"": 1.908463713665149, ""PSO"": 1.908463713665149, ""Raw"": 1.9609034837980999}, ""priority"": [""Raw"", ""NN+2opt"", ""ACO"", ""DE"", ""PSO""], ""tie_tolerance_km"": 1e-12}"
19,Raw,4,1.9609034837981,6.463297177106142e-05,1,True,,"[0, 1, 2, 3, 4, 5]",{}
19,ACO,5,1.908463713665149,2.451299409964122,7500,True,,"[2, 3, 4, 5, 1, 0]","{""alpha"": 1.0, ""beta"": 2.0, ""evaluation_budget"": 7500, ""evaporation"": 0.5, ""population"": 50}"
19,ACO×3,5,1.908463713665149,7.451166569837369,22500,True,ACO stream 1,"[2, 3, 4, 5, 1, 0]","{""candidate_lengths_km"": [1.908463713665149, 1.908463713665149, 1.908463713665149], ""candidate_seeds"": [5, 25, 45], ""tie_tolerance_km"": 1e-12}"
19,DE,5,1.908463713665149,0.7499452220508829,7500,True,,"[2, 3, 4, 5, 1, 0]",{}
19,NN+2opt,5,1.908463713665149,0.0003535980358719,28,True,,"[0, 1, 5, 4, 3, 2]",{}
19,PSO,5,1.908463713665149,0.0681354439584538,7500,True,,"[0, 1, 5, 4, 3, 2]",{}
19,Portfolio,5,1.908463713665149,3.2698167411144823,22529,True,NN+2opt,"[0, 1, 5, 4, 3, 2]","{""candidate_evaluations"": {""ACO"": 7500, ""DE"": 7500, ""NN+2opt"": 28, ""PSO"": 7500, ""Raw"": 1}, ""candidate_lengths_km"": {""ACO"": 1.908463713665149, ""DE"": 1.908463713665149, ""NN+2opt"": 1.908463713665149, ""PSO"": 1.908463713665149, ""Raw"": 1.9609034837980999}, ""priority"": [""Raw"", ""NN+2opt"", ""ACO"", ""DE"", ""PSO""], ""tie_tolerance_km"": 1e-12}"
19,Raw,5,1.9609034837981,7.060205098241568e-05,1,True,,"[0, 1, 2, 3, 4, 5]",{}
19,ACO,6,1.908463713665149,2.480695814010687,7500,True,,"[2, 3, 4, 5, 1, 0]","{""alpha"": 1.0, ""beta"": 2.0, ""evaluation_budget"": 7500, ""evaporation"": 0.5, ""population"": 50}"
19,ACO×3,6,1.908463713665149,7.398031117045321,22500,True,ACO stream 1,"[2, 3, 4, 5, 1, 0]","{""candidate_lengths_km"": [1.908463713665149, 1.908463713665149, 1.908463713665149], ""candidate_seeds"": [6, 26, 46], ""tie_tolerance_km"": 1e-12}"
19,DE,6,1.908463713665149,0.7400623869616538,7500,True,,"[0, 1, 5, 4, 3, 2]",{}
19,NN+2opt,6,1.908463713665149,0.0003127959789708,28,True,,"[0, 1, 5, 4, 3, 2]",{}
19,PSO,6,1.908463713665149,0.0675761679885909,7500,True,,"[0, 1, 5, 4, 3, 2]",{}
19,Portfolio,6,1.908463713665149,3.288728244020604,22529,True,NN+2opt,"[0, 1, 5, 4, 3, 2]","{""candidate_evaluations"": {""ACO"": 7500, ""DE"": 7500, ""NN+2opt"": 28, ""PSO"": 7500, ""Raw"": 1}, ""candidate_lengths_km"": {""ACO"": 1.908463713665149, ""DE"": 1.908463713665149, ""NN+2opt"": 1.908463713665149, ""PSO"": 1.908463713665149, ""Raw"": 1.9609034837980999}, ""priority"": [""Raw"", ""NN+2opt"", ""ACO"", ""DE"", ""PSO""], ""tie_tolerance_km"": 1e-12}"
19,Raw,6,1.9609034837981,7.188110612332821e-05,1,True,,"[0, 1, 2, 3, 4, 5]",{}
19,ACO,7,1.908463713665149,2.426818648003973,7500,True,,"[2, 3, 4, 5, 1, 0]","{""alpha"": 1.0, ""beta"": 2.0, ""evaluation_budget"": 7500, ""evaporation"": 0.5, ""population"": 50}"
19,ACO×3,7,1.908463713665149,7.432073281030171,22500,True,ACO stream 1,"[2, 3, 4, 5, 1, 0]","{""candidate_lengths_km"": [1.908463713665149, 1.908463713665149, 1.908463713665149], ""candidate_seeds"": [7, 27, 47], ""tie_tolerance_km"": 1e-12}"
19,DE,7,1.908463713665149,0.7402207480045035,7500,True,,"[0, 1, 5, 4, 3, 2]",{}
19,NN+2opt,7,1.908463713665149,0.0003107429947704,28,True,,"[0, 1, 5, 4, 3, 2]",{}
19,PSO,7,1.908463713665149,0.0687371339881792,7500,True,,"[0, 1, 5, 4, 3, 2]",{}
19,Portfolio,7,1.908463713665149,3.2361632670508698,22529,True,NN+2opt,"[0, 1, 5, 4, 3, 2]","{""candidate_evaluations"": {""ACO"": 7500, ""DE"": 7500, ""NN+2opt"": 28, ""PSO"": 7500, ""Raw"": 1}, ""candidate_lengths_km"": {""ACO"": 1.908463713665149, ""DE"": 1.908463713665149, ""NN+2opt"": 1.908463713665149, ""PSO"": 1.908463713665149, ""Raw"": 1.9609034837980999}, ""priority"": [""Raw"", ""NN+2opt"", ""ACO"", ""DE"", ""PSO""], ""tie_tolerance_km"": 1e-12}"
19,Raw,7,1.9609034837981,6.736302748322487e-05,1,True,,"[0, 1, 2, 3, 4, 5]",{}
19,ACO,8,1.908463713665149,2.4484377100598067,7500,True,,"[0, 1, 5, 4, 3, 2]","{""alpha"": 1.0, ""beta"": 2.0, ""evaluation_budget"": 7500, ""evaporation"": 0.5, ""population"": 50}"
19,ACO×3,8,1.908463713665149,7.434299894026481,22500,True,ACO stream 1,"[0, 1, 5, 4, 3, 2]","{""candidate_lengths_km"": [1.908463713665149, 1.908463713665149, 1.908463713665149], ""candidate_seeds"": [8, 28, 48], ""tie_tolerance_km"": 1e-12}"
19,DE,8,1.908463713665149,0.7432801430113614,7500,True,,"[0, 1, 5, 4, 3, 2]",{}
19,NN+2opt,8,1.908463713665149,0.0003020180156454,28,True,,"[0, 1, 5, 4, 3, 2]",{}
19,PSO,8,1.908463713665149,0.0679561969591304,7500,True,,"[0, 1, 5, 4, 3, 2]",{}
19,Portfolio,8,1.908463713665149,3.2600512601202354,22529,True,NN+2opt,"[0, 1, 5, 4, 3, 2]","{""candidate_evaluations"": {""ACO"": 7500, ""DE"": 7500, ""NN+2opt"": 28, ""PSO"": 7500, ""Raw"": 1}, ""candidate_lengths_km"": {""ACO"": 1.908463713665149, ""DE"": 1.908463713665149, ""NN+2opt"": 1.908463713665149, ""PSO"": 1.908463713665149, ""Raw"": 1.9609034837980999}, ""priority"": [""Raw"", ""NN+2opt"", ""ACO"", ""DE"", ""PSO""], ""tie_tolerance_km"": 1e-12}"
19,Raw,8,1.9609034837981,6.683100946247578e-05,1,True,,"[0, 1, 2, 3, 4, 5]",{}
19,ACO,9,1.908463713665149,2.434035785961896,7500,True,,"[2, 3, 4, 5, 1, 0]","{""alpha"": 1.0, ""beta"": 2.0, ""evaluation_budget"": 7500, ""evaporation"": 0.5, ""population"": 50}"
19,ACO×3,9,1.908463713665149,7.248880626983009,22500,True,ACO stream 1,"[2, 3, 4, 5, 1, 0]","{""candidate_lengths_km"": [1.908463713665149, 1.908463713665149, 1.908463713665149], ""candidate_seeds"": [9, 29, 49], ""tie_tolerance_km"": 1e-12}"
19,DE,9,1.908463713665149,0.7487830719910562,7500,True,,"[2, 3, 4, 5, 1, 0]",{}
19,NN+2opt,9,1.908463713665149,0.0003123419592157,28,True,,"[0, 1, 5, 4, 3, 2]",{}
19,PSO,9,1.908463713665149,0.0670415650820359,7500,True,,"[2, 3, 4, 5, 1, 0]",{}
19,Portfolio,9,1.908463713665149,3.2502474080538377,22529,True,NN+2opt,"[0, 1, 5, 4, 3, 2]","{""candidate_evaluations"": {""ACO"": 7500, ""DE"": 7500, ""NN+2opt"": 28, ""PSO"": 7500, ""Raw"": 1}, ""candidate_lengths_km"": {""ACO"": 1.908463713665149, ""DE"": 1.908463713665149, ""NN+2opt"": 1.908463713665149, ""PSO"": 1.908463713665149, ""Raw"": 1.9609034837980999}, ""priority"": [""Raw"", ""NN+2opt"", ""ACO"", ""DE"", ""PSO""], ""tie_tolerance_km"": 1e-12}"
19,Raw,9,1.9609034837981,6.538804154843092e-05,1,True,,"[0, 1, 2, 3, 4, 5]",{}
19,ACO,10,1.908463713665149,2.4824508340097964,7500,True,,"[0, 1, 5, 4, 3, 2]","{""alpha"": 1.0, ""beta"": 2.0, ""evaluation_budget"": 7500, ""evaporation"": 0.5, ""population"": 50}"
19,ACO×3,10,1.908463713665149,7.564265811000951,22500,True,ACO stream 1,"[0, 1, 5, 4, 3, 2]","{""candidate_lengths_km"": [1.908463713665149, 1.908463713665149, 1.908463713665149], ""candidate_seeds"": [10, 30, 50], ""tie_tolerance_km"": 1e-12}"
19,DE,10,1.908463713665149,0.76409054803662,7500,True,,"[0, 1, 5, 4, 3, 2]",{}
19,NN+2opt,10,1.908463713665149,0.0003063869662582,28,True,,"[0, 1, 5, 4, 3, 2]",{}
19,PSO,10,1.908463713665149,0.0686302779940888,7500,True,,"[0, 1, 5, 4, 3, 2]",{}
19,Portfolio,10,1.908463713665149,3.3155591540271416,22529,True,NN+2opt,"[0, 1, 5, 4, 3, 2]","{""candidate_evaluations"": {""ACO"": 7500, ""DE"": 7500, ""NN+2opt"": 28, ""PSO"": 7500, ""Raw"": 1}, ""candidate_lengths_km"": {""ACO"": 1.908463713665149, ""DE"": 1.908463713665149, ""NN+2opt"": 1.908463713665149, ""PSO"": 1.908463713665149, ""Raw"": 1.9609034837980999}, ""priority"": [""Raw"", ""NN+2opt"", ""ACO"", ""DE"", ""PSO""], ""tie_tolerance_km"": 1e-12}"
19,Raw,10,1.9609034837981,6.709597073495388e-05,1,True,,"[0, 1, 2, 3, 4, 5]",{}
19,ACO,11,1.908463713665149,2.400347554939799,7500,True,,"[0, 1, 5, 4, 3, 2]","{""alpha"": 1.0, ""beta"": 2.0, ""evaluation_budget"": 7500, ""evaporation"": 0.5, ""population"": 50}"
19,ACO×3,11,1.908463713665149,7.2803089109947905,22500,True,ACO stream 1,"[0, 1, 5, 4, 3, 2]","{""candidate_lengths_km"": [1.908463713665149, 1.908463713665149, 1.908463713665149], ""candidate_seeds"": [11, 31, 51], ""tie_tolerance_km"": 1e-12}"
19,DE,11,1.908463713665149,0.711981896078214,7500,True,,"[0, 1, 5, 4, 3, 2]",{}
19,NN+2opt,11,1.908463713665149,0.0003400919958949,28,True,,"[0, 1, 5, 4, 3, 2]",{}
19,PSO,11,1.908463713665149,0.0687238979153335,7500,True,,"[0, 1, 5, 4, 3, 2]",{}
19,Portfolio,11,1.908463713665149,3.181464725988917,22529,True,NN+2opt,"[0, 1, 5, 4, 3, 2]","{""candidate_evaluations"": {""ACO"": 7500, ""DE"": 7500, ""NN+2opt"": 28, ""PSO"": 7500, ""Raw"": 1}, ""candidate_lengths_km"": {""ACO"": 1.908463713665149, ""DE"": 1.908463713665149, ""NN+2opt"": 1.908463713665149, ""PSO"": 1.908463713665149, ""Raw"": 1.9609034837980999}, ""priority"": [""Raw"", ""NN+2opt"", ""ACO"", ""DE"", ""PSO""], ""tie_tolerance_km"": 1e-12}"
19,Raw,11,1.9609034837981,6.257102359086275e-05,1,True,,"[0, 1, 2, 3, 4, 5]",{}
19,ACO,12,1.908463713665149,2.3748221640707925,7500,True,,"[2, 3, 4, 5, 1, 0]","{""alpha"": 1.0, ""beta"": 2.0, ""evaluation_budget"": 7500, ""evaporation"": 0.5, ""population"": 50}"
19,ACO×3,12,1.908463713665149,7.167943849111907,22500,True,ACO stream 1,"[2, 3, 4, 5, 1, 0]","{""candidate_lengths_km"": [1.908463713665149, 1.908463713665149, 1.908463713665149], ""candidate_seeds"": [12, 32, 52], ""tie_tolerance_km"": 1e-12}"
19,DE,12,1.908463713665149,0.7131057099904865,7500,True,,"[0, 1, 5, 4, 3, 2]",{}
19,NN+2opt,12,1.908463713665149,0.0003101320471614,28,True,,"[0, 1, 5, 4, 3, 2]",{}
19,PSO,12,1.908463713665149,0.06690559303388,7500,True,,"[0, 1, 5, 4, 3, 2]",{}
19,Portfolio,12,1.908463713665149,3.155224662041292,22529,True,NN+2opt,"[0, 1, 5, 4, 3, 2]","{""candidate_evaluations"": {""ACO"": 7500, ""DE"": 7500, ""NN+2opt"": 28, ""PSO"": 7500, ""Raw"": 1}, ""candidate_lengths_km"": {""ACO"": 1.908463713665149, ""DE"": 1.908463713665149, ""NN+2opt"": 1.908463713665149, ""PSO"": 1.908463713665149, ""Raw"": 1.9609034837980999}, ""priority"": [""Raw"", ""NN+2opt"", ""ACO"", ""DE"", ""PSO""], ""tie_tolerance_km"": 1e-12}"
19,Raw,12,1.9609034837981,7.231999188661575e-05,1,True,,"[0, 1, 2, 3, 4, 5]",{}
19,ACO,13,1.908463713665149,2.347718605073169,7500,True,,"[2, 3, 4, 5, 1, 0]","{""alpha"": 1.0, ""beta"": 2.0, ""evaluation_budget"": 7500, ""evaporation"": 0.5, ""population"": 50}"
19,ACO×3,13,1.908463713665149,7.2519484591903165,22500,True,ACO stream 1,"[2, 3, 4, 5, 1, 0]","{""candidate_lengths_km"": [1.908463713665149, 1.908463713665149, 1.908463713665149], ""candidate_seeds"": [13, 33, 53], ""tie_tolerance_km"": 1e-12}"
19,DE,13,1.908463713665149,0.7222732849186286,7500,True,,"[0, 1, 5, 4, 3, 2]",{}
19,NN+2opt,13,1.908463713665149,0.0003078250447288,28,True,,"[0, 1, 5, 4, 3, 2]",{}
19,PSO,13,1.908463713665149,0.0676612519891932,7500,True,,"[2, 3, 4, 5, 1, 0]",{}
19,Portfolio,13,1.908463713665149,3.1380365610821173,22529,True,NN+2opt,"[0, 1, 5, 4, 3, 2]","{""candidate_evaluations"": {""ACO"": 7500, ""DE"": 7500, ""NN+2opt"": 28, ""PSO"": 7500, ""Raw"": 1}, ""candidate_lengths_km"": {""ACO"": 1.908463713665149, ""DE"": 1.908463713665149, ""NN+2opt"": 1.908463713665149, ""PSO"": 1.908463713665149, ""Raw"": 1.9609034837980999}, ""priority"": [""Raw"", ""NN+2opt"", ""ACO"", ""DE"", ""PSO""], ""tie_tolerance_km"": 1e-12}"
19,Raw,13,1.9609034837981,6.652798037976027e-05,1,True,,"[0, 1, 2, 3, 4, 5]",{}
19,ACO,14,1.908463713665149,2.368709791917354,7500,True,,"[0, 1, 5, 4, 3, 2]","{""alpha"": 1.0, ""beta"": 2.0, ""evaluation_budget"": 7500, ""evaporation"": 0.5, ""population"": 50}"
19,ACO×3,14,1.908463713665149,7.235357734956779,22500,True,ACO stream 1,"[0, 1, 5, 4, 3, 2]","{""candidate_lengths_km"": [1.908463713665149, 1.908463713665149, 1.908463713665149], ""candidate_seeds"": [14, 34, 54], ""tie_tolerance_km"": 1e-12}"
19,DE,14,1.908463713665149,0.718781415023841,7500,True,,"[0, 1, 5, 4, 3, 2]",{}
19,NN+2opt,14,1.908463713665149,0.0003196840407326,28,True,,"[0, 1, 5, 4, 3, 2]",{}
19,PSO,14,1.908463713665149,0.0687615460483357,7500,True,,"[0, 1, 5, 4, 3, 2]",{}
19,Portfolio,14,1.908463713665149,3.156650291988626,22529,True,NN+2opt,"[0, 1, 5, 4, 3, 2]","{""candidate_evaluations"": {""ACO"": 7500, ""DE"": 7500, ""NN+2opt"": 28, ""PSO"": 7500, ""Raw"": 1}, ""candidate_lengths_km"": {""ACO"": 1.908463713665149, ""DE"": 1.908463713665149, ""NN+2opt"": 1.908463713665149, ""PSO"": 1.908463713665149, ""Raw"": 1.9609034837980999}, ""priority"": [""Raw"", ""NN+2opt"", ""ACO"", ""DE"", ""PSO""], ""tie_tolerance_km"": 1e-12}"
19,Raw,14,1.9609034837981,6.899295840412378e-05,1,True,,"[0, 1, 2, 3, 4, 5]",{}
19,ACO,15,1.908463713665149,2.43474427703768,7500,True,,"[0, 1, 5, 4, 3, 2]","{""alpha"": 1.0, ""beta"": 2.0, ""evaluation_budget"": 7500, ""evaporation"": 0.5, ""population"": 50}"
19,ACO×3,15,1.908463713665149,8.623262824956328,22500,True,ACO stream 1,"[0, 1, 5, 4, 3, 2]","{""candidate_lengths_km"": [1.908463713665149, 1.908463713665149, 1.908463713665149], ""candidate_seeds"": [15, 35, 55], ""tie_tolerance_km"": 1e-12}"
19,DE,15,1.908463713665149,0.760683891014196,7500,True,,"[0, 1, 5, 4, 3, 2]",{}
19,NN+2opt,15,1.908463713665149,0.0003057329449802,28,True,,"[0, 1, 5, 4, 3, 2]",{}
19,PSO,15,1.908463713665149,0.0659450610401108,7500,True,,"[0, 1, 5, 4, 3, 2]",{}
19,Portfolio,15,1.908463713665149,3.261752782040276,22529,True,NN+2opt,"[0, 1, 5, 4, 3, 2]","{""candidate_evaluations"": {""ACO"": 7500, ""DE"": 7500, ""NN+2opt"": 28, ""PSO"": 7500, ""Raw"": 1}, ""candidate_lengths_km"": {""ACO"": 1.908463713665149, ""DE"": 1.908463713665149, ""NN+2opt"": 1.908463713665149, ""PSO"": 1.908463713665149, ""Raw"": 1.9609034837980999}, ""priority"": [""Raw"", ""NN+2opt"", ""ACO"", ""DE"", ""PSO""], ""tie_tolerance_km"": 1e-12}"
19,Raw,15,1.9609034837981,6.452400702983141e-05,1,True,,"[0, 1, 2, 3, 4, 5]",{}
19,ACO,16,1.908463713665149,2.3734792548930272,7500,True,,"[2, 3, 4, 5, 1, 0]","{""alpha"": 1.0, ""beta"": 2.0, ""evaluation_budget"": 7500, ""evaporation"": 0.5, ""population"": 50}"
19,ACO×3,16,1.908463713665149,7.201976258889772,22500,True,ACO stream 1,"[2, 3, 4, 5, 1, 0]","{""candidate_lengths_km"": [1.908463713665149, 1.908463713665149, 1.908463713665149], ""candidate_seeds"": [16, 36, 56], ""tie_tolerance_km"": 1e-12}"
19,DE,16,1.908463713665149,0.7160525299841538,7500,True,,"[2, 3, 4, 5, 1, 0]",{}
19,NN+2opt,16,1.908463713665149,0.000311650102958,28,True,,"[0, 1, 5, 4, 3, 2]",{}
19,PSO,16,1.908463713665149,0.0678878569742664,7500,True,,"[2, 3, 4, 5, 1, 0]",{}
19,Portfolio,16,1.908463713665149,3.15780639089644,22529,True,NN+2opt,"[0, 1, 5, 4, 3, 2]","{""candidate_evaluations"": {""ACO"": 7500, ""DE"": 7500, ""NN+2opt"": 28, ""PSO"": 7500, ""Raw"": 1}, ""candidate_lengths_km"": {""ACO"": 1.908463713665149, ""DE"": 1.908463713665149, ""NN+2opt"": 1.908463713665149, ""PSO"": 1.908463713665149, ""Raw"": 1.9609034837980999}, ""priority"": [""Raw"", ""NN+2opt"", ""ACO"", ""DE"", ""PSO""], ""tie_tolerance_km"": 1e-12}"
19,Raw,16,1.9609034837981,6.66789710521698e-05,1,True,,"[0, 1, 2, 3, 4, 5]",{}
19,ACO,17,1.908463713665149,2.428495263098739,7500,True,,"[2, 3, 4, 5, 1, 0]","{""alpha"": 1.0, ""beta"": 2.0, ""evaluation_budget"": 7500, ""evaporation"": 0.5, ""population"": 50}"
19,ACO×3,17,1.908463713665149,7.253711508004926,22500,True,ACO stream 1,"[2, 3, 4, 5, 1, 0]","{""candidate_lengths_km"": [1.908463713665149, 1.908463713665149, 1.908463713665149], ""candidate_seeds"": [17, 37, 57], ""tie_tolerance_km"": 1e-12}"
19,DE,17,1.908463713665149,0.7360123839462176,7500,True,,"[2, 3, 4, 5, 1, 0]",{}
19,NN+2opt,17,1.908463713665149,0.0003069109516218,28,True,,"[0, 1, 5, 4, 3, 2]",{}
19,PSO,17,1.908463713665149,0.0678226819727569,7500,True,,"[2, 3, 4, 5, 1, 0]",{}
19,Portfolio,17,1.908463713665149,3.2327147140167654,22529,True,NN+2opt,"[0, 1, 5, 4, 3, 2]","{""candidate_evaluations"": {""ACO"": 7500, ""DE"": 7500, ""NN+2opt"": 28, ""PSO"": 7500, ""Raw"": 1}, ""candidate_lengths_km"": {""ACO"": 1.908463713665149, ""DE"": 1.908463713665149, ""NN+2opt"": 1.908463713665149, ""PSO"": 1.908463713665149, ""Raw"": 1.9609034837980999}, ""priority"": [""Raw"", ""NN+2opt"", ""ACO"", ""DE"", ""PSO""], ""tie_tolerance_km"": 1e-12}"
19,Raw,17,1.9609034837981,6.824301090091467e-05,1,True,,"[0, 1, 2, 3, 4, 5]",{}
19,ACO,18,1.908463713665149,2.385416318080388,7500,True,,"[2, 3, 4, 5, 1, 0]","{""alpha"": 1.0, ""beta"": 2.0, ""evaluation_budget"": 7500, ""evaporation"": 0.5, ""population"": 50}"
19,ACO×3,18,1.908463713665149,7.199453408131376,22500,True,ACO stream 1,"[2, 3, 4, 5, 1, 0]","{""candidate_lengths_km"": [1.908463713665149, 1.908463713665149, 1.908463713665149], ""candidate_seeds"": [18, 38, 58], ""tie_tolerance_km"": 1e-12}"
19,DE,18,1.908463713665149,0.7427382400492206,7500,True,,"[0, 1, 5, 4, 3, 2]",{}
19,NN+2opt,18,1.908463713665149,0.0003181309439241,28,True,,"[0, 1, 5, 4, 3, 2]",{}
19,PSO,18,1.908463713665149,0.0661628070520237,7500,True,,"[0, 1, 5, 4, 3, 2]",{}
19,Portfolio,18,1.908463713665149,3.194709161063656,22529,True,NN+2opt,"[0, 1, 5, 4, 3, 2]","{""candidate_evaluations"": {""ACO"": 7500, ""DE"": 7500, ""NN+2opt"": 28, ""PSO"": 7500, ""Raw"": 1}, ""candidate_lengths_km"": {""ACO"": 1.908463713665149, ""DE"": 1.908463713665149, ""NN+2opt"": 1.908463713665149, ""PSO"": 1.908463713665149, ""Raw"": 1.9609034837980999}, ""priority"": [""Raw"", ""NN+2opt"", ""ACO"", ""DE"", ""PSO""], ""tie_tolerance_km"": 1e-12}"
19,Raw,18,1.9609034837981,6.47569540888071e-05,1,True,,"[0, 1, 2, 3, 4, 5]",{}
19,ACO,19,1.908463713665149,2.4830208639614284,7500,True,,"[2, 3, 4, 5, 1, 0]","{""alpha"": 1.0, ""beta"": 2.0, ""evaluation_budget"": 7500, ""evaporation"": 0.5, ""population"": 50}"
19,ACO×3,19,1.908463713665149,7.40030195901636,22500,True,ACO stream 1,"[2, 3, 4, 5, 1, 0]","{""candidate_lengths_km"": [1.908463713665149, 1.908463713665149, 1.908463713665149], ""candidate_seeds"": [19, 39, 59], ""tie_tolerance_km"": 1e-12}"
19,DE,19,1.908463713665149,0.7607362900162116,7500,True,,"[0, 1, 5, 4, 3, 2]",{}
19,NN+2opt,19,1.908463713665149,0.0003085950156673,28,True,,"[0, 1, 5, 4, 3, 2]",{}
19,PSO,19,1.908463713665149,0.0725013370392844,7500,True,,"[2, 3, 4, 5, 1, 0]",{}
19,Portfolio,19,1.908463713665149,3.31664291897323,22529,True,NN+2opt,"[0, 1, 5, 4, 3, 2]","{""candidate_evaluations"": {""ACO"": 7500, ""DE"": 7500, ""NN+2opt"": 28, ""PSO"": 7500, ""Raw"": 1}, ""candidate_lengths_km"": {""ACO"": 1.908463713665149, ""DE"": 1.908463713665149, ""NN+2opt"": 1.908463713665149, ""PSO"": 1.908463713665149, ""Raw"": 1.9609034837980999}, ""priority"": [""Raw"", ""NN+2opt"", ""ACO"", ""DE"", ""PSO""], ""tie_tolerance_km"": 1e-12}"
19,Raw,19,1.9609034837981,6.740097887814045e-05,1,True,,"[0, 1, 2, 3, 4, 5]",{}
20,ACO,0,2.169746843952334,4.215110103948973,7500,True,,"[0, 1, 9, 8, 7, 6, 5, 4, 2, 3]","{""alpha"": 1.0, ""beta"": 2.0, ""evaluation_budget"": 7500, ""evaporation"": 0.5, ""population"": 50}"
20,ACO×3,0,2.169746843952334,12.960660154931247,22500,True,ACO stream 1,"[0, 1, 9, 8, 7, 6, 5, 4, 2, 3]","{""candidate_lengths_km"": [2.1697468439523346, 2.1697468439523346, 2.1697468439523346], ""candidate_seeds"": [0, 20, 40], ""tie_tolerance_km"": 1e-12}"
20,DE,0,2.1769846879087407,0.806936542969197,7500,True,,"[0, 1, 9, 8, 3, 2, 4, 7, 6, 5]",{}
20,NN+2opt,0,2.1919092213038294,0.0006527929799631,46,True,,"[2, 4, 5, 6, 7, 8, 9, 3, 1, 0]",{}
20,PSO,0,2.1769846879087407,0.088141878019087,7500,True,,"[0, 1, 9, 8, 3, 2, 4, 7, 6, 5]",{}
20,Portfolio,0,2.169746843952334,5.111065115896054,22547,True,ACO,"[0, 1, 9, 8, 7, 6, 5, 4, 2, 3]","{""candidate_evaluations"": {""ACO"": 7500, ""DE"": 7500, ""NN+2opt"": 46, ""PSO"": 7500, ""Raw"": 1}, ""candidate_lengths_km"": {""ACO"": 2.1697468439523346, ""DE"": 2.1769846879087407, ""NN+2opt"": 2.1919092213038294, ""PSO"": 2.1769846879087407, ""Raw"": 2.3271501377921155}, ""priority"": [""Raw"", ""NN+2opt"", ""ACO"", ""DE"", ""PSO""], ""tie_tolerance_km"": 1e-12}"
20,Raw,0,2.3271501377921155,0.0002154989633709,1,True,,"[0, 1, 2, 3, 4, 5, 6, 7, 8, 9]",{}
20,ACO,1,2.169746843952334,4.982980647939257,7500,True,,"[3, 2, 4, 5, 6, 7, 8, 9, 1, 0]","{""alpha"": 1.0, ""beta"": 2.0, ""evaluation_budget"": 7500, ""evaporation"": 0.5, ""population"": 50}"
20,ACO×3,1,2.169746843952334,14.251469590817578,22500,True,ACO stream 1,"[3, 2, 4, 5, 6, 7, 8, 9, 1, 0]","{""candidate_lengths_km"": [2.1697468439523346, 2.1697468439523346, 2.1697468439523346], ""candidate_seeds"": [1, 21, 41], ""tie_tolerance_km"": 1e-12}"
20,DE,1,2.169746843952334,1.1425355960382149,7500,True,,"[3, 2, 4, 5, 6, 7, 8, 9, 1, 0]",{}
20,NN+2opt,1,2.1919092213038294,0.0012282779207453,46,True,,"[2, 4, 5, 6, 7, 8, 9, 3, 1, 0]",{}
20,PSO,1,2.1769846879087407,0.170244010980241,7500,True,,"[5, 6, 7, 4, 2, 3, 8, 9, 1, 0]",{}
20,Portfolio,1,2.169746843952334,6.297135966829956,22547,True,ACO,"[3, 2, 4, 5, 6, 7, 8, 9, 1, 0]","{""candidate_evaluations"": {""ACO"": 7500, ""DE"": 7500, ""NN+2opt"": 46, ""PSO"": 7500, ""Raw"": 1}, ""candidate_lengths_km"": {""ACO"": 2.1697468439523346, ""DE"": 2.1697468439523346, ""NN+2opt"": 2.1919092213038294, ""PSO"": 2.1769846879087407, ""Raw"": 2.3271501377921155}, ""priority"": [""Raw"", ""NN+2opt"", ""ACO"", ""DE"", ""PSO""], ""tie_tolerance_km"": 1e-12}"
20,Raw,1,2.3271501377921155,0.0001325239427387,1,True,,"[0, 1, 2, 3, 4, 5, 6, 7, 8, 9]",{}
20,ACO,2,2.169746843952334,4.111141137080267,7500,True,,"[3, 2, 4, 5, 6, 7, 8, 9, 1, 0]","{""alpha"": 1.0, ""beta"": 2.0, ""evaluation_budget"": 7500, ""evaporation"": 0.5, ""population"": 50}"
20,ACO×3,2,2.169746843952334,12.503583930199966,22500,True,ACO stream 1,"[3, 2, 4, 5, 6, 7, 8, 9, 1, 0]","{""candidate_lengths_km"": [2.1697468439523346, 2.1697468439523346, 2.1697468439523346], ""candidate_seeds"": [2, 22, 42], ""tie_tolerance_km"": 1e-12}"
20,DE,2,2.169746843952334,0.8026284440420568,7500,True,,"[0, 1, 9, 8, 7, 6, 5, 4, 2, 3]",{}
20,NN+2opt,2,2.1919092213038294,0.0008668060181662,46,True,,"[2, 4, 5, 6, 7, 8, 9, 3, 1, 0]",{}
20,PSO,2,2.271970567007941,0.0818428910570219,7500,True,,"[0, 1, 4, 5, 6, 7, 8, 9, 3, 2]",{}
20,Portfolio,2,2.169746843952334,4.996616085176356,22547,True,ACO,"[3, 2, 4, 5, 6, 7, 8, 9, 1, 0]","{""candidate_evaluations"": {""ACO"": 7500, ""DE"": 7500, ""NN+2opt"": 46, ""PSO"": 7500, ""Raw"": 1}, ""candidate_lengths_km"": {""ACO"": 2.1697468439523346, ""DE"": 2.1697468439523346, ""NN+2opt"": 2.1919092213038294, ""PSO"": 2.271970567007941, ""Raw"": 2.3271501377921155}, ""priority"": [""Raw"", ""NN+2opt"", ""ACO"", ""DE"", ""PSO""], ""tie_tolerance_km"": 1e-12}"
20,Raw,2,2.3271501377921155,0.0001284319441765,1,True,,"[0, 1, 2, 3, 4, 5, 6, 7, 8, 9]",{}
20,ACO,3,2.169746843952334,4.195874458993785,7500,True,,"[3, 2, 4, 5, 6, 7, 8, 9, 1, 0]","{""alpha"": 1.0, ""beta"": 2.0, ""evaluation_budget"": 7500, ""evaporation"": 0.5, ""population"": 50}"
20,ACO×3,3,2.169746843952334,12.885776496957988,22500,True,ACO stream 1,"[3, 2, 4, 5, 6, 7, 8, 9, 1, 0]","{""candidate_lengths_km"": [2.1697468439523346, 2.1697468439523346, 2.1697468439523346], ""candidate_seeds"": [3, 23, 43], ""tie_tolerance_km"": 1e-12}"
20,DE,3,2.1769846879087407,0.8588806500192732,7500,True,,"[0, 1, 9, 8, 3, 2, 4, 7, 6, 5]",{}
20,NN+2opt,3,2.1919092213038294,0.0007209359901025,46,True,,"[2, 4, 5, 6, 7, 8, 9, 3, 1, 0]",{}
20,PSO,3,2.169746843952334,0.0939934679772704,7500,True,,"[3, 2, 4, 5, 6, 7, 8, 9, 1, 0]",{}
20,Portfolio,3,2.169746843952334,5.149610231863335,22547,True,ACO,"[3, 2, 4, 5, 6, 7, 8, 9, 1, 0]","{""candidate_evaluations"": {""ACO"": 7500, ""DE"": 7500, ""NN+2opt"": 46, ""PSO"": 7500, ""Raw"": 1}, ""candidate_lengths_km"": {""ACO"": 2.1697468439523346, ""DE"": 2.1769846879087407, ""NN+2opt"": 2.1919092213038294, ""PSO"": 2.1697468439523346, ""Raw"": 2.3271501377921155}, ""priority"": [""Raw"", ""NN+2opt"", ""ACO"", ""DE"", ""PSO""], ""tie_tolerance_km"": 1e-12}"
20,Raw,3,2.3271501377921155,0.0001298169372603,1,True,,"[0, 1, 2, 3, 4, 5, 6, 7, 8, 9]",{}
20,ACO,4,2.169746843952334,4.526249426999129,7500,True,,"[3, 2, 4, 5, 6, 7, 8, 9, 1, 0]","{""alpha"": 1.0, ""beta"": 2.0, ""evaluation_budget"": 7500, ""evaporation"": 0.5, ""population"": 50}"
20,ACO×3,4,2.169746843952334,13.005428323987871,22500,True,ACO stream 1,"[3, 2, 4, 5, 6, 7, 8, 9, 1, 0]","{""candidate_lengths_km"": [2.1697468439523346, 2.1697468439523346, 2.1697468439523346], ""candidate_seeds"": [4, 24, 44], ""tie_tolerance_km"": 1e-12}"
20,DE,4,2.1769846879087407,0.8525496399961412,7500,True,,"[0, 1, 9, 8, 3, 2, 4, 7, 6, 5]",{}
20,NN+2opt,4,2.1919092213038294,0.0006544550415128,46,True,,"[2, 4, 5, 6, 7, 8, 9, 3, 1, 0]",{}
20,PSO,4,2.169746843952334,0.0814153089886531,7500,True,,"[0, 1, 9, 8, 7, 6, 5, 4, 2, 3]",{}
20,Portfolio,4,2.169746843952334,5.461021993076429,22547,True,ACO,"[3, 2, 4, 5, 6, 7, 8, 9, 1, 0]","{""candidate_evaluations"": {""ACO"": 7500, ""DE"": 7500, ""NN+2opt"": 46, ""PSO"": 7500, ""Raw"": 1}, ""candidate_lengths_km"": {""ACO"": 2.1697468439523346, ""DE"": 2.1769846879087407, ""NN+2opt"": 2.1919092213038294, ""PSO"": 2.1697468439523346, ""Raw"": 2.3271501377921155}, ""priority"": [""Raw"", ""NN+2opt"", ""ACO"", ""DE"", ""PSO""], ""tie_tolerance_km"": 1e-12}"
20,Raw,4,2.3271501377921155,0.0001443570945411,1,True,,"[0, 1, 2, 3, 4, 5, 6, 7, 8, 9]",{}
20,ACO,5,2.169746843952334,4.187154088984244,7500,True,,"[3, 2, 4, 5, 6, 7, 8, 9, 1, 0]","{""alpha"": 1.0, ""beta"": 2.0, ""evaluation_budget"": 7500, ""evaporation"": 0.5, ""population"": 50}"
20,ACO×3,5,2.169746843952334,12.830255807028152,22500,True,ACO stream 1,"[3, 2, 4, 5, 6, 7, 8, 9, 1, 0]","{""candidate_lengths_km"": [2.1697468439523346, 2.1697468439523346, 2.1697468439523346], ""candidate_seeds"": [5, 25, 45], ""tie_tolerance_km"": 1e-12}"
20,DE,5,2.1769846879087407,0.7987750080646947,7500,True,,"[0, 1, 9, 8, 3, 2, 4, 7, 6, 5]",{}
20,NN+2opt,5,2.1919092213038294,0.0006590320263057,46,True,,"[2, 4, 5, 6, 7, 8, 9, 3, 1, 0]",{}
20,PSO,5,2.1769846879087407,0.0809486409416422,7500,True,,"[5, 6, 7, 4, 2, 3, 8, 9, 1, 0]",{}
20,Portfolio,5,2.169746843952334,5.067675275029615,22547,True,ACO,"[3, 2, 4, 5, 6, 7, 8, 9, 1, 0]","{""candidate_evaluations"": {""ACO"": 7500, ""DE"": 7500, ""NN+2opt"": 46, ""PSO"": 7500, ""Raw"": 1}, ""candidate_lengths_km"": {""ACO"": 2.1697468439523346, ""DE"": 2.1769846879087407, ""NN+2opt"": 2.1919092213038294, ""PSO"": 2.1769846879087407, ""Raw"": 2.3271501377921155}, ""priority"": [""Raw"", ""NN+2opt"", ""ACO"", ""DE"", ""PSO""], ""tie_tolerance_km"": 1e-12}"
20,Raw,5,2.3271501377921155,0.0001307289348915,1,True,,"[0, 1, 2, 3, 4, 5, 6, 7, 8, 9]",{}
20,ACO,6,2.169746843952334,4.245840633986518,7500,True,,"[3, 2, 4, 5, 6, 7, 8, 9, 1, 0]","{""alpha"": 1.0, ""beta"": 2.0, ""evaluation_budget"": 7500, ""evaporation"": 0.5, ""population"": 50}"
20,ACO×3,6,2.169746843952334,12.721489325049331,22500,True,ACO stream 1,"[3, 2, 4, 5, 6, 7, 8, 9, 1, 0]","{""candidate_lengths_km"": [2.1697468439523346, 2.1697468439523346, 2.1697468439523346], ""candidate_seeds"": [6, 26, 46], ""tie_tolerance_km"": 1e-12}"
20,DE,6,2.1769846879087407,0.7818272369913757,7500,True,,"[5, 6, 7, 4, 2, 3, 8, 9, 1, 0]",{}
20,NN+2opt,6,2.1919092213038294,0.0006647839909419,46,True,,"[2, 4, 5, 6, 7, 8, 9, 3, 1, 0]",{}
20,PSO,6,2.1769846879087407,0.0821615169988945,7500,True,,"[0, 1, 9, 8, 3, 2, 4, 7, 6, 5]",{}
20,Portfolio,6,2.169746843952334,5.110634465003386,22547,True,ACO,"[3, 2, 4, 5, 6, 7, 8, 9, 1, 0]","{""candidate_evaluations"": {""ACO"": 7500, ""DE"": 7500, ""NN+2opt"": 46, ""PSO"": 7500, ""Raw"": 1}, ""candidate_lengths_km"": {""ACO"": 2.1697468439523346, ""DE"": 2.1769846879087407, ""NN+2opt"": 2.1919092213038294, ""PSO"": 2.1769846879087407, ""Raw"": 2.3271501377921155}, ""priority"": [""Raw"", ""NN+2opt"", ""ACO"", ""DE"", ""PSO""], ""tie_tolerance_km"": 1e-12}"
20,Raw,6,2.3271501377921155,0.0001318280119448,1,True,,"[0, 1, 2, 3, 4, 5, 6, 7, 8, 9]",{}
20,ACO,7,2.169746843952334,4.161095065996051,7500,True,,"[3, 2, 4, 5, 6, 7, 8, 9, 1, 0]","{""alpha"": 1.0, ""beta"": 2.0, ""evaluation_budget"": 7500, ""evaporation"": 0.5, ""population"": 50}"
20,ACO×3,7,2.169746843952334,12.579023379948922,22500,True,ACO stream 1,"[3, 2, 4, 5, 6, 7, 8, 9, 1, 0]","{""candidate_lengths_km"": [2.1697468439523346, 2.1697468439523346, 2.1697468439523346], ""candidate_seeds"": [7, 27, 47], ""tie_tolerance_km"": 1e-12}"
20,DE,7,2.181971190771636,0.777135681011714,7500,True,,"[0, 1, 9, 8, 3, 2, 4, 5, 7, 6]",{}
20,NN+2opt,7,2.1919092213038294,0.0006630540592595,46,True,,"[2, 4, 5, 6, 7, 8, 9, 3, 1, 0]",{}
20,PSO,7,2.169746843952334,0.0857379150111228,7500,True,,"[0, 1, 9, 8, 7, 6, 5, 4, 2, 3]",{}
20,Portfolio,7,2.169746843952334,5.024779842002317,22547,True,ACO,"[3, 2, 4, 5, 6, 7, 8, 9, 1, 0]","{""candidate_evaluations"": {""ACO"": 7500, ""DE"": 7500, ""NN+2opt"": 46, ""PSO"": 7500, ""Raw"": 1}, ""candidate_lengths_km"": {""ACO"": 2.1697468439523346, ""DE"": 2.1819711907716357, ""NN+2opt"": 2.1919092213038294, ""PSO"": 2.1697468439523346, ""Raw"": 2.3271501377921155}, ""priority"": [""Raw"", ""NN+2opt"", ""ACO"", ""DE"", ""PSO""], ""tie_tolerance_km"": 1e-12}"
20,Raw,7,2.3271501377921155,0.000140101998113,1,True,,"[0, 1, 2, 3, 4, 5, 6, 7, 8, 9]",{}
20,ACO,8,2.169746843952334,4.105758872930892,7500,True,,"[3, 2, 4, 5, 6, 7, 8, 9, 1, 0]","{""alpha"": 1.0, ""beta"": 2.0, ""evaluation_budget"": 7500, ""evaporation"": 0.5, ""population"": 50}"
20,ACO×3,8,2.169746843952334,12.214814549894072,22500,True,ACO stream 1,"[3, 2, 4, 5, 6, 7, 8, 9, 1, 0]","{""candidate_lengths_km"": [2.1697468439523346, 2.1697468439523346, 2.1697468439523346], ""candidate_seeds"": [8, 28, 48], ""tie_tolerance_km"": 1e-12}"
20,DE,8,2.169746843952334,0.7847624740097672,7500,True,,"[3, 2, 4, 5, 6, 7, 8, 9, 1, 0]",{}
20,NN+2opt,8,2.1919092213038294,0.0006429440109059,46,True,,"[2, 4, 5, 6, 7, 8, 9, 3, 1, 0]",{}
20,PSO,8,2.1769846879087407,0.079550544032827,7500,True,,"[5, 6, 7, 4, 2, 3, 8, 9, 1, 0]",{}
20,Portfolio,8,2.169746843952334,4.970854808925651,22547,True,ACO,"[3, 2, 4, 5, 6, 7, 8, 9, 1, 0]","{""candidate_evaluations"": {""ACO"": 7500, ""DE"": 7500, ""NN+2opt"": 46, ""PSO"": 7500, ""Raw"": 1}, ""candidate_lengths_km"": {""ACO"": 2.1697468439523346, ""DE"": 2.1697468439523346, ""NN+2opt"": 2.1919092213038294, ""PSO"": 2.1769846879087407, ""Raw"": 2.3271501377921155}, ""priority"": [""Raw"", ""NN+2opt"", ""ACO"", ""DE"", ""PSO""], ""tie_tolerance_km"": 1e-12}"
20,Raw,8,2.3271501377921155,0.0001316959969699,1,True,,"[0, 1, 2, 3, 4, 5, 6, 7, 8, 9]",{}
20,ACO,9,2.169746843952334,4.186517226975411,7500,True,,"[3, 2, 4, 5, 6, 7, 8, 9, 1, 0]","{""alpha"": 1.0, ""beta"": 2.0, ""evaluation_budget"": 7500, ""evaporation"": 0.5, ""population"": 50}"
20,ACO×3,9,2.169746843952334,12.625285700894892,22500,True,ACO stream 1,"[3, 2, 4, 5, 6, 7, 8, 9, 1, 0]","{""candidate_lengths_km"": [2.1697468439523346, 2.1697468439523346, 2.1697468439523346], ""candidate_seeds"": [9, 29, 49], ""tie_tolerance_km"": 1e-12}"
20,DE,9,2.1769846879087407,0.793054711073637,7500,True,,"[0, 1, 9, 8, 3, 2, 4, 7, 6, 5]",{}
20,NN+2opt,9,2.1919092213038294,0.0006979879690334,46,True,,"[2, 4, 5, 6, 7, 8, 9, 3, 1, 0]",{}
20,PSO,9,2.248378598819545,0.0817098439438268,7500,True,,"[0, 1, 3, 2, 4, 5, 6, 7, 8, 9]",{}
20,Portfolio,9,2.169746843952334,5.062113623949699,22547,True,ACO,"[3, 2, 4, 5, 6, 7, 8, 9, 1, 0]","{""candidate_evaluations"": {""ACO"": 7500, ""DE"": 7500, ""NN+2opt"": 46, ""PSO"": 7500, ""Raw"": 1}, ""candidate_lengths_km"": {""ACO"": 2.1697468439523346, ""DE"": 2.1769846879087407, ""NN+2opt"": 2.1919092213038294, ""PSO"": 2.248378598819545, ""Raw"": 2.3271501377921155}, ""priority"": [""Raw"", ""NN+2opt"", ""ACO"", ""DE"", ""PSO""], ""tie_tolerance_km"": 1e-12}"
20,Raw,9,2.3271501377921155,0.0001258190022781,1,True,,"[0, 1, 2, 3, 4, 5, 6, 7, 8, 9]",{}
20,ACO,10,2.169746843952334,4.053215411026031,7500,True,,"[0, 1, 9, 8, 7, 6, 5, 4, 2, 3]","{""alpha"": 1.0, ""beta"": 2.0, ""evaluation_budget"": 7500, ""evaporation"": 0.5, ""population"": 50}"
20,ACO×3,10,2.169746843952334,12.300480350968428,22500,True,ACO stream 1,"[0, 1, 9, 8, 7, 6, 5, 4, 2, 3]","{""candidate_lengths_km"": [2.1697468439523346, 2.1697468439523346, 2.1697468439523346], ""candidate_seeds"": [10, 30, 50], ""tie_tolerance_km"": 1e-12}"
20,DE,10,2.169746843952334,0.7492215000092983,7500,True,,"[3, 2, 4, 5, 6, 7, 8, 9, 1, 0]",{}
20,NN+2opt,10,2.1919092213038294,0.0006509859813377,46,True,,"[2, 4, 5, 6, 7, 8, 9, 3, 1, 0]",{}
20,PSO,10,2.3266838958507137,0.0795228180941194,7500,True,,"[2, 3, 9, 8, 4, 7, 6, 5, 1, 0]",{}
20,Portfolio,10,2.169746843952334,4.88275476207491,22547,True,ACO,"[0, 1, 9, 8, 7, 6, 5, 4, 2, 3]","{""candidate_evaluations"": {""ACO"": 7500, ""DE"": 7500, ""NN+2opt"": 46, ""PSO"": 7500, ""Raw"": 1}, ""candidate_lengths_km"": {""ACO"": 2.1697468439523346, ""DE"": 2.1697468439523346, ""NN+2opt"": 2.1919092213038294, ""PSO"": 2.3266838958507137, ""Raw"": 2.3271501377921155}, ""priority"": [""Raw"", ""NN+2opt"", ""ACO"", ""DE"", ""PSO""], ""tie_tolerance_km"": 1e-12}"
20,Raw,10,2.3271501377921155,0.0001346770441159,1,True,,"[0, 1, 2, 3, 4, 5, 6, 7, 8, 9]",{}
20,ACO,11,2.169746843952334,4.397015908034518,7500,True,,"[3, 2, 4, 5, 6, 7, 8, 9, 1, 0]","{""alpha"": 1.0, ""beta"": 2.0, ""evaluation_budget"": 7500, ""evaporation"": 0.5, ""population"": 50}"
20,ACO×3,11,2.169746843952334,13.14185951196123,22500,True,ACO stream 1,"[3, 2, 4, 5, 6, 7, 8, 9, 1, 0]","{""candidate_lengths_km"": [2.1697468439523346, 2.1697468439523346, 2.1697468439523346], ""candidate_seeds"": [11, 31, 51], ""tie_tolerance_km"": 1e-12}"
20,DE,11,2.1769846879087407,0.799302433966659,7500,True,,"[5, 6, 7, 4, 2, 3, 8, 9, 1, 0]",{}
20,NN+2opt,11,2.1919092213038294,0.0006327499868348,46,True,,"[2, 4, 5, 6, 7, 8, 9, 3, 1, 0]",{}
20,PSO,11,2.169746843952334,0.0812901780009269,7500,True,,"[0, 1, 9, 8, 7, 6, 5, 4, 2, 3]",{}
20,Portfolio,11,2.169746843952334,5.278395121917129,22547,True,ACO,"[3, 2, 4, 5, 6, 7, 8, 9, 1, 0]","{""candidate_evaluations"": {""ACO"": 7500, ""DE"": 7500, ""NN+2opt"": 46, ""PSO"": 7500, ""Raw"": 1}, ""candidate_lengths_km"": {""ACO"": 2.1697468439523346, ""DE"": 2.1769846879087407, ""NN+2opt"": 2.1919092213038294, ""PSO"": 2.1697468439523346, ""Raw"": 2.3271501377921155}, ""priority"": [""Raw"", ""NN+2opt"", ""ACO"", ""DE"", ""PSO""], ""tie_tolerance_km"": 1e-12}"
20,Raw,11,2.3271501377921155,0.0001448469702154,1,True,,"[0, 1, 2, 3, 4, 5, 6, 7, 8, 9]",{}
20,ACO,12,2.169746843952334,4.043417580076493,7500,True,,"[0, 1, 9, 8, 7, 6, 5, 4, 2, 3]","{""alpha"": 1.0, ""beta"": 2.0, ""evaluation_budget"": 7500, ""evaporation"": 0.5, ""population"": 50}"
20,ACO×3,12,2.169746843952334,12.300585310091265,22500,True,ACO stream 1,"[0, 1, 9, 8, 7, 6, 5, 4, 2, 3]","{""candidate_lengths_km"": [2.1697468439523346, 2.1697468439523346, 2.1697468439523346], ""candidate_seeds"": [12, 32, 52], ""tie_tolerance_km"": 1e-12}"
20,DE,12,2.169746843952334,0.7666851519607008,7500,True,,"[3, 2, 4, 5, 6, 7, 8, 9, 1, 0]",{}
20,NN+2opt,12,2.1919092213038294,0.0006866930052638,46,True,,"[2, 4, 5, 6, 7, 8, 9, 3, 1, 0]",{}
20,PSO,12,2.239068843480264,0.0795210080686956,7500,True,,"[0, 1, 2, 4, 5, 6, 7, 8, 9, 3]",{}
20,Portfolio,12,2.169746843952334,4.890469069126993,22547,True,ACO,"[0, 1, 9, 8, 7, 6, 5, 4, 2, 3]","{""candidate_evaluations"": {""ACO"": 7500, ""DE"": 7500, ""NN+2opt"": 46, ""PSO"": 7500, ""Raw"": 1}, ""candidate_lengths_km"": {""ACO"": 2.1697468439523346, ""DE"": 2.1697468439523346, ""NN+2opt"": 2.1919092213038294, ""PSO"": 2.239068843480264, ""Raw"": 2.3271501377921155}, ""priority"": [""Raw"", ""NN+2opt"", ""ACO"", ""DE"", ""PSO""], ""tie_tolerance_km"": 1e-12}"
20,Raw,12,2.3271501377921155,0.0001496400218456,1,True,,"[0, 1, 2, 3, 4, 5, 6, 7, 8, 9]",{}
20,ACO,13,2.169746843952334,4.06009850895498,7500,True,,"[3, 2, 4, 5, 6, 7, 8, 9, 1, 0]","{""alpha"": 1.0, ""beta"": 2.0, ""evaluation_budget"": 7500, ""evaporation"": 0.5, ""population"": 50}"
20,ACO×3,13,2.169746843952334,12.298154412885197,22500,True,ACO stream 1,"[3, 2, 4, 5, 6, 7, 8, 9, 1, 0]","{""candidate_lengths_km"": [2.1697468439523346, 2.1697468439523346, 2.1697468439523346], ""candidate_seeds"": [13, 33, 53], ""tie_tolerance_km"": 1e-12}"
20,DE,13,2.1769846879087407,0.7700151050230488,7500,True,,"[0, 1, 9, 8, 3, 2, 4, 7, 6, 5]",{}
20,NN+2opt,13,2.1919092213038294,0.000645238906145,46,True,,"[2, 4, 5, 6, 7, 8, 9, 3, 1, 0]",{}
20,PSO,13,2.169746843952334,0.0798598140245303,7500,True,,"[3, 2, 4, 5, 6, 7, 8, 9, 1, 0]",{}
20,Portfolio,13,2.169746843952334,4.910764565924183,22547,True,ACO,"[3, 2, 4, 5, 6, 7, 8, 9, 1, 0]","{""candidate_evaluations"": {""ACO"": 7500, ""DE"": 7500, ""NN+2opt"": 46, ""PSO"": 7500, ""Raw"": 1}, ""candidate_lengths_km"": {""ACO"": 2.1697468439523346, ""DE"": 2.1769846879087407, ""NN+2opt"": 2.1919092213038294, ""PSO"": 2.1697468439523346, ""Raw"": 2.3271501377921155}, ""priority"": [""Raw"", ""NN+2opt"", ""ACO"", ""DE"", ""PSO""], ""tie_tolerance_km"": 1e-12}"
20,Raw,13,2.3271501377921155,0.0001373749691992,1,True,,"[0, 1, 2, 3, 4, 5, 6, 7, 8, 9]",{}
20,ACO,14,2.169746843952334,3.9860208510654047,7500,True,,"[3, 2, 4, 5, 6, 7, 8, 9, 1, 0]","{""alpha"": 1.0, ""beta"": 2.0, ""evaluation_budget"": 7500, ""evaporation"": 0.5, ""population"": 50}"
20,ACO×3,14,2.169746843952334,12.091208462952636,22500,True,ACO stream 1,"[3, 2, 4, 5, 6, 7, 8, 9, 1, 0]","{""candidate_lengths_km"": [2.1697468439523346, 2.1697468439523346, 2.1697468439523346], ""candidate_seeds"": [14, 34, 54], ""tie_tolerance_km"": 1e-12}"
20,DE,14,2.1769846879087407,0.7563084160210565,7500,True,,"[0, 1, 9, 8, 3, 2, 4, 7, 6, 5]",{}
20,NN+2opt,14,2.1919092213038294,0.0006473039975389,46,True,,"[2, 4, 5, 6, 7, 8, 9, 3, 1, 0]",{}
20,PSO,14,2.169746843952334,0.0778234489262104,7500,True,,"[0, 1, 9, 8, 7, 6, 5, 4, 2, 3]",{}
20,Portfolio,14,2.169746843952334,4.820939973113127,22547,True,ACO,"[3, 2, 4, 5, 6, 7, 8, 9, 1, 0]","{""candidate_evaluations"": {""ACO"": 7500, ""DE"": 7500, ""NN+2opt"": 46, ""PSO"": 7500, ""Raw"": 1}, ""candidate_lengths_km"": {""ACO"": 2.1697468439523346, ""DE"": 2.1769846879087407, ""NN+2opt"": 2.1919092213038294, ""PSO"": 2.1697468439523346, ""Raw"": 2.3271501377921155}, ""priority"": [""Raw"", ""NN+2opt"", ""ACO"", ""DE"", ""PSO""], ""tie_tolerance_km"": 1e-12}"
20,Raw,14,2.3271501377921155,0.0001314950641244,1,True,,"[0, 1, 2, 3, 4, 5, 6, 7, 8, 9]",{}
20,ACO,15,2.169746843952334,4.103564728982747,7500,True,,"[3, 2, 4, 5, 6, 7, 8, 9, 1, 0]","{""alpha"": 1.0, ""beta"": 2.0, ""evaluation_budget"": 7500, ""evaporation"": 0.5, ""population"": 50}"
20,ACO×3,15,2.169746843952334,12.279569065896794,22500,True,ACO stream 1,"[3, 2, 4, 5, 6, 7, 8, 9, 1, 0]","{""candidate_lengths_km"": [2.1697468439523346, 2.1697468439523346, 2.1697468439523346], ""candidate_seeds"": [15, 35, 55], ""tie_tolerance_km"": 1e-12}"
20,DE,15,2.1769846879087407,0.758236865978688,7500,True,,"[0, 1, 9, 8, 3, 2, 4, 7, 6, 5]",{}
20,NN+2opt,15,2.1919092213038294,0.0006823659641668,46,True,,"[2, 4, 5, 6, 7, 8, 9, 3, 1, 0]",{}
20,PSO,15,2.271970567007941,0.0815160959027707,7500,True,,"[2, 3, 9, 8, 7, 6, 5, 4, 1, 0]",{}
20,Portfolio,15,2.169746843952334,4.944130482734181,22547,True,ACO,"[3, 2, 4, 5, 6, 7, 8, 9, 1, 0]","{""candidate_evaluations"": {""ACO"": 7500, ""DE"": 7500, ""NN+2opt"": 46, ""PSO"": 7500, ""Raw"": 1}, ""candidate_lengths_km"": {""ACO"": 2.1697468439523346, ""DE"": 2.1769846879087407, ""NN+2opt"": 2.1919092213038294, ""PSO"": 2.2719705670079415, ""Raw"": 2.3271501377921155}, ""priority"": [""Raw"", ""NN+2opt"", ""ACO"", ""DE"", ""PSO""], ""tie_tolerance_km"": 1e-12}"
20,Raw,15,2.3271501377921155,0.0001224089646711,1,True,,"[0, 1, 2, 3, 4, 5, 6, 7, 8, 9]",{}
20,ACO,16,2.169746843952334,4.033051869948395,7500,True,,"[3, 2, 4, 5, 6, 7, 8, 9, 1, 0]","{""alpha"": 1.0, ""beta"": 2.0, ""evaluation_budget"": 7500, ""evaporation"": 0.5, ""population"": 50}"
20,ACO×3,16,2.169746843952334,12.68580564088188,22500,True,ACO stream 1,"[3, 2, 4, 5, 6, 7, 8, 9, 1, 0]","{""candidate_lengths_km"": [2.1697468439523346, 2.1697468439523346, 2.1697468439523346], ""candidate_seeds"": [16, 36, 56], ""tie_tolerance_km"": 1e-12}"
20,DE,16,2.169746843952334,0.7688842139905319,7500,True,,"[0, 1, 9, 8, 7, 6, 5, 4, 2, 3]",{}
20,NN+2opt,16,2.1919092213038294,0.0006441320292651,46,True,,"[2, 4, 5, 6, 7, 8, 9, 3, 1, 0]",{}
20,PSO,16,2.2311698742196677,0.1232708019670099,7500,True,,"[0, 1, 3, 2, 9, 8, 7, 6, 5, 4]",{}
20,Portfolio,16,2.169746843952334,4.926095776958391,22547,True,ACO,"[3, 2, 4, 5, 6, 7, 8, 9, 1, 0]","{""candidate_evaluations"": {""ACO"": 7500, ""DE"": 7500, ""NN+2opt"": 46, ""PSO"": 7500, ""Raw"": 1}, ""candidate_lengths_km"": {""ACO"": 2.1697468439523346, ""DE"": 2.1697468439523346, ""NN+2opt"": 2.1919092213038294, ""PSO"": 2.2311698742196673, ""Raw"": 2.3271501377921155}, ""priority"": [""Raw"", ""NN+2opt"", ""ACO"", ""DE"", ""PSO""], ""tie_tolerance_km"": 1e-12}"
20,Raw,16,2.3271501377921155,0.0002357210032641,1,True,,"[0, 1, 2, 3, 4, 5, 6, 7, 8, 9]",{}
20,ACO,17,2.169746843952334,4.097386226989329,7500,True,,"[3, 2, 4, 5, 6, 7, 8, 9, 1, 0]","{""alpha"": 1.0, ""beta"": 2.0, ""evaluation_budget"": 7500, ""evaporation"": 0.5, ""population"": 50}"
20,ACO×3,17,2.169746843952334,12.42271049390547,22500,True,ACO stream 1,"[3, 2, 4, 5, 6, 7, 8, 9, 1, 0]","{""candidate_lengths_km"": [2.1697468439523346, 2.1697468439523346, 2.1697468439523346], ""candidate_seeds"": [17, 37, 57], ""tie_tolerance_km"": 1e-12}"
20,DE,17,2.1769846879087407,0.7576166740618646,7500,True,,"[0, 1, 9, 8, 3, 2, 4, 7, 6, 5]",{}
20,NN+2opt,17,2.1919092213038294,0.0006599270273,46,True,,"[2, 4, 5, 6, 7, 8, 9, 3, 1, 0]",{}
20,PSO,17,2.2311698742196677,0.0797471629921346,7500,True,,"[0, 1, 3, 2, 9, 8, 7, 6, 5, 4]",{}
20,Portfolio,17,2.169746843952334,4.9355588410981,22547,True,ACO,"[3, 2, 4, 5, 6, 7, 8, 9, 1, 0]","{""candidate_evaluations"": {""ACO"": 7500, ""DE"": 7500, ""NN+2opt"": 46, ""PSO"": 7500, ""Raw"": 1}, ""candidate_lengths_km"": {""ACO"": 2.1697468439523346, ""DE"": 2.1769846879087407, ""NN+2opt"": 2.1919092213038294, ""PSO"": 2.2311698742196673, ""Raw"": 2.3271501377921155}, ""priority"": [""Raw"", ""NN+2opt"", ""ACO"", ""DE"", ""PSO""], ""tie_tolerance_km"": 1e-12}"
20,Raw,17,2.3271501377921155,0.0001407650997862,1,True,,"[0, 1, 2, 3, 4, 5, 6, 7, 8, 9]",{}
20,ACO,18,2.169746843952334,4.8476394090102986,7500,True,,"[3, 2, 4, 5, 6, 7, 8, 9, 1, 0]","{""alpha"": 1.0, ""beta"": 2.0, ""evaluation_budget"": 7500, ""evaporation"": 0.5, ""population"": 50}"
20,ACO×3,18,2.169746843952334,13.651915323920548,22500,True,ACO stream 1,"[3, 2, 4, 5, 6, 7, 8, 9, 1, 0]","{""candidate_lengths_km"": [2.1697468439523346, 2.1697468439523346, 2.1697468439523346], ""candidate_seeds"": [18, 38, 58], ""tie_tolerance_km"": 1e-12}"
20,DE,18,2.1769846879087407,0.752723039011471,7500,True,,"[0, 1, 9, 8, 3, 2, 4, 7, 6, 5]",{}
20,NN+2opt,18,2.1919092213038294,0.0006403439911082,46,True,,"[2, 4, 5, 6, 7, 8, 9, 3, 1, 0]",{}
20,PSO,18,2.1919092213038294,0.0816375269787386,7500,True,,"[2, 4, 5, 6, 7, 8, 9, 3, 1, 0]",{}
20,Portfolio,18,2.169746843952334,5.682868954958394,22547,True,ACO,"[3, 2, 4, 5, 6, 7, 8, 9, 1, 0]","{""candidate_evaluations"": {""ACO"": 7500, ""DE"": 7500, ""NN+2opt"": 46, ""PSO"": 7500, ""Raw"": 1}, ""candidate_lengths_km"": {""ACO"": 2.1697468439523346, ""DE"": 2.1769846879087407, ""NN+2opt"": 2.1919092213038294, ""PSO"": 2.1919092213038294, ""Raw"": 2.3271501377921155}, ""priority"": [""Raw"", ""NN+2opt"", ""ACO"", ""DE"", ""PSO""], ""tie_tolerance_km"": 1e-12}"
20,Raw,18,2.3271501377921155,0.0002208349760621,1,True,,"[0, 1, 2, 3, 4, 5, 6, 7, 8, 9]",{}
20,ACO,19,2.169746843952334,4.084043830982409,7500,True,,"[3, 2, 4, 5, 6, 7, 8, 9, 1, 0]","{""alpha"": 1.0, ""beta"": 2.0, ""evaluation_budget"": 7500, ""evaporation"": 0.5, ""population"": 50}"
20,ACO×3,19,2.169746843952334,12.345920947031118,22500,True,ACO stream 1,"[3, 2, 4, 5, 6, 7, 8, 9, 1, 0]","{""candidate_lengths_km"": [2.1697468439523346, 2.1697468439523346, 2.1697468439523346], ""candidate_seeds"": [19, 39, 59], ""tie_tolerance_km"": 1e-12}"
20,DE,19,2.1769846879087407,0.7947525769704953,7500,True,,"[0, 1, 9, 8, 3, 2, 4, 7, 6, 5]",{}
20,NN+2opt,19,2.1919092213038294,0.0006477199494838,46,True,,"[2, 4, 5, 6, 7, 8, 9, 3, 1, 0]",{}
20,PSO,19,2.1769846879087407,0.0818047799402847,7500,True,,"[5, 6, 7, 4, 2, 3, 8, 9, 1, 0]",{}
20,Portfolio,19,2.169746843952334,4.961385141825303,22547,True,ACO,"[3, 2, 4, 5, 6, 7, 8, 9, 1, 0]","{""candidate_evaluations"": {""ACO"": 7500, ""DE"": 7500, ""NN+2opt"": 46, ""PSO"": 7500, ""Raw"": 1}, ""candidate_lengths_km"": {""ACO"": 2.1697468439523346, ""DE"": 2.1769846879087407, ""NN+2opt"": 2.1919092213038294, ""PSO"": 2.1769846879087407, ""Raw"": 2.3271501377921155}, ""priority"": [""Raw"", ""NN+2opt"", ""ACO"", ""DE"", ""PSO""], ""tie_tolerance_km"": 1e-12}"
20,Raw,19,2.3271501377921155,0.000127627979964,1,True,,"[0, 1, 2, 3, 4, 5, 6, 7, 8, 9]",{}
21,ACO,0,2.207342884706021,2.9176520340843126,7500,True,,"[1, 2, 4, 5, 6, 3, 0]","{""alpha"": 1.0, ""beta"": 2.0, ""evaluation_budget"": 7500, ""evaporation"": 0.5, ""population"": 50}"
21,ACO×3,0,2.207342884706021,8.677176786237396,22500,True,ACO stream 1,"[1, 2, 4, 5, 6, 3, 0]","{""candidate_lengths_km"": [2.207342884706021, 2.207342884706021, 2.207342884706021], ""candidate_seeds"": [0, 20, 40], ""tie_tolerance_km"": 1e-12}"
21,DE,0,2.207342884706021,0.782331098918803,7500,True,,"[1, 2, 4, 5, 6, 3, 0]",{}
21,NN+2opt,0,2.207342884706021,0.0003900360316038,34,True,,"[0, 3, 6, 5, 4, 2, 1]",{}
21,PSO,0,2.207342884706021,0.0741379560204222,7500,True,,"[1, 2, 4, 5, 6, 3, 0]",{}
21,Portfolio,0,2.207342884706021,3.7746028100373215,22535,True,NN+2opt,"[0, 3, 6, 5, 4, 2, 1]","{""candidate_evaluations"": {""ACO"": 7500, ""DE"": 7500, ""NN+2opt"": 34, ""PSO"": 7500, ""Raw"": 1}, ""candidate_lengths_km"": {""ACO"": 2.207342884706021, ""DE"": 2.207342884706021, ""NN+2opt"": 2.2073428847060215, ""PSO"": 2.207342884706021, ""Raw"": 2.4993160201002165}, ""priority"": [""Raw"", ""NN+2opt"", ""ACO"", ""DE"", ""PSO""], ""tie_tolerance_km"": 1e-12}"
21,Raw,0,2.4993160201002165,8.243403863161802e-05,1,True,,"[0, 1, 2, 3, 4, 5, 6]",{}
21,ACO,1,2.207342884706021,2.81030464801006,7500,True,,"[1, 2, 4, 5, 6, 3, 0]","{""alpha"": 1.0, ""beta"": 2.0, ""evaluation_budget"": 7500, ""evaporation"": 0.5, ""population"": 50}"
21,ACO×3,1,2.207342884706021,8.58551472099498,22500,True,ACO stream 1,"[1, 2, 4, 5, 6, 3, 0]","{""candidate_lengths_km"": [2.207342884706021, 2.207342884706021, 2.207342884706021], ""candidate_seeds"": [1, 21, 41], ""tie_tolerance_km"": 1e-12}"
21,DE,1,2.207342884706021,0.7555205969838426,7500,True,,"[1, 2, 4, 5, 6, 3, 0]",{}
21,NN+2opt,1,2.207342884706021,0.0003893399843946,34,True,,"[0, 3, 6, 5, 4, 2, 1]",{}
21,PSO,1,2.207342884706021,0.07226837601047,7500,True,,"[0, 3, 6, 5, 4, 2, 1]",{}
21,Portfolio,1,2.207342884706021,3.6385717319790274,22535,True,NN+2opt,"[0, 3, 6, 5, 4, 2, 1]","{""candidate_evaluations"": {""ACO"": 7500, ""DE"": 7500, ""NN+2opt"": 34, ""PSO"": 7500, ""Raw"": 1}, ""candidate_lengths_km"": {""ACO"": 2.207342884706021, ""DE"": 2.207342884706021, ""NN+2opt"": 2.2073428847060215, ""PSO"": 2.2073428847060215, ""Raw"": 2.4993160201002165}, ""priority"": [""Raw"", ""NN+2opt"", ""ACO"", ""DE"", ""PSO""], ""tie_tolerance_km"": 1e-12}"
21,Raw,1,2.4993160201002165,7.998000364750624e-05,1,True,,"[0, 1, 2, 3, 4, 5, 6]",{}
21,ACO,2,2.207342884706021,2.891708556911908,7500,True,,"[1, 2, 4, 5, 6, 3, 0]","{""alpha"": 1.0, ""beta"": 2.0, ""evaluation_budget"": 7500, ""evaporation"": 0.5, ""population"": 50}"
21,ACO×3,2,2.207342884706021,8.785701059852727,22500,True,ACO stream 1,"[1, 2, 4, 5, 6, 3, 0]","{""candidate_lengths_km"": [2.207342884706021, 2.207342884706021, 2.207342884706021], ""candidate_seeds"": [2, 22, 42], ""tie_tolerance_km"": 1e-12}"
21,DE,2,2.207342884706021,0.7652152699884027,7500,True,,"[1, 2, 4, 5, 6, 3, 0]",{}
21,NN+2opt,2,2.207342884706021,0.0003812379436567,34,True,,"[0, 3, 6, 5, 4, 2, 1]",{}
21,PSO,2,2.207342884706021,0.074296758044511,7500,True,,"[1, 2, 4, 5, 6, 3, 0]",{}
21,Portfolio,2,2.207342884706021,3.731742391828448,22535,True,NN+2opt,"[0, 3, 6, 5, 4, 2, 1]","{""candidate_evaluations"": {""ACO"": 7500, ""DE"": 7500, ""NN+2opt"": 34, ""PSO"": 7500, ""Raw"": 1}, ""candidate_lengths_km"": {""ACO"": 2.207342884706021, ""DE"": 2.207342884706021, ""NN+2opt"": 2.2073428847060215, ""PSO"": 2.207342884706021, ""Raw"": 2.4993160201002165}, ""priority"": [""Raw"", ""NN+2opt"", ""ACO"", ""DE"", ""PSO""], ""tie_tolerance_km"": 1e-12}"
21,Raw,2,2.4993160201002165,0.0001313129905611,1,True,,"[0, 1, 2, 3, 4, 5, 6]",{}
21,ACO,3,2.207342884706021,2.851063039037399,7500,True,,"[1, 2, 4, 5, 6, 3, 0]","{""alpha"": 1.0, ""beta"": 2.0, ""evaluation_budget"": 7500, ""evaporation"": 0.5, ""population"": 50}"
21,ACO×3,3,2.207342884706021,8.660788194043562,22500,True,ACO stream 1,"[1, 2, 4, 5, 6, 3, 0]","{""candidate_lengths_km"": [2.207342884706021, 2.207342884706021, 2.207342884706021], ""candidate_seeds"": [3, 23, 43], ""tie_tolerance_km"": 1e-12}"
21,DE,3,2.207342884706021,0.7687355059897527,7500,True,,"[1, 2, 4, 5, 6, 3, 0]",{}
21,NN+2opt,3,2.207342884706021,0.0003971650730818,34,True,,"[0, 3, 6, 5, 4, 2, 1]",{}
21,PSO,3,2.207342884706021,0.0726624659728258,7500,True,,"[1, 2, 4, 5, 6, 3, 0]",{}
21,Portfolio,3,2.207342884706021,3.692952845129184,22535,True,NN+2opt,"[0, 3, 6, 5, 4, 2, 1]","{""candidate_evaluations"": {""ACO"": 7500, ""DE"": 7500, ""NN+2opt"": 34, ""PSO"": 7500, ""Raw"": 1}, ""candidate_lengths_km"": {""ACO"": 2.207342884706021, ""DE"": 2.207342884706021, ""NN+2opt"": 2.2073428847060215, ""PSO"": 2.207342884706021, ""Raw"": 2.4993160201002165}, ""priority"": [""Raw"", ""NN+2opt"", ""ACO"", ""DE"", ""PSO""], ""tie_tolerance_km"": 1e-12}"
21,Raw,3,2.4993160201002165,8.548703044652939e-05,1,True,,"[0, 1, 2, 3, 4, 5, 6]",{}
21,ACO,4,2.207342884706021,2.8701683760154992,7500,True,,"[1, 2, 4, 5, 6, 3, 0]","{""alpha"": 1.0, ""beta"": 2.0, ""evaluation_budget"": 7500, ""evaporation"": 0.5, ""population"": 50}"
21,ACO×3,4,2.207342884706021,8.659189476980828,22500,True,ACO stream 1,"[1, 2, 4, 5, 6, 3, 0]","{""candidate_lengths_km"": [2.207342884706021, 2.207342884706021, 2.207342884706021], ""candidate_seeds"": [4, 24, 44], ""tie_tolerance_km"": 1e-12}"
21,DE,4,2.207342884706021,1.0229973539244384,7500,True,,"[1, 2, 4, 5, 6, 3, 0]",{}
21,NN+2opt,4,2.207342884706021,0.0003990608965978,34,True,,"[0, 3, 6, 5, 4, 2, 1]",{}
21,PSO,4,2.242375979735251,0.1100826720939949,7500,True,,"[0, 1, 3, 6, 5, 4, 2]",{}
21,Portfolio,4,2.207342884706021,4.003739180974662,22535,True,NN+2opt,"[0, 3, 6, 5, 4, 2, 1]","{""candidate_evaluations"": {""ACO"": 7500, ""DE"": 7500, ""NN+2opt"": 34, ""PSO"": 7500, ""Raw"": 1}, ""candidate_lengths_km"": {""ACO"": 2.207342884706021, ""DE"": 2.207342884706021, ""NN+2opt"": 2.2073428847060215, ""PSO"": 2.242375979735251, ""Raw"": 2.4993160201002165}, ""priority"": [""Raw"", ""NN+2opt"", ""ACO"", ""DE"", ""PSO""], ""tie_tolerance_km"": 1e-12}"
21,Raw,4,2.4993160201002165,8.237606380134821e-05,1,True,,"[0, 1, 2, 3, 4, 5, 6]",{}
21,ACO,5,2.207342884706021,2.8929544030688703,7500,True,,"[1, 2, 4, 5, 6, 3, 0]","{""alpha"": 1.0, ""beta"": 2.0, ""evaluation_budget"": 7500, ""evaporation"": 0.5, ""population"": 50}"
21,ACO×3,5,2.207342884706021,8.719721296103671,22500,True,ACO stream 1,"[1, 2, 4, 5, 6, 3, 0]","{""candidate_lengths_km"": [2.207342884706021, 2.207342884706021, 2.207342884706021], ""candidate_seeds"": [5, 25, 45], ""tie_tolerance_km"": 1e-12}"
21,DE,5,2.207342884706021,0.7933872319990769,7500,True,,"[1, 2, 4, 5, 6, 3, 0]",{}
21,NN+2opt,5,2.207342884706021,0.000389636028558,34,True,,"[0, 3, 6, 5, 4, 2, 1]",{}
21,PSO,5,2.258046035865393,0.0733408499509096,7500,True,,"[0, 1, 2, 4, 5, 6, 3]",{}
21,Portfolio,5,2.207342884706021,3.7601594399893656,22535,True,NN+2opt,"[0, 3, 6, 5, 4, 2, 1]","{""candidate_evaluations"": {""ACO"": 7500, ""DE"": 7500, ""NN+2opt"": 34, ""PSO"": 7500, ""Raw"": 1}, ""candidate_lengths_km"": {""ACO"": 2.207342884706021, ""DE"": 2.207342884706021, ""NN+2opt"": 2.2073428847060215, ""PSO"": 2.258046035865393, ""Raw"": 2.4993160201002165}, ""priority"": [""Raw"", ""NN+2opt"", ""ACO"", ""DE"", ""PSO""], ""tie_tolerance_km"": 1e-12}"
21,Raw,5,2.4993160201002165,7.801991887390614e-05,1,True,,"[0, 1, 2, 3, 4, 5, 6]",{}
21,ACO,6,2.207342884706021,3.0403217650018632,7500,True,,"[1, 2, 4, 5, 6, 3, 0]","{""alpha"": 1.0, ""beta"": 2.0, ""evaluation_budget"": 7500, ""evaporation"": 0.5, ""population"": 50}"
21,ACO×3,6,2.207342884706021,8.911011541844346,22500,True,ACO stream 1,"[1, 2, 4, 5, 6, 3, 0]","{""candidate_lengths_km"": [2.207342884706021, 2.207342884706021, 2.207342884706021], ""candidate_seeds"": [6, 26, 46], ""tie_tolerance_km"": 1e-12}"
21,DE,6,2.207342884706021,0.7412965459516272,7500,True,,"[1, 2, 4, 5, 6, 3, 0]",{}
21,NN+2opt,6,2.207342884706021,0.000385012011975,34,True,,"[0, 3, 6, 5, 4, 2, 1]",{}
21,PSO,6,2.2492424803186104,0.0703731179237365,7500,True,,"[1, 3, 6, 5, 4, 2, 0]",{}
21,Portfolio,6,2.207342884706021,3.852463118848391,22535,True,NN+2opt,"[0, 3, 6, 5, 4, 2, 1]","{""candidate_evaluations"": {""ACO"": 7500, ""DE"": 7500, ""NN+2opt"": 34, ""PSO"": 7500, ""Raw"": 1}, ""candidate_lengths_km"": {""ACO"": 2.207342884706021, ""DE"": 2.207342884706021, ""NN+2opt"": 2.2073428847060215, ""PSO"": 2.2492424803186104, ""Raw"": 2.4993160201002165}, ""priority"": [""Raw"", ""NN+2opt"", ""ACO"", ""DE"", ""PSO""], ""tie_tolerance_km"": 1e-12}"
21,Raw,6,2.4993160201002165,7.747893687337637e-05,1,True,,"[0, 1, 2, 3, 4, 5, 6]",{}
21,ACO,7,2.207342884706021,2.850064566009678,7500,True,,"[1, 2, 4, 5, 6, 3, 0]","{""alpha"": 1.0, ""beta"": 2.0, ""evaluation_budget"": 7500, ""evaporation"": 0.5, ""population"": 50}"
21,ACO×3,7,2.207342884706021,8.408827977953479,22500,True,ACO stream 1,"[1, 2, 4, 5, 6, 3, 0]","{""candidate_lengths_km"": [2.207342884706021, 2.207342884706021, 2.207342884706021], ""candidate_seeds"": [7, 27, 47], ""tie_tolerance_km"": 1e-12}"
21,DE,7,2.207342884706021,0.7476533999433741,7500,True,,"[1, 2, 4, 5, 6, 3, 0]",{}
21,NN+2opt,7,2.207342884706021,0.0003883270546793,34,True,,"[0, 3, 6, 5, 4, 2, 1]",{}
21,PSO,7,2.242375979735251,0.07276508200448,7500,True,,"[0, 1, 3, 6, 5, 4, 2]",{}
21,Portfolio,7,2.207342884706021,3.6709582790499553,22535,True,NN+2opt,"[0, 3, 6, 5, 4, 2, 1]","{""candidate_evaluations"": {""ACO"": 7500, ""DE"": 7500, ""NN+2opt"": 34, ""PSO"": 7500, ""Raw"": 1}, ""candidate_lengths_km"": {""ACO"": 2.207342884706021, ""DE"": 2.207342884706021, ""NN+2opt"": 2.2073428847060215, ""PSO"": 2.242375979735251, ""Raw"": 2.4993160201002165}, ""priority"": [""Raw"", ""NN+2opt"", ""ACO"", ""DE"", ""PSO""], ""tie_tolerance_km"": 1e-12}"
21,Raw,7,2.4993160201002165,7.876195013523102e-05,1,True,,"[0, 1, 2, 3, 4, 5, 6]",{}
21,ACO,8,2.207342884706021,3.115965101984329,7500,True,,"[1, 2, 4, 5, 6, 3, 0]","{""alpha"": 1.0, ""beta"": 2.0, ""evaluation_budget"": 7500, ""evaporation"": 0.5, ""population"": 50}"
21,ACO×3,8,2.207342884706021,8.734564019017853,22500,True,ACO stream 1,"[1, 2, 4, 5, 6, 3, 0]","{""candidate_lengths_km"": [2.207342884706021, 2.207342884706021, 2.207342884706021], ""candidate_seeds"": [8, 28, 48], ""tie_tolerance_km"": 1e-12}"
21,DE,8,2.207342884706021,1.081625984981656,7500,True,,"[1, 2, 4, 5, 6, 3, 0]",{}
21,NN+2opt,8,2.207342884706021,0.0003940460737794,34,True,,"[0, 3, 6, 5, 4, 2, 1]",{}
21,PSO,8,2.2492424803186104,0.0908981850370764,7500,True,,"[1, 3, 6, 5, 4, 2, 0]",{}
21,Portfolio,8,2.207342884706021,4.288970616064034,22535,True,NN+2opt,"[0, 3, 6, 5, 4, 2, 1]","{""candidate_evaluations"": {""ACO"": 7500, ""DE"": 7500, ""NN+2opt"": 34, ""PSO"": 7500, ""Raw"": 1}, ""candidate_lengths_km"": {""ACO"": 2.207342884706021, ""DE"": 2.207342884706021, ""NN+2opt"": 2.2073428847060215, ""PSO"": 2.2492424803186104, ""Raw"": 2.4993160201002165}, ""priority"": [""Raw"", ""NN+2opt"", ""ACO"", ""DE"", ""PSO""], ""tie_tolerance_km"": 1e-12}"
21,Raw,8,2.4993160201002165,7.797800935804844e-05,1,True,,"[0, 1, 2, 3, 4, 5, 6]",{}
21,ACO,9,2.207342884706021,3.08011771296151,7500,True,,"[1, 2, 4, 5, 6, 3, 0]","{""alpha"": 1.0, ""beta"": 2.0, ""evaluation_budget"": 7500, ""evaporation"": 0.5, ""population"": 50}"
21,ACO×3,9,2.207342884706021,9.335029637091791,22500,True,ACO stream 1,"[1, 2, 4, 5, 6, 3, 0]","{""candidate_lengths_km"": [2.207342884706021, 2.207342884706021, 2.207342884706021], ""candidate_seeds"": [9, 29, 49], ""tie_tolerance_km"": 1e-12}"
21,DE,9,2.207342884706021,0.7675947219831869,7500,True,,"[1, 2, 4, 5, 6, 3, 0]",{}
21,NN+2opt,9,2.207342884706021,0.0003822660073637,34,True,,"[0, 3, 6, 5, 4, 2, 1]",{}
21,PSO,9,2.242375979735251,0.072224452975206,7500,True,,"[0, 1, 3, 6, 5, 4, 2]",{}
21,Portfolio,9,2.207342884706021,3.920404497999698,22535,True,NN+2opt,"[0, 3, 6, 5, 4, 2, 1]","{""candidate_evaluations"": {""ACO"": 7500, ""DE"": 7500, ""NN+2opt"": 34, ""PSO"": 7500, ""Raw"": 1}, ""candidate_lengths_km"": {""ACO"": 2.207342884706021, ""DE"": 2.207342884706021, ""NN+2opt"": 2.2073428847060215, ""PSO"": 2.242375979735251, ""Raw"": 2.4993160201002165}, ""priority"": [""Raw"", ""NN+2opt"", ""ACO"", ""DE"", ""PSO""], ""tie_tolerance_km"": 1e-12}"
21,Raw,9,2.4993160201002165,7.635599467903376e-05,1,True,,"[0, 1, 2, 3, 4, 5, 6]",{}
21,ACO,10,2.207342884706021,2.7767752760555595,7500,True,,"[1, 2, 4, 5, 6, 3, 0]","{""alpha"": 1.0, ""beta"": 2.0, ""evaluation_budget"": 7500, ""evaporation"": 0.5, ""population"": 50}"
21,ACO×3,10,2.207342884706021,8.790304797003046,22500,True,ACO stream 1,"[1, 2, 4, 5, 6, 3, 0]","{""candidate_lengths_km"": [2.207342884706021, 2.207342884706021, 2.207342884706021], ""candidate_seeds"": [10, 30, 50], ""tie_tolerance_km"": 1e-12}"
21,DE,10,2.242375979735251,0.7187362059485167,7500,True,,"[0, 1, 3, 6, 5, 4, 2]",{}
21,NN+2opt,10,2.207342884706021,0.0003839910496026,34,True,,"[0, 3, 6, 5, 4, 2, 1]",{}
21,PSO,10,2.2868830026413263,0.0740379779599607,7500,True,,"[0, 1, 2, 3, 6, 5, 4]",{}
21,Portfolio,10,2.207342884706021,3.5700177040416747,22535,True,NN+2opt,"[0, 3, 6, 5, 4, 2, 1]","{""candidate_evaluations"": {""ACO"": 7500, ""DE"": 7500, ""NN+2opt"": 34, ""PSO"": 7500, ""Raw"": 1}, ""candidate_lengths_km"": {""ACO"": 2.207342884706021, ""DE"": 2.242375979735251, ""NN+2opt"": 2.2073428847060215, ""PSO"": 2.2868830026413263, ""Raw"": 2.4993160201002165}, ""priority"": [""Raw"", ""NN+2opt"", ""ACO"", ""DE"", ""PSO""], ""tie_tolerance_km"": 1e-12}"
21,Raw,10,2.4993160201002165,7.60069815441966e-05,1,True,,"[0, 1, 2, 3, 4, 5, 6]",{}
21,ACO,11,2.207342884706021,2.828234578948468,7500,True,,"[1, 2, 4, 5, 6, 3, 0]","{""alpha"": 1.0, ""beta"": 2.0, ""evaluation_budget"": 7500, ""evaporation"": 0.5, ""population"": 50}"
21,ACO×3,11,2.207342884706021,8.389364359900355,22500,True,ACO stream 1,"[1, 2, 4, 5, 6, 3, 0]","{""candidate_lengths_km"": [2.207342884706021, 2.207342884706021, 2.207342884706021], ""candidate_seeds"": [11, 31, 51], ""tie_tolerance_km"": 1e-12}"
21,DE,11,2.207342884706021,0.7165214420529082,7500,True,,"[1, 2, 4, 5, 6, 3, 0]",{}
21,NN+2opt,11,2.207342884706021,0.0006666929693892,34,True,,"[0, 3, 6, 5, 4, 2, 1]",{}
21,PSO,11,2.242375979735252,0.0734518809476867,7500,True,,"[2, 4, 5, 6, 3, 1, 0]",{}
21,Portfolio,11,2.207342884706021,3.6189685869030654,22535,True,NN+2opt,"[0, 3, 6, 5, 4, 2, 1]","{""candidate_evaluations"": {""ACO"": 7500, ""DE"": 7500, ""NN+2opt"": 34, ""PSO"": 7500, ""Raw"": 1}, ""candidate_lengths_km"": {""ACO"": 2.207342884706021, ""DE"": 2.207342884706021, ""NN+2opt"": 2.2073428847060215, ""PSO"": 2.2423759797352516, ""Raw"": 2.4993160201002165}, ""priority"": [""Raw"", ""NN+2opt"", ""ACO"", ""DE"", ""PSO""], ""tie_tolerance_km"": 1e-12}"
21,Raw,11,2.4993160201002165,8.293206337839365e-05,1,True,,"[0, 1, 2, 3, 4, 5, 6]",{}
21,ACO,12,2.207342884706021,2.79226949706208,7500,True,,"[1, 2, 4, 5, 6, 3, 0]","{""alpha"": 1.0, ""beta"": 2.0, ""evaluation_budget"": 7500, ""evaporation"": 0.5, ""population"": 50}"
21,ACO×3,12,2.207342884706021,8.35036747297272,22500,True,ACO stream 1,"[1, 2, 4, 5, 6, 3, 0]","{""candidate_lengths_km"": [2.207342884706021, 2.207342884706021, 2.207342884706021], ""candidate_seeds"": [12, 32, 52], ""tie_tolerance_km"": 1e-12}"
21,DE,12,2.207342884706021,0.7322697030613199,7500,True,,"[1, 2, 4, 5, 6, 3, 0]",{}
21,NN+2opt,12,2.207342884706021,0.0003860800061374,34,True,,"[0, 3, 6, 5, 4, 2, 1]",{}
21,PSO,12,2.207342884706021,0.0737364119850099,7500,True,,"[0, 3, 6, 5, 4, 2, 1]",{}
21,Portfolio,12,2.207342884706021,3.5988141240086406,22535,True,NN+2opt,"[0, 3, 6, 5, 4, 2, 1]","{""candidate_evaluations"": {""ACO"": 7500, ""DE"": 7500, ""NN+2opt"": 34, ""PSO"": 7500, ""Raw"": 1}, ""candidate_lengths_km"": {""ACO"": 2.207342884706021, ""DE"": 2.207342884706021, ""NN+2opt"": 2.2073428847060215, ""PSO"": 2.2073428847060215, ""Raw"": 2.4993160201002165}, ""priority"": [""Raw"", ""NN+2opt"", ""ACO"", ""DE"", ""PSO""], ""tie_tolerance_km"": 1e-12}"
21,Raw,12,2.4993160201002165,0.0001431559212505,1,True,,"[0, 1, 2, 3, 4, 5, 6]",{}
21,ACO,13,2.207342884706021,2.8680163179524243,7500,True,,"[1, 2, 4, 5, 6, 3, 0]","{""alpha"": 1.0, ""beta"": 2.0, ""evaluation_budget"": 7500, ""evaporation"": 0.5, ""population"": 50}"
21,ACO×3,13,2.207342884706021,8.569255901849829,22500,True,ACO stream 1,"[1, 2, 4, 5, 6, 3, 0]","{""candidate_lengths_km"": [2.207342884706021, 2.207342884706021, 2.207342884706021], ""candidate_seeds"": [13, 33, 53], ""tie_tolerance_km"": 1e-12}"
21,DE,13,2.207342884706021,0.7541649050544947,7500,True,,"[1, 2, 4, 5, 6, 3, 0]",{}
21,NN+2opt,13,2.207342884706021,0.0003878439310938,34,True,,"[0, 3, 6, 5, 4, 2, 1]",{}
21,PSO,13,2.207342884706021,0.0799151440151035,7500,True,,"[0, 3, 6, 5, 4, 2, 1]",{}
21,Portfolio,13,2.207342884706021,3.702571026980877,22535,True,NN+2opt,"[0, 3, 6, 5, 4, 2, 1]","{""candidate_evaluations"": {""ACO"": 7500, ""DE"": 7500, ""NN+2opt"": 34, ""PSO"": 7500, ""Raw"": 1}, ""candidate_lengths_km"": {""ACO"": 2.207342884706021, ""DE"": 2.207342884706021, ""NN+2opt"": 2.2073428847060215, ""PSO"": 2.2073428847060215, ""Raw"": 2.4993160201002165}, ""priority"": [""Raw"", ""NN+2opt"", ""ACO"", ""DE"", ""PSO""], ""tie_tolerance_km"": 1e-12}"
21,Raw,13,2.4993160201002165,7.782201282680035e-05,1,True,,"[0, 1, 2, 3, 4, 5, 6]",{}
21,ACO,14,2.207342884706021,2.8940591339487582,7500,True,,"[1, 2, 4, 5, 6, 3, 0]","{""alpha"": 1.0, ""beta"": 2.0, ""evaluation_budget"": 7500, ""evaporation"": 0.5, ""population"": 50}"
21,ACO×3,14,2.207342884706021,9.03877638396807,22500,True,ACO stream 1,"[1, 2, 4, 5, 6, 3, 0]","{""candidate_lengths_km"": [2.207342884706021, 2.207342884706021, 2.207342884706021], ""candidate_seeds"": [14, 34, 54], ""tie_tolerance_km"": 1e-12}"
21,DE,14,2.207342884706021,0.7598637220216915,7500,True,,"[1, 2, 4, 5, 6, 3, 0]",{}
21,NN+2opt,14,2.207342884706021,0.0003868850180879,34,True,,"[0, 3, 6, 5, 4, 2, 1]",{}
21,PSO,14,2.207342884706021,0.0769827580079436,7500,True,,"[1, 2, 4, 5, 6, 3, 0]",{}
21,Portfolio,14,2.207342884706021,3.731381160090677,22535,True,NN+2opt,"[0, 3, 6, 5, 4, 2, 1]","{""candidate_evaluations"": {""ACO"": 7500, ""DE"": 7500, ""NN+2opt"": 34, ""PSO"": 7500, ""Raw"": 1}, ""candidate_lengths_km"": {""ACO"": 2.207342884706021, ""DE"": 2.207342884706021, ""NN+2opt"": 2.2073428847060215, ""PSO"": 2.207342884706021, ""Raw"": 2.4993160201002165}, ""priority"": [""Raw"", ""NN+2opt"", ""ACO"", ""DE"", ""PSO""], ""tie_tolerance_km"": 1e-12}"
21,Raw,14,2.4993160201002165,7.935205940157175e-05,1,True,,"[0, 1, 2, 3, 4, 5, 6]",{}
21,ACO,15,2.207342884706021,2.8566983120981604,7500,True,,"[1, 2, 4, 5, 6, 3, 0]","{""alpha"": 1.0, ""beta"": 2.0, ""evaluation_budget"": 7500, ""evaporation"": 0.5, ""population"": 50}"
21,ACO×3,15,2.207342884706021,8.543236214085482,22500,True,ACO stream 1,"[1, 2, 4, 5, 6, 3, 0]","{""candidate_lengths_km"": [2.207342884706021, 2.207342884706021, 2.207342884706021], ""candidate_seeds"": [15, 35, 55], ""tie_tolerance_km"": 1e-12}"
21,DE,15,2.207342884706021,0.733807400916703,7500,True,,"[1, 2, 4, 5, 6, 3, 0]",{}
21,NN+2opt,15,2.207342884706021,0.0003900539595633,34,True,,"[0, 3, 6, 5, 4, 2, 1]",{}
21,PSO,15,2.258046035865393,0.0695621570339426,7500,True,,"[0, 1, 2, 4, 5, 6, 3]",{}
21,Portfolio,15,2.207342884706021,3.660553383058868,22535,True,NN+2opt,"[0, 3, 6, 5, 4, 2, 1]","{""candidate_evaluations"": {""ACO"": 7500, ""DE"": 7500, ""NN+2opt"": 34, ""PSO"": 7500, ""Raw"": 1}, ""candidate_lengths_km"": {""ACO"": 2.207342884706021, ""DE"": 2.207342884706021, ""NN+2opt"": 2.2073428847060215, ""PSO"": 2.258046035865393, ""Raw"": 2.4993160201002165}, ""priority"": [""Raw"", ""NN+2opt"", ""ACO"", ""DE"", ""PSO""], ""tie_tolerance_km"": 1e-12}"
21,Raw,15,2.4993160201002165,8.63830791786313e-05,1,True,,"[0, 1, 2, 3, 4, 5, 6]",{}
21,ACO,16,2.207342884706021,2.9127167420228943,7500,True,,"[1, 2, 4, 5, 6, 3, 0]","{""alpha"": 1.0, ""beta"": 2.0, ""evaluation_budget"": 7500, ""evaporation"": 0.5, ""population"": 50}"
21,ACO×3,16,2.207342884706021,8.35009401210118,22500,True,ACO stream 1,"[1, 2, 4, 5, 6, 3, 0]","{""candidate_lengths_km"": [2.207342884706021, 2.207342884706021, 2.207342884706021], ""candidate_seeds"": [16, 36, 56], ""tie_tolerance_km"": 1e-12}"
21,DE,16,2.207342884706021,0.7355644890340045,7500,True,,"[0, 3, 6, 5, 4, 2, 1]",{}
21,NN+2opt,16,2.207342884706021,0.000384864048101,34,True,,"[0, 3, 6, 5, 4, 2, 1]",{}
21,PSO,16,2.207342884706021,0.073112042970024,7500,True,,"[1, 2, 4, 5, 6, 3, 0]",{}
21,Portfolio,16,2.207342884706021,3.7218678441131487,22535,True,NN+2opt,"[0, 3, 6, 5, 4, 2, 1]","{""candidate_evaluations"": {""ACO"": 7500, ""DE"": 7500, ""NN+2opt"": 34, ""PSO"": 7500, ""Raw"": 1}, ""candidate_lengths_km"": {""ACO"": 2.207342884706021, ""DE"": 2.2073428847060215, ""NN+2opt"": 2.2073428847060215, ""PSO"": 2.207342884706021, ""Raw"": 2.4993160201002165}, ""priority"": [""Raw"", ""NN+2opt"", ""ACO"", ""DE"", ""PSO""], ""tie_tolerance_km"": 1e-12}"
21,Raw,16,2.4993160201002165,8.04470619186759e-05,1,True,,"[0, 1, 2, 3, 4, 5, 6]",{}
21,ACO,17,2.207342884706021,2.7668442559661344,7500,True,,"[1, 2, 4, 5, 6, 3, 0]","{""alpha"": 1.0, ""beta"": 2.0, ""evaluation_budget"": 7500, ""evaporation"": 0.5, ""population"": 50}"
21,ACO×3,17,2.207342884706021,8.350176107953303,22500,True,ACO stream 1,"[1, 2, 4, 5, 6, 3, 0]","{""candidate_lengths_km"": [2.207342884706021, 2.207342884706021, 2.207342884706021], ""candidate_seeds"": [17, 37, 57], ""tie_tolerance_km"": 1e-12}"
21,DE,17,2.207342884706021,0.7179540580837056,7500,True,,"[1, 2, 4, 5, 6, 3, 0]",{}
21,NN+2opt,17,2.207342884706021,0.0003777609672397,34,True,,"[0, 3, 6, 5, 4, 2, 1]",{}
21,PSO,17,2.207342884706021,0.0701808199519291,7500,True,,"[0, 3, 6, 5, 4, 2, 1]",{}
21,Portfolio,17,2.207342884706021,3.555455495952629,22535,True,NN+2opt,"[0, 3, 6, 5, 4, 2, 1]","{""candidate_evaluations"": {""ACO"": 7500, ""DE"": 7500, ""NN+2opt"": 34, ""PSO"": 7500, ""Raw"": 1}, ""candidate_lengths_km"": {""ACO"": 2.207342884706021, ""DE"": 2.207342884706021, ""NN+2opt"": 2.2073428847060215, ""PSO"": 2.2073428847060215, ""Raw"": 2.4993160201002165}, ""priority"": [""Raw"", ""NN+2opt"", ""ACO"", ""DE"", ""PSO""], ""tie_tolerance_km"": 1e-12}"
21,Raw,17,2.4993160201002165,8.944293949753046e-05,1,True,,"[0, 1, 2, 3, 4, 5, 6]",{}
21,ACO,18,2.207342884706021,2.757344712968916,7500,True,,"[1, 2, 4, 5, 6, 3, 0]","{""alpha"": 1.0, ""beta"": 2.0, ""evaluation_budget"": 7500, ""evaporation"": 0.5, ""population"": 50}"
21,ACO×3,18,2.207342884706021,8.284360968857072,22500,True,ACO stream 1,"[1, 2, 4, 5, 6, 3, 0]","{""candidate_lengths_km"": [2.207342884706021, 2.207342884706021, 2.207342884706021], ""candidate_seeds"": [18, 38, 58], ""tie_tolerance_km"": 1e-12}"
21,DE,18,2.207342884706021,0.7246729050530121,7500,True,,"[1, 2, 4, 5, 6, 3, 0]",{}
21,NN+2opt,18,2.207342884706021,0.0003836459945887,34,True,,"[0, 3, 6, 5, 4, 2, 1]",{}
21,PSO,18,2.242375979735252,0.0712085920386016,7500,True,,"[2, 4, 5, 6, 3, 1, 0]",{}
21,Portfolio,18,2.207342884706021,3.5536987500963733,22535,True,NN+2opt,"[0, 3, 6, 5, 4, 2, 1]","{""candidate_evaluations"": {""ACO"": 7500, ""DE"": 7500, ""NN+2opt"": 34, ""PSO"": 7500, ""Raw"": 1}, ""candidate_lengths_km"": {""ACO"": 2.207342884706021, ""DE"": 2.207342884706021, ""NN+2opt"": 2.2073428847060215, ""PSO"": 2.2423759797352516, ""Raw"": 2.4993160201002165}, ""priority"": [""Raw"", ""NN+2opt"", ""ACO"", ""DE"", ""PSO""], ""tie_tolerance_km"": 1e-12}"
21,Raw,18,2.4993160201002165,7.989897858351469e-05,1,True,,"[0, 1, 2, 3, 4, 5, 6]",{}
21,ACO,19,2.207342884706021,2.819168689078652,7500,True,,"[1, 2, 4, 5, 6, 3, 0]","{""alpha"": 1.0, ""beta"": 2.0, ""evaluation_budget"": 7500, ""evaporation"": 0.5, ""population"": 50}"
21,ACO×3,19,2.207342884706021,8.56893783598207,22500,True,ACO stream 1,"[1, 2, 4, 5, 6, 3, 0]","{""candidate_lengths_km"": [2.207342884706021, 2.207342884706021, 2.207342884706021], ""candidate_seeds"": [19, 39, 59], ""tie_tolerance_km"": 1e-12}"
21,DE,19,2.207342884706021,0.7511047360021621,7500,True,,"[1, 2, 4, 5, 6, 3, 0]",{}
21,NN+2opt,19,2.207342884706021,0.0003985529765486,34,True,,"[0, 3, 6, 5, 4, 2, 1]",{}
21,PSO,19,2.258046035865393,0.0702378860441967,7500,True,,"[3, 6, 5, 4, 2, 1, 0]",{}
21,Portfolio,19,2.207342884706021,3.640996515052393,22535,True,NN+2opt,"[0, 3, 6, 5, 4, 2, 1]","{""candidate_evaluations"": {""ACO"": 7500, ""DE"": 7500, ""NN+2opt"": 34, ""PSO"": 7500, ""Raw"": 1}, ""candidate_lengths_km"": {""ACO"": 2.207342884706021, ""DE"": 2.207342884706021, ""NN+2opt"": 2.2073428847060215, ""PSO"": 2.258046035865393, ""Raw"": 2.4993160201002165}, ""priority"": [""Raw"", ""NN+2opt"", ""ACO"", ""DE"", ""PSO""], ""tie_tolerance_km"": 1e-12}"
21,Raw,19,2.4993160201002165,7.730396464467049e-05,1,True,,"[0, 1, 2, 3, 4, 5, 6]",{}
22,ACO,0,0.6495626464756479,18.06479510408826,7500,True,,"[1, 2, 3, 0, 4, 5, 6, 7, 8, 9, 10, 11, 12, 13, 14, 15, 16, 17, 18, 19, 20, 21, 22, 23, 24, 25, 26, 27, 28, 29, 30, 31, 32, 33, 34, 35, 36, 37, 38, 39, 40, 41]","{""alpha"": 1.0, ""beta"": 2.0, ""evaluation_budget"": 7500, ""evaporation"": 0.5, ""population"": 50}"
22,ACO×3,0,0.6495626464756479,53.81436938710976,22500,True,ACO stream 1,"[1, 2, 3, 0, 4, 5, 6, 7, 8, 9, 10, 11, 12, 13, 14, 15, 16, 17, 18, 19, 20, 21, 22, 23, 24, 25, 26, 27, 28, 29, 30, 31, 32, 33, 34, 35, 36, 37, 38, 39, 40, 41]","{""candidate_lengths_km"": [0.6495626464756479, 0.6495626464756479, 0.6495626464756479], ""candidate_seeds"": [0, 20, 40], ""tie_tolerance_km"": 1e-12}"
22,DE,0,1.5351524108794297,0.9099248150596396,7500,True,,"[1, 3, 4, 8, 9, 12, 29, 38, 40, 37, 39, 41, 35, 34, 31, 32, 33, 36, 25, 27, 24, 26, 21, 20, 16, 11, 15, 18, 14, 28, 30, 22, 23, 17, 6, 2, 13, 19, 10, 5, 7, 0]",{}
22,NN+2opt,0,0.6495626464756479,0.0179517139913514,867,True,,"[1, 2, 3, 0, 4, 5, 6, 7, 8, 9, 10, 11, 12, 13, 14, 15, 16, 17, 18, 19, 20, 21, 22, 23, 24, 25, 26, 27, 28, 29, 30, 31, 32, 33, 34, 35, 36, 37, 38, 39, 40, 41]",{}
22,PSO,0,2.103267579044375,0.1795390871120616,7500,True,,"[18, 22, 29, 37, 11, 3, 9, 12, 20, 23, 32, 34, 15, 17, 10, 4, 7, 5, 1, 0, 21, 14, 16, 27, 28, 25, 24, 31, 35, 36, 39, 40, 41, 38, 33, 30, 26, 2, 6, 13, 19, 8]",{}
22,Portfolio,0,0.6495626464756479,19.17354305414483,23368,True,NN+2opt,"[1, 2, 3, 0, 4, 5, 6, 7, 8, 9, 10, 11, 12, 13, 14, 15, 16, 17, 18, 19, 20, 21, 22, 23, 24, 25, 26, 27, 28, 29, 30, 31, 32, 33, 34, 35, 36, 37, 38, 39, 40, 41]","{""candidate_evaluations"": {""ACO"": 7500, ""DE"": 7500, ""NN+2opt"": 867, ""PSO"": 7500, ""Raw"": 1}, ""candidate_lengths_km"": {""ACO"": 0.6495626464756479, ""DE"": 1.5351524108794297, ""NN+2opt"": 0.6495626464756479, ""PSO"": 2.103267579044375, ""Raw"": 0.665613609574188}, ""priority"": [""Raw"", ""NN+2opt"", ""ACO"", ""DE"", ""PSO""], ""tie_tolerance_km"": 1e-12}"
22,Raw,0,0.665613609574188,0.0013240309199318,1,True,,"[0, 1, 2, 3, 4, 5, 6, 7, 8, 9, 10, 11, 12, 13, 14, 15, 16, 17, 18, 19, 20, 21, 22, 23, 24, 25, 26, 27, 28, 29, 30, 31, 32, 33, 34, 35, 36, 37, 38, 39, 40, 41]",{}
22,ACO,1,0.6495626464756479,17.584517342038453,7500,True,,"[1, 2, 3, 0, 4, 5, 6, 7, 8, 9, 10, 11, 12, 13, 14, 15, 16, 17, 18, 19, 20, 21, 22, 23, 24, 25, 26, 27, 28, 29, 30, 31, 32, 33, 34, 35, 36, 37, 38, 39, 40, 41]","{""alpha"": 1.0, ""beta"": 2.0, ""evaluation_budget"": 7500, ""evaporation"": 0.5, ""population"": 50}"
22,ACO×3,1,0.6495626464756479,53.464301611064,22500,True,ACO stream 1,"[1, 2, 3, 0, 4, 5, 6, 7, 8, 9, 10, 11, 12, 13, 14, 15, 16, 17, 18, 19, 20, 21, 22, 23, 24, 25, 26, 27, 28, 29, 30, 31, 32, 33, 34, 35, 36, 37, 38, 39, 40, 41]","{""candidate_lengths_km"": [0.6495626464756479, 0.6495626464756479, 0.6495626464756479], ""candidate_seeds"": [1, 21, 41], ""tie_tolerance_km"": 1e-12}"
22,DE,1,1.2059683258699037,0.8889451660215855,7500,True,,"[0, 1, 2, 3, 4, 7, 13, 14, 9, 6, 5, 8, 10, 12, 11, 16, 17, 15, 24, 18, 20, 19, 21, 23, 27, 22, 26, 34, 25, 30, 31, 28, 29, 32, 33, 35, 36, 37, 38, 39, 40, 41]",{}
22,NN+2opt,1,0.6495626464756479,0.0202813020441681,867,True,,"[1, 2, 3, 0, 4, 5, 6, 7, 8, 9, 10, 11, 12, 13, 14, 15, 16, 17, 18, 19, 20, 21, 22, 23, 24, 25, 26, 27, 28, 29, 30, 31, 32, 33, 34, 35, 36, 37, 38, 39, 40, 41]",{}
22,PSO,1,2.2201336871542483,0.1858223209856078,7500,True,,"[0, 4, 10, 20, 36, 35, 32, 28, 21, 26, 24, 17, 16, 9, 8, 7, 19, 37, 40, 39, 25, 22, 18, 15, 5, 33, 38, 29, 27, 23, 41, 34, 31, 30, 3, 1, 2, 13, 6, 14, 11, 12]",{}
22,Portfolio,1,0.6495626464756479,18.680850067990832,23368,True,NN+2opt,"[1, 2, 3, 0, 4, 5, 6, 7, 8, 9, 10, 11, 12, 13, 14, 15, 16, 17, 18, 19, 20, 21, 22, 23, 24, 25, 26, 27, 28, 29, 30, 31, 32, 33, 34, 35, 36, 37, 38, 39, 40, 41]","{""candidate_evaluations"": {""ACO"": 7500, ""DE"": 7500, ""NN+2opt"": 867, ""PSO"": 7500, ""Raw"": 1}, ""candidate_lengths_km"": {""ACO"": 0.6495626464756479, ""DE"": 1.2059683258699037, ""NN+2opt"": 0.6495626464756479, ""PSO"": 2.2201336871542483, ""Raw"": 0.665613609574188}, ""priority"": [""Raw"", ""NN+2opt"", ""ACO"", ""DE"", ""PSO""], ""tie_tolerance_km"": 1e-12}"
22,Raw,1,0.665613609574188,0.001275734975934,1,True,,"[0, 1, 2, 3, 4, 5, 6, 7, 8, 9, 10, 11, 12, 13, 14, 15, 16, 17, 18, 19, 20, 21, 22, 23, 24, 25, 26, 27, 28, 29, 30, 31, 32, 33, 34, 35, 36, 37, 38, 39, 40, 41]",{}
22,ACO,2,0.6495626464756479,18.28015593998134,7500,True,,"[1, 2, 3, 0, 4, 5, 6, 7, 8, 9, 10, 11, 12, 13, 14, 15, 16, 17, 18, 19, 20, 21, 22, 23, 24, 25, 26, 27, 28, 29, 30, 31, 32, 33, 34, 35, 36, 37, 38, 39, 40, 41]","{""alpha"": 1.0, ""beta"": 2.0, ""evaluation_budget"": 7500, ""evaporation"": 0.5, ""population"": 50}"
22,ACO×3,2,0.6495626464756479,55.53019028401468,22500,True,ACO stream 1,"[1, 2, 3, 0, 4, 5, 6, 7, 8, 9, 10, 11, 12, 13, 14, 15, 16, 17, 18, 19, 20, 21, 22, 23, 24, 25, 26, 27, 28, 29, 30, 31, 32, 33, 34, 35, 36, 37, 38, 39, 40, 41]","{""candidate_lengths_km"": [0.6495626464756479, 0.6495626464756479, 0.6495626464756479], ""candidate_seeds"": [2, 22, 42], ""tie_tolerance_km"": 1e-12}"
22,DE,2,1.3562514780720536,0.9422965529374778,7500,True,,"[1, 2, 4, 11, 12, 15, 17, 16, 21, 18, 25, 27, 36, 35, 34, 32, 38, 40, 39, 41, 37, 31, 33, 22, 28, 29, 30, 26, 20, 23, 19, 24, 10, 3, 5, 9, 6, 7, 14, 13, 0, 8]",{}
22,NN+2opt,2,0.6495626464756479,0.0204000100493431,867,True,,"[1, 2, 3, 0, 4, 5, 6, 7, 8, 9, 10, 11, 12, 13, 14, 15, 16, 17, 18, 19, 20, 21, 22, 23, 24, 25, 26, 27, 28, 29, 30, 31, 32, 33, 34, 35, 36, 37, 38, 39, 40, 41]",{}
22,PSO,2,1.3008762489451589,0.2031353949569165,7500,True,,"[1, 4, 5, 11, 26, 31, 35, 33, 36, 41, 40, 38, 37, 10, 7, 6, 2, 0, 8, 13, 14, 15, 17, 18, 20, 22, 23, 24, 25, 27, 28, 29, 30, 32, 39, 34, 21, 19, 16, 12, 9, 3]",{}
22,Portfolio,2,0.6495626464756479,19.447307485039342,23368,True,NN+2opt,"[1, 2, 3, 0, 4, 5, 6, 7, 8, 9, 10, 11, 12, 13, 14, 15, 16, 17, 18, 19, 20, 21, 22, 23, 24, 25, 26, 27, 28, 29, 30, 31, 32, 33, 34, 35, 36, 37, 38, 39, 40, 41]","{""candidate_evaluations"": {""ACO"": 7500, ""DE"": 7500, ""NN+2opt"": 867, ""PSO"": 7500, ""Raw"": 1}, ""candidate_lengths_km"": {""ACO"": 0.6495626464756479, ""DE"": 1.3562514780720536, ""NN+2opt"": 0.6495626464756479, ""PSO"": 1.3008762489451589, ""Raw"": 0.665613609574188}, ""priority"": [""Raw"", ""NN+2opt"", ""ACO"", ""DE"", ""PSO""], ""tie_tolerance_km"": 1e-12}"
22,Raw,2,0.665613609574188,0.0013108040438964,1,True,,"[0, 1, 2, 3, 4, 5, 6, 7, 8, 9, 10, 11, 12, 13, 14, 15, 16, 17, 18, 19, 20, 21, 22, 23, 24, 25, 26, 27, 28, 29, 30, 31, 32, 33, 34, 35, 36, 37, 38, 39, 40, 41]",{}
22,ACO,3,0.6495626464756479,17.911749257938936,7500,True,,"[1, 2, 3, 0, 4, 5, 6, 7, 8, 9, 10, 11, 12, 13, 14, 15, 16, 17, 18, 19, 20, 21, 22, 23, 24, 25, 26, 27, 28, 29, 30, 31, 32, 33, 34, 35, 36, 37, 38, 39, 40, 41]","{""alpha"": 1.0, ""beta"": 2.0, ""evaluation_budget"": 7500, ""evaporation"": 0.5, ""population"": 50}"
22,ACO×3,3,0.6495626464756479,54.472164432983845,22500,True,ACO stream 1,"[1, 2, 3, 0, 4, 5, 6, 7, 8, 9, 10, 11, 12, 13, 14, 15, 16, 17, 18, 19, 20, 21, 22, 23, 24, 25, 26, 27, 28, 29, 30, 31, 32, 33, 34, 35, 36, 37, 38, 39, 40, 41]","{""candidate_lengths_km"": [0.6495626464756479, 0.6495626464756479, 0.6495626464756479], ""candidate_seeds"": [3, 23, 43], ""tie_tolerance_km"": 1e-12}"
22,DE,3,1.6750262940044252,0.9252728599822148,7500,True,,"[2, 5, 7, 8, 27, 34, 33, 32, 36, 41, 40, 39, 38, 31, 37, 30, 29, 35, 23, 26, 22, 4, 10, 11, 12, 20, 18, 14, 3, 1, 13, 9, 28, 24, 25, 21, 19, 17, 16, 15, 6, 0]",{}
22,NN+2opt,3,0.6495626464756479,0.0308552019996568,867,True,,"[1, 2, 3, 0, 4, 5, 6, 7, 8, 9, 10, 11, 12, 13, 14, 15, 16, 17, 18, 19, 20, 21, 22, 23, 24, 25, 26, 27, 28, 29, 30, 31, 32, 33, 34, 35, 36, 37, 38, 39, 40, 41]",{}
22,PSO,3,1.6170647840147487,0.2060991320759058,7500,True,,"[3, 4, 5, 15, 12, 11, 10, 9, 14, 29, 23, 18, 27, 33, 35, 38, 39, 30, 25, 20, 19, 17, 16, 13, 8, 6, 2, 1, 0, 7, 22, 21, 31, 28, 24, 26, 34, 32, 37, 36, 40, 41]",{}
22,Portfolio,3,0.6495626464756479,19.07544207002502,23368,True,NN+2opt,"[1, 2, 3, 0, 4, 5, 6, 7, 8, 9, 10, 11, 12, 13, 14, 15, 16, 17, 18, 19, 20, 21, 22, 23, 24, 25, 26, 27, 28, 29, 30, 31, 32, 33, 34, 35, 36, 37, 38, 39, 40, 41]","{""candidate_evaluations"": {""ACO"": 7500, ""DE"": 7500, ""NN+2opt"": 867, ""PSO"": 7500, ""Raw"": 1}, ""candidate_lengths_km"": {""ACO"": 0.6495626464756479, ""DE"": 1.6750262940044252, ""NN+2opt"": 0.6495626464756479, ""PSO"": 1.6170647840147487, ""Raw"": 0.665613609574188}, ""priority"": [""Raw"", ""NN+2opt"", ""ACO"", ""DE"", ""PSO""], ""tie_tolerance_km"": 1e-12}"
22,Raw,3,0.665613609574188,0.0014570610364899,1,True,,"[0, 1, 2, 3, 4, 5, 6, 7, 8, 9, 10, 11, 12, 13, 14, 15, 16, 17, 18, 19, 20, 21, 22, 23, 24, 25, 26, 27, 28, 29, 30, 31, 32, 33, 34, 35, 36, 37, 38, 39, 40, 41]",{}
22,ACO,4,0.6495626464756479,17.957571811042726,7500,True,,"[1, 2, 3, 0, 4, 5, 6, 7, 8, 9, 10, 11, 12, 13, 14, 15, 16, 17, 18, 19, 20, 21, 22, 23, 24, 25, 26, 27, 28, 29, 30, 31, 32, 33, 34, 35, 36, 37, 38, 39, 40, 41]","{""alpha"": 1.0, ""beta"": 2.0, ""evaluation_budget"": 7500, ""evaporation"": 0.5, ""population"": 50}"
22,ACO×3,4,0.6495626464756479,54.5024368200684,22500,True,ACO stream 1,"[1, 2, 3, 0, 4, 5, 6, 7, 8, 9, 10, 11, 12, 13, 14, 15, 16, 17, 18, 19, 20, 21, 22, 23, 24, 25, 26, 27, 28, 29, 30, 31, 32, 33, 34, 35, 36, 37, 38, 39, 40, 41]","{""candidate_lengths_km"": [0.6495626464756479, 0.6495626464756479, 0.6495626464756479], ""candidate_seeds"": [4, 24, 44], ""tie_tolerance_km"": 1e-12}"
22,DE,4,1.4766702326006866,0.96126413193997,7500,True,,"[0, 2, 3, 10, 20, 21, 22, 19, 24, 23, 36, 35, 40, 41, 39, 37, 28, 27, 30, 33, 34, 31, 29, 38, 32, 26, 25, 15, 14, 17, 5, 6, 13, 18, 16, 8, 11, 9, 1, 12, 7, 4]",{}
22,NN+2opt,4,0.6495626464756479,0.018206519074738,867,True,,"[1, 2, 3, 0, 4, 5, 6, 7, 8, 9, 10, 11, 12, 13, 14, 15, 16, 17, 18, 19, 20, 21, 22, 23, 24, 25, 26, 27, 28, 29, 30, 31, 32, 33, 34, 35, 36, 37, 38, 39, 40, 41]",{}
22,PSO,4,1.5901336786588056,0.1889870029408484,7500,True,,"[5, 12, 38, 33, 39, 36, 27, 25, 34, 37, 41, 40, 35, 24, 20, 19, 21, 22, 4, 3, 2, 1, 0, 13, 14, 10, 6, 9, 11, 15, 16, 18, 26, 30, 29, 32, 31, 28, 23, 17, 7, 8]",{}
22,Portfolio,4,0.6495626464756479,19.1274008769542,23368,True,NN+2opt,"[1, 2, 3, 0, 4, 5, 6, 7, 8, 9, 10, 11, 12, 13, 14, 15, 16, 17, 18, 19, 20, 21, 22, 23, 24, 25, 26, 27, 28, 29, 30, 31, 32, 33, 34, 35, 36, 37, 38, 39, 40, 41]","{""candidate_evaluations"": {""ACO"": 7500, ""DE"": 7500, ""NN+2opt"": 867, ""PSO"": 7500, ""Raw"": 1}, ""candidate_lengths_km"": {""ACO"": 0.6495626464756479, ""DE"": 1.4766702326006866, ""NN+2opt"": 0.6495626464756479, ""PSO"": 1.5901336786588056, ""Raw"": 0.665613609574188}, ""priority"": [""Raw"", ""NN+2opt"", ""ACO"", ""DE"", ""PSO""], ""tie_tolerance_km"": 1e-12}"
22,Raw,4,0.665613609574188,0.0013635489158332,1,True,,"[0, 1, 2, 3, 4, 5, 6, 7, 8, 9, 10, 11, 12, 13, 14, 15, 16, 17, 18, 19, 20, 21, 22, 23, 24, 25, 26, 27, 28, 29, 30, 31, 32, 33, 34, 35, 36, 37, 38, 39, 40, 41]",{}
22,ACO,5,0.6495626464756479,17.97254595893901,7500,True,,"[1, 2, 3, 0, 4, 5, 6, 7, 8, 9, 10, 11, 12, 13, 14, 15, 16, 17, 18, 19, 20, 21, 22, 23, 24, 25, 26, 27, 28, 29, 30, 31, 32, 33, 34, 35, 36, 37, 38, 39, 40, 41]","{""alpha"": 1.0, ""beta"": 2.0, ""evaluation_budget"": 7500, ""evaporation"": 0.5, ""population"": 50}"
22,ACO×3,5,0.6495626464756479,54.58003818197176,22500,True,ACO stream 1,"[1, 2, 3, 0, 4, 5, 6, 7, 8, 9, 10, 11, 12, 13, 14, 15, 16, 17, 18, 19, 20, 21, 22, 23, 24, 25, 26, 27, 28, 29, 30, 31, 32, 33, 34, 35, 36, 37, 38, 39, 40, 41]","{""candidate_lengths_km"": [0.6495626464756479, 0.6495626464756479, 0.6495626464756479], ""candidate_seeds"": [5, 25, 45], ""tie_tolerance_km"": 1e-12}"
22,DE,5,1.3931039909043137,0.9078618499916048,7500,True,,"[3, 11, 9, 8, 20, 21, 23, 19, 24, 26, 29, 28, 36, 34, 33, 32, 41, 40, 38, 31, 39, 35, 37, 27, 30, 25, 22, 18, 15, 14, 17, 12, 10, 2, 4, 1, 16, 13, 5, 0, 7, 6]",{}
22,NN+2opt,5,0.6495626464756479,0.0176802349742501,867,True,,"[1, 2, 3, 0, 4, 5, 6, 7, 8, 9, 10, 11, 12, 13, 14, 15, 16, 17, 18, 19, 20, 21, 22, 23, 24, 25, 26, 27, 28, 29, 30, 31, 32, 33, 34, 35, 36, 37, 38, 39, 40, 41]",{}
22,PSO,5,1.7729928630784524,0.1794056630460545,7500,True,,"[10, 12, 11, 17, 25, 4, 7, 9, 8, 15, 21, 23, 24, 38, 34, 40, 30, 18, 16, 14, 5, 1, 6, 20, 31, 26, 28, 29, 35, 33, 37, 39, 41, 36, 32, 27, 22, 19, 13, 3, 2, 0]",{}
22,Portfolio,5,0.6495626464756479,19.078925770008937,23368,True,NN+2opt,"[1, 2, 3, 0, 4, 5, 6, 7, 8, 9, 10, 11, 12, 13, 14, 15, 16, 17, 18, 19, 20, 21, 22, 23, 24, 25, 26, 27, 28, 29, 30, 31, 32, 33, 34, 35, 36, 37, 38, 39, 40, 41]","{""candidate_evaluations"": {""ACO"": 7500, ""DE"": 7500, ""NN+2opt"": 867, ""PSO"": 7500, ""Raw"": 1}, ""candidate_lengths_km"": {""ACO"": 0.6495626464756479, ""DE"": 1.3931039909043137, ""NN+2opt"": 0.6495626464756479, ""PSO"": 1.7729928630784524, ""Raw"": 0.665613609574188}, ""priority"": [""Raw"", ""NN+2opt"", ""ACO"", ""DE"", ""PSO""], ""tie_tolerance_km"": 1e-12}"
22,Raw,5,0.665613609574188,0.0014239090960472,1,True,,"[0, 1, 2, 3, 4, 5, 6, 7, 8, 9, 10, 11, 12, 13, 14, 15, 16, 17, 18, 19, 20, 21, 22, 23, 24, 25, 26, 27, 28, 29, 30, 31, 32, 33, 34, 35, 36, 37, 38, 39, 40, 41]",{}
22,ACO,6,0.6495626464756479,17.50432639301289,7500,True,,"[1, 2, 3, 0, 4, 5, 6, 7, 8, 9, 10, 11, 12, 13, 14, 15, 16, 17, 18, 19, 20, 21, 22, 23, 24, 25, 26, 27, 28, 29, 30, 31, 32, 33, 34, 35, 36, 37, 38, 39, 40, 41]","{""alpha"": 1.0, ""beta"": 2.0, ""evaluation_budget"": 7500, ""evaporation"": 0.5, ""population"": 50}"
22,ACO×3,6,0.6495626464756479,52.77666893508285,22500,True,ACO stream 1,"[1, 2, 3, 0, 4, 5, 6, 7, 8, 9, 10, 11, 12, 13, 14, 15, 16, 17, 18, 19, 20, 21, 22, 23, 24, 25, 26, 27, 28, 29, 30, 31, 32, 33, 34, 35, 36, 37, 38, 39, 40, 41]","{""candidate_lengths_km"": [0.6495626464756479, 0.6495626464756479, 0.6495626464756479], ""candidate_seeds"": [6, 26, 46], ""tie_tolerance_km"": 1e-12}"
22,DE,6,1.6318758260219492,0.8857046531047672,7500,True,,"[0, 1, 2, 8, 15, 22, 18, 19, 24, 25, 31, 36, 35, 34, 33, 32, 40, 41, 37, 38, 39, 29, 27, 20, 6, 9, 11, 4, 21, 7, 3, 5, 30, 28, 26, 23, 16, 17, 13, 14, 10, 12]",{}
22,NN+2opt,6,0.6495626464756479,0.0178152690641582,867,True,,"[1, 2, 3, 0, 4, 5, 6, 7, 8, 9, 10, 11, 12, 13, 14, 15, 16, 17, 18, 19, 20, 21, 22, 23, 24, 25, 26, 27, 28, 29, 30, 31, 32, 33, 34, 35, 36, 37, 38, 39, 40, 41]",{}
22,PSO,6,0.8959360219911535,0.1870533190667629,7500,True,,"[8, 19, 28, 37, 41, 38, 39, 40, 36, 34, 35, 33, 32, 31, 30, 29, 27, 25, 24, 26, 22, 21, 23, 20, 18, 17, 14, 13, 16, 15, 12, 11, 10, 9, 7, 5, 2, 0, 4, 3, 1, 6]",{}
22,Portfolio,6,0.6495626464756479,18.59619988931809,23368,True,NN+2opt,"[1, 2, 3, 0, 4, 5, 6, 7, 8, 9, 10, 11, 12, 13, 14, 15, 16, 17, 18, 19, 20, 21, 22, 23, 24, 25, 26, 27, 28, 29, 30, 31, 32, 33, 34, 35, 36, 37, 38, 39, 40, 41]","{""candidate_evaluations"": {""ACO"": 7500, ""DE"": 7500, ""NN+2opt"": 867, ""PSO"": 7500, ""Raw"": 1}, ""candidate_lengths_km"": {""ACO"": 0.6495626464756479, ""DE"": 1.6318758260219492, ""NN+2opt"": 0.6495626464756479, ""PSO"": 0.8959360219911535, ""Raw"": 0.665613609574188}, ""priority"": [""Raw"", ""NN+2opt"", ""ACO"", ""DE"", ""PSO""], ""tie_tolerance_km"": 1e-12}"
22,Raw,6,0.665613609574188,0.0012883479939773,1,True,,"[0, 1, 2, 3, 4, 5, 6, 7, 8, 9, 10, 11, 12, 13, 14, 15, 16, 17, 18, 19, 20, 21, 22, 23, 24, 25, 26, 27, 28, 29, 30, 31, 32, 33, 34, 35, 36, 37, 38, 39, 40, 41]",{}
22,ACO,7,0.6495626464756479,18.312582098995332,7500,True,,"[1, 2, 3, 0, 4, 5, 6, 7, 8, 9, 10, 11, 12, 13, 14, 15, 16, 17, 18, 19, 20, 21, 22, 23, 24, 25, 26, 27, 28, 29, 30, 31, 32, 33, 34, 35, 36, 37, 38, 39, 40, 41]","{""alpha"": 1.0, ""beta"": 2.0, ""evaluation_budget"": 7500, ""evaporation"": 0.5, ""population"": 50}"
22,ACO×3,7,0.6495626464756479,54.78879419609439,22500,True,ACO stream 1,"[1, 2, 3, 0, 4, 5, 6, 7, 8, 9, 10, 11, 12, 13, 14, 15, 16, 17, 18, 19, 20, 21, 22, 23, 24, 25, 26, 27, 28, 29, 30, 31, 32, 33, 34, 35, 36, 37, 38, 39, 40, 41]","{""candidate_lengths_km"": [0.6495626464756479, 0.6495626464756479, 0.6495626464756479], ""candidate_seeds"": [7, 27, 47], ""tie_tolerance_km"": 1e-12}"
22,DE,7,1.2266097888026386,0.8846573579357937,7500,True,,"[0, 1, 2, 3, 4, 5, 7, 11, 20, 25, 27, 26, 22, 21, 23, 32, 39, 38, 37, 36, 35, 34, 33, 41, 40, 29, 28, 30, 31, 18, 17, 16, 19, 24, 13, 9, 6, 15, 14, 8, 10, 12]",{}
22,NN+2opt,7,0.6495626464756479,0.0175105769885703,867,True,,"[1, 2, 3, 0, 4, 5, 6, 7, 8, 9, 10, 11, 12, 13, 14, 15, 16, 17, 18, 19, 20, 21, 22, 23, 24, 25, 26, 27, 28, 29, 30, 31, 32, 33, 34, 35, 36, 37, 38, 39, 40, 41]",{}
22,PSO,7,1.548100165082713,0.1774888030486181,7500,True,,"[4, 10, 27, 29, 40, 37, 38, 41, 36, 32, 25, 24, 22, 19, 20, 21, 15, 13, 14, 17, 18, 23, 7, 6, 5, 0, 3, 2, 8, 9, 11, 12, 31, 28, 30, 39, 34, 35, 33, 26, 16, 1]",{}
22,Portfolio,7,0.6495626464756479,19.39356289396528,23368,True,NN+2opt,"[1, 2, 3, 0, 4, 5, 6, 7, 8, 9, 10, 11, 12, 13, 14, 15, 16, 17, 18, 19, 20, 21, 22, 23, 24, 25, 26, 27, 28, 29, 30, 31, 32, 33, 34, 35, 36, 37, 38, 39, 40, 41]","{""candidate_evaluations"": {""ACO"": 7500, ""DE"": 7500, ""NN+2opt"": 867, ""PSO"": 7500, ""Raw"": 1}, ""candidate_lengths_km"": {""ACO"": 0.6495626464756479, ""DE"": 1.2266097888026386, ""NN+2opt"": 0.6495626464756479, ""PSO"": 1.548100165082713, ""Raw"": 0.665613609574188}, ""priority"": [""Raw"", ""NN+2opt"", ""ACO"", ""DE"", ""PSO""], ""tie_tolerance_km"": 1e-12}"
22,Raw,7,0.665613609574188,0.0013142720563337,1,True,,"[0, 1, 2, 3, 4, 5, 6, 7, 8, 9, 10, 11, 12, 13, 14, 15, 16, 17, 18, 19, 20, 21, 22, 23, 24, 25, 26, 27, 28, 29, 30, 31, 32, 33, 34, 35, 36, 37, 38, 39, 40, 41]",{}
22,ACO,8,0.6495626464756479,18.096459030988623,7500,True,,"[1, 2, 3, 0, 4, 5, 6, 7, 8, 9, 10, 11, 12, 13, 14, 15, 16, 17, 18, 19, 20, 21, 22, 23, 24, 25, 26, 27, 28, 29, 30, 31, 32, 33, 34, 35, 36, 37, 38, 39, 40, 41]","{""alpha"": 1.0, ""beta"": 2.0, ""evaluation_budget"": 7500, ""evaporation"": 0.5, ""population"": 50}"
22,ACO×3,8,0.6495626464756479,53.97605346795172,22500,True,ACO stream 1,"[1, 2, 3, 0, 4, 5, 6, 7, 8, 9, 10, 11, 12, 13, 14, 15, 16, 17, 18, 19, 20, 21, 22, 23, 24, 25, 26, 27, 28, 29, 30, 31, 32, 33, 34, 35, 36, 37, 38, 39, 40, 41]","{""candidate_lengths_km"": [0.6495626464756479, 0.6495626464756479, 0.6495626464756479], ""candidate_seeds"": [8, 28, 48], ""tie_tolerance_km"": 1e-12}"
22,DE,8,1.331678761416205,0.9432016619248316,7500,True,,"[0, 1, 2, 3, 4, 5, 6, 8, 11, 9, 28, 40, 39, 38, 33, 32, 34, 41, 36, 37, 35, 21, 31, 29, 25, 30, 27, 20, 26, 23, 24, 22, 17, 18, 19, 16, 10, 7, 14, 15, 13, 12]",{}
22,NN+2opt,8,0.6495626464756479,0.0189653179841116,867,True,,"[1, 2, 3, 0, 4, 5, 6, 7, 8, 9, 10, 11, 12, 13, 14, 15, 16, 17, 18, 19, 20, 21, 22, 23, 24, 25, 26, 27, 28, 29, 30, 31, 32, 33, 34, 35, 36, 37, 38, 39, 40, 41]",{}
22,PSO,8,1.622006202573279,0.184732345980592,7500,True,,"[5, 22, 20, 35, 36, 37, 41, 39, 33, 29, 16, 17, 23, 25, 15, 6, 7, 8, 9, 13, 12, 14, 18, 10, 3, 4, 0, 11, 32, 34, 40, 38, 31, 30, 28, 27, 26, 24, 21, 19, 1, 2]",{}
22,Portfolio,8,0.6495626464756479,19.24466830282472,23368,True,NN+2opt,"[1, 2, 3, 0, 4, 5, 6, 7, 8, 9, 10, 11, 12, 13, 14, 15, 16, 17, 18, 19, 20, 21, 22, 23, 24, 25, 26, 27, 28, 29, 30, 31, 32, 33, 34, 35, 36, 37, 38, 39, 40, 41]","{""candidate_evaluations"": {""ACO"": 7500, ""DE"": 7500, ""NN+2opt"": 867, ""PSO"": 7500, ""Raw"": 1}, ""candidate_lengths_km"": {""ACO"": 0.6495626464756479, ""DE"": 1.331678761416205, ""NN+2opt"": 0.6495626464756479, ""PSO"": 1.6220062025732793, ""Raw"": 0.665613609574188}, ""priority"": [""Raw"", ""NN+2opt"", ""ACO"", ""DE"", ""PSO""], ""tie_tolerance_km"": 1e-12}"
22,Raw,8,0.665613609574188,0.0013020449550822,1,True,,"[0, 1, 2, 3, 4, 5, 6, 7, 8, 9, 10, 11, 12, 13, 14, 15, 16, 17, 18, 19, 20, 21, 22, 23, 24, 25, 26, 27, 28, 29, 30, 31, 32, 33, 34, 35, 36, 37, 38, 39, 40, 41]",{}
22,ACO,9,0.6495626464756479,17.512507133069448,7500,True,,"[1, 2, 3, 0, 4, 5, 6, 7, 8, 9, 10, 11, 12, 13, 14, 15, 16, 17, 18, 19, 20, 21, 22, 23, 24, 25, 26, 27, 28, 29, 30, 31, 32, 33, 34, 35, 36, 37, 38, 39, 40, 41]","{""alpha"": 1.0, ""beta"": 2.0, ""evaluation_budget"": 7500, ""evaporation"": 0.5, ""population"": 50}"
22,ACO×3,9,0.6495626464756479,53.36529677908402,22500,True,ACO stream 1,"[1, 2, 3, 0, 4, 5, 6, 7, 8, 9, 10, 11, 12, 13, 14, 15, 16, 17, 18, 19, 20, 21, 22, 23, 24, 25, 26, 27, 28, 29, 30, 31, 32, 33, 34, 35, 36, 37, 38, 39, 40, 41]","{""candidate_lengths_km"": [0.6495626464756479, 0.6495626464756479, 0.6495626464756479], ""candidate_seeds"": [9, 29, 49], ""tie_tolerance_km"": 1e-12}"
22,DE,9,1.7219349454090478,0.9082238340051844,7500,True,,"[0, 1, 3, 7, 15, 13, 14, 17, 24, 23, 20, 31, 36, 35, 33, 32, 40, 39, 37, 38, 41, 9, 6, 8, 4, 10, 19, 22, 21, 16, 5, 2, 11, 18, 25, 34, 27, 26, 28, 29, 30, 12]",{}
22,NN+2opt,9,0.6495626464756479,0.0195570320356637,867,True,,"[1, 2, 3, 0, 4, 5, 6, 7, 8, 9, 10, 11, 12, 13, 14, 15, 16, 17, 18, 19, 20, 21, 22, 23, 24, 25, 26, 27, 28, 29, 30, 31, 32, 33, 34, 35, 36, 37, 38, 39, 40, 41]",{}
22,PSO,9,1.323326368427723,0.2085569660412147,7500,True,,"[6, 8, 18, 17, 24, 25, 27, 34, 37, 30, 16, 23, 32, 31, 35, 39, 41, 40, 38, 36, 33, 29, 28, 26, 22, 21, 20, 19, 13, 9, 7, 4, 5, 1, 2, 10, 11, 12, 3, 0, 14, 15]",{}
22,Portfolio,9,0.6495626464756479,18.65069328912068,23368,True,NN+2opt,"[1, 2, 3, 0, 4, 5, 6, 7, 8, 9, 10, 11, 12, 13, 14, 15, 16, 17, 18, 19, 20, 21, 22, 23, 24, 25, 26, 27, 28, 29, 30, 31, 32, 33, 34, 35, 36, 37, 38, 39, 40, 41]","{""candidate_evaluations"": {""ACO"": 7500, ""DE"": 7500, ""NN+2opt"": 867, ""PSO"": 7500, ""Raw"": 1}, ""candidate_lengths_km"": {""ACO"": 0.6495626464756479, ""DE"": 1.7219349454090478, ""NN+2opt"": 0.6495626464756479, ""PSO"": 1.323326368427723, ""Raw"": 0.665613609574188}, ""priority"": [""Raw"", ""NN+2opt"", ""ACO"", ""DE"", ""PSO""], ""tie_tolerance_km"": 1e-12}"
22,Raw,9,0.665613609574188,0.0018336760113015,1,True,,"[0, 1, 2, 3, 4, 5, 6, 7, 8, 9, 10, 11, 12, 13, 14, 15, 16, 17, 18, 19, 20, 21, 22, 23, 24, 25, 26, 27, 28, 29, 30, 31, 32, 33, 34, 35, 36, 37, 38, 39, 40, 41]",{}
22,ACO,10,0.6495626464756479,17.260265709017403,7500,True,,"[1, 2, 3, 0, 4, 5, 6, 7, 8, 9, 10, 11, 12, 13, 14, 15, 16, 17, 18, 19, 20, 21, 22, 23, 24, 25, 26, 27, 28, 29, 30, 31, 32, 33, 34, 35, 36, 37, 38, 39, 40, 41]","{""alpha"": 1.0, ""beta"": 2.0, ""evaluation_budget"": 7500, ""evaporation"": 0.5, ""population"": 50}"
22,ACO×3,10,0.6495626464756479,52.87387804000173,22500,True,ACO stream 1,"[1, 2, 3, 0, 4, 5, 6, 7, 8, 9, 10, 11, 12, 13, 14, 15, 16, 17, 18, 19, 20, 21, 22, 23, 24, 25, 26, 27, 28, 29, 30, 31, 32, 33, 34, 35, 36, 37, 38, 39, 40, 41]","{""candidate_lengths_km"": [0.6495626464756479, 0.6495626464756479, 0.6495626464756479], ""candidate_seeds"": [10, 30, 50], ""tie_tolerance_km"": 1e-12}"
22,DE,10,1.6559447718178604,0.8678092600312084,7500,True,,"[1, 2, 4, 8, 12, 25, 24, 16, 40, 39, 37, 38, 36, 35, 34, 33, 41, 21, 15, 6, 5, 0, 3, 7, 11, 9, 10, 13, 14, 17, 19, 18, 30, 32, 22, 27, 23, 20, 28, 26, 31, 29]",{}
22,NN+2opt,10,0.6495626464756479,0.0178854770492762,867,True,,"[1, 2, 3, 0, 4, 5, 6, 7, 8, 9, 10, 11, 12, 13, 14, 15, 16, 17, 18, 19, 20, 21, 22, 23, 24, 25, 26, 27, 28, 29, 30, 31, 32, 33, 34, 35, 36, 37, 38, 39, 40, 41]",{}
22,PSO,10,1.712582568056004,0.1792013349477201,7500,True,,"[3, 5, 20, 32, 35, 41, 36, 33, 31, 27, 24, 21, 0, 1, 15, 11, 22, 23, 30, 38, 39, 40, 37, 34, 29, 28, 26, 19, 17, 18, 25, 16, 13, 2, 6, 7, 9, 14, 10, 4, 8, 12]",{}
22,Portfolio,10,0.6495626464756479,18.32655326195527,23368,True,NN+2opt,"[1, 2, 3, 0, 4, 5, 6, 7, 8, 9, 10, 11, 12, 13, 14, 15, 16, 17, 18, 19, 20, 21, 22, 23, 24, 25, 26, 27, 28, 29, 30, 31, 32, 33, 34, 35, 36, 37, 38, 39, 40, 41]","{""candidate_evaluations"": {""ACO"": 7500, ""DE"": 7500, ""NN+2opt"": 867, ""PSO"": 7500, ""Raw"": 1}, ""candidate_lengths_km"": {""ACO"": 0.6495626464756479, ""DE"": 1.6559447718178604, ""NN+2opt"": 0.6495626464756479, ""PSO"": 1.712582568056004, ""Raw"": 0.665613609574188}, ""priority"": [""Raw"", ""NN+2opt"", ""ACO"", ""DE"", ""PSO""], ""tie_tolerance_km"": 1e-12}"
22,Raw,10,0.665613609574188,0.0013835689751431,1,True,,"[0, 1, 2, 3, 4, 5, 6, 7, 8, 9, 10, 11, 12, 13, 14, 15, 16, 17, 18, 19, 20, 21, 22, 23, 24, 25, 26, 27, 28, 29, 30, 31, 32, 33, 34, 35, 36, 37, 38, 39, 40, 41]",{}
22,ACO,11,0.6495626464756479,18.033959463005885,7500,True,,"[1, 2, 3, 0, 4, 5, 6, 7, 8, 9, 10, 11, 12, 13, 14, 15, 16, 17, 18, 19, 20, 21, 22, 23, 24, 25, 26, 27, 28, 29, 30, 31, 32, 33, 34, 35, 36, 37, 38, 39, 40, 41]","{""alpha"": 1.0, ""beta"": 2.0, ""evaluation_budget"": 7500, ""evaporation"": 0.5, ""population"": 50}"
22,ACO×3,11,0.6495626464756479,53.093093669973314,22500,True,ACO stream 1,"[1, 2, 3, 0, 4, 5, 6, 7, 8, 9, 10, 11, 12, 13, 14, 15, 16, 17, 18, 19, 20, 21, 22, 23, 24, 25, 26, 27, 28, 29, 30, 31, 32, 33, 34, 35, 36, 37, 38, 39, 40, 41]","{""candidate_lengths_km"": [0.6495626464756479, 0.6495626464756479, 0.6495626464756479], ""candidate_seeds"": [11, 31, 51], ""tie_tolerance_km"": 1e-12}"
22,DE,11,1.5493570726043124,0.907261096057482,7500,True,,"[3, 4, 7, 11, 13, 18, 33, 32, 40, 41, 38, 39, 36, 35, 37, 31, 34, 25, 28, 27, 29, 22, 26, 30, 24, 20, 19, 16, 23, 0, 12, 15, 9, 17, 21, 14, 6, 8, 10, 2, 1, 5]",{}
22,NN+2opt,11,0.6495626464756479,0.0182530910242348,867,True,,"[1, 2, 3, 0, 4, 5, 6, 7, 8, 9, 10, 11, 12, 13, 14, 15, 16, 17, 18, 19, 20, 21, 22, 23, 24, 25, 26, 27, 28, 29, 30, 31, 32, 33, 34, 35, 36, 37, 38, 39, 40, 41]",{}
22,PSO,11,1.7203037436681736,0.1849667009664699,7500,True,,"[0, 3, 15, 11, 20, 23, 18, 14, 4, 6, 8, 12, 13, 16, 22, 31, 36, 37, 38, 39, 26, 29, 30, 27, 25, 17, 19, 21, 24, 10, 9, 5, 1, 2, 7, 33, 34, 40, 41, 35, 32, 28]",{}
22,Portfolio,11,0.6495626464756479,19.14614647510461,23368,True,NN+2opt,"[1, 2, 3, 0, 4, 5, 6, 7, 8, 9, 10, 11, 12, 13, 14, 15, 16, 17, 18, 19, 20, 21, 22, 23, 24, 25, 26, 27, 28, 29, 30, 31, 32, 33, 34, 35, 36, 37, 38, 39, 40, 41]","{""candidate_evaluations"": {""ACO"": 7500, ""DE"": 7500, ""NN+2opt"": 867, ""PSO"": 7500, ""Raw"": 1}, ""candidate_lengths_km"": {""ACO"": 0.6495626464756479, ""DE"": 1.5493570726043124, ""NN+2opt"": 0.6495626464756479, ""PSO"": 1.7203037436681736, ""Raw"": 0.665613609574188}, ""priority"": [""Raw"", ""NN+2opt"", ""ACO"", ""DE"", ""PSO""], ""tie_tolerance_km"": 1e-12}"
22,Raw,11,0.665613609574188,0.0016979840584099,1,True,,"[0, 1, 2, 3, 4, 5, 6, 7, 8, 9, 10, 11, 12, 13, 14, 15, 16, 17, 18, 19, 20, 21, 22, 23, 24, 25, 26, 27, 28, 29, 30, 31, 32, 33, 34, 35, 36, 37, 38, 39, 40, 41]",{}
22,ACO,12,0.6495626464756479,17.49260683497414,7500,True,,"[1, 2, 3, 0, 4, 5, 6, 7, 8, 9, 10, 11, 12, 13, 14, 15, 16, 17, 18, 19, 20, 21, 22, 23, 24, 25, 26, 27, 28, 29, 30, 31, 32, 33, 34, 35, 36, 37, 38, 39, 40, 41]","{""alpha"": 1.0, ""beta"": 2.0, ""evaluation_budget"": 7500, ""evaporation"": 0.5, ""population"": 50}"
22,ACO×3,12,0.6495626464756479,53.48831975995563,22500,True,ACO stream 1,"[1, 2, 3, 0, 4, 5, 6, 7, 8, 9, 10, 11, 12, 13, 14, 15, 16, 17, 18, 19, 20, 21, 22, 23, 24, 25, 26, 27, 28, 29, 30, 31, 32, 33, 34, 35, 36, 37, 38, 39, 40, 41]","{""candidate_lengths_km"": [0.6495626464756479, 0.6495626464756479, 0.6495626464756479], ""candidate_seeds"": [12, 32, 52], ""tie_tolerance_km"": 1e-12}"
22,DE,12,1.292216054917984,0.8866846289020032,7500,True,,"[1, 4, 7, 8, 12, 13, 11, 16, 19, 14, 6, 0, 5, 3, 2, 10, 9, 15, 18, 20, 17, 21, 23, 24, 22, 26, 30, 28, 34, 25, 29, 27, 31, 33, 36, 32, 35, 37, 38, 39, 40, 41]",{}
22,NN+2opt,12,0.6495626464756479,0.0175260219257324,867,True,,"[1, 2, 3, 0, 4, 5, 6, 7, 8, 9, 10, 11, 12, 13, 14, 15, 16, 17, 18, 19, 20, 21, 22, 23, 24, 25, 26, 27, 28, 29, 30, 31, 32, 33, 34, 35, 36, 37, 38, 39, 40, 41]",{}
22,PSO,12,1.293720537451121,0.1801423409488052,7500,True,,"[0, 4, 1, 5, 18, 24, 23, 22, 21, 20, 19, 25, 26, 27, 32, 33, 36, 38, 39, 40, 41, 37, 35, 34, 31, 3, 2, 6, 11, 28, 30, 29, 16, 17, 12, 13, 14, 15, 9, 8, 10, 7]",{}
22,Portfolio,12,0.6495626464756479,18.57836803176906,23368,True,NN+2opt,"[1, 2, 3, 0, 4, 5, 6, 7, 8, 9, 10, 11, 12, 13, 14, 15, 16, 17, 18, 19, 20, 21, 22, 23, 24, 25, 26, 27, 28, 29, 30, 31, 32, 33, 34, 35, 36, 37, 38, 39, 40, 41]","{""candidate_evaluations"": {""ACO"": 7500, ""DE"": 7500, ""NN+2opt"": 867, ""PSO"": 7500, ""Raw"": 1}, ""candidate_lengths_km"": {""ACO"": 0.6495626464756479, ""DE"": 1.292216054917984, ""NN+2opt"": 0.6495626464756479, ""PSO"": 1.293720537451121, ""Raw"": 0.665613609574188}, ""priority"": [""Raw"", ""NN+2opt"", ""ACO"", ""DE"", ""PSO""], ""tie_tolerance_km"": 1e-12}"
22,Raw,12,0.665613609574188,0.0013994600158184,1,True,,"[0, 1, 2, 3, 4, 5, 6, 7, 8, 9, 10, 11, 12, 13, 14, 15, 16, 17, 18, 19, 20, 21, 22, 23, 24, 25, 26, 27, 28, 29, 30, 31, 32, 33, 34, 35, 36, 37, 38, 39, 40, 41]",{}
22,ACO,13,0.6495626464756479,17.512111584073864,7500,True,,"[1, 2, 3, 0, 4, 5, 6, 7, 8, 9, 10, 11, 12, 13, 14, 15, 16, 17, 18, 19, 20, 21, 22, 23, 24, 25, 26, 27, 28, 29, 30, 31, 32, 33, 34, 35, 36, 37, 38, 39, 40, 41]","{""alpha"": 1.0, ""beta"": 2.0, ""evaluation_budget"": 7500, ""evaporation"": 0.5, ""population"": 50}"
22,ACO×3,13,0.6495626464756479,52.85780650912784,22500,True,ACO stream 1,"[1, 2, 3, 0, 4, 5, 6, 7, 8, 9, 10, 11, 12, 13, 14, 15, 16, 17, 18, 19, 20, 21, 22, 23, 24, 25, 26, 27, 28, 29, 30, 31, 32, 33, 34, 35, 36, 37, 38, 39, 40, 41]","{""candidate_lengths_km"": [0.6495626464756479, 0.6495626464756479, 0.6495626464756479], ""candidate_seeds"": [13, 33, 53], ""tie_tolerance_km"": 1e-12}"
22,DE,13,1.2058061488471603,0.8827017489820719,7500,True,,"[2, 4, 14, 28, 27, 26, 30, 33, 37, 38, 39, 36, 40, 41, 35, 34, 31, 32, 29, 23, 24, 25, 22, 18, 21, 15, 20, 17, 19, 13, 12, 7, 11, 10, 16, 8, 9, 5, 3, 0, 6, 1]",{}
22,NN+2opt,13,0.6495626464756479,0.017603192012757,867,True,,"[1, 2, 3, 0, 4, 5, 6, 7, 8, 9, 10, 11, 12, 13, 14, 15, 16, 17, 18, 19, 20, 21, 22, 23, 24, 25, 26, 27, 28, 29, 30, 31, 32, 33, 34, 35, 36, 37, 38, 39, 40, 41]",{}
22,PSO,13,1.430369422566773,0.1823397330008447,7500,True,,"[3, 2, 5, 12, 25, 28, 33, 37, 36, 23, 22, 26, 34, 40, 41, 39, 38, 35, 32, 31, 30, 29, 27, 24, 10, 4, 1, 14, 16, 17, 18, 19, 0, 6, 7, 8, 11, 9, 13, 15, 21, 20]",{}
22,Portfolio,13,0.6495626464756479,18.596093097003177,23368,True,NN+2opt,"[1, 2, 3, 0, 4, 5, 6, 7, 8, 9, 10, 11, 12, 13, 14, 15, 16, 17, 18, 19, 20, 21, 22, 23, 24, 25, 26, 27, 28, 29, 30, 31, 32, 33, 34, 35, 36, 37, 38, 39, 40, 41]","{""candidate_evaluations"": {""ACO"": 7500, ""DE"": 7500, ""NN+2opt"": 867, ""PSO"": 7500, ""Raw"": 1}, ""candidate_lengths_km"": {""ACO"": 0.6495626464756479, ""DE"": 1.2058061488471605, ""NN+2opt"": 0.6495626464756479, ""PSO"": 1.430369422566773, ""Raw"": 0.665613609574188}, ""priority"": [""Raw"", ""NN+2opt"", ""ACO"", ""DE"", ""PSO""], ""tie_tolerance_km"": 1e-12}"
22,Raw,13,0.665613609574188,0.0013280519051477,1,True,,"[0, 1, 2, 3, 4, 5, 6, 7, 8, 9, 10, 11, 12, 13, 14, 15, 16, 17, 18, 19, 20, 21, 22, 23, 24, 25, 26, 27, 28, 29, 30, 31, 32, 33, 34, 35, 36, 37, 38, 39, 40, 41]",{}
22,ACO,14,0.6495626464756479,17.423789405962452,7500,True,,"[1, 2, 3, 0, 4, 5, 6, 7, 8, 9, 10, 11, 12, 13, 14, 15, 16, 17, 18, 19, 20, 21, 22, 23, 24, 25, 26, 27, 28, 29, 30, 31, 32, 33, 34, 35, 36, 37, 38, 39, 40, 41]","{""alpha"": 1.0, ""beta"": 2.0, ""evaluation_budget"": 7500, ""evaporation"": 0.5, ""population"": 50}"
22,ACO×3,14,0.6495626464756479,53.44856709707528,22500,True,ACO stream 1,"[1, 2, 3, 0, 4, 5, 6, 7, 8, 9, 10, 11, 12, 13, 14, 15, 16, 17, 18, 19, 20, 21, 22, 23, 24, 25, 26, 27, 28, 29, 30, 31, 32, 33, 34, 35, 36, 37, 38, 39, 40, 41]","{""candidate_lengths_km"": [0.6495626464756479, 0.6495626464756479, 0.6495626464756479], ""candidate_seeds"": [14, 34, 54], ""tie_tolerance_km"": 1e-12}"
22,DE,14,0.9918109512676024,0.9002248230390251,7500,True,,"[1, 2, 3, 4, 7, 11, 9, 8, 6, 5, 0, 10, 13, 14, 17, 15, 16, 20, 18, 19, 21, 24, 12, 22, 23, 25, 26, 27, 28, 29, 30, 31, 32, 33, 34, 35, 36, 37, 38, 39, 40, 41]",{}
22,NN+2opt,14,0.6495626464756479,0.0180793110048398,867,True,,"[1, 2, 3, 0, 4, 5, 6, 7, 8, 9, 10, 11, 12, 13, 14, 15, 16, 17, 18, 19, 20, 21, 22, 23, 24, 25, 26, 27, 28, 29, 30, 31, 32, 33, 34, 35, 36, 37, 38, 39, 40, 41]",{}
22,PSO,14,1.068872596077357,0.1826081640319898,7500,True,,"[0, 1, 3, 4, 12, 13, 14, 15, 23, 17, 18, 25, 24, 28, 29, 30, 31, 32, 34, 35, 37, 38, 39, 40, 41, 36, 33, 26, 27, 22, 21, 20, 11, 8, 7, 6, 5, 2, 10, 9, 19, 16]",{}
22,Portfolio,14,0.6495626464756479,18.52597513818182,23368,True,NN+2opt,"[1, 2, 3, 0, 4, 5, 6, 7, 8, 9, 10, 11, 12, 13, 14, 15, 16, 17, 18, 19, 20, 21, 22, 23, 24, 25, 26, 27, 28, 29, 30, 31, 32, 33, 34, 35, 36, 37, 38, 39, 40, 41]","{""candidate_evaluations"": {""ACO"": 7500, ""DE"": 7500, ""NN+2opt"": 867, ""PSO"": 7500, ""Raw"": 1}, ""candidate_lengths_km"": {""ACO"": 0.6495626464756479, ""DE"": 0.9918109512676023, ""NN+2opt"": 0.6495626464756479, ""PSO"": 1.068872596077357, ""Raw"": 0.665613609574188}, ""priority"": [""Raw"", ""NN+2opt"", ""ACO"", ""DE"", ""PSO""], ""tie_tolerance_km"": 1e-12}"
22,Raw,14,0.665613609574188,0.0012645700480788,1,True,,"[0, 1, 2, 3, 4, 5, 6, 7, 8, 9, 10, 11, 12, 13, 14, 15, 16, 17, 18, 19, 20, 21, 22, 23, 24, 25, 26, 27, 28, 29, 30, 31, 32, 33, 34, 35, 36, 37, 38, 39, 40, 41]",{}
22,ACO,15,0.6495626464756479,17.769677581032738,7500,True,,"[1, 2, 3, 0, 4, 5, 6, 7, 8, 9, 10, 11, 12, 13, 14, 15, 16, 17, 18, 19, 20, 21, 22, 23, 24, 25, 26, 27, 28, 29, 30, 31, 32, 33, 34, 35, 36, 37, 38, 39, 40, 41]","{""alpha"": 1.0, ""beta"": 2.0, ""evaluation_budget"": 7500, ""evaporation"": 0.5, ""population"": 50}"
22,ACO×3,15,0.6495626464756479,53.98875346896239,22500,True,ACO stream 1,"[1, 2, 3, 0, 4, 5, 6, 7, 8, 9, 10, 11, 12, 13, 14, 15, 16, 17, 18, 19, 20, 21, 22, 23, 24, 25, 26, 27, 28, 29, 30, 31, 32, 33, 34, 35, 36, 37, 38, 39, 40, 41]","{""candidate_lengths_km"": [0.6495626464756479, 0.6495626464756479, 0.6495626464756479], ""candidate_seeds"": [15, 35, 55], ""tie_tolerance_km"": 1e-12}"
22,DE,15,0.90126379646114,0.9072915950091556,7500,True,,"[12, 14, 23, 22, 21, 34, 33, 32, 40, 41, 38, 39, 37, 36, 35, 30, 29, 31, 28, 27, 24, 26, 25, 20, 19, 18, 17, 15, 16, 13, 11, 10, 9, 6, 7, 8, 2, 0, 3, 1, 4, 5]",{}
22,NN+2opt,15,0.6495626464756479,0.0184713929193094,867,True,,"[1, 2, 3, 0, 4, 5, 6, 7, 8, 9, 10, 11, 12, 13, 14, 15, 16, 17, 18, 19, 20, 21, 22, 23, 24, 25, 26, 27, 28, 29, 30, 31, 32, 33, 34, 35, 36, 37, 38, 39, 40, 41]",{}
22,PSO,15,2.0474867602439573,0.1823326110607013,7500,True,,"[14, 29, 32, 39, 38, 30, 28, 31, 21, 27, 20, 12, 10, 2, 1, 7, 6, 0, 4, 19, 25, 26, 16, 23, 35, 24, 18, 15, 11, 13, 8, 5, 3, 9, 17, 22, 37, 33, 34, 36, 40, 41]",{}
22,Portfolio,15,0.6495626464756479,18.87922937911935,23368,True,NN+2opt,"[1, 2, 3, 0, 4, 5, 6, 7, 8, 9, 10, 11, 12, 13, 14, 15, 16, 17, 18, 19, 20, 21, 22, 23, 24, 25, 26, 27, 28, 29, 30, 31, 32, 33, 34, 35, 36, 37, 38, 39, 40, 41]","{""candidate_evaluations"": {""ACO"": 7500, ""DE"": 7500, ""NN+2opt"": 867, ""PSO"": 7500, ""Raw"": 1}, ""candidate_lengths_km"": {""ACO"": 0.6495626464756479, ""DE"": 0.90126379646114, ""NN+2opt"": 0.6495626464756479, ""PSO"": 2.0474867602439573, ""Raw"": 0.665613609574188}, ""priority"": [""Raw"", ""NN+2opt"", ""ACO"", ""DE"", ""PSO""], ""tie_tolerance_km"": 1e-12}"
22,Raw,15,0.665613609574188,0.0014478110242635,1,True,,"[0, 1, 2, 3, 4, 5, 6, 7, 8, 9, 10, 11, 12, 13, 14, 15, 16, 17, 18, 19, 20, 21, 22, 23, 24, 25, 26, 27, 28, 29, 30, 31, 32, 33, 34, 35, 36, 37, 38, 39, 40, 41]",{}
22,ACO,16,0.6495626464756479,17.276760887005366,7500,True,,"[1, 2, 3, 0, 4, 5, 6, 7, 8, 9, 10, 11, 12, 13, 14, 15, 16, 17, 18, 19, 20, 21, 22, 23, 24, 25, 26, 27, 28, 29, 30, 31, 32, 33, 34, 35, 36, 37, 38, 39, 40, 41]","{""alpha"": 1.0, ""beta"": 2.0, ""evaluation_budget"": 7500, ""evaporation"": 0.5, ""population"": 50}"
22,ACO×3,16,0.6495626464756479,51.72716747981031,22500,True,ACO stream 1,"[1, 2, 3, 0, 4, 5, 6, 7, 8, 9, 10, 11, 12, 13, 14, 15, 16, 17, 18, 19, 20, 21, 22, 23, 24, 25, 26, 27, 28, 29, 30, 31, 32, 33, 34, 35, 36, 37, 38, 39, 40, 41]","{""candidate_lengths_km"": [0.6495626464756479, 0.6495626464756479, 0.6495626464756479], ""candidate_seeds"": [16, 36, 56], ""tie_tolerance_km"": 1e-12}"
22,DE,16,1.3931039909156309,0.8610730280634016,7500,True,,"[3, 2, 13, 28, 24, 21, 19, 17, 26, 25, 34, 41, 40, 38, 35, 39, 37, 33, 36, 30, 29, 32, 31, 22, 20, 27, 23, 18, 16, 14, 12, 10, 11, 4, 1, 8, 9, 15, 5, 0, 7, 6]",{}
22,NN+2opt,16,0.6495626464756479,0.0177059499546885,867,True,,"[1, 2, 3, 0, 4, 5, 6, 7, 8, 9, 10, 11, 12, 13, 14, 15, 16, 17, 18, 19, 20, 21, 22, 23, 24, 25, 26, 27, 28, 29, 30, 31, 32, 33, 34, 35, 36, 37, 38, 39, 40, 41]",{}
22,PSO,16,1.492022071674658,0.1817378679988905,7500,True,,"[0, 4, 7, 11, 10, 15, 20, 23, 26, 34, 35, 38, 17, 19, 22, 24, 28, 30, 31, 32, 33, 36, 40, 41, 39, 37, 27, 25, 13, 12, 6, 1, 8, 9, 5, 3, 2, 14, 18, 21, 29, 16]",{}
22,Portfolio,16,0.6495626464756479,18.33861551701557,23368,True,NN+2opt,"[1, 2, 3, 0, 4, 5, 6, 7, 8, 9, 10, 11, 12, 13, 14, 15, 16, 17, 18, 19, 20, 21, 22, 23, 24, 25, 26, 27, 28, 29, 30, 31, 32, 33, 34, 35, 36, 37, 38, 39, 40, 41]","{""candidate_evaluations"": {""ACO"": 7500, ""DE"": 7500, ""NN+2opt"": 867, ""PSO"": 7500, ""Raw"": 1}, ""candidate_lengths_km"": {""ACO"": 0.6495626464756479, ""DE"": 1.3931039909156309, ""NN+2opt"": 0.6495626464756479, ""PSO"": 1.492022071674658, ""Raw"": 0.665613609574188}, ""priority"": [""Raw"", ""NN+2opt"", ""ACO"", ""DE"", ""PSO""], ""tie_tolerance_km"": 1e-12}"
22,Raw,16,0.665613609574188,0.0013293949887156,1,True,,"[0, 1, 2, 3, 4, 5, 6, 7, 8, 9, 10, 11, 12, 13, 14, 15, 16, 17, 18, 19, 20, 21, 22, 23, 24, 25, 26, 27, 28, 29, 30, 31, 32, 33, 34, 35, 36, 37, 38, 39, 40, 41]",{}
22,ACO,17,0.6495626464756479,17.329753660946153,7500,True,,"[1, 2, 3, 0, 4, 5, 6, 7, 8, 9, 10, 11, 12, 13, 14, 15, 16, 17, 18, 19, 20, 21, 22, 23, 24, 25, 26, 27, 28, 29, 30, 31, 32, 33, 34, 35, 36, 37, 38, 39, 40, 41]","{""alpha"": 1.0, ""beta"": 2.0, ""evaluation_budget"": 7500, ""evaporation"": 0.5, ""population"": 50}"
22,ACO×3,17,0.6495626464756479,52.23794417886529,22500,True,ACO stream 1,"[1, 2, 3, 0, 4, 5, 6, 7, 8, 9, 10, 11, 12, 13, 14, 15, 16, 17, 18, 19, 20, 21, 22, 23, 24, 25, 26, 27, 28, 29, 30, 31, 32, 33, 34, 35, 36, 37, 38, 39, 40, 41]","{""candidate_lengths_km"": [0.6495626464756479, 0.6495626464756479, 0.6495626464756479], ""candidate_seeds"": [17, 37, 57], ""tie_tolerance_km"": 1e-12}"
22,DE,17,1.2828584897052715,0.8829451489727944,7500,True,,"[1, 2, 3, 5, 6, 8, 10, 23, 25, 26, 30, 31, 39, 35, 33, 32, 37, 41, 40, 36, 34, 38, 24, 29, 28, 27, 19, 20, 21, 14, 15, 9, 7, 16, 13, 22, 18, 17, 11, 12, 4, 0]",{}
22,NN+2opt,17,0.6495626464756479,0.0173818109324201,867,True,,"[1, 2, 3, 0, 4, 5, 6, 7, 8, 9, 10, 11, 12, 13, 14, 15, 16, 17, 18, 19, 20, 21, 22, 23, 24, 25, 26, 27, 28, 29, 30, 31, 32, 33, 34, 35, 36, 37, 38, 39, 40, 41]",{}
22,PSO,17,2.097293530929913,0.1774828810011968,7500,True,,"[13, 9, 41, 37, 34, 31, 18, 14, 10, 5, 3, 20, 24, 36, 30, 33, 29, 22, 7, 4, 2, 1, 0, 6, 8, 11, 17, 16, 27, 25, 19, 15, 21, 23, 40, 39, 35, 32, 38, 26, 28, 12]",{}
22,Portfolio,17,0.6495626464756479,18.408875371911563,23368,True,NN+2opt,"[1, 2, 3, 0, 4, 5, 6, 7, 8, 9, 10, 11, 12, 13, 14, 15, 16, 17, 18, 19, 20, 21, 22, 23, 24, 25, 26, 27, 28, 29, 30, 31, 32, 33, 34, 35, 36, 37, 38, 39, 40, 41]","{""candidate_evaluations"": {""ACO"": 7500, ""DE"": 7500, ""NN+2opt"": 867, ""PSO"": 7500, ""Raw"": 1}, ""candidate_lengths_km"": {""ACO"": 0.6495626464756479, ""DE"": 1.2828584897052717, ""NN+2opt"": 0.6495626464756479, ""PSO"": 2.0972935309299126, ""Raw"": 0.665613609574188}, ""priority"": [""Raw"", ""NN+2opt"", ""ACO"", ""DE"", ""PSO""], ""tie_tolerance_km"": 1e-12}"
22,Raw,17,0.665613609574188,0.0013031960697844,1,True,,"[0, 1, 2, 3, 4, 5, 6, 7, 8, 9, 10, 11, 12, 13, 14, 15, 16, 17, 18, 19, 20, 21, 22, 23, 24, 25, 26, 27, 28, 29, 30, 31, 32, 33, 34, 35, 36, 37, 38, 39, 40, 41]",{}
22,ACO,18,0.6495626464756479,17.473763828049414,7500,True,,"[1, 2, 3, 0, 4, 5, 6, 7, 8, 9, 10, 11, 12, 13, 14, 15, 16, 17, 18, 19, 20, 21, 22, 23, 24, 25, 26, 27, 28, 29, 30, 31, 32, 33, 34, 35, 36, 37, 38, 39, 40, 41]","{""alpha"": 1.0, ""beta"": 2.0, ""evaluation_budget"": 7500, ""evaporation"": 0.5, ""population"": 50}"
22,ACO×3,18,0.6495626464756479,52.5767573119374,22500,True,ACO stream 1,"[1, 2, 3, 0, 4, 5, 6, 7, 8, 9, 10, 11, 12, 13, 14, 15, 16, 17, 18, 19, 20, 21, 22, 23, 24, 25, 26, 27, 28, 29, 30, 31, 32, 33, 34, 35, 36, 37, 38, 39, 40, 41]","{""candidate_lengths_km"": [0.6495626464756479, 0.6495626464756479, 0.6495626464756479], ""candidate_seeds"": [18, 38, 58], ""tie_tolerance_km"": 1e-12}"
22,DE,18,1.3560668581713613,0.8663535299710929,7500,True,,"[0, 1, 2, 3, 4, 5, 6, 7, 11, 10, 13, 17, 20, 12, 21, 19, 16, 15, 14, 22, 9, 8, 18, 23, 24, 30, 34, 38, 35, 33, 32, 31, 25, 29, 26, 27, 28, 36, 37, 39, 40, 41]",{}
22,NN+2opt,18,0.6495626464756479,0.0184642249951139,867,True,,"[1, 2, 3, 0, 4, 5, 6, 7, 8, 9, 10, 11, 12, 13, 14, 15, 16, 17, 18, 19, 20, 21, 22, 23, 24, 25, 26, 27, 28, 29, 30, 31, 32, 33, 34, 35, 36, 37, 38, 39, 40, 41]",{}
22,PSO,18,2.457300705574096,0.1841794979991391,7500,True,,"[12, 16, 19, 27, 32, 39, 41, 17, 20, 10, 14, 9, 4, 0, 2, 3, 21, 30, 24, 34, 28, 29, 33, 36, 37, 18, 8, 5, 1, 11, 13, 15, 23, 25, 26, 35, 38, 22, 7, 6, 31, 40]",{}
22,Portfolio,18,0.6495626464756479,18.54407497495413,23368,True,NN+2opt,"[1, 2, 3, 0, 4, 5, 6, 7, 8, 9, 10, 11, 12, 13, 14, 15, 16, 17, 18, 19, 20, 21, 22, 23, 24, 25, 26, 27, 28, 29, 30, 31, 32, 33, 34, 35, 36, 37, 38, 39, 40, 41]","{""candidate_evaluations"": {""ACO"": 7500, ""DE"": 7500, ""NN+2opt"": 867, ""PSO"": 7500, ""Raw"": 1}, ""candidate_lengths_km"": {""ACO"": 0.6495626464756479, ""DE"": 1.3560668581713613, ""NN+2opt"": 0.6495626464756479, ""PSO"": 2.457300705574096, ""Raw"": 0.665613609574188}, ""priority"": [""Raw"", ""NN+2opt"", ""ACO"", ""DE"", ""PSO""], ""tie_tolerance_km"": 1e-12}"
22,Raw,18,0.665613609574188,0.0013062199577689,1,True,,"[0, 1, 2, 3, 4, 5, 6, 7, 8, 9, 10, 11, 12, 13, 14, 15, 16, 17, 18, 19, 20, 21, 22, 23, 24, 25, 26, 27, 28, 29, 30, 31, 32, 33, 34, 35, 36, 37, 38, 39, 40, 41]",{}
22,ACO,19,0.6495626464756479,17.70655230502598,7500,True,,"[1, 2, 3, 0, 4, 5, 6, 7, 8, 9, 10, 11, 12, 13, 14, 15, 16, 17, 18, 19, 20, 21, 22, 23, 24, 25, 26, 27, 28, 29, 30, 31, 32, 33, 34, 35, 36, 37, 38, 39, 40, 41]","{""alpha"": 1.0, ""beta"": 2.0, ""evaluation_budget"": 7500, ""evaporation"": 0.5, ""population"": 50}"
22,ACO×3,19,0.6495626464756479,53.03438626311254,22500,True,ACO stream 1,"[1, 2, 3, 0, 4, 5, 6, 7, 8, 9, 10, 11, 12, 13, 14, 15, 16, 17, 18, 19, 20, 21, 22, 23, 24, 25, 26, 27, 28, 29, 30, 31, 32, 33, 34, 35, 36, 37, 38, 39, 40, 41]","{""candidate_lengths_km"": [0.6495626464756479, 0.6495626464756479, 0.6495626464756479], ""candidate_seeds"": [19, 39, 59], ""tie_tolerance_km"": 1e-12}"
22,DE,19,1.415073585030908,1.0021040609572085,7500,True,,"[1, 2, 3, 4, 6, 5, 22, 18, 25, 26, 27, 28, 31, 29, 33, 32, 36, 35, 37, 41, 40, 34, 38, 39, 24, 30, 17, 16, 14, 19, 8, 10, 21, 20, 23, 9, 11, 12, 13, 15, 7, 0]",{}
22,NN+2opt,19,0.6495626464756479,0.0220256160246208,867,True,,"[1, 2, 3, 0, 4, 5, 6, 7, 8, 9, 10, 11, 12, 13, 14, 15, 16, 17, 18, 19, 20, 21, 22, 23, 24, 25, 26, 27, 28, 29, 30, 31, 32, 33, 34, 35, 36, 37, 38, 39, 40, 41]",{}
22,PSO,19,1.832654203569943,0.2113643999909982,7500,True,,"[1, 27, 22, 18, 36, 35, 37, 38, 41, 33, 31, 30, 21, 24, 17, 4, 6, 9, 5, 0, 7, 8, 3, 2, 10, 15, 25, 26, 28, 23, 13, 12, 11, 16, 14, 19, 20, 29, 32, 34, 39, 40]",{}
22,Portfolio,19,0.6495626464756479,18.943339397897944,23368,True,NN+2opt,"[1, 2, 3, 0, 4, 5, 6, 7, 8, 9, 10, 11, 12, 13, 14, 15, 16, 17, 18, 19, 20, 21, 22, 23, 24, 25, 26, 27, 28, 29, 30, 31, 32, 33, 34, 35, 36, 37, 38, 39, 40, 41]","{""candidate_evaluations"": {""ACO"": 7500, ""DE"": 7500, ""NN+2opt"": 867, ""PSO"": 7500, ""Raw"": 1}, ""candidate_lengths_km"": {""ACO"": 0.6495626464756479, ""DE"": 1.415073585030908, ""NN+2opt"": 0.6495626464756479, ""PSO"": 1.8326542035699427, ""Raw"": 0.665613609574188}, ""priority"": [""Raw"", ""NN+2opt"", ""ACO"", ""DE"", ""PSO""], ""tie_tolerance_km"": 1e-12}"
22,Raw,19,0.665613609574188,0.0012834909139201,1,True,,"[0, 1, 2, 3, 4, 5, 6, 7, 8, 9, 10, 11, 12, 13, 14, 15, 16, 17, 18, 19, 20, 21, 22, 23, 24, 25, 26, 27, 28, 29, 30, 31, 32, 33, 34, 35, 36, 37, 38, 39, 40, 41]",{}
23,ACO,0,2.01067302300028,1.8705342889297756,7500,True,,"[3, 2, 1, 0]","{""alpha"": 1.0, ""beta"": 2.0, ""evaluation_budget"": 7500, ""evaporation"": 0.5, ""population"": 50}"
23,ACO×3,0,2.01067302300028,5.43736403202638,22500,True,ACO stream 1,"[3, 2, 1, 0]","{""candidate_lengths_km"": [2.01067302300028, 2.01067302300028, 2.01067302300028], ""candidate_seeds"": [0, 20, 40], ""tie_tolerance_km"": 1e-12}"
23,DE,0,2.01067302300028,0.8566191289573908,7500,True,,"[3, 2, 1, 0]",{}
23,NN+2opt,0,2.01067302300028,0.0001481209183111,7,True,,"[0, 1, 2, 3]",{}
23,PSO,0,2.01067302300028,0.0626799669116735,7500,True,,"[3, 2, 1, 0]",{}
23,Portfolio,0,2.01067302300028,2.790064961649477,22508,True,Raw,"[0, 1, 2, 3]","{""candidate_evaluations"": {""ACO"": 7500, ""DE"": 7500, ""NN+2opt"": 7, ""PSO"": 7500, ""Raw"": 1}, ""candidate_lengths_km"": {""ACO"": 2.01067302300028, ""DE"": 2.01067302300028, ""NN+2opt"": 2.01067302300028, ""PSO"": 2.01067302300028, ""Raw"": 2.01067302300028}, ""priority"": [""Raw"", ""NN+2opt"", ""ACO"", ""DE"", ""PSO""], ""tie_tolerance_km"": 1e-12}"
23,Raw,0,2.01067302300028,7.411395199596882e-05,1,True,,"[0, 1, 2, 3]",{}
23,ACO,1,2.01067302300028,1.6663840499240905,7500,True,,"[0, 1, 2, 3]","{""alpha"": 1.0, ""beta"": 2.0, ""evaluation_budget"": 7500, ""evaporation"": 0.5, ""population"": 50}"
23,ACO×3,1,2.01067302300028,5.041128115961328,22500,True,ACO stream 1,"[0, 1, 2, 3]","{""candidate_lengths_km"": [2.01067302300028, 2.01067302300028, 2.01067302300028], ""candidate_seeds"": [1, 21, 41], ""tie_tolerance_km"": 1e-12}"
23,DE,1,2.01067302300028,0.7434636119287461,7500,True,,"[3, 2, 1, 0]",{}
23,NN+2opt,1,2.01067302300028,0.0001517620403319,7,True,,"[0, 1, 2, 3]",{}
23,PSO,1,2.01067302300028,0.0617077910574153,7500,True,,"[3, 2, 1, 0]",{}
23,Portfolio,1,2.01067302300028,2.4717954179504886,22508,True,Raw,"[0, 1, 2, 3]","{""candidate_evaluations"": {""ACO"": 7500, ""DE"": 7500, ""NN+2opt"": 7, ""PSO"": 7500, ""Raw"": 1}, ""candidate_lengths_km"": {""ACO"": 2.01067302300028, ""DE"": 2.01067302300028, ""NN+2opt"": 2.01067302300028, ""PSO"": 2.01067302300028, ""Raw"": 2.01067302300028}, ""priority"": [""Raw"", ""NN+2opt"", ""ACO"", ""DE"", ""PSO""], ""tie_tolerance_km"": 1e-12}"
23,Raw,1,2.01067302300028,7.934402674436569e-05,1,True,,"[0, 1, 2, 3]",{}
23,ACO,2,2.01067302300028,1.6779464851133523,7500,True,,"[3, 2, 1, 0]","{""alpha"": 1.0, ""beta"": 2.0, ""evaluation_budget"": 7500, ""evaporation"": 0.5, ""population"": 50}"
23,ACO×3,2,2.01067302300028,5.039489220129326,22500,True,ACO stream 1,"[3, 2, 1, 0]","{""candidate_lengths_km"": [2.01067302300028, 2.01067302300028, 2.01067302300028], ""candidate_seeds"": [2, 22, 42], ""tie_tolerance_km"": 1e-12}"
23,DE,2,2.01067302300028,0.7432313211029395,7500,True,,"[3, 2, 1, 0]",{}
23,NN+2opt,2,2.01067302300028,0.0001486720284447,7,True,,"[0, 1, 2, 3]",{}
23,PSO,2,2.01067302300028,0.0632275390671566,7500,True,,"[3, 2, 1, 0]",{}
23,Portfolio,2,2.01067302300028,2.4846169643569738,22508,True,Raw,"[0, 1, 2, 3]","{""candidate_evaluations"": {""ACO"": 7500, ""DE"": 7500, ""NN+2opt"": 7, ""PSO"": 7500, ""Raw"": 1}, ""candidate_lengths_km"": {""ACO"": 2.01067302300028, ""DE"": 2.01067302300028, ""NN+2opt"": 2.01067302300028, ""PSO"": 2.01067302300028, ""Raw"": 2.01067302300028}, ""priority"": [""Raw"", ""NN+2opt"", ""ACO"", ""DE"", ""PSO""], ""tie_tolerance_km"": 1e-12}"
23,Raw,2,2.01067302300028,5.297898314893246e-05,1,True,,"[0, 1, 2, 3]",{}
23,ACO,3,2.01067302300028,1.6106162959476933,7500,True,,"[0, 1, 2, 3]","{""alpha"": 1.0, ""beta"": 2.0, ""evaluation_budget"": 7500, ""evaporation"": 0.5, ""population"": 50}"
23,ACO×3,3,2.01067302300028,4.841235843021423,22500,True,ACO stream 1,"[0, 1, 2, 3]","{""candidate_lengths_km"": [2.01067302300028, 2.01067302300028, 2.01067302300028], ""candidate_seeds"": [3, 23, 43], ""tie_tolerance_km"": 1e-12}"
23,DE,3,2.01067302300028,0.7083584299543872,7500,True,,"[0, 1, 2, 3]",{}
23,NN+2opt,3,2.01067302300028,0.0001483219675719,7,True,,"[0, 1, 2, 3]",{}
23,PSO,3,2.01067302300028,0.0608779980102553,7500,True,,"[0, 1, 2, 3]",{}
23,Portfolio,3,2.01067302300028,2.3800603467971087,22508,True,Raw,"[0, 1, 2, 3]","{""candidate_evaluations"": {""ACO"": 7500, ""DE"": 7500, ""NN+2opt"": 7, ""PSO"": 7500, ""Raw"": 1}, ""candidate_lengths_km"": {""ACO"": 2.01067302300028, ""DE"": 2.01067302300028, ""NN+2opt"": 2.01067302300028, ""PSO"": 2.01067302300028, ""Raw"": 2.01067302300028}, ""priority"": [""Raw"", ""NN+2opt"", ""ACO"", ""DE"", ""PSO""], ""tie_tolerance_km"": 1e-12}"
23,Raw,3,2.01067302300028,4.979199729859829e-05,1,True,,"[0, 1, 2, 3]",{}
23,ACO,4,2.01067302300028,1.860435289912857,7500,True,,"[3, 2, 1, 0]","{""alpha"": 1.0, ""beta"": 2.0, ""evaluation_budget"": 7500, ""evaporation"": 0.5, ""population"": 50}"
23,ACO×3,4,2.01067302300028,5.369490788900293,22500,True,ACO stream 1,"[3, 2, 1, 0]","{""candidate_lengths_km"": [2.01067302300028, 2.01067302300028, 2.01067302300028], ""candidate_seeds"": [4, 24, 44], ""tie_tolerance_km"": 1e-12}"
23,DE,4,2.01067302300028,0.8293254199670628,7500,True,,"[0, 1, 2, 3]",{}
23,NN+2opt,4,2.01067302300028,0.0001493510790169,7,True,,"[0, 1, 2, 3]",{}
23,PSO,4,2.01067302300028,0.0644158630166202,7500,True,,"[0, 1, 2, 3]",{}
23,Portfolio,4,2.01067302300028,2.754408870008774,22508,True,Raw,"[0, 1, 2, 3]","{""candidate_evaluations"": {""ACO"": 7500, ""DE"": 7500, ""NN+2opt"": 7, ""PSO"": 7500, ""Raw"": 1}, ""candidate_lengths_km"": {""ACO"": 2.01067302300028, ""DE"": 2.01067302300028, ""NN+2opt"": 2.01067302300028, ""PSO"": 2.01067302300028, ""Raw"": 2.01067302300028}, ""priority"": [""Raw"", ""NN+2opt"", ""ACO"", ""DE"", ""PSO""], ""tie_tolerance_km"": 1e-12}"
23,Raw,4,2.01067302300028,7.336202543228865e-05,1,True,,"[0, 1, 2, 3]",{}
23,ACO,5,2.01067302300028,1.724110801005736,7500,True,,"[0, 1, 2, 3]","{""alpha"": 1.0, ""beta"": 2.0, ""evaluation_budget"": 7500, ""evaporation"": 0.5, ""population"": 50}"
23,ACO×3,5,2.01067302300028,5.219590147957206,22500,True,ACO stream 1,"[0, 1, 2, 3]","{""candidate_lengths_km"": [2.01067302300028, 2.01067302300028, 2.01067302300028], ""candidate_seeds"": [5, 25, 45], ""tie_tolerance_km"": 1e-12}"
23,DE,5,2.01067302300028,0.7652009959565476,7500,True,,"[3, 2, 1, 0]",{}
23,NN+2opt,5,2.01067302300028,0.0001482600346207,7,True,,"[0, 1, 2, 3]",{}
23,PSO,5,2.01067302300028,0.0650672490010038,7500,True,,"[3, 2, 1, 0]",{}
23,Portfolio,5,2.01067302300028,2.5545902609592304,22508,True,Raw,"[0, 1, 2, 3]","{""candidate_evaluations"": {""ACO"": 7500, ""DE"": 7500, ""NN+2opt"": 7, ""PSO"": 7500, ""Raw"": 1}, ""candidate_lengths_km"": {""ACO"": 2.01067302300028, ""DE"": 2.01067302300028, ""NN+2opt"": 2.01067302300028, ""PSO"": 2.01067302300028, ""Raw"": 2.01067302300028}, ""priority"": [""Raw"", ""NN+2opt"", ""ACO"", ""DE"", ""PSO""], ""tie_tolerance_km"": 1e-12}"
23,Raw,5,2.01067302300028,5.315500311553478e-05,1,True,,"[0, 1, 2, 3]",{}
23,ACO,6,2.01067302300028,1.594186263973825,7500,True,,"[3, 2, 1, 0]","{""alpha"": 1.0, ""beta"": 2.0, ""evaluation_budget"": 7500, ""evaporation"": 0.5, ""population"": 50}"
23,ACO×3,6,2.01067302300028,4.812815240002237,22500,True,ACO stream 1,"[3, 2, 1, 0]","{""candidate_lengths_km"": [2.01067302300028, 2.01067302300028, 2.01067302300028], ""candidate_seeds"": [6, 26, 46], ""tie_tolerance_km"": 1e-12}"
23,DE,6,2.01067302300028,0.7078074020100757,7500,True,,"[3, 2, 1, 0]",{}
23,NN+2opt,6,2.01067302300028,0.0001440430060029,7,True,,"[0, 1, 2, 3]",{}
23,PSO,6,2.01067302300028,0.0609761560335755,7500,True,,"[3, 2, 1, 0]",{}
23,Portfolio,6,2.01067302300028,2.363171151024289,22508,True,Raw,"[0, 1, 2, 3]","{""candidate_evaluations"": {""ACO"": 7500, ""DE"": 7500, ""NN+2opt"": 7, ""PSO"": 7500, ""Raw"": 1}, ""candidate_lengths_km"": {""ACO"": 2.01067302300028, ""DE"": 2.01067302300028, ""NN+2opt"": 2.01067302300028, ""PSO"": 2.01067302300028, ""Raw"": 2.01067302300028}, ""priority"": [""Raw"", ""NN+2opt"", ""ACO"", ""DE"", ""PSO""], ""tie_tolerance_km"": 1e-12}"
23,Raw,6,2.01067302300028,4.7908048145473e-05,1,True,,"[0, 1, 2, 3]",{}
23,ACO,7,2.01067302300028,1.6812557009980085,7500,True,,"[0, 1, 2, 3]","{""alpha"": 1.0, ""beta"": 2.0, ""evaluation_budget"": 7500, ""evaporation"": 0.5, ""population"": 50}"
23,ACO×3,7,2.01067302300028,5.070478548062965,22500,True,ACO stream 1,"[0, 1, 2, 3]","{""candidate_lengths_km"": [2.01067302300028, 2.01067302300028, 2.01067302300028], ""candidate_seeds"": [7, 27, 47], ""tie_tolerance_km"": 1e-12}"
23,DE,7,2.01067302300028,0.7377891569631174,7500,True,,"[3, 2, 1, 0]",{}
23,NN+2opt,7,2.01067302300028,0.0001474680611863,7,True,,"[0, 1, 2, 3]",{}
23,PSO,7,2.01067302300028,0.0617535619530826,7500,True,,"[3, 2, 1, 0]",{}
23,Portfolio,7,2.01067302300028,2.48101021302864,22508,True,Raw,"[0, 1, 2, 3]","{""candidate_evaluations"": {""ACO"": 7500, ""DE"": 7500, ""NN+2opt"": 7, ""PSO"": 7500, ""Raw"": 1}, ""candidate_lengths_km"": {""ACO"": 2.01067302300028, ""DE"": 2.01067302300028, ""NN+2opt"": 2.01067302300028, ""PSO"": 2.01067302300028, ""Raw"": 2.01067302300028}, ""priority"": [""Raw"", ""NN+2opt"", ""ACO"", ""DE"", ""PSO""], ""tie_tolerance_km"": 1e-12}"
23,Raw,7,2.01067302300028,5.550100468099117e-05,1,True,,"[0, 1, 2, 3]",{}
23,ACO,8,2.01067302300028,1.615997169050388,7500,True,,"[3, 2, 1, 0]","{""alpha"": 1.0, ""beta"": 2.0, ""evaluation_budget"": 7500, ""evaporation"": 0.5, ""population"": 50}"
23,ACO×3,8,2.01067302300028,4.870044731069356,22500,True,ACO stream 1,"[3, 2, 1, 0]","{""candidate_lengths_km"": [2.01067302300028, 2.01067302300028, 2.01067302300028], ""candidate_seeds"": [8, 28, 48], ""tie_tolerance_km"": 1e-12}"
23,DE,8,2.01067302300028,0.7249264050042257,7500,True,,"[0, 1, 2, 3]",{}
23,NN+2opt,8,2.01067302300028,0.0001458070473745,7,True,,"[0, 1, 2, 3]",{}
23,PSO,8,2.01067302300028,0.062859088066034,7500,True,,"[0, 1, 2, 3]",{}
23,Portfolio,8,2.01067302300028,2.403984583215788,22508,True,Raw,"[0, 1, 2, 3]","{""candidate_evaluations"": {""ACO"": 7500, ""DE"": 7500, ""NN+2opt"": 7, ""PSO"": 7500, ""Raw"": 1}, ""candidate_lengths_km"": {""ACO"": 2.01067302300028, ""DE"": 2.01067302300028, ""NN+2opt"": 2.01067302300028, ""PSO"": 2.01067302300028, ""Raw"": 2.01067302300028}, ""priority"": [""Raw"", ""NN+2opt"", ""ACO"", ""DE"", ""PSO""], ""tie_tolerance_km"": 1e-12}"
23,Raw,8,2.01067302300028,4.7298031859099865e-05,1,True,,"[0, 1, 2, 3]",{}
23,ACO,9,2.01067302300028,1.638858612976037,7500,True,,"[3, 2, 1, 0]","{""alpha"": 1.0, ""beta"": 2.0, ""evaluation_budget"": 7500, ""evaporation"": 0.5, ""population"": 50}"
23,ACO×3,9,2.01067302300028,4.96287224709522,22500,True,ACO stream 1,"[3, 2, 1, 0]","{""candidate_lengths_km"": [2.01067302300028, 2.01067302300028, 2.01067302300028], ""candidate_seeds"": [9, 29, 49], ""tie_tolerance_km"": 1e-12}"
23,DE,9,2.01067302300028,0.8862259179586545,7500,True,,"[3, 2, 1, 0]",{}
23,NN+2opt,9,2.01067302300028,0.0001487330300733,7,True,,"[0, 1, 2, 3]",{}
23,PSO,9,2.01067302300028,0.0682247179793194,7500,True,,"[3, 2, 1, 0]",{}
23,Portfolio,9,2.01067302300028,2.593513383064419,22508,True,Raw,"[0, 1, 2, 3]","{""candidate_evaluations"": {""ACO"": 7500, ""DE"": 7500, ""NN+2opt"": 7, ""PSO"": 7500, ""Raw"": 1}, ""candidate_lengths_km"": {""ACO"": 2.01067302300028, ""DE"": 2.01067302300028, ""NN+2opt"": 2.01067302300028, ""PSO"": 2.01067302300028, ""Raw"": 2.01067302300028}, ""priority"": [""Raw"", ""NN+2opt"", ""ACO"", ""DE"", ""PSO""], ""tie_tolerance_km"": 1e-12}"
23,Raw,9,2.01067302300028,4.628405440598726e-05,1,True,,"[0, 1, 2, 3]",{}
23,ACO,10,2.01067302300028,1.6841543139889836,7500,True,,"[3, 2, 1, 0]","{""alpha"": 1.0, ""beta"": 2.0, ""evaluation_budget"": 7500, ""evaporation"": 0.5, ""population"": 50}"
23,ACO×3,10,2.01067302300028,5.078181645949371,22500,True,ACO stream 1,"[3, 2, 1, 0]","{""candidate_lengths_km"": [2.01067302300028, 2.01067302300028, 2.01067302300028], ""candidate_seeds"": [10, 30, 50], ""tie_tolerance_km"": 1e-12}"
23,DE,10,2.01067302300028,0.744973927969113,7500,True,,"[0, 1, 2, 3]",{}
23,NN+2opt,10,2.01067302300028,0.0001536440104246,7,True,,"[0, 1, 2, 3]",{}
23,PSO,10,2.01067302300028,0.0648615470854565,7500,True,,"[0, 1, 2, 3]",{}
23,Portfolio,10,2.01067302300028,2.4942012110259384,22508,True,Raw,"[0, 1, 2, 3]","{""candidate_evaluations"": {""ACO"": 7500, ""DE"": 7500, ""NN+2opt"": 7, ""PSO"": 7500, ""Raw"": 1}, ""candidate_lengths_km"": {""ACO"": 2.01067302300028, ""DE"": 2.01067302300028, ""NN+2opt"": 2.01067302300028, ""PSO"": 2.01067302300028, ""Raw"": 2.01067302300028}, ""priority"": [""Raw"", ""NN+2opt"", ""ACO"", ""DE"", ""PSO""], ""tie_tolerance_km"": 1e-12}"
23,Raw,10,2.01067302300028,4.867999814450741e-05,1,True,,"[0, 1, 2, 3]",{}
23,ACO,11,2.01067302300028,1.6747086239047348,7500,True,,"[3, 2, 1, 0]","{""alpha"": 1.0, ""beta"": 2.0, ""evaluation_budget"": 7500, ""evaporation"": 0.5, ""population"": 50}"
23,ACO×3,11,2.01067302300028,5.00266739889048,22500,True,ACO stream 1,"[3, 2, 1, 0]","{""candidate_lengths_km"": [2.01067302300028, 2.01067302300028, 2.01067302300028], ""candidate_seeds"": [11, 31, 51], ""tie_tolerance_km"": 1e-12}"
23,DE,11,2.01067302300028,0.7208367770072073,7500,True,,"[0, 1, 2, 3]",{}
23,NN+2opt,11,2.01067302300028,0.000149170984514,7,True,,"[0, 1, 2, 3]",{}
23,PSO,11,2.01067302300028,0.0625668249558657,7500,True,,"[0, 1, 2, 3]",{}
23,Portfolio,11,2.01067302300028,2.458318773889914,22508,True,Raw,"[0, 1, 2, 3]","{""candidate_evaluations"": {""ACO"": 7500, ""DE"": 7500, ""NN+2opt"": 7, ""PSO"": 7500, ""Raw"": 1}, ""candidate_lengths_km"": {""ACO"": 2.01067302300028, ""DE"": 2.01067302300028, ""NN+2opt"": 2.01067302300028, ""PSO"": 2.01067302300028, ""Raw"": 2.01067302300028}, ""priority"": [""Raw"", ""NN+2opt"", ""ACO"", ""DE"", ""PSO""], ""tie_tolerance_km"": 1e-12}"
23,Raw,11,2.01067302300028,4.845403600484133e-05,1,True,,"[0, 1, 2, 3]",{}
23,ACO,12,2.01067302300028,1.8526772980112585,7500,True,,"[0, 1, 2, 3]","{""alpha"": 1.0, ""beta"": 2.0, ""evaluation_budget"": 7500, ""evaporation"": 0.5, ""population"": 50}"
23,ACO×3,12,2.01067302300028,5.236033482011408,22500,True,ACO stream 1,"[0, 1, 2, 3]","{""candidate_lengths_km"": [2.01067302300028, 2.01067302300028, 2.01067302300028], ""candidate_seeds"": [12, 32, 52], ""tie_tolerance_km"": 1e-12}"
23,DE,12,2.01067302300028,0.739307485986501,7500,True,,"[0, 1, 2, 3]",{}
23,NN+2opt,12,2.01067302300028,0.0001504039391875,7,True,,"[0, 1, 2, 3]",{}
23,PSO,12,2.01067302300028,0.062134642037563,7500,True,,"[0, 1, 2, 3]",{}
23,Portfolio,12,2.01067302300028,2.6543306650128216,22508,True,Raw,"[0, 1, 2, 3]","{""candidate_evaluations"": {""ACO"": 7500, ""DE"": 7500, ""NN+2opt"": 7, ""PSO"": 7500, ""Raw"": 1}, ""candidate_lengths_km"": {""ACO"": 2.01067302300028, ""DE"": 2.01067302300028, ""NN+2opt"": 2.01067302300028, ""PSO"": 2.01067302300028, ""Raw"": 2.01067302300028}, ""priority"": [""Raw"", ""NN+2opt"", ""ACO"", ""DE"", ""PSO""], ""tie_tolerance_km"": 1e-12}"
23,Raw,12,2.01067302300028,5.0922040827572346e-05,1,True,,"[0, 1, 2, 3]",{}
23,ACO,13,2.01067302300028,1.786485317046754,7500,True,,"[3, 2, 1, 0]","{""alpha"": 1.0, ""beta"": 2.0, ""evaluation_budget"": 7500, ""evaporation"": 0.5, ""population"": 50}"
23,ACO×3,13,2.01067302300028,5.41882798797451,22500,True,ACO stream 1,"[3, 2, 1, 0]","{""candidate_lengths_km"": [2.01067302300028, 2.01067302300028, 2.01067302300028], ""candidate_seeds"": [13, 33, 53], ""tie_tolerance_km"": 1e-12}"
23,DE,13,2.01067302300028,0.7672940900083631,7500,True,,"[3, 2, 1, 0]",{}
23,NN+2opt,13,2.01067302300028,0.0001488380366936,7,True,,"[0, 1, 2, 3]",{}
23,PSO,13,2.01067302300028,0.0698382029077038,7500,True,,"[3, 2, 1, 0]",{}
23,Portfolio,13,2.01067302300028,2.6238250420428813,22508,True,Raw,"[0, 1, 2, 3]","{""candidate_evaluations"": {""ACO"": 7500, ""DE"": 7500, ""NN+2opt"": 7, ""PSO"": 7500, ""Raw"": 1}, ""candidate_lengths_km"": {""ACO"": 2.01067302300028, ""DE"": 2.01067302300028, ""NN+2opt"": 2.01067302300028, ""PSO"": 2.01067302300028, ""Raw"": 2.01067302300028}, ""priority"": [""Raw"", ""NN+2opt"", ""ACO"", ""DE"", ""PSO""], ""tie_tolerance_km"": 1e-12}"
23,Raw,13,2.01067302300028,4.947301931679249e-05,1,True,,"[0, 1, 2, 3]",{}
23,ACO,14,2.01067302300028,1.7072020940249786,7500,True,,"[3, 2, 1, 0]","{""alpha"": 1.0, ""beta"": 2.0, ""evaluation_budget"": 7500, ""evaporation"": 0.5, ""population"": 50}"
23,ACO×3,14,2.01067302300028,5.157171683036722,22500,True,ACO stream 1,"[3, 2, 1, 0]","{""candidate_lengths_km"": [2.01067302300028, 2.01067302300028, 2.01067302300028], ""candidate_seeds"": [14, 34, 54], ""tie_tolerance_km"": 1e-12}"
23,DE,14,2.01067302300028,0.7603809860302135,7500,True,,"[0, 1, 2, 3]",{}
23,NN+2opt,14,2.01067302300028,0.0001480309292674,7,True,,"[0, 1, 2, 3]",{}
23,PSO,14,2.01067302300028,0.0603331358870491,7500,True,,"[0, 1, 2, 3]",{}
23,Portfolio,14,2.01067302300028,2.528118201880716,22508,True,Raw,"[0, 1, 2, 3]","{""candidate_evaluations"": {""ACO"": 7500, ""DE"": 7500, ""NN+2opt"": 7, ""PSO"": 7500, ""Raw"": 1}, ""candidate_lengths_km"": {""ACO"": 2.01067302300028, ""DE"": 2.01067302300028, ""NN+2opt"": 2.01067302300028, ""PSO"": 2.01067302300028, ""Raw"": 2.01067302300028}, ""priority"": [""Raw"", ""NN+2opt"", ""ACO"", ""DE"", ""PSO""], ""tie_tolerance_km"": 1e-12}"
23,Raw,14,2.01067302300028,4.465400706976652e-05,1,True,,"[0, 1, 2, 3]",{}
23,ACO,15,2.01067302300028,1.607550399028696,7500,True,,"[0, 1, 2, 3]","{""alpha"": 1.0, ""beta"": 2.0, ""evaluation_budget"": 7500, ""evaporation"": 0.5, ""population"": 50}"
23,ACO×3,15,2.01067302300028,4.9894823940703645,22500,True,ACO stream 1,"[0, 1, 2, 3]","{""candidate_lengths_km"": [2.01067302300028, 2.01067302300028, 2.01067302300028], ""candidate_seeds"": [15, 35, 55], ""tie_tolerance_km"": 1e-12}"
23,DE,15,2.01067302300028,0.7317152889445424,7500,True,,"[3, 2, 1, 0]",{}
23,NN+2opt,15,2.01067302300028,0.0001508720451965,7,True,,"[0, 1, 2, 3]",{}
23,PSO,15,2.01067302300028,0.0606362170074135,7500,True,,"[3, 2, 1, 0]",{}
23,Portfolio,15,2.01067302300028,2.4001102440524846,22508,True,Raw,"[0, 1, 2, 3]","{""candidate_evaluations"": {""ACO"": 7500, ""DE"": 7500, ""NN+2opt"": 7, ""PSO"": 7500, ""Raw"": 1}, ""candidate_lengths_km"": {""ACO"": 2.01067302300028, ""DE"": 2.01067302300028, ""NN+2opt"": 2.01067302300028, ""PSO"": 2.01067302300028, ""Raw"": 2.01067302300028}, ""priority"": [""Raw"", ""NN+2opt"", ""ACO"", ""DE"", ""PSO""], ""tie_tolerance_km"": 1e-12}"
23,Raw,15,2.01067302300028,4.845706280320883e-05,1,True,,"[0, 1, 2, 3]",{}
23,ACO,16,2.01067302300028,1.6326944549800828,7500,True,,"[3, 2, 1, 0]","{""alpha"": 1.0, ""beta"": 2.0, ""evaluation_budget"": 7500, ""evaporation"": 0.5, ""population"": 50}"
23,ACO×3,16,2.01067302300028,4.960015946999192,22500,True,ACO stream 1,"[3, 2, 1, 0]","{""candidate_lengths_km"": [2.01067302300028, 2.01067302300028, 2.01067302300028], ""candidate_seeds"": [16, 36, 56], ""tie_tolerance_km"": 1e-12}"
23,DE,16,2.01067302300028,0.7523814470041543,7500,True,,"[0, 1, 2, 3]",{}
23,NN+2opt,16,2.01067302300028,0.0001477990299463,7,True,,"[0, 1, 2, 3]",{}
23,PSO,16,2.01067302300028,0.0603945880429819,7500,True,,"[0, 1, 2, 3]",{}
23,Portfolio,16,2.01067302300028,2.445676268078387,22508,True,Raw,"[0, 1, 2, 3]","{""candidate_evaluations"": {""ACO"": 7500, ""DE"": 7500, ""NN+2opt"": 7, ""PSO"": 7500, ""Raw"": 1}, ""candidate_lengths_km"": {""ACO"": 2.01067302300028, ""DE"": 2.01067302300028, ""NN+2opt"": 2.01067302300028, ""PSO"": 2.01067302300028, ""Raw"": 2.01067302300028}, ""priority"": [""Raw"", ""NN+2opt"", ""ACO"", ""DE"", ""PSO""], ""tie_tolerance_km"": 1e-12}"
23,Raw,16,2.01067302300028,4.89760423079133e-05,1,True,,"[0, 1, 2, 3]",{}
23,ACO,17,2.01067302300028,1.735816122032702,7500,True,,"[3, 2, 1, 0]","{""alpha"": 1.0, ""beta"": 2.0, ""evaluation_budget"": 7500, ""evaporation"": 0.5, ""population"": 50}"
23,ACO×3,17,2.01067302300028,5.734898519935086,22500,True,ACO stream 1,"[3, 2, 1, 0]","{""candidate_lengths_km"": [2.01067302300028, 2.01067302300028, 2.01067302300028], ""candidate_seeds"": [17, 37, 57], ""tie_tolerance_km"": 1e-12}"
23,DE,17,2.01067302300028,0.7706396819557995,7500,True,,"[0, 1, 2, 3]",{}
23,NN+2opt,17,2.01067302300028,0.0001565500861033,7,True,,"[0, 1, 2, 3]",{}
23,PSO,17,2.01067302300028,0.0608889909926801,7500,True,,"[0, 1, 2, 3]",{}
23,Portfolio,17,2.01067302300028,2.5675599961541598,22508,True,Raw,"[0, 1, 2, 3]","{""candidate_evaluations"": {""ACO"": 7500, ""DE"": 7500, ""NN+2opt"": 7, ""PSO"": 7500, ""Raw"": 1}, ""candidate_lengths_km"": {""ACO"": 2.01067302300028, ""DE"": 2.01067302300028, ""NN+2opt"": 2.01067302300028, ""PSO"": 2.01067302300028, ""Raw"": 2.01067302300028}, ""priority"": [""Raw"", ""NN+2opt"", ""ACO"", ""DE"", ""PSO""], ""tie_tolerance_km"": 1e-12}"
23,Raw,17,2.01067302300028,4.941900260746479e-05,1,True,,"[0, 1, 2, 3]",{}
23,ACO,18,2.01067302300028,1.624143796041608,7500,True,,"[3, 2, 1, 0]","{""alpha"": 1.0, ""beta"": 2.0, ""evaluation_budget"": 7500, ""evaporation"": 0.5, ""population"": 50}"
23,ACO×3,18,2.01067302300028,5.188868109951727,22500,True,ACO stream 1,"[3, 2, 1, 0]","{""candidate_lengths_km"": [2.01067302300028, 2.01067302300028, 2.01067302300028], ""candidate_seeds"": [18, 38, 58], ""tie_tolerance_km"": 1e-12}"
23,DE,18,2.01067302300028,0.7224887140328065,7500,True,,"[3, 2, 1, 0]",{}
23,NN+2opt,18,2.01067302300028,0.0001543670659884,7,True,,"[0, 1, 2, 3]",{}
23,PSO,18,2.01067302300028,0.061370087089017,7500,True,,"[3, 2, 1, 0]",{}
23,Portfolio,18,2.01067302300028,2.4082107403082773,22508,True,Raw,"[0, 1, 2, 3]","{""candidate_evaluations"": {""ACO"": 7500, ""DE"": 7500, ""NN+2opt"": 7, ""PSO"": 7500, ""Raw"": 1}, ""candidate_lengths_km"": {""ACO"": 2.01067302300028, ""DE"": 2.01067302300028, ""NN+2opt"": 2.01067302300028, ""PSO"": 2.01067302300028, ""Raw"": 2.01067302300028}, ""priority"": [""Raw"", ""NN+2opt"", ""ACO"", ""DE"", ""PSO""], ""tie_tolerance_km"": 1e-12}"
23,Raw,18,2.01067302300028,4.536902997642756e-05,1,True,,"[0, 1, 2, 3]",{}
23,ACO,19,2.01067302300028,1.6870341439498588,7500,True,,"[3, 2, 1, 0]","{""alpha"": 1.0, ""beta"": 2.0, ""evaluation_budget"": 7500, ""evaporation"": 0.5, ""population"": 50}"
23,ACO×3,19,2.01067302300028,5.220962360035628,22500,True,ACO stream 1,"[3, 2, 1, 0]","{""candidate_lengths_km"": [2.01067302300028, 2.01067302300028, 2.01067302300028], ""candidate_seeds"": [19, 39, 59], ""tie_tolerance_km"": 1e-12}"
23,DE,19,2.01067302300028,0.7218750839820132,7500,True,,"[0, 1, 2, 3]",{}
23,NN+2opt,19,2.01067302300028,0.0001462589716538,7,True,,"[0, 1, 2, 3]",{}
23,PSO,19,2.01067302300028,0.0610803629970178,7500,True,,"[0, 1, 2, 3]",{}
23,Portfolio,19,2.01067302300028,2.470192297943868,22508,True,Raw,"[0, 1, 2, 3]","{""candidate_evaluations"": {""ACO"": 7500, ""DE"": 7500, ""NN+2opt"": 7, ""PSO"": 7500, ""Raw"": 1}, ""candidate_lengths_km"": {""ACO"": 2.01067302300028, ""DE"": 2.01067302300028, ""NN+2opt"": 2.01067302300028, ""PSO"": 2.01067302300028, ""Raw"": 2.01067302300028}, ""priority"": [""Raw"", ""NN+2opt"", ""ACO"", ""DE"", ""PSO""], ""tie_tolerance_km"": 1e-12}"
23,Raw,19,2.01067302300028,4.7412002459168434e-05,1,True,,"[0, 1, 2, 3]",{}
24,ACO,0,1.3508272334785485,1.7006794840563089,7500,True,,"[2, 3, 1, 0]","{""alpha"": 1.0, ""beta"": 2.0, ""evaluation_budget"": 7500, ""evaporation"": 0.5, ""population"": 50}"
24,ACO×3,0,1.3508272334785485,5.13677831296809,22500,True,ACO stream 1,"[2, 3, 1, 0]","{""candidate_lengths_km"": [1.3508272334785483, 1.3508272334785483, 1.3508272334785483], ""candidate_seeds"": [0, 20, 40], ""tie_tolerance_km"": 1e-12}"
24,DE,0,1.3508272334785485,0.782453608000651,7500,True,,"[2, 3, 1, 0]",{}
24,NN+2opt,0,1.3508272334785485,0.0001701280707493,12,True,,"[2, 3, 1, 0]",{}
24,PSO,0,1.3508272334785485,0.0612849859753623,7500,True,,"[2, 3, 1, 0]",{}
24,Portfolio,0,1.3508272334785485,2.54465587309096,22513,True,NN+2opt,"[2, 3, 1, 0]","{""candidate_evaluations"": {""ACO"": 7500, ""DE"": 7500, ""NN+2opt"": 12, ""PSO"": 7500, ""Raw"": 1}, ""candidate_lengths_km"": {""ACO"": 1.3508272334785483, ""DE"": 1.3508272334785483, ""NN+2opt"": 1.3508272334785483, ""PSO"": 1.3508272334785483, ""Raw"": 1.5541362851202243}, ""priority"": [""Raw"", ""NN+2opt"", ""ACO"", ""DE"", ""PSO""], ""tie_tolerance_km"": 1e-12}"
24,Raw,0,1.5541362851202245,5.814502947032452e-05,1,True,,"[0, 1, 2, 3]",{}
24,ACO,1,1.3508272334785485,1.7122060909168797,7500,True,,"[0, 1, 3, 2]","{""alpha"": 1.0, ""beta"": 2.0, ""evaluation_budget"": 7500, ""evaporation"": 0.5, ""population"": 50}"
24,ACO×3,1,1.3508272334785485,5.170327317900956,22500,True,ACO stream 1,"[0, 1, 3, 2]","{""candidate_lengths_km"": [1.3508272334785483, 1.3508272334785483, 1.3508272334785483], ""candidate_seeds"": [1, 21, 41], ""tie_tolerance_km"": 1e-12}"
24,DE,1,1.3508272334785485,0.7723391270264983,7500,True,,"[0, 1, 3, 2]",{}
24,NN+2opt,1,1.3508272334785485,0.0001699979184195,12,True,,"[2, 3, 1, 0]",{}
24,PSO,1,1.3508272334785485,0.0636903279228136,7500,True,,"[0, 1, 3, 2]",{}
24,Portfolio,1,1.3508272334785485,2.5484651727601886,22513,True,NN+2opt,"[2, 3, 1, 0]","{""candidate_evaluations"": {""ACO"": 7500, ""DE"": 7500, ""NN+2opt"": 12, ""PSO"": 7500, ""Raw"": 1}, ""candidate_lengths_km"": {""ACO"": 1.3508272334785483, ""DE"": 1.3508272334785483, ""NN+2opt"": 1.3508272334785483, ""PSO"": 1.3508272334785483, ""Raw"": 1.5541362851202243}, ""priority"": [""Raw"", ""NN+2opt"", ""ACO"", ""DE"", ""PSO""], ""tie_tolerance_km"": 1e-12}"
24,Raw,1,1.5541362851202245,5.009095184504986e-05,1,True,,"[0, 1, 2, 3]",{}
24,ACO,2,1.3508272334785485,1.736822490929626,7500,True,,"[0, 1, 3, 2]","{""alpha"": 1.0, ""beta"": 2.0, ""evaluation_budget"": 7500, ""evaporation"": 0.5, ""population"": 50}"
24,ACO×3,2,1.3508272334785485,5.127647560904734,22500,True,ACO stream 1,"[0, 1, 3, 2]","{""candidate_lengths_km"": [1.3508272334785483, 1.3508272334785483, 1.3508272334785483], ""candidate_seeds"": [2, 22, 42], ""tie_tolerance_km"": 1e-12}"
24,DE,2,1.3508272334785485,0.7788793579675257,7500,True,,"[0, 1, 3, 2]",{}
24,NN+2opt,2,1.3508272334785485,0.0001719510182738,12,True,,"[2, 3, 1, 0]",{}
24,PSO,2,1.3508272334785485,0.06687999505084,7500,True,,"[0, 1, 3, 2]",{}
24,Portfolio,2,1.3508272334785485,2.5828121450031176,22513,True,NN+2opt,"[2, 3, 1, 0]","{""candidate_evaluations"": {""ACO"": 7500, ""DE"": 7500, ""NN+2opt"": 12, ""PSO"": 7500, ""Raw"": 1}, ""candidate_lengths_km"": {""ACO"": 1.3508272334785483, ""DE"": 1.3508272334785483, ""NN+2opt"": 1.3508272334785483, ""PSO"": 1.3508272334785483, ""Raw"": 1.5541362851202243}, ""priority"": [""Raw"", ""NN+2opt"", ""ACO"", ""DE"", ""PSO""], ""tie_tolerance_km"": 1e-12}"
24,Raw,2,1.5541362851202245,4.8824003897607327e-05,1,True,,"[0, 1, 2, 3]",{}
24,ACO,3,1.3508272334785485,1.6661067550303414,7500,True,,"[0, 1, 3, 2]","{""alpha"": 1.0, ""beta"": 2.0, ""evaluation_budget"": 7500, ""evaporation"": 0.5, ""population"": 50}"
24,ACO×3,3,1.3508272334785485,4.956996349035762,22500,True,ACO stream 1,"[0, 1, 3, 2]","{""candidate_lengths_km"": [1.3508272334785483, 1.3508272334785483, 1.3508272334785483], ""candidate_seeds"": [3, 23, 43], ""tie_tolerance_km"": 1e-12}"
24,DE,3,1.3508272334785485,0.7333011159207672,7500,True,,"[0, 1, 3, 2]",{}
24,NN+2opt,3,1.3508272334785485,0.0001696971012279,12,True,,"[2, 3, 1, 0]",{}
24,PSO,3,1.3508272334785485,0.0614024399546906,7500,True,,"[0, 1, 3, 2]",{}
24,Portfolio,3,1.3508272334785485,2.461036267923191,22513,True,NN+2opt,"[2, 3, 1, 0]","{""candidate_evaluations"": {""ACO"": 7500, ""DE"": 7500, ""NN+2opt"": 12, ""PSO"": 7500, ""Raw"": 1}, ""candidate_lengths_km"": {""ACO"": 1.3508272334785483, ""DE"": 1.3508272334785483, ""NN+2opt"": 1.3508272334785483, ""PSO"": 1.3508272334785483, ""Raw"": 1.5541362851202243}, ""priority"": [""Raw"", ""NN+2opt"", ""ACO"", ""DE"", ""PSO""], ""tie_tolerance_km"": 1e-12}"
24,Raw,3,1.5541362851202245,4.7752982936799526e-05,1,True,,"[0, 1, 2, 3]",{}
24,ACO,4,1.3508272334785485,1.6800762169295922,7500,True,,"[2, 3, 1, 0]","{""alpha"": 1.0, ""beta"": 2.0, ""evaluation_budget"": 7500, ""evaporation"": 0.5, ""population"": 50}"
24,ACO×3,4,1.3508272334785485,4.950660341884941,22500,True,ACO stream 1,"[2, 3, 1, 0]","{""candidate_lengths_km"": [1.3508272334785483, 1.3508272334785483, 1.3508272334785483], ""candidate_seeds"": [4, 24, 44], ""tie_tolerance_km"": 1e-12}"
24,DE,4,1.3508272334785485,0.7686755110044032,7500,True,,"[2, 3, 1, 0]",{}
24,NN+2opt,4,1.3508272334785485,0.0001702429726719,12,True,,"[2, 3, 1, 0]",{}
24,PSO,4,1.3508272334785485,0.0660439630737528,7500,True,,"[2, 3, 1, 0]",{}
24,Portfolio,4,1.3508272334785485,2.5150595309678465,22513,True,NN+2opt,"[2, 3, 1, 0]","{""candidate_evaluations"": {""ACO"": 7500, ""DE"": 7500, ""NN+2opt"": 12, ""PSO"": 7500, ""Raw"": 1}, ""candidate_lengths_km"": {""ACO"": 1.3508272334785483, ""DE"": 1.3508272334785483, ""NN+2opt"": 1.3508272334785483, ""PSO"": 1.3508272334785483, ""Raw"": 1.5541362851202243}, ""priority"": [""Raw"", ""NN+2opt"", ""ACO"", ""DE"", ""PSO""], ""tie_tolerance_km"": 1e-12}"
24,Raw,4,1.5541362851202245,8.448399603366852e-05,1,True,,"[0, 1, 2, 3]",{}
24,ACO,5,1.3508272334785485,1.6656556339003146,7500,True,,"[0, 1, 3, 2]","{""alpha"": 1.0, ""beta"": 2.0, ""evaluation_budget"": 7500, ""evaporation"": 0.5, ""population"": 50}"
24,ACO×3,5,1.3508272334785485,4.911298588034697,22500,True,ACO stream 1,"[0, 1, 3, 2]","{""candidate_lengths_km"": [1.3508272334785483, 1.3508272334785483, 1.3508272334785483], ""candidate_seeds"": [5, 25, 45], ""tie_tolerance_km"": 1e-12}"
24,DE,5,1.3508272334785485,0.7368379170075059,7500,True,,"[2, 3, 1, 0]",{}
24,NN+2opt,5,1.3508272334785485,0.0001692560035735,12,True,,"[2, 3, 1, 0]",{}
24,PSO,5,1.3508272334785485,0.0625946909422054,7500,True,,"[2, 3, 1, 0]",{}
24,Portfolio,5,1.3508272334785485,2.4653159339213744,22513,True,NN+2opt,"[2, 3, 1, 0]","{""candidate_evaluations"": {""ACO"": 7500, ""DE"": 7500, ""NN+2opt"": 12, ""PSO"": 7500, ""Raw"": 1}, ""candidate_lengths_km"": {""ACO"": 1.3508272334785483, ""DE"": 1.3508272334785483, ""NN+2opt"": 1.3508272334785483, ""PSO"": 1.3508272334785483, ""Raw"": 1.5541362851202243}, ""priority"": [""Raw"", ""NN+2opt"", ""ACO"", ""DE"", ""PSO""], ""tie_tolerance_km"": 1e-12}"
24,Raw,5,1.5541362851202245,4.912400618195534e-05,1,True,,"[0, 1, 2, 3]",{}
24,ACO,6,1.3508272334785485,1.72744385804981,7500,True,,"[0, 1, 3, 2]","{""alpha"": 1.0, ""beta"": 2.0, ""evaluation_budget"": 7500, ""evaporation"": 0.5, ""population"": 50}"
24,ACO×3,6,1.3508272334785485,5.181587569066323,22500,True,ACO stream 1,"[0, 1, 3, 2]","{""candidate_lengths_km"": [1.3508272334785483, 1.3508272334785483, 1.3508272334785483], ""candidate_seeds"": [6, 26, 46], ""tie_tolerance_km"": 1e-12}"
24,DE,6,1.3508272334785485,0.7807366990018636,7500,True,,"[0, 1, 3, 2]",{}
24,NN+2opt,6,1.3508272334785485,0.0001671860227361,12,True,,"[2, 3, 1, 0]",{}
24,PSO,6,1.3508272334785485,0.065158860059455,7500,True,,"[0, 1, 3, 2]",{}
24,Portfolio,6,1.3508272334785485,2.573590041138232,22513,True,NN+2opt,"[2, 3, 1, 0]","{""candidate_evaluations"": {""ACO"": 7500, ""DE"": 7500, ""NN+2opt"": 12, ""PSO"": 7500, ""Raw"": 1}, ""candidate_lengths_km"": {""ACO"": 1.3508272334785483, ""DE"": 1.3508272334785483, ""NN+2opt"": 1.3508272334785483, ""PSO"": 1.3508272334785483, ""Raw"": 1.5541362851202243}, ""priority"": [""Raw"", ""NN+2opt"", ""ACO"", ""DE"", ""PSO""], ""tie_tolerance_km"": 1e-12}"
24,Raw,6,1.5541362851202245,7.416994776576757e-05,1,True,,"[0, 1, 2, 3]",{}
24,ACO,7,1.3508272334785485,1.7310533149866387,7500,True,,"[0, 1, 3, 2]","{""alpha"": 1.0, ""beta"": 2.0, ""evaluation_budget"": 7500, ""evaporation"": 0.5, ""population"": 50}"
24,ACO×3,7,1.3508272334785485,5.250858278013766,22500,True,ACO stream 1,"[0, 1, 3, 2]","{""candidate_lengths_km"": [1.3508272334785483, 1.3508272334785483, 1.3508272334785483], ""candidate_seeds"": [7, 27, 47], ""tie_tolerance_km"": 1e-12}"
24,DE,7,1.3508272334785485,0.7518181729828939,7500,True,,"[0, 1, 3, 2]",{}
24,NN+2opt,7,1.3508272334785485,0.0001673320075497,12,True,,"[2, 3, 1, 0]",{}
24,PSO,7,1.3508272334785485,0.063145663938485,7500,True,,"[0, 1, 3, 2]",{}
24,Portfolio,7,1.3508272334785485,2.5462446248857304,22513,True,NN+2opt,"[2, 3, 1, 0]","{""candidate_evaluations"": {""ACO"": 7500, ""DE"": 7500, ""NN+2opt"": 12, ""PSO"": 7500, ""Raw"": 1}, ""candidate_lengths_km"": {""ACO"": 1.3508272334785483, ""DE"": 1.3508272334785483, ""NN+2opt"": 1.3508272334785483, ""PSO"": 1.3508272334785483, ""Raw"": 1.5541362851202243}, ""priority"": [""Raw"", ""NN+2opt"", ""ACO"", ""DE"", ""PSO""], ""tie_tolerance_km"": 1e-12}"
24,Raw,7,1.5541362851202245,5.1310984417796135e-05,1,True,,"[0, 1, 2, 3]",{}
24,ACO,8,1.3508272334785485,1.807202882017009,7500,True,,"[0, 1, 3, 2]","{""alpha"": 1.0, ""beta"": 2.0, ""evaluation_budget"": 7500, ""evaporation"": 0.5, ""population"": 50}"
24,ACO×3,8,1.3508272334785485,5.184456452028826,22500,True,ACO stream 1,"[0, 1, 3, 2]","{""candidate_lengths_km"": [1.3508272334785483, 1.3508272334785483, 1.3508272334785483], ""candidate_seeds"": [8, 28, 48], ""tie_tolerance_km"": 1e-12}"
24,DE,8,1.3508272334785485,0.7962570970412344,7500,True,,"[0, 1, 3, 2]",{}
24,NN+2opt,8,1.3508272334785485,0.0001676420215517,12,True,,"[2, 3, 1, 0]",{}
24,PSO,8,1.3508272334785485,0.0629121309611946,7500,True,,"[0, 1, 3, 2]",{}
24,Portfolio,8,1.3508272334785485,2.6665991250192747,22513,True,NN+2opt,"[2, 3, 1, 0]","{""candidate_evaluations"": {""ACO"": 7500, ""DE"": 7500, ""NN+2opt"": 12, ""PSO"": 7500, ""Raw"": 1}, ""candidate_lengths_km"": {""ACO"": 1.3508272334785483, ""DE"": 1.3508272334785483, ""NN+2opt"": 1.3508272334785483, ""PSO"": 1.3508272334785483, ""Raw"": 1.5541362851202243}, ""priority"": [""Raw"", ""NN+2opt"", ""ACO"", ""DE"", ""PSO""], ""tie_tolerance_km"": 1e-12}"
24,Raw,8,1.5541362851202245,4.968198481947184e-05,1,True,,"[0, 1, 2, 3]",{}
24,ACO,9,1.3508272334785485,1.6465076740132645,7500,True,,"[2, 3, 1, 0]","{""alpha"": 1.0, ""beta"": 2.0, ""evaluation_budget"": 7500, ""evaporation"": 0.5, ""population"": 50}"
24,ACO×3,9,1.3508272334785485,5.03726897307206,22500,True,ACO stream 1,"[2, 3, 1, 0]","{""candidate_lengths_km"": [1.3508272334785483, 1.3508272334785483, 1.3508272334785483], ""candidate_seeds"": [9, 29, 49], ""tie_tolerance_km"": 1e-12}"
24,DE,9,1.3508272334785485,0.7474933600751683,7500,True,,"[0, 1, 3, 2]",{}
24,NN+2opt,9,1.3508272334785485,0.0001659719273447,12,True,,"[2, 3, 1, 0]",{}
24,PSO,9,1.3508272334785485,0.0608490629820153,7500,True,,"[0, 1, 3, 2]",{}
24,Portfolio,9,1.3508272334785485,2.455074411001988,22513,True,NN+2opt,"[2, 3, 1, 0]","{""candidate_evaluations"": {""ACO"": 7500, ""DE"": 7500, ""NN+2opt"": 12, ""PSO"": 7500, ""Raw"": 1}, ""candidate_lengths_km"": {""ACO"": 1.3508272334785483, ""DE"": 1.3508272334785483, ""NN+2opt"": 1.3508272334785483, ""PSO"": 1.3508272334785483, ""Raw"": 1.5541362851202243}, ""priority"": [""Raw"", ""NN+2opt"", ""ACO"", ""DE"", ""PSO""], ""tie_tolerance_km"": 1e-12}"
24,Raw,9,1.5541362851202245,4.959595389664173e-05,1,True,,"[0, 1, 2, 3]",{}
24,ACO,10,1.3508272334785485,1.6553727589780465,7500,True,,"[0, 1, 3, 2]","{""alpha"": 1.0, ""beta"": 2.0, ""evaluation_budget"": 7500, ""evaporation"": 0.5, ""population"": 50}"
24,ACO×3,10,1.3508272334785485,4.975943197961897,22500,True,ACO stream 1,"[0, 1, 3, 2]","{""candidate_lengths_km"": [1.3508272334785483, 1.3508272334785483, 1.3508272334785483], ""candidate_seeds"": [10, 30, 50], ""tie_tolerance_km"": 1e-12}"
24,DE,10,1.3508272334785485,0.7385866489494219,7500,True,,"[2, 3, 1, 0]",{}
24,NN+2opt,10,1.3508272334785485,0.0002946980530396,12,True,,"[2, 3, 1, 0]",{}
24,PSO,10,1.3508272334785485,0.0658847329905256,7500,True,,"[2, 3, 1, 0]",{}
24,Portfolio,10,1.3508272334785485,2.460202896036208,22513,True,NN+2opt,"[2, 3, 1, 0]","{""candidate_evaluations"": {""ACO"": 7500, ""DE"": 7500, ""NN+2opt"": 12, ""PSO"": 7500, ""Raw"": 1}, ""candidate_lengths_km"": {""ACO"": 1.3508272334785483, ""DE"": 1.3508272334785483, ""NN+2opt"": 1.3508272334785483, ""PSO"": 1.3508272334785483, ""Raw"": 1.5541362851202243}, ""priority"": [""Raw"", ""NN+2opt"", ""ACO"", ""DE"", ""PSO""], ""tie_tolerance_km"": 1e-12}"
24,Raw,10,1.5541362851202245,4.909501876682043e-05,1,True,,"[0, 1, 2, 3]",{}
24,ACO,11,1.3508272334785485,1.731283180997707,7500,True,,"[0, 1, 3, 2]","{""alpha"": 1.0, ""beta"": 2.0, ""evaluation_budget"": 7500, ""evaporation"": 0.5, ""population"": 50}"
24,ACO×3,11,1.3508272334785485,5.104672704008408,22500,True,ACO stream 1,"[0, 1, 3, 2]","{""candidate_lengths_km"": [1.3508272334785483, 1.3508272334785483, 1.3508272334785483], ""candidate_seeds"": [11, 31, 51], ""tie_tolerance_km"": 1e-12}"
24,DE,11,1.3508272334785485,0.7371259400388226,7500,True,,"[2, 3, 1, 0]",{}
24,NN+2opt,11,1.3508272334785485,0.0001656330423429,12,True,,"[2, 3, 1, 0]",{}
24,PSO,11,1.3508272334785485,0.0760156409814953,7500,True,,"[2, 3, 1, 0]",{}
24,Portfolio,11,1.3508272334785485,2.544649968040176,22513,True,NN+2opt,"[2, 3, 1, 0]","{""candidate_evaluations"": {""ACO"": 7500, ""DE"": 7500, ""NN+2opt"": 12, ""PSO"": 7500, ""Raw"": 1}, ""candidate_lengths_km"": {""ACO"": 1.3508272334785483, ""DE"": 1.3508272334785483, ""NN+2opt"": 1.3508272334785483, ""PSO"": 1.3508272334785483, ""Raw"": 1.5541362851202243}, ""priority"": [""Raw"", ""NN+2opt"", ""ACO"", ""DE"", ""PSO""], ""tie_tolerance_km"": 1e-12}"
24,Raw,11,1.5541362851202245,5.09209930896759e-05,1,True,,"[0, 1, 2, 3]",{}
24,ACO,12,1.3508272334785485,1.757933680084534,7500,True,,"[0, 1, 3, 2]","{""alpha"": 1.0, ""beta"": 2.0, ""evaluation_budget"": 7500, ""evaporation"": 0.5, ""population"": 50}"
24,ACO×3,12,1.3508272334785485,5.211863894131966,22500,True,ACO stream 1,"[0, 1, 3, 2]","{""candidate_lengths_km"": [1.3508272334785483, 1.3508272334785483, 1.3508272334785483], ""candidate_seeds"": [12, 32, 52], ""tie_tolerance_km"": 1e-12}"
24,DE,12,1.3508272334785485,0.7503575929440558,7500,True,,"[2, 3, 1, 0]",{}
24,NN+2opt,12,1.3508272334785485,0.0001629429170861,12,True,,"[2, 3, 1, 0]",{}
24,PSO,12,1.3508272334785485,0.0623127639992162,7500,True,,"[2, 3, 1, 0]",{}
24,Portfolio,12,1.3508272334785485,2.570826940936968,22513,True,NN+2opt,"[2, 3, 1, 0]","{""candidate_evaluations"": {""ACO"": 7500, ""DE"": 7500, ""NN+2opt"": 12, ""PSO"": 7500, ""Raw"": 1}, ""candidate_lengths_km"": {""ACO"": 1.3508272334785483, ""DE"": 1.3508272334785483, ""NN+2opt"": 1.3508272334785483, ""PSO"": 1.3508272334785483, ""Raw"": 1.5541362851202243}, ""priority"": [""Raw"", ""NN+2opt"", ""ACO"", ""DE"", ""PSO""], ""tie_tolerance_km"": 1e-12}"
24,Raw,12,1.5541362851202245,5.125196184962988e-05,1,True,,"[0, 1, 2, 3]",{}
24,ACO,13,1.3508272334785485,1.7277884379727766,7500,True,,"[2, 3, 1, 0]","{""alpha"": 1.0, ""beta"": 2.0, ""evaluation_budget"": 7500, ""evaporation"": 0.5, ""population"": 50}"
24,ACO×3,13,1.3508272334785485,5.025265195057727,22500,True,ACO stream 1,"[2, 3, 1, 0]","{""candidate_lengths_km"": [1.3508272334785483, 1.3508272334785483, 1.3508272334785483], ""candidate_seeds"": [13, 33, 53], ""tie_tolerance_km"": 1e-12}"
24,DE,13,1.3508272334785485,0.7260822049574926,7500,True,,"[0, 1, 3, 2]",{}
24,NN+2opt,13,1.3508272334785485,0.0001733730314299,12,True,,"[2, 3, 1, 0]",{}
24,PSO,13,1.3508272334785485,0.0631984650390222,7500,True,,"[0, 1, 3, 2]",{}
24,Portfolio,13,1.3508272334785485,2.517299209954217,22513,True,NN+2opt,"[2, 3, 1, 0]","{""candidate_evaluations"": {""ACO"": 7500, ""DE"": 7500, ""NN+2opt"": 12, ""PSO"": 7500, ""Raw"": 1}, ""candidate_lengths_km"": {""ACO"": 1.3508272334785483, ""DE"": 1.3508272334785483, ""NN+2opt"": 1.3508272334785483, ""PSO"": 1.3508272334785483, ""Raw"": 1.5541362851202243}, ""priority"": [""Raw"", ""NN+2opt"", ""ACO"", ""DE"", ""PSO""], ""tie_tolerance_km"": 1e-12}"
24,Raw,13,1.5541362851202245,4.726299084722996e-05,1,True,,"[0, 1, 2, 3]",{}
24,ACO,14,1.3508272334785485,1.7094252760289237,7500,True,,"[0, 1, 3, 2]","{""alpha"": 1.0, ""beta"": 2.0, ""evaluation_budget"": 7500, ""evaporation"": 0.5, ""population"": 50}"
24,ACO×3,14,1.3508272334785485,5.034498095046729,22500,True,ACO stream 1,"[0, 1, 3, 2]","{""candidate_lengths_km"": [1.3508272334785483, 1.3508272334785483, 1.3508272334785483], ""candidate_seeds"": [14, 34, 54], ""tie_tolerance_km"": 1e-12}"
24,DE,14,1.3508272334785485,0.7360048949485645,7500,True,,"[0, 1, 3, 2]",{}
24,NN+2opt,14,1.3508272334785485,0.000166991027072,12,True,,"[2, 3, 1, 0]",{}
24,PSO,14,1.3508272334785485,0.06136705505196,7500,True,,"[0, 1, 3, 2]",{}
24,Portfolio,14,1.3508272334785485,2.5070231170393527,22513,True,NN+2opt,"[2, 3, 1, 0]","{""candidate_evaluations"": {""ACO"": 7500, ""DE"": 7500, ""NN+2opt"": 12, ""PSO"": 7500, ""Raw"": 1}, ""candidate_lengths_km"": {""ACO"": 1.3508272334785483, ""DE"": 1.3508272334785483, ""NN+2opt"": 1.3508272334785483, ""PSO"": 1.3508272334785483, ""Raw"": 1.5541362851202243}, ""priority"": [""Raw"", ""NN+2opt"", ""ACO"", ""DE"", ""PSO""], ""tie_tolerance_km"": 1e-12}"
24,Raw,14,1.5541362851202245,4.928000271320343e-05,1,True,,"[0, 1, 2, 3]",{}
24,ACO,15,1.3508272334785485,1.720955118071288,7500,True,,"[0, 1, 3, 2]","{""alpha"": 1.0, ""beta"": 2.0, ""evaluation_budget"": 7500, ""evaporation"": 0.5, ""population"": 50}"
24,ACO×3,15,1.3508272334785485,5.1481357550947,22500,True,ACO stream 1,"[0, 1, 3, 2]","{""candidate_lengths_km"": [1.3508272334785483, 1.3508272334785483, 1.3508272334785483], ""candidate_seeds"": [15, 35, 55], ""tie_tolerance_km"": 1e-12}"
24,DE,15,1.3508272334785485,0.7828935419674963,7500,True,,"[0, 1, 3, 2]",{}
24,NN+2opt,15,1.3508272334785485,0.0001715200487524,12,True,,"[2, 3, 1, 0]",{}
24,PSO,15,1.3508272334785485,0.0739247798919677,7500,True,,"[0, 1, 3, 2]",{}
24,Portfolio,15,1.3508272334785485,2.5780021039536223,22513,True,NN+2opt,"[2, 3, 1, 0]","{""candidate_evaluations"": {""ACO"": 7500, ""DE"": 7500, ""NN+2opt"": 12, ""PSO"": 7500, ""Raw"": 1}, ""candidate_lengths_km"": {""ACO"": 1.3508272334785483, ""DE"": 1.3508272334785483, ""NN+2opt"": 1.3508272334785483, ""PSO"": 1.3508272334785483, ""Raw"": 1.5541362851202243}, ""priority"": [""Raw"", ""NN+2opt"", ""ACO"", ""DE"", ""PSO""], ""tie_tolerance_km"": 1e-12}"
24,Raw,15,1.5541362851202245,4.78159636259079e-05,1,True,,"[0, 1, 2, 3]",{}
24,ACO,16,1.3508272334785485,1.6588175219949337,7500,True,,"[2, 3, 1, 0]","{""alpha"": 1.0, ""beta"": 2.0, ""evaluation_budget"": 7500, ""evaporation"": 0.5, ""population"": 50}"
24,ACO×3,16,1.3508272334785485,5.170767460018396,22500,True,ACO stream 1,"[2, 3, 1, 0]","{""candidate_lengths_km"": [1.3508272334785483, 1.3508272334785483, 1.3508272334785483], ""candidate_seeds"": [16, 36, 56], ""tie_tolerance_km"": 1e-12}"
24,DE,16,1.3508272334785485,0.7660123970126733,7500,True,,"[2, 3, 1, 0]",{}
24,NN+2opt,16,1.3508272334785485,0.0001715190010145,12,True,,"[2, 3, 1, 0]",{}
24,PSO,16,1.3508272334785485,0.0619905010098591,7500,True,,"[2, 3, 1, 0]",{}
24,Portfolio,16,1.3508272334785485,2.4870557710528374,22513,True,NN+2opt,"[2, 3, 1, 0]","{""candidate_evaluations"": {""ACO"": 7500, ""DE"": 7500, ""NN+2opt"": 12, ""PSO"": 7500, ""Raw"": 1}, ""candidate_lengths_km"": {""ACO"": 1.3508272334785483, ""DE"": 1.3508272334785483, ""NN+2opt"": 1.3508272334785483, ""PSO"": 1.3508272334785483, ""Raw"": 1.5541362851202243}, ""priority"": [""Raw"", ""NN+2opt"", ""ACO"", ""DE"", ""PSO""], ""tie_tolerance_km"": 1e-12}"
24,Raw,16,1.5541362851202245,5.465897265821695e-05,1,True,,"[0, 1, 2, 3]",{}
24,ACO,17,1.3508272334785485,1.910078692017123,7500,True,,"[0, 1, 3, 2]","{""alpha"": 1.0, ""beta"": 2.0, ""evaluation_budget"": 7500, ""evaporation"": 0.5, ""population"": 50}"
24,ACO×3,17,1.3508272334785485,5.130330772954039,22500,True,ACO stream 1,"[0, 1, 3, 2]","{""candidate_lengths_km"": [1.3508272334785483, 1.3508272334785483, 1.3508272334785483], ""candidate_seeds"": [17, 37, 57], ""tie_tolerance_km"": 1e-12}"
24,DE,17,1.3508272334785485,0.7909698199946433,7500,True,,"[2, 3, 1, 0]",{}
24,NN+2opt,17,1.3508272334785485,0.0001767600188031,12,True,,"[2, 3, 1, 0]",{}
24,PSO,17,1.3508272334785485,0.0664367389399558,7500,True,,"[2, 3, 1, 0]",{}
24,Portfolio,17,1.3508272334785485,2.7677270548883826,22513,True,NN+2opt,"[2, 3, 1, 0]","{""candidate_evaluations"": {""ACO"": 7500, ""DE"": 7500, ""NN+2opt"": 12, ""PSO"": 7500, ""Raw"": 1}, ""candidate_lengths_km"": {""ACO"": 1.3508272334785483, ""DE"": 1.3508272334785483, ""NN+2opt"": 1.3508272334785483, ""PSO"": 1.3508272334785483, ""Raw"": 1.5541362851202243}, ""priority"": [""Raw"", ""NN+2opt"", ""ACO"", ""DE"", ""PSO""], ""tie_tolerance_km"": 1e-12}"
24,Raw,17,1.5541362851202245,5.526596214622259e-05,1,True,,"[0, 1, 2, 3]",{}
24,ACO,18,1.3508272334785485,1.6750535890460014,7500,True,,"[0, 1, 3, 2]","{""alpha"": 1.0, ""beta"": 2.0, ""evaluation_budget"": 7500, ""evaporation"": 0.5, ""population"": 50}"
24,ACO×3,18,1.3508272334785485,4.968223738018423,22500,True,ACO stream 1,"[0, 1, 3, 2]","{""candidate_lengths_km"": [1.3508272334785483, 1.3508272334785483, 1.3508272334785483], ""candidate_seeds"": [18, 38, 58], ""tie_tolerance_km"": 1e-12}"
24,DE,18,1.3508272334785485,0.7361111670034006,7500,True,,"[2, 3, 1, 0]",{}
24,NN+2opt,18,1.3508272334785485,0.0001672949874773,12,True,,"[2, 3, 1, 0]",{}
24,PSO,18,1.3508272334785485,0.0669130880851298,7500,True,,"[2, 3, 1, 0]",{}
24,Portfolio,18,1.3508272334785485,2.478302347939461,22513,True,NN+2opt,"[2, 3, 1, 0]","{""candidate_evaluations"": {""ACO"": 7500, ""DE"": 7500, ""NN+2opt"": 12, ""PSO"": 7500, ""Raw"": 1}, ""candidate_lengths_km"": {""ACO"": 1.3508272334785483, ""DE"": 1.3508272334785483, ""NN+2opt"": 1.3508272334785483, ""PSO"": 1.3508272334785483, ""Raw"": 1.5541362851202243}, ""priority"": [""Raw"", ""NN+2opt"", ""ACO"", ""DE"", ""PSO""], ""tie_tolerance_km"": 1e-12}"
24,Raw,18,1.5541362851202245,4.826090298593044e-05,1,True,,"[0, 1, 2, 3]",{}
24,ACO,19,1.3508272334785485,1.701639120001346,7500,True,,"[0, 1, 3, 2]","{""alpha"": 1.0, ""beta"": 2.0, ""evaluation_budget"": 7500, ""evaporation"": 0.5, ""population"": 50}"
24,ACO×3,19,1.3508272334785485,5.111019261996262,22500,True,ACO stream 1,"[0, 1, 3, 2]","{""candidate_lengths_km"": [1.3508272334785483, 1.3508272334785483, 1.3508272334785483], ""candidate_seeds"": [19, 39, 59], ""tie_tolerance_km"": 1e-12}"
24,DE,19,1.3508272334785485,0.7395273800939322,7500,True,,"[0, 1, 3, 2]",{}
24,NN+2opt,19,1.3508272334785485,0.0001681259600445,12,True,,"[2, 3, 1, 0]",{}
24,PSO,19,1.3508272334785485,0.0628241080557927,7500,True,,"[0, 1, 3, 2]",{}
24,Portfolio,19,1.3508272334785485,2.5042301730718464,22513,True,NN+2opt,"[2, 3, 1, 0]","{""candidate_evaluations"": {""ACO"": 7500, ""DE"": 7500, ""NN+2opt"": 12, ""PSO"": 7500, ""Raw"": 1}, ""candidate_lengths_km"": {""ACO"": 1.3508272334785483, ""DE"": 1.3508272334785483, ""NN+2opt"": 1.3508272334785483, ""PSO"": 1.3508272334785483, ""Raw"": 1.5541362851202243}, ""priority"": [""Raw"", ""NN+2opt"", ""ACO"", ""DE"", ""PSO""], ""tie_tolerance_km"": 1e-12}"
24,Raw,19,1.5541362851202245,6.246997509151697e-05,1,True,,"[0, 1, 2, 3]",{}
25,ACO,0,1.9406169918137253,2.507561599020846,7500,True,,"[0, 1, 3, 5, 4, 2]","{""alpha"": 1.0, ""beta"": 2.0, ""evaluation_budget"": 7500, ""evaporation"": 0.5, ""population"": 50}"
25,ACO×3,0,1.9406169918137253,7.486723359092139,22500,True,ACO stream 1,"[0, 1, 3, 5, 4, 2]","{""candidate_lengths_km"": [1.9406169918137253, 1.9406169918137253, 1.9406169918137253], ""candidate_seeds"": [0, 20, 40], ""tie_tolerance_km"": 1e-12}"
25,DE,0,1.9406169918137253,0.7454973310232162,7500,True,,"[0, 1, 3, 5, 4, 2]",{}
25,NN+2opt,0,1.9406169918137253,0.0004581960383802,55,True,,"[0, 1, 3, 5, 4, 2]",{}
25,PSO,0,1.9406169918137255,0.066511217970401,7500,True,,"[2, 4, 5, 3, 1, 0]",{}
25,Portfolio,0,1.9406169918137253,3.320108297164552,22556,True,NN+2opt,"[0, 1, 3, 5, 4, 2]","{""candidate_evaluations"": {""ACO"": 7500, ""DE"": 7500, ""NN+2opt"": 55, ""PSO"": 7500, ""Raw"": 1}, ""candidate_lengths_km"": {""ACO"": 1.9406169918137253, ""DE"": 1.9406169918137253, ""NN+2opt"": 1.9406169918137253, ""PSO"": 1.9406169918137257, ""Raw"": 2.1765993600481863}, ""priority"": [""Raw"", ""NN+2opt"", ""ACO"", ""DE"", ""PSO""], ""tie_tolerance_km"": 1e-12}"
25,Raw,0,2.1765993600481863,7.061404176056385e-05,1,True,,"[0, 1, 2, 3, 4, 5]",{}
25,ACO,1,1.9406169918137253,2.531458362005651,7500,True,,"[0, 1, 3, 5, 4, 2]","{""alpha"": 1.0, ""beta"": 2.0, ""evaluation_budget"": 7500, ""evaporation"": 0.5, ""population"": 50}"
25,ACO×3,1,1.9406169918137253,7.6402154511306435,22500,True,ACO stream 1,"[0, 1, 3, 5, 4, 2]","{""candidate_lengths_km"": [1.9406169918137253, 1.9406169918137253, 1.9406169918137253], ""candidate_seeds"": [1, 21, 41], ""tie_tolerance_km"": 1e-12}"
25,DE,1,1.9406169918137253,0.7973614650545642,7500,True,,"[0, 1, 3, 5, 4, 2]",{}
25,NN+2opt,1,1.9406169918137253,0.0004271380603313,55,True,,"[0, 1, 3, 5, 4, 2]",{}
25,PSO,1,1.9406169918137255,0.0763474379200488,7500,True,,"[2, 4, 5, 3, 1, 0]",{}
25,Portfolio,1,1.9406169918137253,3.40566850209143,22556,True,NN+2opt,"[0, 1, 3, 5, 4, 2]","{""candidate_evaluations"": {""ACO"": 7500, ""DE"": 7500, ""NN+2opt"": 55, ""PSO"": 7500, ""Raw"": 1}, ""candidate_lengths_km"": {""ACO"": 1.9406169918137253, ""DE"": 1.9406169918137253, ""NN+2opt"": 1.9406169918137253, ""PSO"": 1.9406169918137257, ""Raw"": 2.1765993600481863}, ""priority"": [""Raw"", ""NN+2opt"", ""ACO"", ""DE"", ""PSO""], ""tie_tolerance_km"": 1e-12}"
25,Raw,1,2.1765993600481863,6.522203329950571e-05,1,True,,"[0, 1, 2, 3, 4, 5]",{}
25,ACO,2,1.9406169918137253,2.502950442954898,7500,True,,"[0, 1, 3, 5, 4, 2]","{""alpha"": 1.0, ""beta"": 2.0, ""evaluation_budget"": 7500, ""evaporation"": 0.5, ""population"": 50}"
25,ACO×3,2,1.9406169918137253,7.466947425971739,22500,True,ACO stream 1,"[0, 1, 3, 5, 4, 2]","{""candidate_lengths_km"": [1.9406169918137253, 1.9406169918137253, 1.9406169918137253], ""candidate_seeds"": [2, 22, 42], ""tie_tolerance_km"": 1e-12}"
25,DE,2,1.9406169918137253,0.7530740170041099,7500,True,,"[0, 1, 3, 5, 4, 2]",{}
25,NN+2opt,2,1.9406169918137253,0.0004191639600321,55,True,,"[0, 1, 3, 5, 4, 2]",{}
25,PSO,2,1.9406169918137253,0.07076632801909,7500,True,,"[0, 1, 3, 5, 4, 2]",{}
25,Portfolio,2,1.9406169918137253,3.327283958904445,22556,True,NN+2opt,"[0, 1, 3, 5, 4, 2]","{""candidate_evaluations"": {""ACO"": 7500, ""DE"": 7500, ""NN+2opt"": 55, ""PSO"": 7500, ""Raw"": 1}, ""candidate_lengths_km"": {""ACO"": 1.9406169918137253, ""DE"": 1.9406169918137253, ""NN+2opt"": 1.9406169918137253, ""PSO"": 1.9406169918137253, ""Raw"": 2.1765993600481863}, ""priority"": [""Raw"", ""NN+2opt"", ""ACO"", ""DE"", ""PSO""], ""tie_tolerance_km"": 1e-12}"
25,Raw,2,2.1765993600481863,6.477395072579384e-05,1,True,,"[0, 1, 2, 3, 4, 5]",{}
25,ACO,3,1.9406169918137253,2.413598282961175,7500,True,,"[0, 1, 3, 5, 4, 2]","{""alpha"": 1.0, ""beta"": 2.0, ""evaluation_budget"": 7500, ""evaporation"": 0.5, ""population"": 50}"
25,ACO×3,3,1.9406169918137253,7.24947214697022,22500,True,ACO stream 1,"[0, 1, 3, 5, 4, 2]","{""candidate_lengths_km"": [1.9406169918137253, 1.9406169918137253, 1.9406169918137253], ""candidate_seeds"": [3, 23, 43], ""tie_tolerance_km"": 1e-12}"
25,DE,3,1.9406169918137253,0.7390602559316903,7500,True,,"[0, 1, 3, 5, 4, 2]",{}
25,NN+2opt,3,1.9406169918137253,0.0004258329281583,55,True,,"[0, 1, 3, 5, 4, 2]",{}
25,PSO,3,1.9406169918137253,0.0711517399176955,7500,True,,"[0, 1, 3, 5, 4, 2]",{}
25,Portfolio,3,1.9406169918137253,3.2243096908787265,22556,True,NN+2opt,"[0, 1, 3, 5, 4, 2]","{""candidate_evaluations"": {""ACO"": 7500, ""DE"": 7500, ""NN+2opt"": 55, ""PSO"": 7500, ""Raw"": 1}, ""candidate_lengths_km"": {""ACO"": 1.9406169918137253, ""DE"": 1.9406169918137253, ""NN+2opt"": 1.9406169918137253, ""PSO"": 1.9406169918137253, ""Raw"": 2.1765993600481863}, ""priority"": [""Raw"", ""NN+2opt"", ""ACO"", ""DE"", ""PSO""], ""tie_tolerance_km"": 1e-12}"
25,Raw,3,2.1765993600481863,6.51450827717781e-05,1,True,,"[0, 1, 2, 3, 4, 5]",{}
25,ACO,4,1.9406169918137253,2.450882792007178,7500,True,,"[0, 1, 3, 5, 4, 2]","{""alpha"": 1.0, ""beta"": 2.0, ""evaluation_budget"": 7500, ""evaporation"": 0.5, ""population"": 50}"
25,ACO×3,4,1.9406169918137253,7.296433669980615,22500,True,ACO stream 1,"[0, 1, 3, 5, 4, 2]","{""candidate_lengths_km"": [1.9406169918137253, 1.9406169918137253, 1.9406169918137253], ""candidate_seeds"": [4, 24, 44], ""tie_tolerance_km"": 1e-12}"
25,DE,4,1.9406169918137253,0.733407643972896,7500,True,,"[0, 1, 3, 5, 4, 2]",{}
25,NN+2opt,4,1.9406169918137253,0.0004261620342731,55,True,,"[0, 1, 3, 5, 4, 2]",{}
25,PSO,4,1.9406169918137253,0.0688984290463849,7500,True,,"[0, 1, 3, 5, 4, 2]",{}
25,Portfolio,4,1.9406169918137253,3.2536890300689265,22556,True,NN+2opt,"[0, 1, 3, 5, 4, 2]","{""candidate_evaluations"": {""ACO"": 7500, ""DE"": 7500, ""NN+2opt"": 55, ""PSO"": 7500, ""Raw"": 1}, ""candidate_lengths_km"": {""ACO"": 1.9406169918137253, ""DE"": 1.9406169918137253, ""NN+2opt"": 1.9406169918137253, ""PSO"": 1.9406169918137253, ""Raw"": 2.1765993600481863}, ""priority"": [""Raw"", ""NN+2opt"", ""ACO"", ""DE"", ""PSO""], ""tie_tolerance_km"": 1e-12}"
25,Raw,4,2.1765993600481863,6.526301149278879e-05,1,True,,"[0, 1, 2, 3, 4, 5]",{}
25,ACO,5,1.9406169918137253,2.4017687391024083,7500,True,,"[0, 1, 3, 5, 4, 2]","{""alpha"": 1.0, ""beta"": 2.0, ""evaluation_budget"": 7500, ""evaporation"": 0.5, ""population"": 50}"
25,ACO×3,5,1.9406169918137253,7.092470733099617,22500,True,ACO stream 1,"[0, 1, 3, 5, 4, 2]","{""candidate_lengths_km"": [1.9406169918137253, 1.9406169918137253, 1.9406169918137253], ""candidate_seeds"": [5, 25, 45], ""tie_tolerance_km"": 1e-12}"
25,DE,5,1.9406169918137253,0.7523948140442371,7500,True,,"[0, 1, 3, 5, 4, 2]",{}
25,NN+2opt,5,1.9406169918137253,0.0004243990406394,55,True,,"[0, 1, 3, 5, 4, 2]",{}
25,PSO,5,1.9406169918137253,0.0667540919966995,7500,True,,"[0, 1, 3, 5, 4, 2]",{}
25,Portfolio,5,1.9406169918137253,3.221419391105883,22556,True,NN+2opt,"[0, 1, 3, 5, 4, 2]","{""candidate_evaluations"": {""ACO"": 7500, ""DE"": 7500, ""NN+2opt"": 55, ""PSO"": 7500, ""Raw"": 1}, ""candidate_lengths_km"": {""ACO"": 1.9406169918137253, ""DE"": 1.9406169918137253, ""NN+2opt"": 1.9406169918137253, ""PSO"": 1.9406169918137253, ""Raw"": 2.1765993600481863}, ""priority"": [""Raw"", ""NN+2opt"", ""ACO"", ""DE"", ""PSO""], ""tie_tolerance_km"": 1e-12}"
25,Raw,5,2.1765993600481863,6.821297574788332e-05,1,True,,"[0, 1, 2, 3, 4, 5]",{}
25,ACO,6,1.9406169918137253,2.512930382974446,7500,True,,"[0, 1, 3, 5, 4, 2]","{""alpha"": 1.0, ""beta"": 2.0, ""evaluation_budget"": 7500, ""evaporation"": 0.5, ""population"": 50}"
25,ACO×3,6,1.9406169918137253,7.672050342080183,22500,True,ACO stream 1,"[0, 1, 3, 5, 4, 2]","{""candidate_lengths_km"": [1.9406169918137253, 1.9406169918137253, 1.9406169918137253], ""candidate_seeds"": [6, 26, 46], ""tie_tolerance_km"": 1e-12}"
25,DE,6,1.9406169918137253,0.7672109680715948,7500,True,,"[0, 1, 3, 5, 4, 2]",{}
25,NN+2opt,6,1.9406169918137253,0.0004219959955662,55,True,,"[0, 1, 3, 5, 4, 2]",{}
25,PSO,6,1.9406169918137253,0.0752668450586497,7500,True,,"[0, 1, 3, 5, 4, 2]",{}
25,Portfolio,6,1.9406169918137253,3.3559511301573366,22556,True,NN+2opt,"[0, 1, 3, 5, 4, 2]","{""candidate_evaluations"": {""ACO"": 7500, ""DE"": 7500, ""NN+2opt"": 55, ""PSO"": 7500, ""Raw"": 1}, ""candidate_lengths_km"": {""ACO"": 1.9406169918137253, ""DE"": 1.9406169918137253, ""NN+2opt"": 1.9406169918137253, ""PSO"": 1.9406169918137253, ""Raw"": 2.1765993600481863}, ""priority"": [""Raw"", ""NN+2opt"", ""ACO"", ""DE"", ""PSO""], ""tie_tolerance_km"": 1e-12}"
25,Raw,6,2.1765993600481863,0.0001121000386774,1,True,,"[0, 1, 2, 3, 4, 5]",{}
25,ACO,7,1.9406169918137253,2.4223807390080765,7500,True,,"[0, 1, 3, 5, 4, 2]","{""alpha"": 1.0, ""beta"": 2.0, ""evaluation_budget"": 7500, ""evaporation"": 0.5, ""population"": 50}"
25,ACO×3,7,1.9406169918137253,7.285473666037433,22500,True,ACO stream 1,"[0, 1, 3, 5, 4, 2]","{""candidate_lengths_km"": [1.9406169918137253, 1.9406169918137253, 1.9406169918137253], ""candidate_seeds"": [7, 27, 47], ""tie_tolerance_km"": 1e-12}"
25,DE,7,1.9406169918137253,0.7152243840973824,7500,True,,"[0, 1, 3, 5, 4, 2]",{}
25,NN+2opt,7,1.9406169918137253,0.0004204359138384,55,True,,"[0, 1, 3, 5, 4, 2]",{}
25,PSO,7,1.9406169918137253,0.0676988330669701,7500,True,,"[0, 1, 3, 5, 4, 2]",{}
25,Portfolio,7,1.9406169918137253,3.2058004001155496,22556,True,NN+2opt,"[0, 1, 3, 5, 4, 2]","{""candidate_evaluations"": {""ACO"": 7500, ""DE"": 7500, ""NN+2opt"": 55, ""PSO"": 7500, ""Raw"": 1}, ""candidate_lengths_km"": {""ACO"": 1.9406169918137253, ""DE"": 1.9406169918137253, ""NN+2opt"": 1.9406169918137253, ""PSO"": 1.9406169918137253, ""Raw"": 2.1765993600481863}, ""priority"": [""Raw"", ""NN+2opt"", ""ACO"", ""DE"", ""PSO""], ""tie_tolerance_km"": 1e-12}"
25,Raw,7,2.1765993600481863,6.728095468133688e-05,1,True,,"[0, 1, 2, 3, 4, 5]",{}
25,ACO,8,1.9406169918137253,2.463686952018179,7500,True,,"[0, 1, 3, 5, 4, 2]","{""alpha"": 1.0, ""beta"": 2.0, ""evaluation_budget"": 7500, ""evaporation"": 0.5, ""population"": 50}"
25,ACO×3,8,1.9406169918137253,7.390202037058771,22500,True,ACO stream 1,"[0, 1, 3, 5, 4, 2]","{""candidate_lengths_km"": [1.9406169918137253, 1.9406169918137253, 1.9406169918137253], ""candidate_seeds"": [8, 28, 48], ""tie_tolerance_km"": 1e-12}"
25,DE,8,1.9406169918137253,0.7326798220165074,7500,True,,"[0, 1, 3, 5, 4, 2]",{}
25,NN+2opt,8,1.9406169918137253,0.0004373119445517,55,True,,"[0, 1, 3, 5, 4, 2]",{}
25,PSO,8,1.9406169918137253,0.0674733490450307,7500,True,,"[0, 1, 3, 5, 4, 2]",{}
25,Portfolio,8,1.9406169918137253,3.2643598110880703,22556,True,NN+2opt,"[0, 1, 3, 5, 4, 2]","{""candidate_evaluations"": {""ACO"": 7500, ""DE"": 7500, ""NN+2opt"": 55, ""PSO"": 7500, ""Raw"": 1}, ""candidate_lengths_km"": {""ACO"": 1.9406169918137253, ""DE"": 1.9406169918137253, ""NN+2opt"": 1.9406169918137253, ""PSO"": 1.9406169918137253, ""Raw"": 2.1765993600481863}, ""priority"": [""Raw"", ""NN+2opt"", ""ACO"", ""DE"", ""PSO""], ""tie_tolerance_km"": 1e-12}"
25,Raw,8,2.1765993600481863,7.329601794481277e-05,1,True,,"[0, 1, 2, 3, 4, 5]",{}
25,ACO,9,1.9406169918137253,2.517952732043341,7500,True,,"[0, 1, 3, 5, 4, 2]","{""alpha"": 1.0, ""beta"": 2.0, ""evaluation_budget"": 7500, ""evaporation"": 0.5, ""population"": 50}"
25,ACO×3,9,1.9406169918137253,7.647011552006006,22500,True,ACO stream 1,"[0, 1, 3, 5, 4, 2]","{""candidate_lengths_km"": [1.9406169918137253, 1.9406169918137253, 1.9406169918137253], ""candidate_seeds"": [9, 29, 49], ""tie_tolerance_km"": 1e-12}"
25,DE,9,1.9406169918137253,0.7637401719111949,7500,True,,"[0, 1, 3, 5, 4, 2]",{}
25,NN+2opt,9,1.9406169918137253,0.0004177209921181,55,True,,"[0, 1, 3, 5, 4, 2]",{}
25,PSO,9,1.9406169918137253,0.0671298640081659,7500,True,,"[0, 1, 3, 5, 4, 2]",{}
25,Portfolio,9,1.9406169918137253,3.349316493025981,22556,True,NN+2opt,"[0, 1, 3, 5, 4, 2]","{""candidate_evaluations"": {""ACO"": 7500, ""DE"": 7500, ""NN+2opt"": 55, ""PSO"": 7500, ""Raw"": 1}, ""candidate_lengths_km"": {""ACO"": 1.9406169918137253, ""DE"": 1.9406169918137253, ""NN+2opt"": 1.9406169918137253, ""PSO"": 1.9406169918137253, ""Raw"": 2.1765993600481863}, ""priority"": [""Raw"", ""NN+2opt"", ""ACO"", ""DE"", ""PSO""], ""tie_tolerance_km"": 1e-12}"
25,Raw,9,2.1765993600481863,6.697908975183964e-05,1,True,,"[0, 1, 2, 3, 4, 5]",{}
25,ACO,10,1.9406169918137253,2.449658417957835,7500,True,,"[0, 1, 3, 5, 4, 2]","{""alpha"": 1.0, ""beta"": 2.0, ""evaluation_budget"": 7500, ""evaporation"": 0.5, ""population"": 50}"
25,ACO×3,10,1.9406169918137253,7.453975955955684,22500,True,ACO stream 1,"[0, 1, 3, 5, 4, 2]","{""candidate_lengths_km"": [1.9406169918137253, 1.9406169918137253, 1.9406169918137253], ""candidate_seeds"": [10, 30, 50], ""tie_tolerance_km"": 1e-12}"
25,DE,10,1.9406169918137253,0.7623321349965408,7500,True,,"[0, 1, 3, 5, 4, 2]",{}
25,NN+2opt,10,1.9406169918137253,0.0004304919857531,55,True,,"[0, 1, 3, 5, 4, 2]",{}
25,PSO,10,1.9406169918137255,0.0697713129920885,7500,True,,"[2, 4, 5, 3, 1, 0]",{}
25,Portfolio,10,1.9406169918137253,3.2822678679367527,22556,True,NN+2opt,"[0, 1, 3, 5, 4, 2]","{""candidate_evaluations"": {""ACO"": 7500, ""DE"": 7500, ""NN+2opt"": 55, ""PSO"": 7500, ""Raw"": 1}, ""candidate_lengths_km"": {""ACO"": 1.9406169918137253, ""DE"": 1.9406169918137253, ""NN+2opt"": 1.9406169918137253, ""PSO"": 1.9406169918137257, ""Raw"": 2.1765993600481863}, ""priority"": [""Raw"", ""NN+2opt"", ""ACO"", ""DE"", ""PSO""], ""tie_tolerance_km"": 1e-12}"
25,Raw,10,2.1765993600481863,6.611295975744724e-05,1,True,,"[0, 1, 2, 3, 4, 5]",{}
25,ACO,11,1.9406169918137253,2.392045845044777,7500,True,,"[0, 1, 3, 5, 4, 2]","{""alpha"": 1.0, ""beta"": 2.0, ""evaluation_budget"": 7500, ""evaporation"": 0.5, ""population"": 50}"
25,ACO×3,11,1.9406169918137253,7.292295414023101,22500,True,ACO stream 1,"[0, 1, 3, 5, 4, 2]","{""candidate_lengths_km"": [1.9406169918137253, 1.9406169918137253, 1.9406169918137253], ""candidate_seeds"": [11, 31, 51], ""tie_tolerance_km"": 1e-12}"
25,DE,11,1.9406169918137253,0.71917331404984,7500,True,,"[0, 1, 3, 5, 4, 2]",{}
25,NN+2opt,11,1.9406169918137253,0.0004361419705674,55,True,,"[0, 1, 3, 5, 4, 2]",{}
25,PSO,11,1.9406169918137253,0.0664674589643254,7500,True,,"[0, 1, 3, 5, 4, 2]",{}
25,Portfolio,11,1.9406169918137253,3.1781987461727117,22556,True,NN+2opt,"[0, 1, 3, 5, 4, 2]","{""candidate_evaluations"": {""ACO"": 7500, ""DE"": 7500, ""NN+2opt"": 55, ""PSO"": 7500, ""Raw"": 1}, ""candidate_lengths_km"": {""ACO"": 1.9406169918137253, ""DE"": 1.9406169918137253, ""NN+2opt"": 1.9406169918137253, ""PSO"": 1.9406169918137253, ""Raw"": 2.1765993600481863}, ""priority"": [""Raw"", ""NN+2opt"", ""ACO"", ""DE"", ""PSO""], ""tie_tolerance_km"": 1e-12}"
25,Raw,11,2.1765993600481863,6.716209463775158e-05,1,True,,"[0, 1, 2, 3, 4, 5]",{}
25,ACO,12,1.9406169918137253,2.461510010994971,7500,True,,"[0, 1, 3, 5, 4, 2]","{""alpha"": 1.0, ""beta"": 2.0, ""evaluation_budget"": 7500, ""evaporation"": 0.5, ""population"": 50}"
25,ACO×3,12,1.9406169918137253,7.325926719000563,22500,True,ACO stream 1,"[0, 1, 3, 5, 4, 2]","{""candidate_lengths_km"": [1.9406169918137253, 1.9406169918137253, 1.9406169918137253], ""candidate_seeds"": [12, 32, 52], ""tie_tolerance_km"": 1e-12}"
25,DE,12,1.9406169918137253,0.7442551689455286,7500,True,,"[0, 1, 3, 5, 4, 2]",{}
25,NN+2opt,12,1.9406169918137253,0.0004521330120041,55,True,,"[0, 1, 3, 5, 4, 2]",{}
25,PSO,12,1.9406169918137253,0.0706555650103837,7500,True,,"[0, 1, 3, 5, 4, 2]",{}
25,Portfolio,12,1.9406169918137253,3.276958125992678,22556,True,NN+2opt,"[0, 1, 3, 5, 4, 2]","{""candidate_evaluations"": {""ACO"": 7500, ""DE"": 7500, ""NN+2opt"": 55, ""PSO"": 7500, ""Raw"": 1}, ""candidate_lengths_km"": {""ACO"": 1.9406169918137253, ""DE"": 1.9406169918137253, ""NN+2opt"": 1.9406169918137253, ""PSO"": 1.9406169918137253, ""Raw"": 2.1765993600481863}, ""priority"": [""Raw"", ""NN+2opt"", ""ACO"", ""DE"", ""PSO""], ""tie_tolerance_km"": 1e-12}"
25,Raw,12,2.1765993600481863,7.59840477257967e-05,1,True,,"[0, 1, 2, 3, 4, 5]",{}
25,ACO,13,1.9406169918137253,2.4091183410491794,7500,True,,"[0, 1, 3, 5, 4, 2]","{""alpha"": 1.0, ""beta"": 2.0, ""evaluation_budget"": 7500, ""evaporation"": 0.5, ""population"": 50}"
25,ACO×3,13,1.9406169918137253,7.515892249997705,22500,True,ACO stream 1,"[0, 1, 3, 5, 4, 2]","{""candidate_lengths_km"": [1.9406169918137253, 1.9406169918137253, 1.9406169918137253], ""candidate_seeds"": [13, 33, 53], ""tie_tolerance_km"": 1e-12}"
25,DE,13,1.9406169918137255,0.7426647800020874,7500,True,,"[2, 4, 5, 3, 1, 0]",{}
25,NN+2opt,13,1.9406169918137253,0.0004278779961168,55,True,,"[0, 1, 3, 5, 4, 2]",{}
25,PSO,13,1.9406169918137253,0.0695867789909243,7500,True,,"[0, 1, 3, 5, 4, 2]",{}
25,Portfolio,13,1.9406169918137253,3.2218737822258845,22556,True,NN+2opt,"[0, 1, 3, 5, 4, 2]","{""candidate_evaluations"": {""ACO"": 7500, ""DE"": 7500, ""NN+2opt"": 55, ""PSO"": 7500, ""Raw"": 1}, ""candidate_lengths_km"": {""ACO"": 1.9406169918137253, ""DE"": 1.9406169918137257, ""NN+2opt"": 1.9406169918137253, ""PSO"": 1.9406169918137253, ""Raw"": 2.1765993600481863}, ""priority"": [""Raw"", ""NN+2opt"", ""ACO"", ""DE"", ""PSO""], ""tie_tolerance_km"": 1e-12}"
25,Raw,13,2.1765993600481863,6.661808583885431e-05,1,True,,"[0, 1, 2, 3, 4, 5]",{}
25,ACO,14,1.9406169918137253,2.433421995025128,7500,True,,"[0, 1, 3, 5, 4, 2]","{""alpha"": 1.0, ""beta"": 2.0, ""evaluation_budget"": 7500, ""evaporation"": 0.5, ""population"": 50}"
25,ACO×3,14,1.9406169918137253,7.368249031016603,22500,True,ACO stream 1,"[0, 1, 3, 5, 4, 2]","{""candidate_lengths_km"": [1.9406169918137253, 1.9406169918137253, 1.9406169918137253], ""candidate_seeds"": [14, 34, 54], ""tie_tolerance_km"": 1e-12}"
25,DE,14,1.9406169918137253,0.7483745099743828,7500,True,,"[0, 1, 3, 5, 4, 2]",{}
25,NN+2opt,14,1.9406169918137253,0.0005510649643838,55,True,,"[0, 1, 3, 5, 4, 2]",{}
25,PSO,14,1.9406169918137255,0.0712531580356881,7500,True,,"[2, 4, 5, 3, 1, 0]",{}
25,Portfolio,14,1.9406169918137253,3.2536748580168933,22556,True,NN+2opt,"[0, 1, 3, 5, 4, 2]","{""candidate_evaluations"": {""ACO"": 7500, ""DE"": 7500, ""NN+2opt"": 55, ""PSO"": 7500, ""Raw"": 1}, ""candidate_lengths_km"": {""ACO"": 1.9406169918137253, ""DE"": 1.9406169918137253, ""NN+2opt"": 1.9406169918137253, ""PSO"": 1.9406169918137257, ""Raw"": 2.1765993600481863}, ""priority"": [""Raw"", ""NN+2opt"", ""ACO"", ""DE"", ""PSO""], ""tie_tolerance_km"": 1e-12}"
25,Raw,14,2.1765993600481863,6.47340202704072e-05,1,True,,"[0, 1, 2, 3, 4, 5]",{}
25,ACO,15,1.9406169918137253,2.590585155994632,7500,True,,"[0, 1, 3, 5, 4, 2]","{""alpha"": 1.0, ""beta"": 2.0, ""evaluation_budget"": 7500, ""evaporation"": 0.5, ""population"": 50}"
25,ACO×3,15,1.9406169918137253,7.571772672003135,22500,True,ACO stream 1,"[0, 1, 3, 5, 4, 2]","{""candidate_lengths_km"": [1.9406169918137253, 1.9406169918137253, 1.9406169918137253], ""candidate_seeds"": [15, 35, 55], ""tie_tolerance_km"": 1e-12}"
25,DE,15,1.9406169918137253,0.7560198489809409,7500,True,,"[0, 1, 3, 5, 4, 2]",{}
25,NN+2opt,15,1.9406169918137253,0.0004334859549999,55,True,,"[0, 1, 3, 5, 4, 2]",{}
25,PSO,15,1.9406169918137253,0.0690626819850876,7500,True,,"[0, 1, 3, 5, 4, 2]",{}
25,Portfolio,15,1.9406169918137253,3.416179501917213,22556,True,NN+2opt,"[0, 1, 3, 5, 4, 2]","{""candidate_evaluations"": {""ACO"": 7500, ""DE"": 7500, ""NN+2opt"": 55, ""PSO"": 7500, ""Raw"": 1}, ""candidate_lengths_km"": {""ACO"": 1.9406169918137253, ""DE"": 1.9406169918137253, ""NN+2opt"": 1.9406169918137253, ""PSO"": 1.9406169918137253, ""Raw"": 2.1765993600481863}, ""priority"": [""Raw"", ""NN+2opt"", ""ACO"", ""DE"", ""PSO""], ""tie_tolerance_km"": 1e-12}"
25,Raw,15,2.1765993600481863,6.914895493537188e-05,1,True,,"[0, 1, 2, 3, 4, 5]",{}
25,ACO,16,1.9406169918137253,2.445784114068374,7500,True,,"[0, 1, 3, 5, 4, 2]","{""alpha"": 1.0, ""beta"": 2.0, ""evaluation_budget"": 7500, ""evaporation"": 0.5, ""population"": 50}"
25,ACO×3,16,1.9406169918137253,7.300997573067434,22500,True,ACO stream 1,"[0, 1, 3, 5, 4, 2]","{""candidate_lengths_km"": [1.9406169918137253, 1.9406169918137253, 1.9406169918137253], ""candidate_seeds"": [16, 36, 56], ""tie_tolerance_km"": 1e-12}"
25,DE,16,1.9406169918137253,0.7355423680273816,7500,True,,"[0, 1, 3, 5, 4, 2]",{}
25,NN+2opt,16,1.9406169918137253,0.0004809600068256,55,True,,"[0, 1, 3, 5, 4, 2]",{}
25,PSO,16,1.9406169918137253,0.0692076530540362,7500,True,,"[0, 1, 3, 5, 4, 2]",{}
25,Portfolio,16,1.9406169918137253,3.251090949168429,22556,True,NN+2opt,"[0, 1, 3, 5, 4, 2]","{""candidate_evaluations"": {""ACO"": 7500, ""DE"": 7500, ""NN+2opt"": 55, ""PSO"": 7500, ""Raw"": 1}, ""candidate_lengths_km"": {""ACO"": 1.9406169918137253, ""DE"": 1.9406169918137253, ""NN+2opt"": 1.9406169918137253, ""PSO"": 1.9406169918137253, ""Raw"": 2.1765993600481863}, ""priority"": [""Raw"", ""NN+2opt"", ""ACO"", ""DE"", ""PSO""], ""tie_tolerance_km"": 1e-12}"
25,Raw,16,2.1765993600481863,6.703706458210945e-05,1,True,,"[0, 1, 2, 3, 4, 5]",{}
25,ACO,17,1.9406169918137253,2.484288781997748,7500,True,,"[0, 1, 3, 5, 4, 2]","{""alpha"": 1.0, ""beta"": 2.0, ""evaluation_budget"": 7500, ""evaporation"": 0.5, ""population"": 50}"
25,ACO×3,17,1.9406169918137253,7.363701289054006,22500,True,ACO stream 1,"[0, 1, 3, 5, 4, 2]","{""candidate_lengths_km"": [1.9406169918137253, 1.9406169918137253, 1.9406169918137253], ""candidate_seeds"": [17, 37, 57], ""tie_tolerance_km"": 1e-12}"
25,DE,17,1.9406169918137253,0.7351924049435183,7500,True,,"[0, 1, 3, 5, 4, 2]",{}
25,NN+2opt,17,1.9406169918137253,0.0004275609971955,55,True,,"[0, 1, 3, 5, 4, 2]",{}
25,PSO,17,1.9406169918137253,0.067072618054226,7500,True,,"[0, 1, 3, 5, 4, 2]",{}
25,Portfolio,17,1.9406169918137253,3.2870622818591078,22556,True,NN+2opt,"[0, 1, 3, 5, 4, 2]","{""candidate_evaluations"": {""ACO"": 7500, ""DE"": 7500, ""NN+2opt"": 55, ""PSO"": 7500, ""Raw"": 1}, ""candidate_lengths_km"": {""ACO"": 1.9406169918137253, ""DE"": 1.9406169918137253, ""NN+2opt"": 1.9406169918137253, ""PSO"": 1.9406169918137253, ""Raw"": 2.1765993600481863}, ""priority"": [""Raw"", ""NN+2opt"", ""ACO"", ""DE"", ""PSO""], ""tie_tolerance_km"": 1e-12}"
25,Raw,17,2.1765993600481863,7.210695184767246e-05,1,True,,"[0, 1, 2, 3, 4, 5]",{}
25,ACO,18,1.9406169918137253,2.4418189979624003,7500,True,,"[0, 1, 3, 5, 4, 2]","{""alpha"": 1.0, ""beta"": 2.0, ""evaluation_budget"": 7500, ""evaporation"": 0.5, ""population"": 50}"
25,ACO×3,18,1.9406169918137253,7.1890853638760746,22500,True,ACO stream 1,"[0, 1, 3, 5, 4, 2]","{""candidate_lengths_km"": [1.9406169918137253, 1.9406169918137253, 1.9406169918137253], ""candidate_seeds"": [18, 38, 58], ""tie_tolerance_km"": 1e-12}"
25,DE,18,1.9406169918137253,0.7277682750718668,7500,True,,"[0, 1, 3, 5, 4, 2]",{}
25,NN+2opt,18,1.9406169918137253,0.0004105339758098,55,True,,"[0, 1, 3, 5, 4, 2]",{}
25,PSO,18,1.9406169918137253,0.0673985560424625,7500,True,,"[0, 1, 3, 5, 4, 2]",{}
25,Portfolio,18,1.9406169918137253,3.237470782129094,22556,True,NN+2opt,"[0, 1, 3, 5, 4, 2]","{""candidate_evaluations"": {""ACO"": 7500, ""DE"": 7500, ""NN+2opt"": 55, ""PSO"": 7500, ""Raw"": 1}, ""candidate_lengths_km"": {""ACO"": 1.9406169918137253, ""DE"": 1.9406169918137253, ""NN+2opt"": 1.9406169918137253, ""PSO"": 1.9406169918137253, ""Raw"": 2.1765993600481863}, ""priority"": [""Raw"", ""NN+2opt"", ""ACO"", ""DE"", ""PSO""], ""tie_tolerance_km"": 1e-12}"
25,Raw,18,2.1765993600481863,6.522506009787321e-05,1,True,,"[0, 1, 2, 3, 4, 5]",{}
25,ACO,19,1.9406169918137253,2.53666810807772,7500,True,,"[0, 1, 3, 5, 4, 2]","{""alpha"": 1.0, ""beta"": 2.0, ""evaluation_budget"": 7500, ""evaporation"": 0.5, ""population"": 50}"
25,ACO×3,19,1.9406169918137253,7.615277677192353,22500,True,ACO stream 1,"[0, 1, 3, 5, 4, 2]","{""candidate_lengths_km"": [1.9406169918137253, 1.9406169918137253, 1.9406169918137253], ""candidate_seeds"": [19, 39, 59], ""tie_tolerance_km"": 1e-12}"
25,DE,19,1.9406169918137255,0.7805771140847355,7500,True,,"[2, 4, 5, 3, 1, 0]",{}
25,NN+2opt,19,1.9406169918137253,0.0004348480142652,55,True,,"[0, 1, 3, 5, 4, 2]",{}
25,PSO,19,1.9406169918137255,0.0701921390136703,7500,True,,"[2, 4, 5, 3, 1, 0]",{}
25,Portfolio,19,1.9406169918137253,3.3879489451646805,22556,True,NN+2opt,"[0, 1, 3, 5, 4, 2]","{""candidate_evaluations"": {""ACO"": 7500, ""DE"": 7500, ""NN+2opt"": 55, ""PSO"": 7500, ""Raw"": 1}, ""candidate_lengths_km"": {""ACO"": 1.9406169918137253, ""DE"": 1.9406169918137257, ""NN+2opt"": 1.9406169918137253, ""PSO"": 1.9406169918137257, ""Raw"": 2.1765993600481863}, ""priority"": [""Raw"", ""NN+2opt"", ""ACO"", ""DE"", ""PSO""], ""tie_tolerance_km"": 1e-12}"
25,Raw,19,2.1765993600481863,6.728305015712976e-05,1,True,,"[0, 1, 2, 3, 4, 5]",{}
26,ACO,0,2.218200980928021,4.1310380139620975,7500,True,,"[2, 0, 1, 4, 6, 3, 5, 9, 8, 7]","{""alpha"": 1.0, ""beta"": 2.0, ""evaluation_budget"": 7500, ""evaporation"": 0.5, ""population"": 50}"
26,ACO×3,0,2.218200980928021,12.899157601990735,22500,True,ACO stream 1,"[2, 0, 1, 4, 6, 3, 5, 9, 8, 7]","{""candidate_lengths_km"": [2.218200980928021, 2.218200980928021, 2.218200980928021], ""candidate_seeds"": [0, 20, 40], ""tie_tolerance_km"": 1e-12}"
26,DE,0,2.2730906861370825,0.7731556749204174,7500,True,,"[0, 1, 4, 6, 3, 5, 9, 8, 7, 2]",{}
26,NN+2opt,0,2.218200980928021,0.0008563291048631,87,True,,"[2, 0, 1, 4, 6, 3, 5, 9, 8, 7]",{}
26,PSO,0,2.218200980928021,0.0792332249693572,7500,True,,"[2, 0, 1, 4, 6, 3, 5, 9, 8, 7]",{}
26,Portfolio,0,2.218200980928021,4.984537906944752,22588,True,NN+2opt,"[2, 0, 1, 4, 6, 3, 5, 9, 8, 7]","{""candidate_evaluations"": {""ACO"": 7500, ""DE"": 7500, ""NN+2opt"": 87, ""PSO"": 7500, ""Raw"": 1}, ""candidate_lengths_km"": {""ACO"": 2.218200980928021, ""DE"": 2.2730906861370825, ""NN+2opt"": 2.218200980928021, ""PSO"": 2.218200980928021, ""Raw"": 3.5077765792448607}, ""priority"": [""Raw"", ""NN+2opt"", ""ACO"", ""DE"", ""PSO""], ""tie_tolerance_km"": 1e-12}"
26,Raw,0,3.5077765792448607,0.0002437729854136,1,True,,"[0, 1, 2, 3, 4, 5, 6, 7, 8, 9]",{}
26,ACO,1,2.218200980928021,4.142820242093876,7500,True,,"[2, 0, 1, 4, 6, 3, 5, 9, 8, 7]","{""alpha"": 1.0, ""beta"": 2.0, ""evaluation_budget"": 7500, ""evaporation"": 0.5, ""population"": 50}"
26,ACO×3,1,2.218200980928021,12.468265702016652,22500,True,ACO stream 1,"[2, 0, 1, 4, 6, 3, 5, 9, 8, 7]","{""candidate_lengths_km"": [2.218200980928021, 2.218200980928021, 2.218200980928021], ""candidate_seeds"": [1, 21, 41], ""tie_tolerance_km"": 1e-12}"
26,DE,1,2.218200980928021,0.8033710729796439,7500,True,,"[7, 8, 9, 5, 3, 6, 4, 1, 0, 2]",{}
26,NN+2opt,1,2.218200980928021,0.000855777063407,87,True,,"[2, 0, 1, 4, 6, 3, 5, 9, 8, 7]",{}
26,PSO,1,2.218200980928021,0.0810146880103275,7500,True,,"[7, 8, 9, 5, 3, 6, 4, 1, 0, 2]",{}
26,Portfolio,1,2.218200980928021,5.028187335119583,22588,True,NN+2opt,"[2, 0, 1, 4, 6, 3, 5, 9, 8, 7]","{""candidate_evaluations"": {""ACO"": 7500, ""DE"": 7500, ""NN+2opt"": 87, ""PSO"": 7500, ""Raw"": 1}, ""candidate_lengths_km"": {""ACO"": 2.218200980928021, ""DE"": 2.2182009809280214, ""NN+2opt"": 2.218200980928021, ""PSO"": 2.2182009809280214, ""Raw"": 3.5077765792448607}, ""priority"": [""Raw"", ""NN+2opt"", ""ACO"", ""DE"", ""PSO""], ""tie_tolerance_km"": 1e-12}"
26,Raw,1,3.5077765792448607,0.0001167650334537,1,True,,"[0, 1, 2, 3, 4, 5, 6, 7, 8, 9]",{}
26,ACO,2,2.218200980928021,4.30639796401374,7500,True,,"[2, 0, 1, 4, 6, 3, 5, 9, 8, 7]","{""alpha"": 1.0, ""beta"": 2.0, ""evaluation_budget"": 7500, ""evaporation"": 0.5, ""population"": 50}"
26,ACO×3,2,2.218200980928021,12.783632959006354,22500,True,ACO stream 1,"[2, 0, 1, 4, 6, 3, 5, 9, 8, 7]","{""candidate_lengths_km"": [2.218200980928021, 2.218200980928021, 2.218200980928021], ""candidate_seeds"": [2, 22, 42], ""tie_tolerance_km"": 1e-12}"
26,DE,2,2.218200980928021,0.8955843939911574,7500,True,,"[7, 8, 9, 5, 3, 6, 4, 1, 0, 2]",{}
26,NN+2opt,2,2.218200980928021,0.0008867309661582,87,True,,"[2, 0, 1, 4, 6, 3, 5, 9, 8, 7]",{}
26,PSO,2,2.2730906861370825,0.0784643470542505,7500,True,,"[2, 7, 8, 9, 5, 3, 6, 4, 1, 0]",{}
26,Portfolio,2,2.218200980928021,5.281540118972771,22588,True,NN+2opt,"[2, 0, 1, 4, 6, 3, 5, 9, 8, 7]","{""candidate_evaluations"": {""ACO"": 7500, ""DE"": 7500, ""NN+2opt"": 87, ""PSO"": 7500, ""Raw"": 1}, ""candidate_lengths_km"": {""ACO"": 2.218200980928021, ""DE"": 2.2182009809280214, ""NN+2opt"": 2.218200980928021, ""PSO"": 2.2730906861370825, ""Raw"": 3.5077765792448607}, ""priority"": [""Raw"", ""NN+2opt"", ""ACO"", ""DE"", ""PSO""], ""tie_tolerance_km"": 1e-12}"
26,Raw,2,3.5077765792448607,0.0001976019702851,1,True,,"[0, 1, 2, 3, 4, 5, 6, 7, 8, 9]",{}
26,ACO,3,2.218200980928021,4.206870200927369,7500,True,,"[2, 0, 1, 4, 6, 3, 5, 9, 8, 7]","{""alpha"": 1.0, ""beta"": 2.0, ""evaluation_budget"": 7500, ""evaporation"": 0.5, ""population"": 50}"
26,ACO×3,3,2.218200980928021,12.320739874965511,22500,True,ACO stream 1,"[2, 0, 1, 4, 6, 3, 5, 9, 8, 7]","{""candidate_lengths_km"": [2.218200980928021, 2.218200980928021, 2.218200980928021], ""candidate_seeds"": [3, 23, 43], ""tie_tolerance_km"": 1e-12}"
26,DE,3,2.218200980928021,0.7473766669863835,7500,True,,"[2, 0, 1, 4, 6, 3, 5, 9, 8, 7]",{}
26,NN+2opt,3,2.218200980928021,0.0008670539828017,87,True,,"[2, 0, 1, 4, 6, 3, 5, 9, 8, 7]",{}
26,PSO,3,2.693877060061059,0.0805603390326723,7500,True,,"[2, 4, 6, 5, 9, 8, 7, 3, 1, 0]",{}
26,Portfolio,3,2.218200980928021,5.035800104844384,22588,True,NN+2opt,"[2, 0, 1, 4, 6, 3, 5, 9, 8, 7]","{""candidate_evaluations"": {""ACO"": 7500, ""DE"": 7500, ""NN+2opt"": 87, ""PSO"": 7500, ""Raw"": 1}, ""candidate_lengths_km"": {""ACO"": 2.218200980928021, ""DE"": 2.218200980928021, ""NN+2opt"": 2.218200980928021, ""PSO"": 2.693877060061059, ""Raw"": 3.5077765792448607}, ""priority"": [""Raw"", ""NN+2opt"", ""ACO"", ""DE"", ""PSO""], ""tie_tolerance_km"": 1e-12}"
26,Raw,3,3.5077765792448607,0.000116919982247,1,True,,"[0, 1, 2, 3, 4, 5, 6, 7, 8, 9]",{}
26,ACO,4,2.218200980928021,4.01539454201702,7500,True,,"[2, 0, 1, 4, 6, 3, 5, 9, 8, 7]","{""alpha"": 1.0, ""beta"": 2.0, ""evaluation_budget"": 7500, ""evaporation"": 0.5, ""population"": 50}"
26,ACO×3,4,2.218200980928021,12.15109476505313,22500,True,ACO stream 1,"[2, 0, 1, 4, 6, 3, 5, 9, 8, 7]","{""candidate_lengths_km"": [2.218200980928021, 2.218200980928021, 2.218200980928021], ""candidate_seeds"": [4, 24, 44], ""tie_tolerance_km"": 1e-12}"
26,DE,4,2.218200980928021,0.7491312380880117,7500,True,,"[7, 8, 9, 5, 3, 6, 4, 1, 0, 2]",{}
26,NN+2opt,4,2.218200980928021,0.0008624669862911,87,True,,"[2, 0, 1, 4, 6, 3, 5, 9, 8, 7]",{}
26,PSO,4,2.7444813093125333,0.0786689009983092,7500,True,,"[2, 0, 1, 7, 8, 9, 5, 3, 6, 4]",{}
26,Portfolio,4,2.218200980928021,4.844188389950432,22588,True,NN+2opt,"[2, 0, 1, 4, 6, 3, 5, 9, 8, 7]","{""candidate_evaluations"": {""ACO"": 7500, ""DE"": 7500, ""NN+2opt"": 87, ""PSO"": 7500, ""Raw"": 1}, ""candidate_lengths_km"": {""ACO"": 2.218200980928021, ""DE"": 2.2182009809280214, ""NN+2opt"": 2.218200980928021, ""PSO"": 2.7444813093125333, ""Raw"": 3.5077765792448607}, ""priority"": [""Raw"", ""NN+2opt"", ""ACO"", ""DE"", ""PSO""], ""tie_tolerance_km"": 1e-12}"
26,Raw,4,3.5077765792448607,0.0001223259605467,1,True,,"[0, 1, 2, 3, 4, 5, 6, 7, 8, 9]",{}
26,ACO,5,2.218200980928021,4.185039639938623,7500,True,,"[2, 0, 1, 4, 6, 3, 5, 9, 8, 7]","{""alpha"": 1.0, ""beta"": 2.0, ""evaluation_budget"": 7500, ""evaporation"": 0.5, ""population"": 50}"
26,ACO×3,5,2.218200980928021,12.299633130896837,22500,True,ACO stream 1,"[2, 0, 1, 4, 6, 3, 5, 9, 8, 7]","{""candidate_lengths_km"": [2.218200980928021, 2.218200980928021, 2.218200980928021], ""candidate_seeds"": [5, 25, 45], ""tie_tolerance_km"": 1e-12}"
26,DE,5,2.218200980928021,0.7787583229364827,7500,True,,"[7, 8, 9, 5, 3, 6, 4, 1, 0, 2]",{}
26,NN+2opt,5,2.218200980928021,0.0008835450280457,87,True,,"[2, 0, 1, 4, 6, 3, 5, 9, 8, 7]",{}
26,PSO,5,2.429691246590517,0.0790335180936381,7500,True,,"[2, 5, 9, 8, 7, 3, 6, 4, 1, 0]",{}
26,Portfolio,5,2.218200980928021,5.043841896927916,22588,True,NN+2opt,"[2, 0, 1, 4, 6, 3, 5, 9, 8, 7]","{""candidate_evaluations"": {""ACO"": 7500, ""DE"": 7500, ""NN+2opt"": 87, ""PSO"": 7500, ""Raw"": 1}, ""candidate_lengths_km"": {""ACO"": 2.218200980928021, ""DE"": 2.2182009809280214, ""NN+2opt"": 2.218200980928021, ""PSO"": 2.429691246590517, ""Raw"": 3.5077765792448607}, ""priority"": [""Raw"", ""NN+2opt"", ""ACO"", ""DE"", ""PSO""], ""tie_tolerance_km"": 1e-12}"
26,Raw,5,3.5077765792448607,0.0001179599203169,1,True,,"[0, 1, 2, 3, 4, 5, 6, 7, 8, 9]",{}
26,ACO,6,2.218200980928021,4.181222078972496,7500,True,,"[2, 0, 1, 4, 6, 3, 5, 9, 8, 7]","{""alpha"": 1.0, ""beta"": 2.0, ""evaluation_budget"": 7500, ""evaporation"": 0.5, ""population"": 50}"
26,ACO×3,6,2.218200980928021,12.25727066595573,22500,True,ACO stream 1,"[2, 0, 1, 4, 6, 3, 5, 9, 8, 7]","{""candidate_lengths_km"": [2.218200980928021, 2.218200980928021, 2.218200980928021], ""candidate_seeds"": [6, 26, 46], ""tie_tolerance_km"": 1e-12}"
26,DE,6,2.218200980928021,0.7961283569457009,7500,True,,"[7, 8, 9, 5, 3, 6, 4, 1, 0, 2]",{}
26,NN+2opt,6,2.218200980928021,0.0008617670973762,87,True,,"[2, 0, 1, 4, 6, 3, 5, 9, 8, 7]",{}
26,PSO,6,2.3849297200719657,0.0812100749462843,7500,True,,"[2, 3, 5, 7, 8, 9, 6, 4, 1, 0]",{}
26,Portfolio,6,2.218200980928021,5.059546081000008,22588,True,NN+2opt,"[2, 0, 1, 4, 6, 3, 5, 9, 8, 7]","{""candidate_evaluations"": {""ACO"": 7500, ""DE"": 7500, ""NN+2opt"": 87, ""PSO"": 7500, ""Raw"": 1}, ""candidate_lengths_km"": {""ACO"": 2.218200980928021, ""DE"": 2.2182009809280214, ""NN+2opt"": 2.218200980928021, ""PSO"": 2.3849297200719657, ""Raw"": 3.5077765792448607}, ""priority"": [""Raw"", ""NN+2opt"", ""ACO"", ""DE"", ""PSO""], ""tie_tolerance_km"": 1e-12}"
26,Raw,6,3.5077765792448607,0.0001148950541391,1,True,,"[0, 1, 2, 3, 4, 5, 6, 7, 8, 9]",{}
26,ACO,7,2.218200980928021,4.19950693694409,7500,True,,"[2, 0, 1, 4, 6, 3, 5, 9, 8, 7]","{""alpha"": 1.0, ""beta"": 2.0, ""evaluation_budget"": 7500, ""evaporation"": 0.5, ""population"": 50}"
26,ACO×3,7,2.218200980928021,12.331319900928063,22500,True,ACO stream 1,"[2, 0, 1, 4, 6, 3, 5, 9, 8, 7]","{""candidate_lengths_km"": [2.218200980928021, 2.218200980928021, 2.218200980928021], ""candidate_seeds"": [7, 27, 47], ""tie_tolerance_km"": 1e-12}"
26,DE,7,2.2730906861370825,0.7770466300426051,7500,True,,"[0, 1, 4, 6, 3, 5, 9, 8, 7, 2]",{}
26,NN+2opt,7,2.218200980928021,0.0016548649873584,87,True,,"[2, 0, 1, 4, 6, 3, 5, 9, 8, 7]",{}
26,PSO,7,2.3849297200719657,0.091160602052696,7500,True,,"[0, 1, 4, 6, 9, 8, 7, 5, 3, 2]",{}
26,Portfolio,7,2.218200980928021,5.069503929000348,22588,True,NN+2opt,"[2, 0, 1, 4, 6, 3, 5, 9, 8, 7]","{""candidate_evaluations"": {""ACO"": 7500, ""DE"": 7500, ""NN+2opt"": 87, ""PSO"": 7500, ""Raw"": 1}, ""candidate_lengths_km"": {""ACO"": 2.218200980928021, ""DE"": 2.2730906861370825, ""NN+2opt"": 2.218200980928021, ""PSO"": 2.3849297200719657, ""Raw"": 3.5077765792448607}, ""priority"": [""Raw"", ""NN+2opt"", ""ACO"", ""DE"", ""PSO""], ""tie_tolerance_km"": 1e-12}"
26,Raw,7,3.5077765792448607,0.0001199039397761,1,True,,"[0, 1, 2, 3, 4, 5, 6, 7, 8, 9]",{}
26,ACO,8,2.218200980928021,4.386503007961437,7500,True,,"[2, 0, 1, 4, 6, 3, 5, 9, 8, 7]","{""alpha"": 1.0, ""beta"": 2.0, ""evaluation_budget"": 7500, ""evaporation"": 0.5, ""population"": 50}"
26,ACO×3,8,2.218200980928021,12.973812497919424,22500,True,ACO stream 1,"[2, 0, 1, 4, 6, 3, 5, 9, 8, 7]","{""candidate_lengths_km"": [2.218200980928021, 2.218200980928021, 2.218200980928021], ""candidate_seeds"": [8, 28, 48], ""tie_tolerance_km"": 1e-12}"
26,DE,8,2.218200980928021,0.8035293440334499,7500,True,,"[7, 8, 9, 5, 3, 6, 4, 1, 0, 2]",{}
26,NN+2opt,8,2.218200980928021,0.0009160919580608,87,True,,"[2, 0, 1, 4, 6, 3, 5, 9, 8, 7]",{}
26,PSO,8,2.218200980928021,0.0812884860206395,7500,True,,"[7, 8, 9, 5, 3, 6, 4, 1, 0, 2]",{}
26,Portfolio,8,2.218200980928021,5.272364914068021,22588,True,NN+2opt,"[2, 0, 1, 4, 6, 3, 5, 9, 8, 7]","{""candidate_evaluations"": {""ACO"": 7500, ""DE"": 7500, ""NN+2opt"": 87, ""PSO"": 7500, ""Raw"": 1}, ""candidate_lengths_km"": {""ACO"": 2.218200980928021, ""DE"": 2.2182009809280214, ""NN+2opt"": 2.218200980928021, ""PSO"": 2.2182009809280214, ""Raw"": 3.5077765792448607}, ""priority"": [""Raw"", ""NN+2opt"", ""ACO"", ""DE"", ""PSO""], ""tie_tolerance_km"": 1e-12}"
26,Raw,8,3.5077765792448607,0.0001183990389108,1,True,,"[0, 1, 2, 3, 4, 5, 6, 7, 8, 9]",{}
26,ACO,9,2.218200980928021,4.403760764980689,7500,True,,"[2, 0, 1, 4, 6, 3, 5, 9, 8, 7]","{""alpha"": 1.0, ""beta"": 2.0, ""evaluation_budget"": 7500, ""evaporation"": 0.5, ""population"": 50}"
26,ACO×3,9,2.218200980928021,12.883983540930783,22500,True,ACO stream 1,"[2, 0, 1, 4, 6, 3, 5, 9, 8, 7]","{""candidate_lengths_km"": [2.218200980928021, 2.218200980928021, 2.218200980928021], ""candidate_seeds"": [9, 29, 49], ""tie_tolerance_km"": 1e-12}"
26,DE,9,2.218200980928021,0.8647052809828892,7500,True,,"[2, 0, 1, 4, 6, 3, 5, 9, 8, 7]",{}
26,NN+2opt,9,2.218200980928021,0.0008678960148245,87,True,,"[2, 0, 1, 4, 6, 3, 5, 9, 8, 7]",{}
26,PSO,9,2.6425303401030127,0.085725593031384,7500,True,,"[2, 5, 6, 4, 1, 0, 3, 9, 8, 7]",{}
26,Portfolio,9,2.218200980928021,5.355188146932051,22588,True,NN+2opt,"[2, 0, 1, 4, 6, 3, 5, 9, 8, 7]","{""candidate_evaluations"": {""ACO"": 7500, ""DE"": 7500, ""NN+2opt"": 87, ""PSO"": 7500, ""Raw"": 1}, ""candidate_lengths_km"": {""ACO"": 2.218200980928021, ""DE"": 2.218200980928021, ""NN+2opt"": 2.218200980928021, ""PSO"": 2.6425303401030127, ""Raw"": 3.5077765792448607}, ""priority"": [""Raw"", ""NN+2opt"", ""ACO"", ""DE"", ""PSO""], ""tie_tolerance_km"": 1e-12}"
26,Raw,9,3.5077765792448607,0.0001202069688588,1,True,,"[0, 1, 2, 3, 4, 5, 6, 7, 8, 9]",{}
26,ACO,10,2.218200980928021,4.240804993081838,7500,True,,"[2, 0, 1, 4, 6, 3, 5, 9, 8, 7]","{""alpha"": 1.0, ""beta"": 2.0, ""evaluation_budget"": 7500, ""evaporation"": 0.5, ""population"": 50}"
26,ACO×3,10,2.218200980928021,13.28148574498482,22500,True,ACO stream 1,"[2, 0, 1, 4, 6, 3, 5, 9, 8, 7]","{""candidate_lengths_km"": [2.218200980928021, 2.218200980928021, 2.218200980928021], ""candidate_seeds"": [10, 30, 50], ""tie_tolerance_km"": 1e-12}"
26,DE,10,2.218200980928021,1.0394536880776286,7500,True,,"[7, 8, 9, 5, 3, 6, 4, 1, 0, 2]",{}
26,NN+2opt,10,2.218200980928021,0.001661563059315,87,True,,"[2, 0, 1, 4, 6, 3, 5, 9, 8, 7]",{}
26,PSO,10,2.218200980928021,0.1683930609142407,7500,True,,"[7, 8, 9, 5, 3, 6, 4, 1, 0, 2]",{}
26,Portfolio,10,2.218200980928021,5.450451792217791,22588,True,NN+2opt,"[2, 0, 1, 4, 6, 3, 5, 9, 8, 7]","{""candidate_evaluations"": {""ACO"": 7500, ""DE"": 7500, ""NN+2opt"": 87, ""PSO"": 7500, ""Raw"": 1}, ""candidate_lengths_km"": {""ACO"": 2.218200980928021, ""DE"": 2.2182009809280214, ""NN+2opt"": 2.218200980928021, ""PSO"": 2.2182009809280214, ""Raw"": 3.5077765792448607}, ""priority"": [""Raw"", ""NN+2opt"", ""ACO"", ""DE"", ""PSO""], ""tie_tolerance_km"": 1e-12}"
26,Raw,10,3.5077765792448607,0.0001234450610354,1,True,,"[0, 1, 2, 3, 4, 5, 6, 7, 8, 9]",{}
26,ACO,11,2.218200980928021,4.22863764106296,7500,True,,"[2, 0, 1, 4, 6, 3, 5, 9, 8, 7]","{""alpha"": 1.0, ""beta"": 2.0, ""evaluation_budget"": 7500, ""evaporation"": 0.5, ""population"": 50}"
26,ACO×3,11,2.218200980928021,12.956077401060613,22500,True,ACO stream 1,"[2, 0, 1, 4, 6, 3, 5, 9, 8, 7]","{""candidate_lengths_km"": [2.218200980928021, 2.218200980928021, 2.218200980928021], ""candidate_seeds"": [11, 31, 51], ""tie_tolerance_km"": 1e-12}"
26,DE,11,2.218200980928021,0.8218180690892041,7500,True,,"[2, 0, 1, 4, 6, 3, 5, 9, 8, 7]",{}
26,NN+2opt,11,2.218200980928021,0.0008701630868017,87,True,,"[2, 0, 1, 4, 6, 3, 5, 9, 8, 7]",{}
26,PSO,11,2.218200980928021,0.0809162220684811,7500,True,,"[7, 8, 9, 5, 3, 6, 4, 1, 0, 2]",{}
26,Portfolio,11,2.218200980928021,5.132369443308562,22588,True,NN+2opt,"[2, 0, 1, 4, 6, 3, 5, 9, 8, 7]","{""candidate_evaluations"": {""ACO"": 7500, ""DE"": 7500, ""NN+2opt"": 87, ""PSO"": 7500, ""Raw"": 1}, ""candidate_lengths_km"": {""ACO"": 2.218200980928021, ""DE"": 2.218200980928021, ""NN+2opt"": 2.218200980928021, ""PSO"": 2.2182009809280214, ""Raw"": 3.5077765792448607}, ""priority"": [""Raw"", ""NN+2opt"", ""ACO"", ""DE"", ""PSO""], ""tie_tolerance_km"": 1e-12}"
26,Raw,11,3.5077765792448607,0.0001178840175271,1,True,,"[0, 1, 2, 3, 4, 5, 6, 7, 8, 9]",{}
26,ACO,12,2.218200980928021,4.084056535968557,7500,True,,"[2, 0, 1, 4, 6, 3, 5, 9, 8, 7]","{""alpha"": 1.0, ""beta"": 2.0, ""evaluation_budget"": 7500, ""evaporation"": 0.5, ""population"": 50}"
26,ACO×3,12,2.218200980928021,12.23192133696284,22500,True,ACO stream 1,"[2, 0, 1, 4, 6, 3, 5, 9, 8, 7]","{""candidate_lengths_km"": [2.218200980928021, 2.218200980928021, 2.218200980928021], ""candidate_seeds"": [12, 32, 52], ""tie_tolerance_km"": 1e-12}"
26,DE,12,2.218200980928021,0.7957045999355614,7500,True,,"[7, 8, 9, 5, 3, 6, 4, 1, 0, 2]",{}
26,NN+2opt,12,2.218200980928021,0.0009255800396203,87,True,,"[2, 0, 1, 4, 6, 3, 5, 9, 8, 7]",{}
26,PSO,12,2.2730906861370825,0.0791590680601075,7500,True,,"[2, 7, 8, 9, 5, 3, 6, 4, 1, 0]",{}
26,Portfolio,12,2.218200980928021,4.959980929968879,22588,True,NN+2opt,"[2, 0, 1, 4, 6, 3, 5, 9, 8, 7]","{""candidate_evaluations"": {""ACO"": 7500, ""DE"": 7500, ""NN+2opt"": 87, ""PSO"": 7500, ""Raw"": 1}, ""candidate_lengths_km"": {""ACO"": 2.218200980928021, ""DE"": 2.2182009809280214, ""NN+2opt"": 2.218200980928021, ""PSO"": 2.2730906861370825, ""Raw"": 3.5077765792448607}, ""priority"": [""Raw"", ""NN+2opt"", ""ACO"", ""DE"", ""PSO""], ""tie_tolerance_km"": 1e-12}"
26,Raw,12,3.5077765792448607,0.0001263689482584,1,True,,"[0, 1, 2, 3, 4, 5, 6, 7, 8, 9]",{}
26,ACO,13,2.218200980928021,4.253510706010275,7500,True,,"[2, 0, 1, 4, 6, 3, 5, 9, 8, 7]","{""alpha"": 1.0, ""beta"": 2.0, ""evaluation_budget"": 7500, ""evaporation"": 0.5, ""population"": 50}"
26,ACO×3,13,2.218200980928021,12.84592104901094,22500,True,ACO stream 1,"[2, 0, 1, 4, 6, 3, 5, 9, 8, 7]","{""candidate_lengths_km"": [2.218200980928021, 2.2337418668032214, 2.218200980928021], ""candidate_seeds"": [13, 33, 53], ""tie_tolerance_km"": 1e-12}"
26,DE,13,2.2730906861370825,0.8238751760218292,7500,True,,"[2, 7, 8, 9, 5, 3, 6, 4, 1, 0]",{}
26,NN+2opt,13,2.218200980928021,0.0008469619788229,87,True,,"[2, 0, 1, 4, 6, 3, 5, 9, 8, 7]",{}
26,PSO,13,2.6234246906538026,0.087950355024077,7500,True,,"[6, 4, 1, 0, 3, 5, 9, 8, 7, 2]",{}
26,Portfolio,13,2.218200980928021,5.166311039007269,22588,True,NN+2opt,"[2, 0, 1, 4, 6, 3, 5, 9, 8, 7]","{""candidate_evaluations"": {""ACO"": 7500, ""DE"": 7500, ""NN+2opt"": 87, ""PSO"": 7500, ""Raw"": 1}, ""candidate_lengths_km"": {""ACO"": 2.218200980928021, ""DE"": 2.2730906861370825, ""NN+2opt"": 2.218200980928021, ""PSO"": 2.6234246906538026, ""Raw"": 3.5077765792448607}, ""priority"": [""Raw"", ""NN+2opt"", ""ACO"", ""DE"", ""PSO""], ""tie_tolerance_km"": 1e-12}"
26,Raw,13,3.5077765792448607,0.0001189219765365,1,True,,"[0, 1, 2, 3, 4, 5, 6, 7, 8, 9]",{}
26,ACO,14,2.218200980928021,4.197849668911658,7500,True,,"[2, 0, 1, 4, 6, 3, 5, 9, 8, 7]","{""alpha"": 1.0, ""beta"": 2.0, ""evaluation_budget"": 7500, ""evaporation"": 0.5, ""population"": 50}"
26,ACO×3,14,2.218200980928021,12.742275307886302,22500,True,ACO stream 1,"[2, 0, 1, 4, 6, 3, 5, 9, 8, 7]","{""candidate_lengths_km"": [2.218200980928021, 2.218200980928021, 2.218200980928021], ""candidate_seeds"": [14, 34, 54], ""tie_tolerance_km"": 1e-12}"
26,DE,14,2.2730906861370825,0.7921581870177761,7500,True,,"[2, 7, 8, 9, 5, 3, 6, 4, 1, 0]",{}
26,NN+2opt,14,2.218200980928021,0.000862865941599,87,True,,"[2, 0, 1, 4, 6, 3, 5, 9, 8, 7]",{}
26,PSO,14,2.218200980928021,0.0828142429236322,7500,True,,"[2, 0, 1, 4, 6, 3, 5, 9, 8, 7]",{}
26,Portfolio,14,2.218200980928021,5.073903819778934,22588,True,NN+2opt,"[2, 0, 1, 4, 6, 3, 5, 9, 8, 7]","{""candidate_evaluations"": {""ACO"": 7500, ""DE"": 7500, ""NN+2opt"": 87, ""PSO"": 7500, ""Raw"": 1}, ""candidate_lengths_km"": {""ACO"": 2.218200980928021, ""DE"": 2.2730906861370825, ""NN+2opt"": 2.218200980928021, ""PSO"": 2.218200980928021, ""Raw"": 3.5077765792448607}, ""priority"": [""Raw"", ""NN+2opt"", ""ACO"", ""DE"", ""PSO""], ""tie_tolerance_km"": 1e-12}"
26,Raw,14,3.5077765792448607,0.0001998159568756,1,True,,"[0, 1, 2, 3, 4, 5, 6, 7, 8, 9]",{}
26,ACO,15,2.218200980928021,4.062031944980845,7500,True,,"[2, 0, 1, 4, 6, 3, 5, 9, 8, 7]","{""alpha"": 1.0, ""beta"": 2.0, ""evaluation_budget"": 7500, ""evaporation"": 0.5, ""population"": 50}"
26,ACO×3,15,2.218200980928021,12.283663621055894,22500,True,ACO stream 1,"[2, 0, 1, 4, 6, 3, 5, 9, 8, 7]","{""candidate_lengths_km"": [2.218200980928021, 2.218200980928021, 2.218200980928021], ""candidate_seeds"": [15, 35, 55], ""tie_tolerance_km"": 1e-12}"
26,DE,15,2.2730906861370825,0.7673218979034573,7500,True,,"[2, 7, 8, 9, 5, 3, 6, 4, 1, 0]",{}
26,NN+2opt,15,2.218200980928021,0.0008653659606352,87,True,,"[2, 0, 1, 4, 6, 3, 5, 9, 8, 7]",{}
26,PSO,15,2.2730906861370825,0.0788839299930259,7500,True,,"[2, 7, 8, 9, 5, 3, 6, 4, 1, 0]",{}
26,Portfolio,15,2.218200980928021,4.909228943986818,22588,True,NN+2opt,"[2, 0, 1, 4, 6, 3, 5, 9, 8, 7]","{""candidate_evaluations"": {""ACO"": 7500, ""DE"": 7500, ""NN+2opt"": 87, ""PSO"": 7500, ""Raw"": 1}, ""candidate_lengths_km"": {""ACO"": 2.218200980928021, ""DE"": 2.2730906861370825, ""NN+2opt"": 2.218200980928021, ""PSO"": 2.2730906861370825, ""Raw"": 3.5077765792448607}, ""priority"": [""Raw"", ""NN+2opt"", ""ACO"", ""DE"", ""PSO""], ""tie_tolerance_km"": 1e-12}"
26,Raw,15,3.5077765792448607,0.0001177170779556,1,True,,"[0, 1, 2, 3, 4, 5, 6, 7, 8, 9]",{}
26,ACO,16,2.218200980928021,4.33082732395269,7500,True,,"[2, 0, 1, 4, 6, 3, 5, 9, 8, 7]","{""alpha"": 1.0, ""beta"": 2.0, ""evaluation_budget"": 7500, ""evaporation"": 0.5, ""population"": 50}"
26,ACO×3,16,2.218200980928021,12.886673916946163,22500,True,ACO stream 1,"[2, 0, 1, 4, 6, 3, 5, 9, 8, 7]","{""candidate_lengths_km"": [2.218200980928021, 2.218200980928021, 2.218200980928021], ""candidate_seeds"": [16, 36, 56], ""tie_tolerance_km"": 1e-12}"
26,DE,16,2.218200980928021,0.8398865839699283,7500,True,,"[7, 8, 9, 5, 3, 6, 4, 1, 0, 2]",{}
26,NN+2opt,16,2.218200980928021,0.0008869360899552,87,True,,"[2, 0, 1, 4, 6, 3, 5, 9, 8, 7]",{}
26,PSO,16,2.218200980928021,0.0803695999784395,7500,True,,"[7, 8, 9, 5, 3, 6, 4, 1, 0, 2]",{}
26,Portfolio,16,2.218200980928021,5.252103836042807,22588,True,NN+2opt,"[2, 0, 1, 4, 6, 3, 5, 9, 8, 7]","{""candidate_evaluations"": {""ACO"": 7500, ""DE"": 7500, ""NN+2opt"": 87, ""PSO"": 7500, ""Raw"": 1}, ""candidate_lengths_km"": {""ACO"": 2.218200980928021, ""DE"": 2.2182009809280214, ""NN+2opt"": 2.218200980928021, ""PSO"": 2.2182009809280214, ""Raw"": 3.5077765792448607}, ""priority"": [""Raw"", ""NN+2opt"", ""ACO"", ""DE"", ""PSO""], ""tie_tolerance_km"": 1e-12}"
26,Raw,16,3.5077765792448607,0.000124049023725,1,True,,"[0, 1, 2, 3, 4, 5, 6, 7, 8, 9]",{}
26,ACO,17,2.218200980928021,4.026236423989758,7500,True,,"[2, 0, 1, 4, 6, 3, 5, 9, 8, 7]","{""alpha"": 1.0, ""beta"": 2.0, ""evaluation_budget"": 7500, ""evaporation"": 0.5, ""population"": 50}"
26,ACO×3,17,2.218200980928021,12.012055224971846,22500,True,ACO stream 1,"[2, 0, 1, 4, 6, 3, 5, 9, 8, 7]","{""candidate_lengths_km"": [2.218200980928021, 2.218200980928021, 2.218200980928021], ""candidate_seeds"": [17, 37, 57], ""tie_tolerance_km"": 1e-12}"
26,DE,17,2.218200980928021,0.7550629780162126,7500,True,,"[7, 8, 9, 5, 3, 6, 4, 1, 0, 2]",{}
26,NN+2opt,17,2.218200980928021,0.0008719470351934,87,True,,"[2, 0, 1, 4, 6, 3, 5, 9, 8, 7]",{}
26,PSO,17,2.3849297200719657,0.0810514310142025,7500,True,,"[2, 3, 5, 7, 8, 9, 6, 4, 1, 0]",{}
26,Portfolio,17,2.218200980928021,4.863350176019594,22588,True,NN+2opt,"[2, 0, 1, 4, 6, 3, 5, 9, 8, 7]","{""candidate_evaluations"": {""ACO"": 7500, ""DE"": 7500, ""NN+2opt"": 87, ""PSO"": 7500, ""Raw"": 1}, ""candidate_lengths_km"": {""ACO"": 2.218200980928021, ""DE"": 2.2182009809280214, ""NN+2opt"": 2.218200980928021, ""PSO"": 2.3849297200719657, ""Raw"": 3.5077765792448607}, ""priority"": [""Raw"", ""NN+2opt"", ""ACO"", ""DE"", ""PSO""], ""tie_tolerance_km"": 1e-12}"
26,Raw,17,3.5077765792448607,0.0001184089342132,1,True,,"[0, 1, 2, 3, 4, 5, 6, 7, 8, 9]",{}
26,ACO,18,2.218200980928021,5.416623972938396,7500,True,,"[2, 0, 1, 4, 6, 3, 5, 9, 8, 7]","{""alpha"": 1.0, ""beta"": 2.0, ""evaluation_budget"": 7500, ""evaporation"": 0.5, ""population"": 50}"
26,ACO×3,18,2.218200980928021,13.391781662008723,22500,True,ACO stream 1,"[2, 0, 1, 4, 6, 3, 5, 9, 8, 7]","{""candidate_lengths_km"": [2.218200980928021, 2.218200980928021, 2.218200980928021], ""candidate_seeds"": [18, 38, 58], ""tie_tolerance_km"": 1e-12}"
26,DE,18,2.2730906861370825,0.7597253550775349,7500,True,,"[0, 1, 4, 6, 3, 5, 9, 8, 7, 2]",{}
26,NN+2opt,18,2.218200980928021,0.0008564259624108,87,True,,"[2, 0, 1, 4, 6, 3, 5, 9, 8, 7]",{}
26,PSO,18,2.2730906861370825,0.0867842859588563,7500,True,,"[2, 7, 8, 9, 5, 3, 6, 4, 1, 0]",{}
26,Portfolio,18,2.218200980928021,6.264116521924734,22588,True,NN+2opt,"[2, 0, 1, 4, 6, 3, 5, 9, 8, 7]","{""candidate_evaluations"": {""ACO"": 7500, ""DE"": 7500, ""NN+2opt"": 87, ""PSO"": 7500, ""Raw"": 1}, ""candidate_lengths_km"": {""ACO"": 2.218200980928021, ""DE"": 2.2730906861370825, ""NN+2opt"": 2.218200980928021, ""PSO"": 2.2730906861370825, ""Raw"": 3.5077765792448607}, ""priority"": [""Raw"", ""NN+2opt"", ""ACO"", ""DE"", ""PSO""], ""tie_tolerance_km"": 1e-12}"
26,Raw,18,3.5077765792448607,0.0001183339627459,1,True,,"[0, 1, 2, 3, 4, 5, 6, 7, 8, 9]",{}
26,ACO,19,2.218200980928021,4.30942254094407,7500,True,,"[2, 0, 1, 4, 6, 3, 5, 9, 8, 7]","{""alpha"": 1.0, ""beta"": 2.0, ""evaluation_budget"": 7500, ""evaporation"": 0.5, ""population"": 50}"
26,ACO×3,19,2.218200980928021,12.938223634962924,22500,True,ACO stream 1,"[2, 0, 1, 4, 6, 3, 5, 9, 8, 7]","{""candidate_lengths_km"": [2.218200980928021, 2.218200980928021, 2.218200980928021], ""candidate_seeds"": [19, 39, 59], ""tie_tolerance_km"": 1e-12}"
26,DE,19,2.218200980928021,0.7777975939679891,7500,True,,"[2, 0, 1, 4, 6, 3, 5, 9, 8, 7]",{}
26,NN+2opt,19,2.218200980928021,0.0008611970115453,87,True,,"[2, 0, 1, 4, 6, 3, 5, 9, 8, 7]",{}
26,PSO,19,3.045381669456879,0.0803262169938534,7500,True,,"[2, 8, 9, 0, 1, 4, 6, 3, 5, 7]",{}
26,Portfolio,19,2.218200980928021,5.168536774930544,22588,True,NN+2opt,"[2, 0, 1, 4, 6, 3, 5, 9, 8, 7]","{""candidate_evaluations"": {""ACO"": 7500, ""DE"": 7500, ""NN+2opt"": 87, ""PSO"": 7500, ""Raw"": 1}, ""candidate_lengths_km"": {""ACO"": 2.218200980928021, ""DE"": 2.218200980928021, ""NN+2opt"": 2.218200980928021, ""PSO"": 3.045381669456879, ""Raw"": 3.5077765792448607}, ""priority"": [""Raw"", ""NN+2opt"", ""ACO"", ""DE"", ""PSO""], ""tie_tolerance_km"": 1e-12}"
26,Raw,19,3.5077765792448607,0.0001206960296258,1,True,,"[0, 1, 2, 3, 4, 5, 6, 7, 8, 9]",{}
27,ACO,0,1.9000621512377236,2.0855423810426146,7500,True,,"[0, 1, 4, 3, 2]","{""alpha"": 1.0, ""beta"": 2.0, ""evaluation_budget"": 7500, ""evaporation"": 0.5, ""population"": 50}"
27,ACO×3,0,1.9000621512377236,6.323313894099556,22500,True,ACO stream 1,"[0, 1, 4, 3, 2]","{""candidate_lengths_km"": [1.9000621512377234, 1.9000621512377234, 1.9000621512377234], ""candidate_seeds"": [0, 20, 40], ""tie_tolerance_km"": 1e-12}"
27,DE,0,1.9000621512377236,0.7452743960311636,7500,True,,"[0, 1, 4, 3, 2]",{}
27,NN+2opt,0,1.9000621512377236,0.0002419679658487,23,True,,"[0, 1, 4, 3, 2]",{}
27,PSO,0,1.9000621512377236,0.0641220590332523,7500,True,,"[0, 1, 4, 3, 2]",{}
27,Portfolio,0,1.9000621512377236,2.8952470341464505,22524,True,NN+2opt,"[0, 1, 4, 3, 2]","{""candidate_evaluations"": {""ACO"": 7500, ""DE"": 7500, ""NN+2opt"": 23, ""PSO"": 7500, ""Raw"": 1}, ""candidate_lengths_km"": {""ACO"": 1.9000621512377234, ""DE"": 1.9000621512377234, ""NN+2opt"": 1.9000621512377234, ""PSO"": 1.9000621512377234, ""Raw"": 2.510933271472731}, ""priority"": [""Raw"", ""NN+2opt"", ""ACO"", ""DE"", ""PSO""], ""tie_tolerance_km"": 1e-12}"
27,Raw,0,2.510933271472731,5.786004476249218e-05,1,True,,"[0, 1, 2, 3, 4]",{}
27,ACO,1,1.9000621512377236,2.174415262066759,7500,True,,"[2, 3, 4, 1, 0]","{""alpha"": 1.0, ""beta"": 2.0, ""evaluation_budget"": 7500, ""evaporation"": 0.5, ""population"": 50}"
27,ACO×3,1,1.9000621512377236,6.451408772962168,22500,True,ACO stream 1,"[2, 3, 4, 1, 0]","{""candidate_lengths_km"": [1.9000621512377234, 1.9000621512377234, 1.9000621512377234], ""candidate_seeds"": [1, 21, 41], ""tie_tolerance_km"": 1e-12}"
27,DE,1,1.9000621512377236,0.7327079779934138,7500,True,,"[0, 1, 4, 3, 2]",{}
27,NN+2opt,1,1.9000621512377236,0.0002450590254738,23,True,,"[0, 1, 4, 3, 2]",{}
27,PSO,1,1.9000621512377236,0.064642071025446,7500,True,,"[2, 3, 4, 1, 0]",{}
27,Portfolio,1,1.9000621512377236,2.972078889957629,22524,True,NN+2opt,"[0, 1, 4, 3, 2]","{""candidate_evaluations"": {""ACO"": 7500, ""DE"": 7500, ""NN+2opt"": 23, ""PSO"": 7500, ""Raw"": 1}, ""candidate_lengths_km"": {""ACO"": 1.9000621512377234, ""DE"": 1.9000621512377234, ""NN+2opt"": 1.9000621512377234, ""PSO"": 1.9000621512377234, ""Raw"": 2.510933271472731}, ""priority"": [""Raw"", ""NN+2opt"", ""ACO"", ""DE"", ""PSO""], ""tie_tolerance_km"": 1e-12}"
27,Raw,1,2.510933271472731,5.940592382103205e-05,1,True,,"[0, 1, 2, 3, 4]",{}
27,ACO,2,1.9000621512377236,2.001949205994606,7500,True,,"[0, 1, 4, 3, 2]","{""alpha"": 1.0, ""beta"": 2.0, ""evaluation_budget"": 7500, ""evaporation"": 0.5, ""population"": 50}"
27,ACO×3,2,1.9000621512377236,6.021977598895319,22500,True,ACO stream 1,"[0, 1, 4, 3, 2]","{""candidate_lengths_km"": [1.9000621512377234, 1.9000621512377234, 1.9000621512377234], ""candidate_seeds"": [2, 22, 42], ""tie_tolerance_km"": 1e-12}"
27,DE,2,1.9000621512377236,0.7279605979565531,7500,True,,"[2, 3, 4, 1, 0]",{}
27,NN+2opt,2,1.9000621512377236,0.0002479590475559,23,True,,"[0, 1, 4, 3, 2]",{}
27,PSO,2,1.9000621512377236,0.0644497110042721,7500,True,,"[2, 3, 4, 1, 0]",{}
27,Portfolio,2,1.9000621512377236,2.794675134937279,22524,True,NN+2opt,"[0, 1, 4, 3, 2]","{""candidate_evaluations"": {""ACO"": 7500, ""DE"": 7500, ""NN+2opt"": 23, ""PSO"": 7500, ""Raw"": 1}, ""candidate_lengths_km"": {""ACO"": 1.9000621512377234, ""DE"": 1.9000621512377234, ""NN+2opt"": 1.9000621512377234, ""PSO"": 1.9000621512377234, ""Raw"": 2.510933271472731}, ""priority"": [""Raw"", ""NN+2opt"", ""ACO"", ""DE"", ""PSO""], ""tie_tolerance_km"": 1e-12}"
27,Raw,2,2.510933271472731,5.874491762369871e-05,1,True,,"[0, 1, 2, 3, 4]",{}
27,ACO,3,1.9000621512377236,2.01262133999262,7500,True,,"[2, 3, 4, 1, 0]","{""alpha"": 1.0, ""beta"": 2.0, ""evaluation_budget"": 7500, ""evaporation"": 0.5, ""population"": 50}"
27,ACO×3,3,1.9000621512377236,6.162007314967923,22500,True,ACO stream 1,"[2, 3, 4, 1, 0]","{""candidate_lengths_km"": [1.9000621512377234, 1.9000621512377234, 1.9000621512377234], ""candidate_seeds"": [3, 23, 43], ""tie_tolerance_km"": 1e-12}"
27,DE,3,1.9000621512377236,0.7229845860274509,7500,True,,"[2, 3, 4, 1, 0]",{}
27,NN+2opt,3,1.9000621512377236,0.0002417099894955,23,True,,"[0, 1, 4, 3, 2]",{}
27,PSO,3,1.9000621512377236,0.0649310629814863,7500,True,,"[2, 3, 4, 1, 0]",{}
27,Portfolio,3,1.9000621512377236,2.800844481913373,22524,True,NN+2opt,"[0, 1, 4, 3, 2]","{""candidate_evaluations"": {""ACO"": 7500, ""DE"": 7500, ""NN+2opt"": 23, ""PSO"": 7500, ""Raw"": 1}, ""candidate_lengths_km"": {""ACO"": 1.9000621512377234, ""DE"": 1.9000621512377234, ""NN+2opt"": 1.9000621512377234, ""PSO"": 1.9000621512377234, ""Raw"": 2.510933271472731}, ""priority"": [""Raw"", ""NN+2opt"", ""ACO"", ""DE"", ""PSO""], ""tie_tolerance_km"": 1e-12}"
27,Raw,3,2.510933271472731,5.688401870429516e-05,1,True,,"[0, 1, 2, 3, 4]",{}
27,ACO,4,1.9000621512377236,2.0633818119531497,7500,True,,"[0, 1, 4, 3, 2]","{""alpha"": 1.0, ""beta"": 2.0, ""evaluation_budget"": 7500, ""evaporation"": 0.5, ""population"": 50}"
27,ACO×3,4,1.9000621512377236,6.08655066404026,22500,True,ACO stream 1,"[0, 1, 4, 3, 2]","{""candidate_lengths_km"": [1.9000621512377234, 1.9000621512377234, 1.9000621512377234], ""candidate_seeds"": [4, 24, 44], ""tie_tolerance_km"": 1e-12}"
27,DE,4,1.9000621512377236,0.7292888690717518,7500,True,,"[0, 1, 4, 3, 2]",{}
27,NN+2opt,4,1.9000621512377236,0.0002460450632497,23,True,,"[0, 1, 4, 3, 2]",{}
27,PSO,4,1.9000621512377236,0.0661566240014508,7500,True,,"[0, 1, 4, 3, 2]",{}
27,Portfolio,4,1.9000621512377236,2.859144570189528,22524,True,NN+2opt,"[0, 1, 4, 3, 2]","{""candidate_evaluations"": {""ACO"": 7500, ""DE"": 7500, ""NN+2opt"": 23, ""PSO"": 7500, ""Raw"": 1}, ""candidate_lengths_km"": {""ACO"": 1.9000621512377234, ""DE"": 1.9000621512377234, ""NN+2opt"": 1.9000621512377234, ""PSO"": 1.9000621512377234, ""Raw"": 2.510933271472731}, ""priority"": [""Raw"", ""NN+2opt"", ""ACO"", ""DE"", ""PSO""], ""tie_tolerance_km"": 1e-12}"
27,Raw,4,2.510933271472731,6.299000233411789e-05,1,True,,"[0, 1, 2, 3, 4]",{}
27,ACO,5,1.9000621512377236,2.0117049599066377,7500,True,,"[0, 1, 4, 3, 2]","{""alpha"": 1.0, ""beta"": 2.0, ""evaluation_budget"": 7500, ""evaporation"": 0.5, ""population"": 50}"
27,ACO×3,5,1.9000621512377236,6.077580384910107,22500,True,ACO stream 1,"[0, 1, 4, 3, 2]","{""candidate_lengths_km"": [1.9000621512377234, 1.9000621512377234, 1.9000621512377234], ""candidate_seeds"": [5, 25, 45], ""tie_tolerance_km"": 1e-12}"
27,DE,5,1.9000621512377236,0.7165393630275503,7500,True,,"[2, 3, 4, 1, 0]",{}
27,NN+2opt,5,1.9000621512377236,0.0002650099340826,23,True,,"[0, 1, 4, 3, 2]",{}
27,PSO,5,1.928774443119894,0.0654451950686052,7500,True,,"[1, 4, 3, 2, 0]",{}
27,Portfolio,5,1.9000621512377236,2.7940212070243438,22524,True,NN+2opt,"[0, 1, 4, 3, 2]","{""candidate_evaluations"": {""ACO"": 7500, ""DE"": 7500, ""NN+2opt"": 23, ""PSO"": 7500, ""Raw"": 1}, ""candidate_lengths_km"": {""ACO"": 1.9000621512377234, ""DE"": 1.9000621512377234, ""NN+2opt"": 1.9000621512377234, ""PSO"": 1.928774443119894, ""Raw"": 2.510933271472731}, ""priority"": [""Raw"", ""NN+2opt"", ""ACO"", ""DE"", ""PSO""], ""tie_tolerance_km"": 1e-12}"
27,Raw,5,2.510933271472731,5.7739089243114e-05,1,True,,"[0, 1, 2, 3, 4]",{}
27,ACO,6,1.9000621512377236,2.1122617159271613,7500,True,,"[0, 1, 4, 3, 2]","{""alpha"": 1.0, ""beta"": 2.0, ""evaluation_budget"": 7500, ""evaporation"": 0.5, ""population"": 50}"
27,ACO×3,6,1.9000621512377236,6.594696850981563,22500,True,ACO stream 1,"[0, 1, 4, 3, 2]","{""candidate_lengths_km"": [1.9000621512377234, 1.9000621512377234, 1.9000621512377234], ""candidate_seeds"": [6, 26, 46], ""tie_tolerance_km"": 1e-12}"
27,DE,6,1.9000621512377236,0.7407588609494269,7500,True,,"[2, 3, 4, 1, 0]",{}
27,NN+2opt,6,1.9000621512377236,0.0002557139378041,23,True,,"[0, 1, 4, 3, 2]",{}
27,PSO,6,1.9000621512377236,0.0691428900463506,7500,True,,"[2, 3, 4, 1, 0]",{}
27,Portfolio,6,1.9000621512377236,2.9225181948859245,22524,True,NN+2opt,"[0, 1, 4, 3, 2]","{""candidate_evaluations"": {""ACO"": 7500, ""DE"": 7500, ""NN+2opt"": 23, ""PSO"": 7500, ""Raw"": 1}, ""candidate_lengths_km"": {""ACO"": 1.9000621512377234, ""DE"": 1.9000621512377234, ""NN+2opt"": 1.9000621512377234, ""PSO"": 1.9000621512377234, ""Raw"": 2.510933271472731}, ""priority"": [""Raw"", ""NN+2opt"", ""ACO"", ""DE"", ""PSO""], ""tie_tolerance_km"": 1e-12}"
27,Raw,6,2.510933271472731,9.002792648971081e-05,1,True,,"[0, 1, 2, 3, 4]",{}
27,ACO,7,1.9000621512377236,2.021665040985681,7500,True,,"[2, 3, 4, 1, 0]","{""alpha"": 1.0, ""beta"": 2.0, ""evaluation_budget"": 7500, ""evaporation"": 0.5, ""population"": 50}"
27,ACO×3,7,1.9000621512377236,6.212671237997711,22500,True,ACO stream 1,"[2, 3, 4, 1, 0]","{""candidate_lengths_km"": [1.9000621512377234, 1.9000621512377234, 1.9000621512377234], ""candidate_seeds"": [7, 27, 47], ""tie_tolerance_km"": 1e-12}"
27,DE,7,1.9000621512377236,0.723275008960627,7500,True,,"[0, 1, 4, 3, 2]",{}
27,NN+2opt,7,1.9000621512377236,0.0002463789423927,23,True,,"[0, 1, 4, 3, 2]",{}
27,PSO,7,1.9000621512377236,0.0646244459785521,7500,True,,"[2, 3, 4, 1, 0]",{}
27,Portfolio,7,1.9000621512377236,2.8098775119287893,22524,True,NN+2opt,"[0, 1, 4, 3, 2]","{""candidate_evaluations"": {""ACO"": 7500, ""DE"": 7500, ""NN+2opt"": 23, ""PSO"": 7500, ""Raw"": 1}, ""candidate_lengths_km"": {""ACO"": 1.9000621512377234, ""DE"": 1.9000621512377234, ""NN+2opt"": 1.9000621512377234, ""PSO"": 1.9000621512377234, ""Raw"": 2.510933271472731}, ""priority"": [""Raw"", ""NN+2opt"", ""ACO"", ""DE"", ""PSO""], ""tie_tolerance_km"": 1e-12}"
27,Raw,7,2.510933271472731,5.7697994634509087e-05,1,True,,"[0, 1, 2, 3, 4]",{}
27,ACO,8,1.9000621512377236,1.9994318190729248,7500,True,,"[2, 3, 4, 1, 0]","{""alpha"": 1.0, ""beta"": 2.0, ""evaluation_budget"": 7500, ""evaporation"": 0.5, ""population"": 50}"
27,ACO×3,8,1.9000621512377236,6.19309804495424,22500,True,ACO stream 1,"[2, 3, 4, 1, 0]","{""candidate_lengths_km"": [1.9000621512377234, 1.9000621512377234, 1.9000621512377234], ""candidate_seeds"": [8, 28, 48], ""tie_tolerance_km"": 1e-12}"
27,DE,8,1.9000621512377236,0.7274831319227815,7500,True,,"[0, 1, 4, 3, 2]",{}
27,NN+2opt,8,1.9000621512377236,0.000248774071224,23,True,,"[0, 1, 4, 3, 2]",{}
27,PSO,8,1.9000621512377236,0.0711960060289129,7500,True,,"[0, 1, 4, 3, 2]",{}
27,Portfolio,8,1.9000621512377236,2.7984260111115877,22524,True,NN+2opt,"[0, 1, 4, 3, 2]","{""candidate_evaluations"": {""ACO"": 7500, ""DE"": 7500, ""NN+2opt"": 23, ""PSO"": 7500, ""Raw"": 1}, ""candidate_lengths_km"": {""ACO"": 1.9000621512377234, ""DE"": 1.9000621512377234, ""NN+2opt"": 1.9000621512377234, ""PSO"": 1.9000621512377234, ""Raw"": 2.510933271472731}, ""priority"": [""Raw"", ""NN+2opt"", ""ACO"", ""DE"", ""PSO""], ""tie_tolerance_km"": 1e-12}"
27,Raw,8,2.510933271472731,5.69589901715517e-05,1,True,,"[0, 1, 2, 3, 4]",{}
27,ACO,9,1.9000621512377236,2.076806032913737,7500,True,,"[0, 1, 4, 3, 2]","{""alpha"": 1.0, ""beta"": 2.0, ""evaluation_budget"": 7500, ""evaporation"": 0.5, ""population"": 50}"
27,ACO×3,9,1.9000621512377236,6.308868481894024,22500,True,ACO stream 1,"[0, 1, 4, 3, 2]","{""candidate_lengths_km"": [1.9000621512377234, 1.9000621512377234, 1.9000621512377234], ""candidate_seeds"": [9, 29, 49], ""tie_tolerance_km"": 1e-12}"
27,DE,9,1.9000621512377236,0.7812139579327777,7500,True,,"[0, 1, 4, 3, 2]",{}
27,NN+2opt,9,1.9000621512377236,0.0002409779699519,23,True,,"[0, 1, 4, 3, 2]",{}
27,PSO,9,1.9000621512377236,0.0692182250786572,7500,True,,"[0, 1, 4, 3, 2]",{}
27,Portfolio,9,1.9000621512377236,2.927548589883372,22524,True,NN+2opt,"[0, 1, 4, 3, 2]","{""candidate_evaluations"": {""ACO"": 7500, ""DE"": 7500, ""NN+2opt"": 23, ""PSO"": 7500, ""Raw"": 1}, ""candidate_lengths_km"": {""ACO"": 1.9000621512377234, ""DE"": 1.9000621512377234, ""NN+2opt"": 1.9000621512377234, ""PSO"": 1.9000621512377234, ""Raw"": 2.510933271472731}, ""priority"": [""Raw"", ""NN+2opt"", ""ACO"", ""DE"", ""PSO""], ""tie_tolerance_km"": 1e-12}"
27,Raw,9,2.510933271472731,6.032793316990137e-05,1,True,,"[0, 1, 2, 3, 4]",{}
27,ACO,10,1.9000621512377236,2.054502582992427,7500,True,,"[0, 1, 4, 3, 2]","{""alpha"": 1.0, ""beta"": 2.0, ""evaluation_budget"": 7500, ""evaporation"": 0.5, ""population"": 50}"
27,ACO×3,10,1.9000621512377236,6.151187626994215,22500,True,ACO stream 1,"[0, 1, 4, 3, 2]","{""candidate_lengths_km"": [1.9000621512377234, 1.9000621512377234, 1.9000621512377234], ""candidate_seeds"": [10, 30, 50], ""tie_tolerance_km"": 1e-12}"
27,DE,10,1.9000621512377236,0.7540285789873451,7500,True,,"[0, 1, 4, 3, 2]",{}
27,NN+2opt,10,1.9000621512377236,0.0002485869918018,23,True,,"[0, 1, 4, 3, 2]",{}
27,PSO,10,1.9000621512377236,0.064562355983071,7500,True,,"[0, 1, 4, 3, 2]",{}
27,Portfolio,10,1.9000621512377236,2.8734417599625885,22524,True,NN+2opt,"[0, 1, 4, 3, 2]","{""candidate_evaluations"": {""ACO"": 7500, ""DE"": 7500, ""NN+2opt"": 23, ""PSO"": 7500, ""Raw"": 1}, ""candidate_lengths_km"": {""ACO"": 1.9000621512377234, ""DE"": 1.9000621512377234, ""NN+2opt"": 1.9000621512377234, ""PSO"": 1.9000621512377234, ""Raw"": 2.510933271472731}, ""priority"": [""Raw"", ""NN+2opt"", ""ACO"", ""DE"", ""PSO""], ""tie_tolerance_km"": 1e-12}"
27,Raw,10,2.510933271472731,5.6484946981072426e-05,1,True,,"[0, 1, 2, 3, 4]",{}
27,ACO,11,1.9000621512377236,2.0710913999937475,7500,True,,"[2, 3, 4, 1, 0]","{""alpha"": 1.0, ""beta"": 2.0, ""evaluation_budget"": 7500, ""evaporation"": 0.5, ""population"": 50}"
27,ACO×3,11,1.9000621512377236,6.204508114024065,22500,True,ACO stream 1,"[2, 3, 4, 1, 0]","{""candidate_lengths_km"": [1.9000621512377234, 1.9000621512377234, 1.9000621512377234], ""candidate_seeds"": [11, 31, 51], ""tie_tolerance_km"": 1e-12}"
27,DE,11,1.9000621512377236,0.7211728899274021,7500,True,,"[0, 1, 4, 3, 2]",{}
27,NN+2opt,11,1.9000621512377236,0.0002482089912518,23,True,,"[0, 1, 4, 3, 2]",{}
27,PSO,11,1.9000621512377236,0.0638623139820993,7500,True,,"[0, 1, 4, 3, 2]",{}
27,Portfolio,11,1.9000621512377236,2.8564423598581925,22524,True,NN+2opt,"[0, 1, 4, 3, 2]","{""candidate_evaluations"": {""ACO"": 7500, ""DE"": 7500, ""NN+2opt"": 23, ""PSO"": 7500, ""Raw"": 1}, ""candidate_lengths_km"": {""ACO"": 1.9000621512377234, ""DE"": 1.9000621512377234, ""NN+2opt"": 1.9000621512377234, ""PSO"": 1.9000621512377234, ""Raw"": 2.510933271472731}, ""priority"": [""Raw"", ""NN+2opt"", ""ACO"", ""DE"", ""PSO""], ""tie_tolerance_km"": 1e-12}"
27,Raw,11,2.510933271472731,5.9160985983908176e-05,1,True,,"[0, 1, 2, 3, 4]",{}
27,ACO,12,1.9000621512377236,2.100200123968534,7500,True,,"[2, 3, 4, 1, 0]","{""alpha"": 1.0, ""beta"": 2.0, ""evaluation_budget"": 7500, ""evaporation"": 0.5, ""population"": 50}"
27,ACO×3,12,1.9000621512377236,6.308491013012826,22500,True,ACO stream 1,"[2, 3, 4, 1, 0]","{""candidate_lengths_km"": [1.9000621512377234, 1.9000621512377234, 1.9000621512377234], ""candidate_seeds"": [12, 32, 52], ""tie_tolerance_km"": 1e-12}"
27,DE,12,1.9000621512377236,0.8265873470809311,7500,True,,"[0, 1, 4, 3, 2]",{}
27,NN+2opt,12,1.9000621512377236,0.0002516419626772,23,True,,"[0, 1, 4, 3, 2]",{}
27,PSO,12,1.9000621512377236,0.0657260790467262,7500,True,,"[0, 1, 4, 3, 2]",{}
27,Portfolio,12,1.9000621512377236,2.9928301970940083,22524,True,NN+2opt,"[0, 1, 4, 3, 2]","{""candidate_evaluations"": {""ACO"": 7500, ""DE"": 7500, ""NN+2opt"": 23, ""PSO"": 7500, ""Raw"": 1}, ""candidate_lengths_km"": {""ACO"": 1.9000621512377234, ""DE"": 1.9000621512377234, ""NN+2opt"": 1.9000621512377234, ""PSO"": 1.9000621512377234, ""Raw"": 2.510933271472731}, ""priority"": [""Raw"", ""NN+2opt"", ""ACO"", ""DE"", ""PSO""], ""tie_tolerance_km"": 1e-12}"
27,Raw,12,2.510933271472731,5.521799903362989e-05,1,True,,"[0, 1, 2, 3, 4]",{}
27,ACO,13,1.9000621512377236,2.0558235340286046,7500,True,,"[2, 3, 4, 1, 0]","{""alpha"": 1.0, ""beta"": 2.0, ""evaluation_budget"": 7500, ""evaporation"": 0.5, ""population"": 50}"
27,ACO×3,13,1.9000621512377236,6.428207134013064,22500,True,ACO stream 1,"[2, 3, 4, 1, 0]","{""candidate_lengths_km"": [1.9000621512377234, 1.9000621512377234, 1.9000621512377234], ""candidate_seeds"": [13, 33, 53], ""tie_tolerance_km"": 1e-12}"
27,DE,13,1.9000621512377236,0.9090922320028768,7500,True,,"[2, 3, 4, 1, 0]",{}
27,NN+2opt,13,1.9000621512377236,0.0002507920144125,23,True,,"[0, 1, 4, 3, 2]",{}
27,PSO,13,1.9000621512377236,0.0732935379492119,7500,True,,"[2, 3, 4, 1, 0]",{}
27,Portfolio,13,1.9000621512377236,3.0385301219066605,22524,True,NN+2opt,"[0, 1, 4, 3, 2]","{""candidate_evaluations"": {""ACO"": 7500, ""DE"": 7500, ""NN+2opt"": 23, ""PSO"": 7500, ""Raw"": 1}, ""candidate_lengths_km"": {""ACO"": 1.9000621512377234, ""DE"": 1.9000621512377234, ""NN+2opt"": 1.9000621512377234, ""PSO"": 1.9000621512377234, ""Raw"": 2.510933271472731}, ""priority"": [""Raw"", ""NN+2opt"", ""ACO"", ""DE"", ""PSO""], ""tie_tolerance_km"": 1e-12}"
27,Raw,13,2.510933271472731,6.131094414740801e-05,1,True,,"[0, 1, 2, 3, 4]",{}
27,ACO,14,1.9000621512377236,2.1555209109792486,7500,True,,"[2, 3, 4, 1, 0]","{""alpha"": 1.0, ""beta"": 2.0, ""evaluation_budget"": 7500, ""evaporation"": 0.5, ""population"": 50}"
27,ACO×3,14,1.9000621512377236,6.385509509942494,22500,True,ACO stream 1,"[2, 3, 4, 1, 0]","{""candidate_lengths_km"": [1.9000621512377234, 1.9000621512377234, 1.9000621512377234], ""candidate_seeds"": [14, 34, 54], ""tie_tolerance_km"": 1e-12}"
27,DE,14,1.9000621512377236,0.7764241410186514,7500,True,,"[0, 1, 4, 3, 2]",{}
27,NN+2opt,14,1.9000621512377236,0.0002444349229335,23,True,,"[0, 1, 4, 3, 2]",{}
27,PSO,14,1.9000621512377236,0.0748147870181128,7500,True,,"[0, 1, 4, 3, 2]",{}
27,Portfolio,14,1.9000621512377236,3.007071666885168,22524,True,NN+2opt,"[0, 1, 4, 3, 2]","{""candidate_evaluations"": {""ACO"": 7500, ""DE"": 7500, ""NN+2opt"": 23, ""PSO"": 7500, ""Raw"": 1}, ""candidate_lengths_km"": {""ACO"": 1.9000621512377234, ""DE"": 1.9000621512377234, ""NN+2opt"": 1.9000621512377234, ""PSO"": 1.9000621512377234, ""Raw"": 2.510933271472731}, ""priority"": [""Raw"", ""NN+2opt"", ""ACO"", ""DE"", ""PSO""], ""tie_tolerance_km"": 1e-12}"
27,Raw,14,2.510933271472731,5.836994387209416e-05,1,True,,"[0, 1, 2, 3, 4]",{}
27,ACO,15,1.9000621512377236,2.1347677119774744,7500,True,,"[0, 1, 4, 3, 2]","{""alpha"": 1.0, ""beta"": 2.0, ""evaluation_budget"": 7500, ""evaporation"": 0.5, ""population"": 50}"
27,ACO×3,15,1.9000621512377236,6.2882985938340425,22500,True,ACO stream 1,"[0, 1, 4, 3, 2]","{""candidate_lengths_km"": [1.9000621512377234, 1.9000621512377234, 1.9000621512377234], ""candidate_seeds"": [15, 35, 55], ""tie_tolerance_km"": 1e-12}"
27,DE,15,1.9000621512377236,0.8150904709473252,7500,True,,"[2, 3, 4, 1, 0]",{}
27,NN+2opt,15,1.9000621512377236,0.0002575459657236,23,True,,"[0, 1, 4, 3, 2]",{}
27,PSO,15,1.9000621512377236,0.067075255094096,7500,True,,"[2, 3, 4, 1, 0]",{}
27,Portfolio,15,1.9000621512377236,3.017256726976484,22524,True,NN+2opt,"[0, 1, 4, 3, 2]","{""candidate_evaluations"": {""ACO"": 7500, ""DE"": 7500, ""NN+2opt"": 23, ""PSO"": 7500, ""Raw"": 1}, ""candidate_lengths_km"": {""ACO"": 1.9000621512377234, ""DE"": 1.9000621512377234, ""NN+2opt"": 1.9000621512377234, ""PSO"": 1.9000621512377234, ""Raw"": 2.510933271472731}, ""priority"": [""Raw"", ""NN+2opt"", ""ACO"", ""DE"", ""PSO""], ""tie_tolerance_km"": 1e-12}"
27,Raw,15,2.510933271472731,5.641905590891838e-05,1,True,,"[0, 1, 2, 3, 4]",{}
27,ACO,16,1.9000621512377236,2.1100555760785937,7500,True,,"[0, 1, 4, 3, 2]","{""alpha"": 1.0, ""beta"": 2.0, ""evaluation_budget"": 7500, ""evaporation"": 0.5, ""population"": 50}"
27,ACO×3,16,1.9000621512377236,6.414422052912414,22500,True,ACO stream 1,"[0, 1, 4, 3, 2]","{""candidate_lengths_km"": [1.9000621512377234, 1.9000621512377234, 1.9000621512377234], ""candidate_seeds"": [16, 36, 56], ""tie_tolerance_km"": 1e-12}"
27,DE,16,1.9000621512377236,0.7595549860270694,7500,True,,"[2, 3, 4, 1, 0]",{}
27,NN+2opt,16,1.9000621512377236,0.0002683319617062,23,True,,"[0, 1, 4, 3, 2]",{}
27,PSO,16,1.9000621512377236,0.0651488460134714,7500,True,,"[2, 3, 4, 1, 0]",{}
27,Portfolio,16,1.9000621512377236,2.9351043599890545,22524,True,NN+2opt,"[0, 1, 4, 3, 2]","{""candidate_evaluations"": {""ACO"": 7500, ""DE"": 7500, ""NN+2opt"": 23, ""PSO"": 7500, ""Raw"": 1}, ""candidate_lengths_km"": {""ACO"": 1.9000621512377234, ""DE"": 1.9000621512377234, ""NN+2opt"": 1.9000621512377234, ""PSO"": 1.9000621512377234, ""Raw"": 2.510933271472731}, ""priority"": [""Raw"", ""NN+2opt"", ""ACO"", ""DE"", ""PSO""], ""tie_tolerance_km"": 1e-12}"
27,Raw,16,2.510933271472731,6.061897147446871e-05,1,True,,"[0, 1, 2, 3, 4]",{}
27,ACO,17,1.9000621512377236,2.0161988670006394,7500,True,,"[2, 3, 4, 1, 0]","{""alpha"": 1.0, ""beta"": 2.0, ""evaluation_budget"": 7500, ""evaporation"": 0.5, ""population"": 50}"
27,ACO×3,17,1.9000621512377236,6.101930512930267,22500,True,ACO stream 1,"[2, 3, 4, 1, 0]","{""candidate_lengths_km"": [1.9000621512377234, 1.9000621512377234, 1.9000621512377234], ""candidate_seeds"": [17, 37, 57], ""tie_tolerance_km"": 1e-12}"
27,DE,17,1.9000621512377236,0.8006096929311752,7500,True,,"[0, 1, 4, 3, 2]",{}
27,NN+2opt,17,1.9000621512377236,0.000246201059781,23,True,,"[0, 1, 4, 3, 2]",{}
27,PSO,17,1.9000621512377236,0.0706317429430782,7500,True,,"[0, 1, 4, 3, 2]",{}
27,Portfolio,17,1.9000621512377236,2.887758834986016,22524,True,NN+2opt,"[0, 1, 4, 3, 2]","{""candidate_evaluations"": {""ACO"": 7500, ""DE"": 7500, ""NN+2opt"": 23, ""PSO"": 7500, ""Raw"": 1}, ""candidate_lengths_km"": {""ACO"": 1.9000621512377234, ""DE"": 1.9000621512377234, ""NN+2opt"": 1.9000621512377234, ""PSO"": 1.9000621512377234, ""Raw"": 2.510933271472731}, ""priority"": [""Raw"", ""NN+2opt"", ""ACO"", ""DE"", ""PSO""], ""tie_tolerance_km"": 1e-12}"
27,Raw,17,2.510933271472731,6.372702773660421e-05,1,True,,"[0, 1, 2, 3, 4]",{}
27,ACO,18,1.9000621512377236,1.9993233199929816,7500,True,,"[2, 3, 4, 1, 0]","{""alpha"": 1.0, ""beta"": 2.0, ""evaluation_budget"": 7500, ""evaporation"": 0.5, ""population"": 50}"
27,ACO×3,18,1.9000621512377236,6.05553686816711,22500,True,ACO stream 1,"[2, 3, 4, 1, 0]","{""candidate_lengths_km"": [1.9000621512377234, 1.9000621512377234, 1.9000621512377234], ""candidate_seeds"": [18, 38, 58], ""tie_tolerance_km"": 1e-12}"
27,DE,18,1.9000621512377236,0.7140966950682923,7500,True,,"[2, 3, 4, 1, 0]",{}
27,NN+2opt,18,1.9000621512377236,0.0002556369872763,23,True,,"[0, 1, 4, 3, 2]",{}
27,PSO,18,1.9000621512377236,0.063865878037177,7500,True,,"[2, 3, 4, 1, 0]",{}
27,Portfolio,18,1.9000621512377236,2.777640584972687,22524,True,NN+2opt,"[0, 1, 4, 3, 2]","{""candidate_evaluations"": {""ACO"": 7500, ""DE"": 7500, ""NN+2opt"": 23, ""PSO"": 7500, ""Raw"": 1}, ""candidate_lengths_km"": {""ACO"": 1.9000621512377234, ""DE"": 1.9000621512377234, ""NN+2opt"": 1.9000621512377234, ""PSO"": 1.9000621512377234, ""Raw"": 2.510933271472731}, ""priority"": [""Raw"", ""NN+2opt"", ""ACO"", ""DE"", ""PSO""], ""tie_tolerance_km"": 1e-12}"
27,Raw,18,2.510933271472731,9.022094309329988e-05,1,True,,"[0, 1, 2, 3, 4]",{}
27,ACO,19,1.9000621512377236,2.1306072250008583,7500,True,,"[0, 1, 4, 3, 2]","{""alpha"": 1.0, ""beta"": 2.0, ""evaluation_budget"": 7500, ""evaporation"": 0.5, ""population"": 50}"
27,ACO×3,19,1.9000621512377236,6.264915915904567,22500,True,ACO stream 1,"[0, 1, 4, 3, 2]","{""candidate_lengths_km"": [1.9000621512377234, 1.9000621512377234, 1.9000621512377234], ""candidate_seeds"": [19, 39, 59], ""tie_tolerance_km"": 1e-12}"
27,DE,19,1.9000621512377236,0.7462257930310443,7500,True,,"[0, 1, 4, 3, 2]",{}
27,NN+2opt,19,1.9000621512377236,0.0002446989528834,23,True,,"[0, 1, 4, 3, 2]",{}
27,PSO,19,1.9000621512377236,0.0644504609517753,7500,True,,"[0, 1, 4, 3, 2]",{}
27,Portfolio,19,1.9000621512377236,2.9415955760050565,22524,True,NN+2opt,"[0, 1, 4, 3, 2]","{""candidate_evaluations"": {""ACO"": 7500, ""DE"": 7500, ""NN+2opt"": 23, ""PSO"": 7500, ""Raw"": 1}, ""candidate_lengths_km"": {""ACO"": 1.9000621512377234, ""DE"": 1.9000621512377234, ""NN+2opt"": 1.9000621512377234, ""PSO"": 1.9000621512377234, ""Raw"": 2.510933271472731}, ""priority"": [""Raw"", ""NN+2opt"", ""ACO"", ""DE"", ""PSO""], ""tie_tolerance_km"": 1e-12}"
27,Raw,19,2.510933271472731,5.79530606046319e-05,1,True,,"[0, 1, 2, 3, 4]",{}
28,ACO,0,2.0477446793319563,4.087085103965364,7500,True,,"[0, 2, 4, 6, 8, 5, 7, 9, 3, 1]","{""alpha"": 1.0, ""beta"": 2.0, ""evaluation_budget"": 7500, ""evaporation"": 0.5, ""population"": 50}"
28,ACO×3,0,2.025980418950708,12.346437426982448,22500,True,ACO stream 2,"[2, 4, 6, 8, 5, 9, 7, 3, 1, 0]","{""candidate_lengths_km"": [2.0477446793319563, 2.025980418950708, 2.025980418950708], ""candidate_seeds"": [0, 20, 40], ""tie_tolerance_km"": 1e-12}"
28,DE,0,2.025980418950708,0.7807861110195518,7500,True,,"[0, 1, 3, 7, 9, 5, 8, 6, 4, 2]",{}
28,NN+2opt,0,2.025980418950708,0.0013649959582835,183,True,,"[0, 1, 3, 7, 9, 5, 8, 6, 4, 2]",{}
28,PSO,0,2.075186983843156,0.0804003659868612,7500,True,,"[0, 1, 2, 4, 3, 7, 9, 5, 8, 6]",{}
28,Portfolio,0,2.025980418950708,4.949760134913959,22684,True,NN+2opt,"[0, 1, 3, 7, 9, 5, 8, 6, 4, 2]","{""candidate_evaluations"": {""ACO"": 7500, ""DE"": 7500, ""NN+2opt"": 183, ""PSO"": 7500, ""Raw"": 1}, ""candidate_lengths_km"": {""ACO"": 2.0477446793319563, ""DE"": 2.025980418950708, ""NN+2opt"": 2.025980418950708, ""PSO"": 2.075186983843156, ""Raw"": 3.118478690210585}, ""priority"": [""Raw"", ""NN+2opt"", ""ACO"", ""DE"", ""PSO""], ""tie_tolerance_km"": 1e-12}"
28,Raw,0,3.118478690210585,0.0001141550019383,1,True,,"[0, 1, 2, 3, 4, 5, 6, 7, 8, 9]",{}
28,ACO,1,2.025980418950708,4.214990690932609,7500,True,,"[0, 1, 3, 7, 9, 5, 8, 6, 4, 2]","{""alpha"": 1.0, ""beta"": 2.0, ""evaluation_budget"": 7500, ""evaporation"": 0.5, ""population"": 50}"
28,ACO×3,1,2.025980418950708,13.27900151896756,22500,True,ACO stream 1,"[0, 1, 3, 7, 9, 5, 8, 6, 4, 2]","{""candidate_lengths_km"": [2.025980418950708, 2.025980418950708, 2.025980418950708], ""candidate_seeds"": [1, 21, 41], ""tie_tolerance_km"": 1e-12}"
28,DE,1,2.025980418950708,0.785919031011872,7500,True,,"[2, 4, 6, 8, 5, 9, 7, 3, 1, 0]",{}
28,NN+2opt,1,2.025980418950708,0.0013416160363703,183,True,,"[0, 1, 3, 7, 9, 5, 8, 6, 4, 2]",{}
28,PSO,1,2.200106088811901,0.0817357919877395,7500,True,,"[6, 3, 7, 9, 5, 8, 4, 2, 1, 0]",{}
28,Portfolio,1,2.025980418950708,5.084125322056934,22684,True,NN+2opt,"[0, 1, 3, 7, 9, 5, 8, 6, 4, 2]","{""candidate_evaluations"": {""ACO"": 7500, ""DE"": 7500, ""NN+2opt"": 183, ""PSO"": 7500, ""Raw"": 1}, ""candidate_lengths_km"": {""ACO"": 2.025980418950708, ""DE"": 2.025980418950708, ""NN+2opt"": 2.025980418950708, ""PSO"": 2.200106088811901, ""Raw"": 3.118478690210585}, ""priority"": [""Raw"", ""NN+2opt"", ""ACO"", ""DE"", ""PSO""], ""tie_tolerance_km"": 1e-12}"
28,Raw,1,3.118478690210585,0.0001179489772766,1,True,,"[0, 1, 2, 3, 4, 5, 6, 7, 8, 9]",{}
28,ACO,2,2.025980418950708,4.039654828025959,7500,True,,"[2, 4, 6, 8, 5, 9, 7, 3, 1, 0]","{""alpha"": 1.0, ""beta"": 2.0, ""evaluation_budget"": 7500, ""evaporation"": 0.5, ""population"": 50}"
28,ACO×3,2,2.025980418950708,12.131237138994038,22500,True,ACO stream 1,"[2, 4, 6, 8, 5, 9, 7, 3, 1, 0]","{""candidate_lengths_km"": [2.025980418950708, 2.025980418950708, 2.025980418950708], ""candidate_seeds"": [2, 22, 42], ""tie_tolerance_km"": 1e-12}"
28,DE,2,2.025980418950708,0.7575714560225606,7500,True,,"[0, 1, 3, 7, 9, 5, 8, 6, 4, 2]",{}
28,NN+2opt,2,2.025980418950708,0.0013376000570133,183,True,,"[0, 1, 3, 7, 9, 5, 8, 6, 4, 2]",{}
28,PSO,2,2.0810571994065388,0.0800799480639398,7500,True,,"[3, 7, 9, 5, 8, 6, 4, 2, 1, 0]",{}
28,Portfolio,2,2.025980418950708,4.878861902281642,22684,True,NN+2opt,"[0, 1, 3, 7, 9, 5, 8, 6, 4, 2]","{""candidate_evaluations"": {""ACO"": 7500, ""DE"": 7500, ""NN+2opt"": 183, ""PSO"": 7500, ""Raw"": 1}, ""candidate_lengths_km"": {""ACO"": 2.025980418950708, ""DE"": 2.025980418950708, ""NN+2opt"": 2.025980418950708, ""PSO"": 2.0810571994065388, ""Raw"": 3.118478690210585}, ""priority"": [""Raw"", ""NN+2opt"", ""ACO"", ""DE"", ""PSO""], ""tie_tolerance_km"": 1e-12}"
28,Raw,2,3.118478690210585,0.0002097010146826,1,True,,"[0, 1, 2, 3, 4, 5, 6, 7, 8, 9]",{}
28,ACO,3,2.025980418950708,4.106769692967646,7500,True,,"[2, 4, 6, 8, 5, 9, 7, 3, 1, 0]","{""alpha"": 1.0, ""beta"": 2.0, ""evaluation_budget"": 7500, ""evaporation"": 0.5, ""population"": 50}"
28,ACO×3,3,2.025980418950708,12.552762803970836,22500,True,ACO stream 1,"[2, 4, 6, 8, 5, 9, 7, 3, 1, 0]","{""candidate_lengths_km"": [2.025980418950708, 2.025989929914813, 2.025980418950708], ""candidate_seeds"": [3, 23, 43], ""tie_tolerance_km"": 1e-12}"
28,DE,3,2.0810571994065388,0.770009413943626,7500,True,,"[3, 7, 9, 5, 8, 6, 4, 2, 1, 0]",{}
28,NN+2opt,3,2.025980418950708,0.0013521929504349,183,True,,"[0, 1, 3, 7, 9, 5, 8, 6, 4, 2]",{}
28,PSO,3,2.270647403294504,0.0797806020127609,7500,True,,"[6, 4, 2, 3, 7, 9, 5, 8, 1, 0]",{}
28,Portfolio,3,2.025980418950708,4.95803873683326,22684,True,NN+2opt,"[0, 1, 3, 7, 9, 5, 8, 6, 4, 2]","{""candidate_evaluations"": {""ACO"": 7500, ""DE"": 7500, ""NN+2opt"": 183, ""PSO"": 7500, ""Raw"": 1}, ""candidate_lengths_km"": {""ACO"": 2.025980418950708, ""DE"": 2.0810571994065388, ""NN+2opt"": 2.025980418950708, ""PSO"": 2.270647403294504, ""Raw"": 3.118478690210585}, ""priority"": [""Raw"", ""NN+2opt"", ""ACO"", ""DE"", ""PSO""], ""tie_tolerance_km"": 1e-12}"
28,Raw,3,3.118478690210585,0.0001184260472655,1,True,,"[0, 1, 2, 3, 4, 5, 6, 7, 8, 9]",{}
28,ACO,4,2.025980418950708,4.050074118888006,7500,True,,"[0, 1, 3, 7, 9, 5, 8, 6, 4, 2]","{""alpha"": 1.0, ""beta"": 2.0, ""evaluation_budget"": 7500, ""evaporation"": 0.5, ""population"": 50}"
28,ACO×3,4,2.025980418950708,12.012220856850035,22500,True,ACO stream 1,"[0, 1, 3, 7, 9, 5, 8, 6, 4, 2]","{""candidate_lengths_km"": [2.025980418950708, 2.025980418950708, 2.025980418950708], ""candidate_seeds"": [4, 24, 44], ""tie_tolerance_km"": 1e-12}"
28,DE,4,2.025980418950708,0.7560073210624978,7500,True,,"[2, 4, 6, 8, 5, 9, 7, 3, 1, 0]",{}
28,NN+2opt,4,2.025980418950708,0.0013723449083045,183,True,,"[0, 1, 3, 7, 9, 5, 8, 6, 4, 2]",{}
28,PSO,4,2.047735168367851,0.0869773039594292,7500,True,,"[0, 2, 4, 6, 8, 5, 9, 7, 3, 1]",{}
28,Portfolio,4,2.025980418950708,4.894552800687961,22684,True,NN+2opt,"[0, 1, 3, 7, 9, 5, 8, 6, 4, 2]","{""candidate_evaluations"": {""ACO"": 7500, ""DE"": 7500, ""NN+2opt"": 183, ""PSO"": 7500, ""Raw"": 1}, ""candidate_lengths_km"": {""ACO"": 2.025980418950708, ""DE"": 2.025980418950708, ""NN+2opt"": 2.025980418950708, ""PSO"": 2.047735168367851, ""Raw"": 3.118478690210585}, ""priority"": [""Raw"", ""NN+2opt"", ""ACO"", ""DE"", ""PSO""], ""tie_tolerance_km"": 1e-12}"
28,Raw,4,3.118478690210585,0.000113284913823,1,True,,"[0, 1, 2, 3, 4, 5, 6, 7, 8, 9]",{}
28,ACO,5,2.025989929914813,4.152198939002119,7500,True,,"[2, 4, 6, 8, 5, 7, 9, 3, 1, 0]","{""alpha"": 1.0, ""beta"": 2.0, ""evaluation_budget"": 7500, ""evaporation"": 0.5, ""population"": 50}"
28,ACO×3,5,2.025980418950708,12.45478022005409,22500,True,ACO stream 2,"[0, 1, 3, 7, 9, 5, 8, 6, 4, 2]","{""candidate_lengths_km"": [2.025989929914813, 2.025980418950708, 2.025989929914813], ""candidate_seeds"": [5, 25, 45], ""tie_tolerance_km"": 1e-12}"
28,DE,5,2.025980418950708,0.759081135969609,7500,True,,"[0, 1, 3, 7, 9, 5, 8, 6, 4, 2]",{}
28,NN+2opt,5,2.025980418950708,0.0013685380108654,183,True,,"[0, 1, 3, 7, 9, 5, 8, 6, 4, 2]",{}
28,PSO,5,2.0810571994065388,0.0808576219715178,7500,True,,"[3, 7, 9, 5, 8, 6, 4, 2, 1, 0]",{}
28,Portfolio,5,2.025980418950708,4.993639171007089,22684,True,NN+2opt,"[0, 1, 3, 7, 9, 5, 8, 6, 4, 2]","{""candidate_evaluations"": {""ACO"": 7500, ""DE"": 7500, ""NN+2opt"": 183, ""PSO"": 7500, ""Raw"": 1}, ""candidate_lengths_km"": {""ACO"": 2.025989929914813, ""DE"": 2.025980418950708, ""NN+2opt"": 2.025980418950708, ""PSO"": 2.0810571994065388, ""Raw"": 3.118478690210585}, ""priority"": [""Raw"", ""NN+2opt"", ""ACO"", ""DE"", ""PSO""], ""tie_tolerance_km"": 1e-12}"
28,Raw,5,3.118478690210585,0.0001241379650309,1,True,,"[0, 1, 2, 3, 4, 5, 6, 7, 8, 9]",{}
28,ACO,6,2.025989929914813,4.178807193995453,7500,True,,"[0, 1, 3, 9, 7, 5, 8, 6, 4, 2]","{""alpha"": 1.0, ""beta"": 2.0, ""evaluation_budget"": 7500, ""evaporation"": 0.5, ""population"": 50}"
28,ACO×3,6,2.025980418950708,12.428145631914958,22500,True,ACO stream 3,"[0, 1, 3, 7, 9, 5, 8, 6, 4, 2]","{""candidate_lengths_km"": [2.025989929914813, 2.025989929914813, 2.025980418950708], ""candidate_seeds"": [6, 26, 46], ""tie_tolerance_km"": 1e-12}"
28,DE,6,2.025980418950708,0.7589474270353094,7500,True,,"[0, 1, 3, 7, 9, 5, 8, 6, 4, 2]",{}
28,NN+2opt,6,2.025980418950708,0.0013430980034172,183,True,,"[0, 1, 3, 7, 9, 5, 8, 6, 4, 2]",{}
28,PSO,6,2.120152876590585,0.0806724959984421,7500,True,,"[2, 3, 7, 9, 5, 8, 6, 4, 1, 0]",{}
28,Portfolio,6,2.025980418950708,5.019900399027392,22684,True,NN+2opt,"[0, 1, 3, 7, 9, 5, 8, 6, 4, 2]","{""candidate_evaluations"": {""ACO"": 7500, ""DE"": 7500, ""NN+2opt"": 183, ""PSO"": 7500, ""Raw"": 1}, ""candidate_lengths_km"": {""ACO"": 2.025989929914813, ""DE"": 2.025980418950708, ""NN+2opt"": 2.025980418950708, ""PSO"": 2.120152876590585, ""Raw"": 3.118478690210585}, ""priority"": [""Raw"", ""NN+2opt"", ""ACO"", ""DE"", ""PSO""], ""tie_tolerance_km"": 1e-12}"
28,Raw,6,3.118478690210585,0.0001215250231325,1,True,,"[0, 1, 2, 3, 4, 5, 6, 7, 8, 9]",{}
28,ACO,7,2.025980418950708,4.153697166941129,7500,True,,"[2, 4, 6, 8, 5, 9, 7, 3, 1, 0]","{""alpha"": 1.0, ""beta"": 2.0, ""evaluation_budget"": 7500, ""evaporation"": 0.5, ""population"": 50}"
28,ACO×3,7,2.025980418950708,13.011715778964572,22500,True,ACO stream 1,"[2, 4, 6, 8, 5, 9, 7, 3, 1, 0]","{""candidate_lengths_km"": [2.025980418950708, 2.025980418950708, 2.025989929914813], ""candidate_seeds"": [7, 27, 47], ""tie_tolerance_km"": 1e-12}"
28,DE,7,2.025989929914813,0.7672986009856686,7500,True,,"[0, 1, 3, 9, 7, 5, 8, 6, 4, 2]",{}
28,NN+2opt,7,2.025980418950708,0.0013616520445793,183,True,,"[0, 1, 3, 7, 9, 5, 8, 6, 4, 2]",{}
28,PSO,7,2.186884183067743,0.0784922540187835,7500,True,,"[0, 6, 8, 5, 9, 7, 3, 4, 2, 1]",{}
28,Portfolio,7,2.025980418950708,5.000976102077402,22684,True,NN+2opt,"[0, 1, 3, 7, 9, 5, 8, 6, 4, 2]","{""candidate_evaluations"": {""ACO"": 7500, ""DE"": 7500, ""NN+2opt"": 183, ""PSO"": 7500, ""Raw"": 1}, ""candidate_lengths_km"": {""ACO"": 2.025980418950708, ""DE"": 2.025989929914813, ""NN+2opt"": 2.025980418950708, ""PSO"": 2.186884183067743, ""Raw"": 3.118478690210585}, ""priority"": [""Raw"", ""NN+2opt"", ""ACO"", ""DE"", ""PSO""], ""tie_tolerance_km"": 1e-12}"
28,Raw,7,3.118478690210585,0.00011817808263,1,True,,"[0, 1, 2, 3, 4, 5, 6, 7, 8, 9]",{}
28,ACO,8,2.025980418950708,4.122092547942884,7500,True,,"[2, 4, 6, 8, 5, 9, 7, 3, 1, 0]","{""alpha"": 1.0, ""beta"": 2.0, ""evaluation_budget"": 7500, ""evaporation"": 0.5, ""population"": 50}"
28,ACO×3,8,2.025980418950708,12.923965287744068,22500,True,ACO stream 1,"[2, 4, 6, 8, 5, 9, 7, 3, 1, 0]","{""candidate_lengths_km"": [2.025980418950708, 2.025980418950708, 2.025989929914813], ""candidate_seeds"": [8, 28, 48], ""tie_tolerance_km"": 1e-12}"
28,DE,8,2.025980418950708,0.7993986360961571,7500,True,,"[0, 1, 3, 7, 9, 5, 8, 6, 4, 2]",{}
28,NN+2opt,8,2.025980418950708,0.0013488139957189,183,True,,"[0, 1, 3, 7, 9, 5, 8, 6, 4, 2]",{}
28,PSO,8,2.133233170004356,0.079092783969827,7500,True,,"[2, 1, 3, 7, 9, 5, 8, 6, 4, 0]",{}
28,Portfolio,8,2.025980418950708,5.002060335944407,22684,True,NN+2opt,"[0, 1, 3, 7, 9, 5, 8, 6, 4, 2]","{""candidate_evaluations"": {""ACO"": 7500, ""DE"": 7500, ""NN+2opt"": 183, ""PSO"": 7500, ""Raw"": 1}, ""candidate_lengths_km"": {""ACO"": 2.025980418950708, ""DE"": 2.025980418950708, ""NN+2opt"": 2.025980418950708, ""PSO"": 2.133233170004356, ""Raw"": 3.118478690210585}, ""priority"": [""Raw"", ""NN+2opt"", ""ACO"", ""DE"", ""PSO""], ""tie_tolerance_km"": 1e-12}"
28,Raw,8,3.118478690210585,0.0001187139423564,1,True,,"[0, 1, 2, 3, 4, 5, 6, 7, 8, 9]",{}
28,ACO,9,2.025980418950708,4.265026389039122,7500,True,,"[2, 4, 6, 8, 5, 9, 7, 3, 1, 0]","{""alpha"": 1.0, ""beta"": 2.0, ""evaluation_budget"": 7500, ""evaporation"": 0.5, ""population"": 50}"
28,ACO×3,9,2.025980418950708,12.544262947048992,22500,True,ACO stream 1,"[2, 4, 6, 8, 5, 9, 7, 3, 1, 0]","{""candidate_lengths_km"": [2.025980418950708, 2.025989929914813, 2.025980418950708], ""candidate_seeds"": [9, 29, 49], ""tie_tolerance_km"": 1e-12}"
28,DE,9,2.025980418950708,0.7740479790372774,7500,True,,"[0, 1, 3, 7, 9, 5, 8, 6, 4, 2]",{}
28,NN+2opt,9,2.025980418950708,0.0013561110245063,183,True,,"[0, 1, 3, 7, 9, 5, 8, 6, 4, 2]",{}
28,PSO,9,2.2600079713301224,0.0793749740114435,7500,True,,"[0, 2, 6, 8, 3, 7, 9, 5, 4, 1]",{}
28,Portfolio,9,2.025980418950708,5.119934272021055,22684,True,NN+2opt,"[0, 1, 3, 7, 9, 5, 8, 6, 4, 2]","{""candidate_evaluations"": {""ACO"": 7500, ""DE"": 7500, ""NN+2opt"": 183, ""PSO"": 7500, ""Raw"": 1}, ""candidate_lengths_km"": {""ACO"": 2.025980418950708, ""DE"": 2.025980418950708, ""NN+2opt"": 2.025980418950708, ""PSO"": 2.2600079713301224, ""Raw"": 3.118478690210585}, ""priority"": [""Raw"", ""NN+2opt"", ""ACO"", ""DE"", ""PSO""], ""tie_tolerance_km"": 1e-12}"
28,Raw,9,3.118478690210585,0.0001201569102704,1,True,,"[0, 1, 2, 3, 4, 5, 6, 7, 8, 9]",{}
28,ACO,10,2.025980418950708,4.641075880033895,7500,True,,"[0, 1, 3, 7, 9, 5, 8, 6, 4, 2]","{""alpha"": 1.0, ""beta"": 2.0, ""evaluation_budget"": 7500, ""evaporation"": 0.5, ""population"": 50}"
28,ACO×3,10,2.025980418950708,13.014444158994593,22500,True,ACO stream 1,"[0, 1, 3, 7, 9, 5, 8, 6, 4, 2]","{""candidate_lengths_km"": [2.025980418950708, 2.025980418950708, 2.025980418950708], ""candidate_seeds"": [10, 30, 50], ""tie_tolerance_km"": 1e-12}"
28,DE,10,2.025980418950708,0.9995653110090644,7500,True,,"[0, 1, 3, 7, 9, 5, 8, 6, 4, 2]",{}
28,NN+2opt,10,2.025980418950708,0.0013692070497199,183,True,,"[0, 1, 3, 7, 9, 5, 8, 6, 4, 2]",{}
28,PSO,10,2.025980418950708,0.0817363570677116,7500,True,,"[0, 1, 3, 7, 9, 5, 8, 6, 4, 2]",{}
28,Portfolio,10,2.025980418950708,5.72387753718067,22684,True,NN+2opt,"[0, 1, 3, 7, 9, 5, 8, 6, 4, 2]","{""candidate_evaluations"": {""ACO"": 7500, ""DE"": 7500, ""NN+2opt"": 183, ""PSO"": 7500, ""Raw"": 1}, ""candidate_lengths_km"": {""ACO"": 2.025980418950708, ""DE"": 2.025980418950708, ""NN+2opt"": 2.025980418950708, ""PSO"": 2.025980418950708, ""Raw"": 3.118478690210585}, ""priority"": [""Raw"", ""NN+2opt"", ""ACO"", ""DE"", ""PSO""], ""tie_tolerance_km"": 1e-12}"
28,Raw,10,3.118478690210585,0.0001219389960169,1,True,,"[0, 1, 2, 3, 4, 5, 6, 7, 8, 9]",{}
28,ACO,11,2.025980418950708,4.127907395013608,7500,True,,"[2, 4, 6, 8, 5, 9, 7, 3, 1, 0]","{""alpha"": 1.0, ""beta"": 2.0, ""evaluation_budget"": 7500, ""evaporation"": 0.5, ""population"": 50}"
28,ACO×3,11,2.025980418950708,12.678918470046485,22500,True,ACO stream 1,"[2, 4, 6, 8, 5, 9, 7, 3, 1, 0]","{""candidate_lengths_km"": [2.025980418950708, 2.025980418950708, 2.025989929914813], ""candidate_seeds"": [11, 31, 51], ""tie_tolerance_km"": 1e-12}"
28,DE,11,2.047735168367851,0.7902508369879797,7500,True,,"[0, 2, 4, 6, 8, 5, 9, 7, 3, 1]",{}
28,NN+2opt,11,2.025980418950708,0.0013775730039924,183,True,,"[0, 1, 3, 7, 9, 5, 8, 6, 4, 2]",{}
28,PSO,11,2.075186983843156,0.0814437610097229,7500,True,,"[6, 8, 5, 9, 7, 3, 4, 2, 1, 0]",{}
28,Portfolio,11,2.025980418950708,5.001107136020437,22684,True,NN+2opt,"[0, 1, 3, 7, 9, 5, 8, 6, 4, 2]","{""candidate_evaluations"": {""ACO"": 7500, ""DE"": 7500, ""NN+2opt"": 183, ""PSO"": 7500, ""Raw"": 1}, ""candidate_lengths_km"": {""ACO"": 2.025980418950708, ""DE"": 2.047735168367851, ""NN+2opt"": 2.025980418950708, ""PSO"": 2.075186983843156, ""Raw"": 3.118478690210585}, ""priority"": [""Raw"", ""NN+2opt"", ""ACO"", ""DE"", ""PSO""], ""tie_tolerance_km"": 1e-12}"
28,Raw,11,3.118478690210585,0.0001191870542243,1,True,,"[0, 1, 2, 3, 4, 5, 6, 7, 8, 9]",{}
28,ACO,12,2.025989929914813,4.266664916998707,7500,True,,"[2, 4, 6, 8, 5, 7, 9, 3, 1, 0]","{""alpha"": 1.0, ""beta"": 2.0, ""evaluation_budget"": 7500, ""evaporation"": 0.5, ""population"": 50}"
28,ACO×3,12,2.025980418950708,12.80847775703296,22500,True,ACO stream 3,"[2, 4, 6, 8, 5, 9, 7, 3, 1, 0]","{""candidate_lengths_km"": [2.025989929914813, 2.025989929914813, 2.025980418950708], ""candidate_seeds"": [12, 32, 52], ""tie_tolerance_km"": 1e-12}"
28,DE,12,2.0810571994065388,0.8157366990344599,7500,True,,"[0, 1, 2, 4, 6, 8, 5, 9, 7, 3]",{}
28,NN+2opt,12,2.025980418950708,0.0013335680123418,183,True,,"[0, 1, 3, 7, 9, 5, 8, 6, 4, 2]",{}
28,PSO,12,2.141907626007728,0.0834930019918829,7500,True,,"[1, 4, 6, 8, 5, 9, 7, 3, 2, 0]",{}
28,Portfolio,12,2.025980418950708,5.167436058982275,22684,True,NN+2opt,"[0, 1, 3, 7, 9, 5, 8, 6, 4, 2]","{""candidate_evaluations"": {""ACO"": 7500, ""DE"": 7500, ""NN+2opt"": 183, ""PSO"": 7500, ""Raw"": 1}, ""candidate_lengths_km"": {""ACO"": 2.025989929914813, ""DE"": 2.0810571994065388, ""NN+2opt"": 2.025980418950708, ""PSO"": 2.141907626007728, ""Raw"": 3.118478690210585}, ""priority"": [""Raw"", ""NN+2opt"", ""ACO"", ""DE"", ""PSO""], ""tie_tolerance_km"": 1e-12}"
28,Raw,12,3.118478690210585,0.0001997499493882,1,True,,"[0, 1, 2, 3, 4, 5, 6, 7, 8, 9]",{}
28,ACO,13,2.025980418950708,4.190850986982696,7500,True,,"[0, 1, 3, 7, 9, 5, 8, 6, 4, 2]","{""alpha"": 1.0, ""beta"": 2.0, ""evaluation_budget"": 7500, ""evaporation"": 0.5, ""population"": 50}"
28,ACO×3,13,2.025980418950708,12.516468292917123,22500,True,ACO stream 1,"[0, 1, 3, 7, 9, 5, 8, 6, 4, 2]","{""candidate_lengths_km"": [2.025980418950708, 2.025980418950708, 2.025980418950708], ""candidate_seeds"": [13, 33, 53], ""tie_tolerance_km"": 1e-12}"
28,DE,13,2.0810571994065388,0.7878305549966171,7500,True,,"[3, 7, 9, 5, 8, 6, 4, 2, 1, 0]",{}
28,NN+2opt,13,2.025980418950708,0.0013322579907253,183,True,,"[0, 1, 3, 7, 9, 5, 8, 6, 4, 2]",{}
28,PSO,13,2.088793443887711,0.0798886999255046,7500,True,,"[0, 3, 7, 9, 5, 8, 6, 4, 2, 1]",{}
28,Portfolio,13,2.025980418950708,5.0600820877589285,22684,True,NN+2opt,"[0, 1, 3, 7, 9, 5, 8, 6, 4, 2]","{""candidate_evaluations"": {""ACO"": 7500, ""DE"": 7500, ""NN+2opt"": 183, ""PSO"": 7500, ""Raw"": 1}, ""candidate_lengths_km"": {""ACO"": 2.025980418950708, ""DE"": 2.0810571994065388, ""NN+2opt"": 2.025980418950708, ""PSO"": 2.088793443887711, ""Raw"": 3.118478690210585}, ""priority"": [""Raw"", ""NN+2opt"", ""ACO"", ""DE"", ""PSO""], ""tie_tolerance_km"": 1e-12}"
28,Raw,13,3.118478690210585,0.0001710159704089,1,True,,"[0, 1, 2, 3, 4, 5, 6, 7, 8, 9]",{}
28,ACO,14,2.025980418950708,3.994355689967051,7500,True,,"[0, 1, 3, 7, 9, 5, 8, 6, 4, 2]","{""alpha"": 1.0, ""beta"": 2.0, ""evaluation_budget"": 7500, ""evaporation"": 0.5, ""population"": 50}"
28,ACO×3,14,2.025980418950708,11.98694383201655,22500,True,ACO stream 1,"[0, 1, 3, 7, 9, 5, 8, 6, 4, 2]","{""candidate_lengths_km"": [2.025980418950708, 2.025989929914813, 2.025980418950708], ""candidate_seeds"": [14, 34, 54], ""tie_tolerance_km"": 1e-12}"
28,DE,14,2.025980418950708,0.7797562991036102,7500,True,,"[0, 1, 3, 7, 9, 5, 8, 6, 4, 2]",{}
28,NN+2opt,14,2.025980418950708,0.0013736439868807,183,True,,"[0, 1, 3, 7, 9, 5, 8, 6, 4, 2]",{}
28,PSO,14,2.128409867255435,0.0777964519802481,7500,True,,"[0, 2, 1, 3, 7, 9, 5, 8, 6, 4]",{}
28,Portfolio,14,2.025980418950708,4.853407066082582,22684,True,NN+2opt,"[0, 1, 3, 7, 9, 5, 8, 6, 4, 2]","{""candidate_evaluations"": {""ACO"": 7500, ""DE"": 7500, ""NN+2opt"": 183, ""PSO"": 7500, ""Raw"": 1}, ""candidate_lengths_km"": {""ACO"": 2.025980418950708, ""DE"": 2.025980418950708, ""NN+2opt"": 2.025980418950708, ""PSO"": 2.128409867255435, ""Raw"": 3.118478690210585}, ""priority"": [""Raw"", ""NN+2opt"", ""ACO"", ""DE"", ""PSO""], ""tie_tolerance_km"": 1e-12}"
28,Raw,14,3.118478690210585,0.0001162410480901,1,True,,"[0, 1, 2, 3, 4, 5, 6, 7, 8, 9]",{}
28,ACO,15,2.025989929914813,4.241719666984864,7500,True,,"[2, 4, 6, 8, 5, 7, 9, 3, 1, 0]","{""alpha"": 1.0, ""beta"": 2.0, ""evaluation_budget"": 7500, ""evaporation"": 0.5, ""population"": 50}"
28,ACO×3,15,2.025980418950708,12.63468189991545,22500,True,ACO stream 3,"[0, 1, 3, 7, 9, 5, 8, 6, 4, 2]","{""candidate_lengths_km"": [2.025989929914813, 2.025989929914813, 2.025980418950708], ""candidate_seeds"": [15, 35, 55], ""tie_tolerance_km"": 1e-12}"
28,DE,15,2.025980418950708,0.8108023869572207,7500,True,,"[2, 4, 6, 8, 5, 9, 7, 3, 1, 0]",{}
28,NN+2opt,15,2.025980418950708,0.0014415240148082,183,True,,"[0, 1, 3, 7, 9, 5, 8, 6, 4, 2]",{}
28,PSO,15,2.1548757249682,0.0837292589712888,7500,True,,"[0, 1, 2, 4, 5, 9, 7, 3, 8, 6]",{}
28,Portfolio,15,2.025980418950708,5.137819859897718,22684,True,NN+2opt,"[0, 1, 3, 7, 9, 5, 8, 6, 4, 2]","{""candidate_evaluations"": {""ACO"": 7500, ""DE"": 7500, ""NN+2opt"": 183, ""PSO"": 7500, ""Raw"": 1}, ""candidate_lengths_km"": {""ACO"": 2.025989929914813, ""DE"": 2.025980418950708, ""NN+2opt"": 2.025980418950708, ""PSO"": 2.1548757249681993, ""Raw"": 3.118478690210585}, ""priority"": [""Raw"", ""NN+2opt"", ""ACO"", ""DE"", ""PSO""], ""tie_tolerance_km"": 1e-12}"
28,Raw,15,3.118478690210585,0.0001174899516627,1,True,,"[0, 1, 2, 3, 4, 5, 6, 7, 8, 9]",{}
28,ACO,16,2.025989929914813,4.157750896061771,7500,True,,"[2, 4, 6, 8, 5, 7, 9, 3, 1, 0]","{""alpha"": 1.0, ""beta"": 2.0, ""evaluation_budget"": 7500, ""evaporation"": 0.5, ""population"": 50}"
28,ACO×3,16,2.025980418950708,12.204169833101332,22500,True,ACO stream 2,"[0, 1, 3, 7, 9, 5, 8, 6, 4, 2]","{""candidate_lengths_km"": [2.025989929914813, 2.025980418950708, 2.025980418950708], ""candidate_seeds"": [16, 36, 56], ""tie_tolerance_km"": 1e-12}"
28,DE,16,2.025980418950708,0.7593604349531233,7500,True,,"[0, 1, 3, 7, 9, 5, 8, 6, 4, 2]",{}
28,NN+2opt,16,2.025980418950708,0.0013556060148403,183,True,,"[0, 1, 3, 7, 9, 5, 8, 6, 4, 2]",{}
28,PSO,16,2.025980418950708,0.0795920749660581,7500,True,,"[0, 1, 3, 7, 9, 5, 8, 6, 4, 2]",{}
28,Portfolio,16,2.025980418950708,4.998184039024636,22684,True,NN+2opt,"[0, 1, 3, 7, 9, 5, 8, 6, 4, 2]","{""candidate_evaluations"": {""ACO"": 7500, ""DE"": 7500, ""NN+2opt"": 183, ""PSO"": 7500, ""Raw"": 1}, ""candidate_lengths_km"": {""ACO"": 2.025989929914813, ""DE"": 2.025980418950708, ""NN+2opt"": 2.025980418950708, ""PSO"": 2.025980418950708, ""Raw"": 3.118478690210585}, ""priority"": [""Raw"", ""NN+2opt"", ""ACO"", ""DE"", ""PSO""], ""tie_tolerance_km"": 1e-12}"
28,Raw,16,3.118478690210585,0.000116360024549,1,True,,"[0, 1, 2, 3, 4, 5, 6, 7, 8, 9]",{}
28,ACO,17,2.025980418950708,4.293049158994108,7500,True,,"[0, 1, 3, 7, 9, 5, 8, 6, 4, 2]","{""alpha"": 1.0, ""beta"": 2.0, ""evaluation_budget"": 7500, ""evaporation"": 0.5, ""population"": 50}"
28,ACO×3,17,2.025980418950708,12.940155477030205,22500,True,ACO stream 1,"[0, 1, 3, 7, 9, 5, 8, 6, 4, 2]","{""candidate_lengths_km"": [2.025980418950708, 2.025989929914813, 2.025980418950708], ""candidate_seeds"": [17, 37, 57], ""tie_tolerance_km"": 1e-12}"
28,DE,17,2.025980418950708,0.8004691969836131,7500,True,,"[2, 4, 6, 8, 5, 9, 7, 3, 1, 0]",{}
28,NN+2opt,17,2.025980418950708,0.0013513469602912,183,True,,"[0, 1, 3, 7, 9, 5, 8, 6, 4, 2]",{}
28,PSO,17,2.088793443887711,0.0845206859521567,7500,True,,"[0, 3, 7, 9, 5, 8, 6, 4, 2, 1]",{}
28,Portfolio,17,2.025980418950708,5.17951734084636,22684,True,NN+2opt,"[0, 1, 3, 7, 9, 5, 8, 6, 4, 2]","{""candidate_evaluations"": {""ACO"": 7500, ""DE"": 7500, ""NN+2opt"": 183, ""PSO"": 7500, ""Raw"": 1}, ""candidate_lengths_km"": {""ACO"": 2.025980418950708, ""DE"": 2.025980418950708, ""NN+2opt"": 2.025980418950708, ""PSO"": 2.088793443887711, ""Raw"": 3.118478690210585}, ""priority"": [""Raw"", ""NN+2opt"", ""ACO"", ""DE"", ""PSO""], ""tie_tolerance_km"": 1e-12}"
28,Raw,17,3.118478690210585,0.0001179210375994,1,True,,"[0, 1, 2, 3, 4, 5, 6, 7, 8, 9]",{}
28,ACO,18,2.025980418950708,3.9025921310530975,7500,True,,"[0, 1, 3, 7, 9, 5, 8, 6, 4, 2]","{""alpha"": 1.0, ""beta"": 2.0, ""evaluation_budget"": 7500, ""evaporation"": 0.5, ""population"": 50}"
28,ACO×3,18,2.025980418950708,12.072973209084012,22500,True,ACO stream 1,"[0, 1, 3, 7, 9, 5, 8, 6, 4, 2]","{""candidate_lengths_km"": [2.025980418950708, 2.025989929914813, 2.025980418950708], ""candidate_seeds"": [18, 38, 58], ""tie_tolerance_km"": 1e-12}"
28,DE,18,2.0477446793319563,1.033796702045947,7500,True,,"[0, 2, 4, 6, 8, 5, 7, 9, 3, 1]",{}
28,NN+2opt,18,2.025980418950708,0.0026928409934043,183,True,,"[0, 1, 3, 7, 9, 5, 8, 6, 4, 2]",{}
28,PSO,18,2.128409867255435,0.1689220929984003,7500,True,,"[4, 6, 8, 5, 9, 7, 3, 1, 2, 0]",{}
28,Portfolio,18,2.025980418950708,5.108138191048056,22684,True,NN+2opt,"[0, 1, 3, 7, 9, 5, 8, 6, 4, 2]","{""candidate_evaluations"": {""ACO"": 7500, ""DE"": 7500, ""NN+2opt"": 183, ""PSO"": 7500, ""Raw"": 1}, ""candidate_lengths_km"": {""ACO"": 2.025980418950708, ""DE"": 2.0477446793319563, ""NN+2opt"": 2.025980418950708, ""PSO"": 2.128409867255435, ""Raw"": 3.118478690210585}, ""priority"": [""Raw"", ""NN+2opt"", ""ACO"", ""DE"", ""PSO""], ""tie_tolerance_km"": 1e-12}"
28,Raw,18,3.118478690210585,0.0001197570236399,1,True,,"[0, 1, 2, 3, 4, 5, 6, 7, 8, 9]",{}
28,ACO,19,2.025989929914813,4.115346072008833,7500,True,,"[2, 4, 6, 8, 5, 7, 9, 3, 1, 0]","{""alpha"": 1.0, ""beta"": 2.0, ""evaluation_budget"": 7500, ""evaporation"": 0.5, ""population"": 50}"
28,ACO×3,19,2.025989929914813,12.63511625607498,22500,True,ACO stream 1,"[2, 4, 6, 8, 5, 7, 9, 3, 1, 0]","{""candidate_lengths_km"": [2.025989929914813, 2.025989929914813, 2.025989929914813], ""candidate_seeds"": [19, 39, 59], ""tie_tolerance_km"": 1e-12}"
28,DE,19,2.025980418950708,0.7785318329697475,7500,True,,"[2, 4, 6, 8, 5, 9, 7, 3, 1, 0]",{}
28,NN+2opt,19,2.025980418950708,0.0014828878920525,183,True,,"[0, 1, 3, 7, 9, 5, 8, 6, 4, 2]",{}
28,PSO,19,2.1947755970269736,0.0803719579707831,7500,True,,"[1, 2, 6, 8, 5, 9, 7, 3, 4, 0]",{}
28,Portfolio,19,2.025980418950708,4.975866715889424,22684,True,NN+2opt,"[0, 1, 3, 7, 9, 5, 8, 6, 4, 2]","{""candidate_evaluations"": {""ACO"": 7500, ""DE"": 7500, ""NN+2opt"": 183, ""PSO"": 7500, ""Raw"": 1}, ""candidate_lengths_km"": {""ACO"": 2.025989929914813, ""DE"": 2.025980418950708, ""NN+2opt"": 2.025980418950708, ""PSO"": 2.1947755970269736, ""Raw"": 3.118478690210585}, ""priority"": [""Raw"", ""NN+2opt"", ""ACO"", ""DE"", ""PSO""], ""tie_tolerance_km"": 1e-12}"
28,Raw,19,3.118478690210585,0.0001253790687769,1,True,,"[0, 1, 2, 3, 4, 5, 6, 7, 8, 9]",{}
29,ACO,0,2.4917912704064307,8.33612528804224,7500,True,,"[4, 6, 9, 12, 17, 19, 18, 13, 16, 10, 14, 15, 11, 5, 3, 1, 7, 8, 2, 0]","{""alpha"": 1.0, ""beta"": 2.0, ""evaluation_budget"": 7500, ""evaporation"": 0.5, ""population"": 50}"
29,ACO×3,0,2.4917912704064307,24.976465466083027,22500,True,ACO stream 1,"[4, 6, 9, 12, 17, 19, 18, 13, 16, 10, 14, 15, 11, 5, 3, 1, 7, 8, 2, 0]","{""candidate_lengths_km"": [2.4917912704064307, 2.511038097295691, 2.5185469193175045], ""candidate_seeds"": [0, 20, 40], ""tie_tolerance_km"": 1e-12}"
29,DE,0,2.657868685269948,0.8242250960320234,7500,True,,"[0, 8, 2, 7, 5, 3, 1, 11, 15, 14, 16, 10, 13, 9, 12, 19, 17, 18, 6, 4]",{}
29,NN+2opt,0,2.4908832129936185,0.0062388270162045,614,True,,"[4, 6, 9, 12, 17, 19, 18, 13, 16, 10, 14, 15, 11, 5, 1, 3, 7, 8, 2, 0]",{}
29,PSO,0,3.083100323675348,0.1225899379933253,7500,True,,"[6, 9, 12, 17, 18, 13, 16, 10, 14, 15, 11, 5, 1, 3, 7, 8, 2, 0, 4, 19]",{}
29,Portfolio,0,2.4908832129936185,9.289530641166492,23115,True,NN+2opt,"[4, 6, 9, 12, 17, 19, 18, 13, 16, 10, 14, 15, 11, 5, 1, 3, 7, 8, 2, 0]","{""candidate_evaluations"": {""ACO"": 7500, ""DE"": 7500, ""NN+2opt"": 614, ""PSO"": 7500, ""Raw"": 1}, ""candidate_lengths_km"": {""ACO"": 2.4917912704064307, ""DE"": 2.657868685269948, ""NN+2opt"": 2.4908832129936185, ""PSO"": 3.0831003236753474, ""Raw"": 5.906719773987185}, ""priority"": [""Raw"", ""NN+2opt"", ""ACO"", ""DE"", ""PSO""], ""tie_tolerance_km"": 1e-12}"
29,Raw,0,5.906719773987185,0.0003435020335018,1,True,,"[0, 1, 2, 3, 4, 5, 6, 7, 8, 9, 10, 11, 12, 13, 14, 15, 16, 17, 18, 19]",{}
29,ACO,1,2.5080353247368983,8.028056739945896,7500,True,,"[4, 6, 9, 12, 18, 19, 17, 13, 16, 10, 14, 15, 11, 5, 1, 3, 7, 8, 2, 0]","{""alpha"": 1.0, ""beta"": 2.0, ""evaluation_budget"": 7500, ""evaporation"": 0.5, ""population"": 50}"
29,ACO×3,1,2.5080353247368983,24.99906083499081,22500,True,ACO stream 1,"[4, 6, 9, 12, 18, 19, 17, 13, 16, 10, 14, 15, 11, 5, 1, 3, 7, 8, 2, 0]","{""candidate_lengths_km"": [2.5080353247368983, 2.511038097295691, 2.5185469193175045], ""candidate_seeds"": [1, 21, 41], ""tie_tolerance_km"": 1e-12}"
29,DE,1,2.5527575208808164,0.7832230379572138,7500,True,,"[6, 4, 9, 17, 19, 18, 12, 13, 16, 10, 14, 15, 11, 5, 1, 3, 7, 8, 2, 0]",{}
29,NN+2opt,1,2.4908832129936185,0.0062579200603067,614,True,,"[4, 6, 9, 12, 17, 19, 18, 13, 16, 10, 14, 15, 11, 5, 1, 3, 7, 8, 2, 0]",{}
29,PSO,1,3.3201399834596184,0.1107390170218423,7500,True,,"[9, 19, 18, 13, 16, 10, 0, 2, 8, 7, 3, 1, 5, 11, 15, 14, 12, 17, 4, 6]",{}
29,Portfolio,1,2.4908832129936185,8.928666717023589,23115,True,NN+2opt,"[4, 6, 9, 12, 17, 19, 18, 13, 16, 10, 14, 15, 11, 5, 1, 3, 7, 8, 2, 0]","{""candidate_evaluations"": {""ACO"": 7500, ""DE"": 7500, ""NN+2opt"": 614, ""PSO"": 7500, ""Raw"": 1}, ""candidate_lengths_km"": {""ACO"": 2.5080353247368983, ""DE"": 2.5527575208808164, ""NN+2opt"": 2.4908832129936185, ""PSO"": 3.3201399834596184, ""Raw"": 5.906719773987185}, ""priority"": [""Raw"", ""NN+2opt"", ""ACO"", ""DE"", ""PSO""], ""tie_tolerance_km"": 1e-12}"
29,Raw,1,5.906719773987185,0.0003827400505542,1,True,,"[0, 1, 2, 3, 4, 5, 6, 7, 8, 9, 10, 11, 12, 13, 14, 15, 16, 17, 18, 19]",{}
29,ACO,2,2.4908832129936185,8.136220487067476,7500,True,,"[4, 6, 9, 12, 17, 19, 18, 13, 16, 10, 14, 15, 11, 5, 1, 3, 7, 8, 2, 0]","{""alpha"": 1.0, ""beta"": 2.0, ""evaluation_budget"": 7500, ""evaporation"": 0.5, ""population"": 50}"
29,ACO×3,2,2.4908832129936185,24.206740713096224,22500,True,ACO stream 1,"[4, 6, 9, 12, 17, 19, 18, 13, 16, 10, 14, 15, 11, 5, 1, 3, 7, 8, 2, 0]","{""candidate_lengths_km"": [2.4908832129936185, 2.5119461547085034, 2.5089433821497114], ""candidate_seeds"": [2, 22, 42], ""tie_tolerance_km"": 1e-12}"
29,DE,2,2.544839452949889,0.8070124790538102,7500,True,,"[6, 4, 17, 19, 18, 12, 9, 13, 16, 10, 14, 15, 11, 5, 3, 1, 7, 8, 2, 0]",{}
29,NN+2opt,2,2.4908832129936185,0.0061337730148807,614,True,,"[4, 6, 9, 12, 17, 19, 18, 13, 16, 10, 14, 15, 11, 5, 1, 3, 7, 8, 2, 0]",{}
29,PSO,2,3.916511008096932,0.1131918469909578,7500,True,,"[6, 17, 9, 0, 5, 11, 15, 14, 16, 13, 12, 18, 19, 4, 10, 8, 2, 7, 3, 1]",{}
29,Portfolio,2,2.4908832129936185,9.062910613021812,23115,True,NN+2opt,"[4, 6, 9, 12, 17, 19, 18, 13, 16, 10, 14, 15, 11, 5, 1, 3, 7, 8, 2, 0]","{""candidate_evaluations"": {""ACO"": 7500, ""DE"": 7500, ""NN+2opt"": 614, ""PSO"": 7500, ""Raw"": 1}, ""candidate_lengths_km"": {""ACO"": 2.4908832129936185, ""DE"": 2.544839452949889, ""NN+2opt"": 2.4908832129936185, ""PSO"": 3.9165110080969323, ""Raw"": 5.906719773987185}, ""priority"": [""Raw"", ""NN+2opt"", ""ACO"", ""DE"", ""PSO""], ""tie_tolerance_km"": 1e-12}"
29,Raw,2,5.906719773987185,0.0003436829429119,1,True,,"[0, 1, 2, 3, 4, 5, 6, 7, 8, 9, 10, 11, 12, 13, 14, 15, 16, 17, 18, 19]",{}
29,ACO,3,2.508943382149712,9.010549805010667,7500,True,,"[4, 6, 9, 12, 18, 19, 17, 13, 16, 10, 14, 15, 11, 5, 3, 1, 7, 8, 2, 0]","{""alpha"": 1.0, ""beta"": 2.0, ""evaluation_budget"": 7500, ""evaporation"": 0.5, ""population"": 50}"
29,ACO×3,3,2.4917912704064307,25.620276520960036,22500,True,ACO stream 3,"[4, 6, 9, 12, 17, 19, 18, 13, 16, 10, 14, 15, 11, 5, 3, 1, 7, 8, 2, 0]","{""candidate_lengths_km"": [2.5089433821497114, 2.5185469193175045, 2.4917912704064307], ""candidate_seeds"": [3, 23, 43], ""tie_tolerance_km"": 1e-12}"
29,DE,3,2.5633665035491493,0.804519833996892,7500,True,,"[6, 4, 19, 17, 18, 9, 12, 13, 16, 10, 14, 15, 11, 5, 1, 3, 7, 8, 2, 0]",{}
29,NN+2opt,3,2.4908832129936185,0.0061329839518293,614,True,,"[4, 6, 9, 12, 17, 19, 18, 13, 16, 10, 14, 15, 11, 5, 1, 3, 7, 8, 2, 0]",{}
29,PSO,3,3.081917597618778,0.110130748944357,7500,True,,"[0, 6, 17, 19, 18, 9, 8, 2, 7, 3, 1, 5, 11, 15, 14, 10, 16, 13, 12, 4]",{}
29,Portfolio,3,2.4908832129936185,9.93195501191076,23115,True,NN+2opt,"[4, 6, 9, 12, 17, 19, 18, 13, 16, 10, 14, 15, 11, 5, 1, 3, 7, 8, 2, 0]","{""candidate_evaluations"": {""ACO"": 7500, ""DE"": 7500, ""NN+2opt"": 614, ""PSO"": 7500, ""Raw"": 1}, ""candidate_lengths_km"": {""ACO"": 2.5089433821497114, ""DE"": 2.5633665035491493, ""NN+2opt"": 2.4908832129936185, ""PSO"": 3.081917597618778, ""Raw"": 5.906719773987185}, ""priority"": [""Raw"", ""NN+2opt"", ""ACO"", ""DE"", ""PSO""], ""tie_tolerance_km"": 1e-12}"
29,Raw,3,5.906719773987185,0.0006132929120212,1,True,,"[0, 1, 2, 3, 4, 5, 6, 7, 8, 9, 10, 11, 12, 13, 14, 15, 16, 17, 18, 19]",{}
29,ACO,4,2.511038097295691,8.203023735899478,7500,True,,"[0, 2, 8, 7, 3, 1, 5, 11, 15, 14, 10, 16, 13, 9, 12, 18, 19, 17, 6, 4]","{""alpha"": 1.0, ""beta"": 2.0, ""evaluation_budget"": 7500, ""evaporation"": 0.5, ""population"": 50}"
29,ACO×3,4,2.4917912704064307,24.42236695997417,22500,True,ACO stream 2,"[4, 6, 9, 12, 17, 19, 18, 13, 16, 10, 14, 15, 11, 5, 3, 1, 7, 8, 2, 0]","{""candidate_lengths_km"": [2.511038097295691, 2.4917912704064307, 2.5185469193175045], ""candidate_seeds"": [4, 24, 44], ""tie_tolerance_km"": 1e-12}"
29,DE,4,2.784765849100176,0.7940860539674759,7500,True,,"[6, 4, 9, 17, 19, 18, 12, 13, 16, 10, 14, 15, 11, 5, 7, 3, 8, 2, 1, 0]",{}
29,NN+2opt,4,2.4908832129936185,0.0061492640525102,614,True,,"[4, 6, 9, 12, 17, 19, 18, 13, 16, 10, 14, 15, 11, 5, 1, 3, 7, 8, 2, 0]",{}
29,PSO,4,3.4053242067503167,0.1099321119254455,7500,True,,"[5, 11, 15, 14, 10, 16, 13, 9, 12, 18, 19, 17, 6, 4, 8, 7, 3, 2, 1, 0]",{}
29,Portfolio,4,2.4908832129936185,9.113537527853625,23115,True,NN+2opt,"[4, 6, 9, 12, 17, 19, 18, 13, 16, 10, 14, 15, 11, 5, 1, 3, 7, 8, 2, 0]","{""candidate_evaluations"": {""ACO"": 7500, ""DE"": 7500, ""NN+2opt"": 614, ""PSO"": 7500, ""Raw"": 1}, ""candidate_lengths_km"": {""ACO"": 2.511038097295691, ""DE"": 2.784765849100176, ""NN+2opt"": 2.4908832129936185, ""PSO"": 3.4053242067503167, ""Raw"": 5.906719773987185}, ""priority"": [""Raw"", ""NN+2opt"", ""ACO"", ""DE"", ""PSO""], ""tie_tolerance_km"": 1e-12}"
29,Raw,4,5.906719773987185,0.0003389590419828,1,True,,"[0, 1, 2, 3, 4, 5, 6, 7, 8, 9, 10, 11, 12, 13, 14, 15, 16, 17, 18, 19]",{}
29,ACO,5,2.4917912704064307,8.499070867081173,7500,True,,"[4, 6, 9, 12, 17, 19, 18, 13, 16, 10, 14, 15, 11, 5, 3, 1, 7, 8, 2, 0]","{""alpha"": 1.0, ""beta"": 2.0, ""evaluation_budget"": 7500, ""evaporation"": 0.5, ""population"": 50}"
29,ACO×3,5,2.4917912704064307,26.030527837923728,22500,True,ACO stream 1,"[4, 6, 9, 12, 17, 19, 18, 13, 16, 10, 14, 15, 11, 5, 3, 1, 7, 8, 2, 0]","{""candidate_lengths_km"": [2.4917912704064307, 2.5080353247368983, 2.511038097295691], ""candidate_seeds"": [5, 25, 45], ""tie_tolerance_km"": 1e-12}"
29,DE,5,3.056877856838636,0.8274547379696742,7500,True,,"[0, 1, 3, 5, 8, 2, 7, 11, 14, 15, 10, 16, 13, 4, 6, 17, 19, 18, 12, 9]",{}
29,NN+2opt,5,2.4908832129936185,0.0065103920642286,614,True,,"[4, 6, 9, 12, 17, 19, 18, 13, 16, 10, 14, 15, 11, 5, 1, 3, 7, 8, 2, 0]",{}
29,PSO,5,3.188864176353623,0.1135482710087671,7500,True,,"[0, 8, 12, 18, 19, 17, 9, 6, 4, 13, 16, 10, 14, 15, 11, 5, 1, 3, 7, 2]",{}
29,Portfolio,5,2.4908832129936185,9.446928513119929,23115,True,NN+2opt,"[4, 6, 9, 12, 17, 19, 18, 13, 16, 10, 14, 15, 11, 5, 1, 3, 7, 8, 2, 0]","{""candidate_evaluations"": {""ACO"": 7500, ""DE"": 7500, ""NN+2opt"": 614, ""PSO"": 7500, ""Raw"": 1}, ""candidate_lengths_km"": {""ACO"": 2.4917912704064307, ""DE"": 3.056877856838636, ""NN+2opt"": 2.4908832129936185, ""PSO"": 3.188864176353623, ""Raw"": 5.906719773987185}, ""priority"": [""Raw"", ""NN+2opt"", ""ACO"", ""DE"", ""PSO""], ""tie_tolerance_km"": 1e-12}"
29,Raw,5,5.906719773987185,0.0003360249102115,1,True,,"[0, 1, 2, 3, 4, 5, 6, 7, 8, 9, 10, 11, 12, 13, 14, 15, 16, 17, 18, 19]",{}
29,ACO,6,2.5080353247368983,8.534761981922202,7500,True,,"[4, 6, 9, 12, 18, 19, 17, 13, 16, 10, 14, 15, 11, 5, 1, 3, 7, 8, 2, 0]","{""alpha"": 1.0, ""beta"": 2.0, ""evaluation_budget"": 7500, ""evaporation"": 0.5, ""population"": 50}"
29,ACO×3,6,2.4917912704064307,25.829344636877067,22500,True,ACO stream 2,"[4, 6, 9, 12, 17, 19, 18, 13, 16, 10, 14, 15, 11, 5, 3, 1, 7, 8, 2, 0]","{""candidate_lengths_km"": [2.5080353247368983, 2.4917912704064307, 2.4917912704064307], ""candidate_seeds"": [6, 26, 46], ""tie_tolerance_km"": 1e-12}"
29,DE,6,2.610255504096333,0.7962205229559913,7500,True,,"[6, 4, 19, 17, 18, 12, 9, 13, 16, 10, 14, 15, 11, 5, 7, 3, 1, 2, 8, 0]",{}
29,NN+2opt,6,2.4908832129936185,0.0063499619718641,614,True,,"[4, 6, 9, 12, 17, 19, 18, 13, 16, 10, 14, 15, 11, 5, 1, 3, 7, 8, 2, 0]",{}
29,PSO,6,3.5155158066087684,0.1146698660450056,7500,True,,"[0, 2, 7, 11, 15, 14, 10, 13, 9, 6, 4, 8, 1, 3, 5, 16, 12, 18, 17, 19]",{}
29,Portfolio,6,2.4908832129936185,9.452378910849802,23115,True,NN+2opt,"[4, 6, 9, 12, 17, 19, 18, 13, 16, 10, 14, 15, 11, 5, 1, 3, 7, 8, 2, 0]","{""candidate_evaluations"": {""ACO"": 7500, ""DE"": 7500, ""NN+2opt"": 614, ""PSO"": 7500, ""Raw"": 1}, ""candidate_lengths_km"": {""ACO"": 2.5080353247368983, ""DE"": 2.610255504096333, ""NN+2opt"": 2.4908832129936185, ""PSO"": 3.5155158066087684, ""Raw"": 5.906719773987185}, ""priority"": [""Raw"", ""NN+2opt"", ""ACO"", ""DE"", ""PSO""], ""tie_tolerance_km"": 1e-12}"
29,Raw,6,5.906719773987185,0.0003692979225888,1,True,,"[0, 1, 2, 3, 4, 5, 6, 7, 8, 9, 10, 11, 12, 13, 14, 15, 16, 17, 18, 19]",{}
29,ACO,7,2.4917912704064307,8.216766763944179,7500,True,,"[4, 6, 9, 12, 17, 19, 18, 13, 16, 10, 14, 15, 11, 5, 3, 1, 7, 8, 2, 0]","{""alpha"": 1.0, ""beta"": 2.0, ""evaluation_budget"": 7500, ""evaporation"": 0.5, ""population"": 50}"
29,ACO×3,7,2.4917912704064307,24.85014322190545,22500,True,ACO stream 1,"[4, 6, 9, 12, 17, 19, 18, 13, 16, 10, 14, 15, 11, 5, 3, 1, 7, 8, 2, 0]","{""candidate_lengths_km"": [2.4917912704064307, 2.5089433821497114, 2.5089433821497114], ""candidate_seeds"": [7, 27, 47], ""tie_tolerance_km"": 1e-12}"
29,DE,7,2.982623571267684,0.7889857749687508,7500,True,,"[6, 4, 12, 9, 18, 19, 17, 13, 16, 10, 8, 2, 7, 5, 1, 3, 15, 14, 11, 0]",{}
29,NN+2opt,7,2.4908832129936185,0.0061500370502471,614,True,,"[4, 6, 9, 12, 17, 19, 18, 13, 16, 10, 14, 15, 11, 5, 1, 3, 7, 8, 2, 0]",{}
29,PSO,7,3.0918377247983337,0.1183086939854547,7500,True,,"[6, 4, 17, 19, 18, 12, 9, 13, 16, 8, 2, 7, 11, 5, 1, 3, 15, 14, 10, 0]",{}
29,Portfolio,7,2.4908832129936185,9.13082923402544,23115,True,NN+2opt,"[4, 6, 9, 12, 17, 19, 18, 13, 16, 10, 14, 15, 11, 5, 1, 3, 7, 8, 2, 0]","{""candidate_evaluations"": {""ACO"": 7500, ""DE"": 7500, ""NN+2opt"": 614, ""PSO"": 7500, ""Raw"": 1}, ""candidate_lengths_km"": {""ACO"": 2.4917912704064307, ""DE"": 2.9826235712676836, ""NN+2opt"": 2.4908832129936185, ""PSO"": 3.0918377247983337, ""Raw"": 5.906719773987185}, ""priority"": [""Raw"", ""NN+2opt"", ""ACO"", ""DE"", ""PSO""], ""tie_tolerance_km"": 1e-12}"
29,Raw,7,5.906719773987185,0.0006109130335971,1,True,,"[0, 1, 2, 3, 4, 5, 6, 7, 8, 9, 10, 11, 12, 13, 14, 15, 16, 17, 18, 19]",{}
29,ACO,8,2.511038097295691,8.039308756007813,7500,True,,"[0, 2, 8, 7, 3, 1, 5, 11, 15, 14, 10, 16, 13, 9, 12, 18, 19, 17, 6, 4]","{""alpha"": 1.0, ""beta"": 2.0, ""evaluation_budget"": 7500, ""evaporation"": 0.5, ""population"": 50}"
29,ACO×3,8,2.511038097295691,24.03675541200209,22500,True,ACO stream 1,"[0, 2, 8, 7, 3, 1, 5, 11, 15, 14, 10, 16, 13, 9, 12, 18, 19, 17, 6, 4]","{""candidate_lengths_km"": [2.511038097295691, 2.511038097295691, 2.511038097295691], ""candidate_seeds"": [8, 28, 48], ""tie_tolerance_km"": 1e-12}"
29,DE,8,2.6995383480025144,0.7924123749835417,7500,True,,"[0, 2, 7, 5, 3, 1, 8, 11, 15, 14, 10, 16, 13, 12, 9, 18, 19, 17, 6, 4]",{}
29,NN+2opt,8,2.4908832129936185,0.0061440640129148,614,True,,"[4, 6, 9, 12, 17, 19, 18, 13, 16, 10, 14, 15, 11, 5, 1, 3, 7, 8, 2, 0]",{}
29,PSO,8,3.508975127158932,0.1109703989932313,7500,True,,"[19, 17, 18, 2, 7, 3, 1, 5, 11, 15, 14, 8, 0, 4, 6, 10, 16, 13, 12, 9]",{}
29,Portfolio,8,2.4908832129936185,8.949179576011375,23115,True,NN+2opt,"[4, 6, 9, 12, 17, 19, 18, 13, 16, 10, 14, 15, 11, 5, 1, 3, 7, 8, 2, 0]","{""candidate_evaluations"": {""ACO"": 7500, ""DE"": 7500, ""NN+2opt"": 614, ""PSO"": 7500, ""Raw"": 1}, ""candidate_lengths_km"": {""ACO"": 2.511038097295691, ""DE"": 2.6995383480025144, ""NN+2opt"": 2.4908832129936185, ""PSO"": 3.5089751271589322, ""Raw"": 5.906719773987185}, ""priority"": [""Raw"", ""NN+2opt"", ""ACO"", ""DE"", ""PSO""], ""tie_tolerance_km"": 1e-12}"
29,Raw,8,5.906719773987185,0.0003369949990883,1,True,,"[0, 1, 2, 3, 4, 5, 6, 7, 8, 9, 10, 11, 12, 13, 14, 15, 16, 17, 18, 19]",{}
29,ACO,9,2.5185469193175045,8.324542590067722,7500,True,,"[0, 2, 8, 7, 3, 1, 5, 11, 15, 14, 10, 16, 13, 9, 12, 18, 17, 19, 6, 4]","{""alpha"": 1.0, ""beta"": 2.0, ""evaluation_budget"": 7500, ""evaporation"": 0.5, ""population"": 50}"
29,ACO×3,9,2.4917912704064307,24.87216503208037,22500,True,ACO stream 2,"[4, 6, 9, 12, 17, 19, 18, 13, 16, 10, 14, 15, 11, 5, 3, 1, 7, 8, 2, 0]","{""candidate_lengths_km"": [2.5185469193175045, 2.4917912704064307, 2.5080353247368983], ""candidate_seeds"": [9, 29, 49], ""tie_tolerance_km"": 1e-12}"
29,DE,9,2.9577031965974183,0.8247151599498466,7500,True,,"[6, 4, 19, 17, 18, 12, 9, 13, 16, 10, 8, 2, 7, 5, 1, 3, 15, 14, 11, 0]",{}
29,NN+2opt,9,2.4908832129936185,0.0062068990664556,614,True,,"[4, 6, 9, 12, 17, 19, 18, 13, 16, 10, 14, 15, 11, 5, 1, 3, 7, 8, 2, 0]",{}
29,PSO,9,3.420605465484309,0.1159853429999202,7500,True,,"[19, 18, 8, 7, 3, 1, 5, 11, 15, 14, 2, 0, 10, 16, 13, 17, 12, 9, 4, 6]",{}
29,Portfolio,9,2.4908832129936185,9.271793132997118,23115,True,NN+2opt,"[4, 6, 9, 12, 17, 19, 18, 13, 16, 10, 14, 15, 11, 5, 1, 3, 7, 8, 2, 0]","{""candidate_evaluations"": {""ACO"": 7500, ""DE"": 7500, ""NN+2opt"": 614, ""PSO"": 7500, ""Raw"": 1}, ""candidate_lengths_km"": {""ACO"": 2.5185469193175045, ""DE"": 2.9577031965974183, ""NN+2opt"": 2.4908832129936185, ""PSO"": 3.4206054654843094, ""Raw"": 5.906719773987185}, ""priority"": [""Raw"", ""NN+2opt"", ""ACO"", ""DE"", ""PSO""], ""tie_tolerance_km"": 1e-12}"
29,Raw,9,5.906719773987185,0.0003351429477334,1,True,,"[0, 1, 2, 3, 4, 5, 6, 7, 8, 9, 10, 11, 12, 13, 14, 15, 16, 17, 18, 19]",{}
29,ACO,10,2.5185469193175045,8.163773925974965,7500,True,,"[0, 2, 8, 7, 3, 1, 5, 11, 15, 14, 10, 16, 13, 9, 12, 18, 17, 19, 6, 4]","{""alpha"": 1.0, ""beta"": 2.0, ""evaluation_budget"": 7500, ""evaporation"": 0.5, ""population"": 50}"
29,ACO×3,10,2.4908832129936185,24.388549931929447,22500,True,ACO stream 2,"[4, 6, 9, 12, 17, 19, 18, 13, 16, 10, 14, 15, 11, 5, 1, 3, 7, 8, 2, 0]","{""candidate_lengths_km"": [2.5185469193175045, 2.4908832129936185, 2.5194549767303167], ""candidate_seeds"": [10, 30, 50], ""tie_tolerance_km"": 1e-12}"
29,DE,10,2.556798467278524,0.8010355969890952,7500,True,,"[6, 4, 9, 18, 19, 17, 12, 13, 16, 10, 14, 15, 11, 5, 3, 1, 7, 8, 2, 0]",{}
29,NN+2opt,10,2.4908832129936185,0.0061712829628959,614,True,,"[4, 6, 9, 12, 17, 19, 18, 13, 16, 10, 14, 15, 11, 5, 1, 3, 7, 8, 2, 0]",{}
29,PSO,10,3.638599095321732,0.1093037510290741,7500,True,,"[11, 15, 10, 17, 19, 18, 12, 9, 6, 4, 0, 2, 8, 7, 3, 1, 5, 14, 16, 13]",{}
29,Portfolio,10,2.4908832129936185,9.080775607959367,23115,True,NN+2opt,"[4, 6, 9, 12, 17, 19, 18, 13, 16, 10, 14, 15, 11, 5, 1, 3, 7, 8, 2, 0]","{""candidate_evaluations"": {""ACO"": 7500, ""DE"": 7500, ""NN+2opt"": 614, ""PSO"": 7500, ""Raw"": 1}, ""candidate_lengths_km"": {""ACO"": 2.5185469193175045, ""DE"": 2.556798467278524, ""NN+2opt"": 2.4908832129936185, ""PSO"": 3.638599095321732, ""Raw"": 5.906719773987185}, ""priority"": [""Raw"", ""NN+2opt"", ""ACO"", ""DE"", ""PSO""], ""tie_tolerance_km"": 1e-12}"
29,Raw,10,5.906719773987185,0.0004830090329051,1,True,,"[0, 1, 2, 3, 4, 5, 6, 7, 8, 9, 10, 11, 12, 13, 14, 15, 16, 17, 18, 19]",{}
29,ACO,11,2.4917912704064307,8.533554341993295,7500,True,,"[4, 6, 9, 12, 17, 19, 18, 13, 16, 10, 14, 15, 11, 5, 3, 1, 7, 8, 2, 0]","{""alpha"": 1.0, ""beta"": 2.0, ""evaluation_budget"": 7500, ""evaporation"": 0.5, ""population"": 50}"
29,ACO×3,11,2.4917912704064307,24.80118171696085,22500,True,ACO stream 1,"[4, 6, 9, 12, 17, 19, 18, 13, 16, 10, 14, 15, 11, 5, 3, 1, 7, 8, 2, 0]","{""candidate_lengths_km"": [2.4917912704064307, 2.4917912704064307, 2.4917912704064307], ""candidate_seeds"": [11, 31, 51], ""tie_tolerance_km"": 1e-12}"
29,DE,11,2.9116899402280083,0.9831285090185702,7500,True,,"[6, 4, 12, 9, 19, 17, 18, 13, 16, 10, 8, 2, 1, 3, 5, 7, 14, 15, 11, 0]",{}
29,NN+2opt,11,2.4908832129936185,0.0091527800541371,614,True,,"[4, 6, 9, 12, 17, 19, 18, 13, 16, 10, 14, 15, 11, 5, 1, 3, 7, 8, 2, 0]",{}
29,PSO,11,3.728739829670753,0.1358637069351971,7500,True,,"[14, 16, 12, 9, 6, 17, 19, 18, 13, 10, 8, 2, 7, 15, 11, 5, 3, 1, 0, 4]",{}
29,Portfolio,11,2.4908832129936185,9.662046162062325,23115,True,NN+2opt,"[4, 6, 9, 12, 17, 19, 18, 13, 16, 10, 14, 15, 11, 5, 1, 3, 7, 8, 2, 0]","{""candidate_evaluations"": {""ACO"": 7500, ""DE"": 7500, ""NN+2opt"": 614, ""PSO"": 7500, ""Raw"": 1}, ""candidate_lengths_km"": {""ACO"": 2.4917912704064307, ""DE"": 2.9116899402280083, ""NN+2opt"": 2.4908832129936185, ""PSO"": 3.7287398296707526, ""Raw"": 5.906719773987185}, ""priority"": [""Raw"", ""NN+2opt"", ""ACO"", ""DE"", ""PSO""], ""tie_tolerance_km"": 1e-12}"
29,Raw,11,5.906719773987185,0.0003376940730959,1,True,,"[0, 1, 2, 3, 4, 5, 6, 7, 8, 9, 10, 11, 12, 13, 14, 15, 16, 17, 18, 19]",{}
29,ACO,12,2.5185469193175045,8.083846595021896,7500,True,,"[4, 6, 19, 17, 18, 12, 9, 13, 16, 10, 14, 15, 11, 5, 1, 3, 7, 8, 2, 0]","{""alpha"": 1.0, ""beta"": 2.0, ""evaluation_budget"": 7500, ""evaporation"": 0.5, ""population"": 50}"
29,ACO×3,12,2.516005552577852,25.102659999858588,22500,True,ACO stream 3,"[0, 2, 8, 7, 3, 1, 5, 11, 15, 14, 10, 16, 13, 18, 17, 19, 12, 9, 6, 4]","{""candidate_lengths_km"": [2.5185469193175045, 2.5185469193175045, 2.516005552577852], ""candidate_seeds"": [12, 32, 52], ""tie_tolerance_km"": 1e-12}"
29,DE,12,2.889573057509851,0.9477595259668306,7500,True,,"[0, 3, 5, 8, 2, 1, 7, 11, 15, 14, 16, 10, 13, 12, 18, 17, 19, 9, 4, 6]",{}
29,NN+2opt,12,2.4908832129936185,0.00616808491759,614,True,,"[4, 6, 9, 12, 17, 19, 18, 13, 16, 10, 14, 15, 11, 5, 1, 3, 7, 8, 2, 0]",{}
29,PSO,12,2.5439313955370766,0.1936327400617301,7500,True,,"[6, 4, 17, 19, 18, 12, 9, 13, 16, 10, 14, 15, 11, 5, 1, 3, 7, 8, 2, 0]",{}
29,Portfolio,12,2.4908832129936185,9.231748746940866,23115,True,NN+2opt,"[4, 6, 9, 12, 17, 19, 18, 13, 16, 10, 14, 15, 11, 5, 1, 3, 7, 8, 2, 0]","{""candidate_evaluations"": {""ACO"": 7500, ""DE"": 7500, ""NN+2opt"": 614, ""PSO"": 7500, ""Raw"": 1}, ""candidate_lengths_km"": {""ACO"": 2.5185469193175045, ""DE"": 2.889573057509851, ""NN+2opt"": 2.4908832129936185, ""PSO"": 2.5439313955370766, ""Raw"": 5.906719773987185}, ""priority"": [""Raw"", ""NN+2opt"", ""ACO"", ""DE"", ""PSO""], ""tie_tolerance_km"": 1e-12}"
29,Raw,12,5.906719773987185,0.0003336279187351,1,True,,"[0, 1, 2, 3, 4, 5, 6, 7, 8, 9, 10, 11, 12, 13, 14, 15, 16, 17, 18, 19]",{}
29,ACO,13,2.4917912704064307,8.476901309913956,7500,True,,"[4, 6, 9, 12, 17, 19, 18, 13, 16, 10, 14, 15, 11, 5, 3, 1, 7, 8, 2, 0]","{""alpha"": 1.0, ""beta"": 2.0, ""evaluation_budget"": 7500, ""evaporation"": 0.5, ""population"": 50}"
29,ACO×3,13,2.4908832129936185,25.385251152911223,22500,True,ACO stream 2,"[4, 6, 9, 12, 17, 19, 18, 13, 16, 10, 14, 15, 11, 5, 1, 3, 7, 8, 2, 0]","{""candidate_lengths_km"": [2.4917912704064307, 2.4908832129936185, 2.4908832129936185], ""candidate_seeds"": [13, 33, 53], ""tie_tolerance_km"": 1e-12}"
29,DE,13,2.570317552909412,0.8371202340349555,7500,True,,"[0, 8, 2, 7, 1, 3, 5, 11, 15, 14, 10, 16, 13, 17, 19, 18, 12, 9, 4, 6]",{}
29,NN+2opt,13,2.4908832129936185,0.0064105009660124,614,True,,"[4, 6, 9, 12, 17, 19, 18, 13, 16, 10, 14, 15, 11, 5, 1, 3, 7, 8, 2, 0]",{}
29,PSO,13,3.3837507064437484,0.1110807900549843,7500,True,,"[6, 4, 19, 12, 10, 7, 5, 3, 1, 2, 8, 11, 15, 14, 16, 13, 18, 17, 9, 0]",{}
29,Portfolio,13,2.4908832129936185,9.43185434001498,23115,True,NN+2opt,"[4, 6, 9, 12, 17, 19, 18, 13, 16, 10, 14, 15, 11, 5, 1, 3, 7, 8, 2, 0]","{""candidate_evaluations"": {""ACO"": 7500, ""DE"": 7500, ""NN+2opt"": 614, ""PSO"": 7500, ""Raw"": 1}, ""candidate_lengths_km"": {""ACO"": 2.4917912704064307, ""DE"": 2.5703175529094118, ""NN+2opt"": 2.4908832129936185, ""PSO"": 3.3837507064437484, ""Raw"": 5.906719773987185}, ""priority"": [""Raw"", ""NN+2opt"", ""ACO"", ""DE"", ""PSO""], ""tie_tolerance_km"": 1e-12}"
29,Raw,13,5.906719773987185,0.0003336960216984,1,True,,"[0, 1, 2, 3, 4, 5, 6, 7, 8, 9, 10, 11, 12, 13, 14, 15, 16, 17, 18, 19]",{}
29,ACO,14,2.4908832129936185,8.438628041069023,7500,True,,"[4, 6, 9, 12, 17, 19, 18, 13, 16, 10, 14, 15, 11, 5, 1, 3, 7, 8, 2, 0]","{""alpha"": 1.0, ""beta"": 2.0, ""evaluation_budget"": 7500, ""evaporation"": 0.5, ""population"": 50}"
29,ACO×3,14,2.4908832129936185,25.150870981044136,22500,True,ACO stream 1,"[4, 6, 9, 12, 17, 19, 18, 13, 16, 10, 14, 15, 11, 5, 1, 3, 7, 8, 2, 0]","{""candidate_lengths_km"": [2.4908832129936185, 2.511038097295691, 2.4917912704064307], ""candidate_seeds"": [14, 34, 54], ""tie_tolerance_km"": 1e-12}"
29,DE,14,2.905693901774314,0.8709436679491773,7500,True,,"[0, 1, 3, 5, 11, 7, 2, 8, 15, 14, 16, 10, 13, 18, 19, 17, 12, 9, 4, 6]",{}
29,NN+2opt,14,2.4908832129936185,0.0061388208996504,614,True,,"[4, 6, 9, 12, 17, 19, 18, 13, 16, 10, 14, 15, 11, 5, 1, 3, 7, 8, 2, 0]",{}
29,PSO,14,3.21105545030989,0.1111355839530006,7500,True,,"[6, 4, 12, 9, 17, 19, 18, 13, 16, 10, 14, 15, 8, 0, 2, 1, 3, 5, 11, 7]",{}
29,Portfolio,14,2.4908832129936185,9.427420509047806,23115,True,NN+2opt,"[4, 6, 9, 12, 17, 19, 18, 13, 16, 10, 14, 15, 11, 5, 1, 3, 7, 8, 2, 0]","{""candidate_evaluations"": {""ACO"": 7500, ""DE"": 7500, ""NN+2opt"": 614, ""PSO"": 7500, ""Raw"": 1}, ""candidate_lengths_km"": {""ACO"": 2.4908832129936185, ""DE"": 2.9056939017743146, ""NN+2opt"": 2.4908832129936185, ""PSO"": 3.21105545030989, ""Raw"": 5.906719773987185}, ""priority"": [""Raw"", ""NN+2opt"", ""ACO"", ""DE"", ""PSO""], ""tie_tolerance_km"": 1e-12}"
29,Raw,14,5.906719773987185,0.0005664330674335,1,True,,"[0, 1, 2, 3, 4, 5, 6, 7, 8, 9, 10, 11, 12, 13, 14, 15, 16, 17, 18, 19]",{}
29,ACO,15,2.5185469193175045,8.154237624024972,7500,True,,"[0, 2, 8, 7, 3, 1, 5, 11, 15, 14, 10, 16, 13, 9, 12, 18, 17, 19, 6, 4]","{""alpha"": 1.0, ""beta"": 2.0, ""evaluation_budget"": 7500, ""evaporation"": 0.5, ""population"": 50}"
29,ACO×3,15,2.4908832129936185,24.53745314199477,22500,True,ACO stream 3,"[4, 6, 9, 12, 17, 19, 18, 13, 16, 10, 14, 15, 11, 5, 1, 3, 7, 8, 2, 0]","{""candidate_lengths_km"": [2.5185469193175045, 2.5089433821497114, 2.4908832129936185], ""candidate_seeds"": [15, 35, 55], ""tie_tolerance_km"": 1e-12}"
29,DE,15,2.511946154708504,0.7926051060203463,7500,True,,"[4, 6, 17, 19, 18, 12, 9, 13, 16, 10, 14, 15, 11, 5, 3, 1, 7, 8, 2, 0]",{}
29,NN+2opt,15,2.4908832129936185,0.0061749248998239,614,True,,"[4, 6, 9, 12, 17, 19, 18, 13, 16, 10, 14, 15, 11, 5, 1, 3, 7, 8, 2, 0]",{}
29,PSO,15,3.2488609551662115,0.1161516710417345,7500,True,,"[0, 2, 3, 8, 4, 6, 9, 12, 17, 19, 18, 13, 16, 10, 14, 15, 11, 5, 1, 7]",{}
29,Portfolio,15,2.4908832129936185,9.069511672016231,23115,True,NN+2opt,"[4, 6, 9, 12, 17, 19, 18, 13, 16, 10, 14, 15, 11, 5, 1, 3, 7, 8, 2, 0]","{""candidate_evaluations"": {""ACO"": 7500, ""DE"": 7500, ""NN+2opt"": 614, ""PSO"": 7500, ""Raw"": 1}, ""candidate_lengths_km"": {""ACO"": 2.5185469193175045, ""DE"": 2.511946154708504, ""NN+2opt"": 2.4908832129936185, ""PSO"": 3.2488609551662115, ""Raw"": 5.906719773987185}, ""priority"": [""Raw"", ""NN+2opt"", ""ACO"", ""DE"", ""PSO""], ""tie_tolerance_km"": 1e-12}"
29,Raw,15,5.906719773987185,0.0003344330471009,1,True,,"[0, 1, 2, 3, 4, 5, 6, 7, 8, 9, 10, 11, 12, 13, 14, 15, 16, 17, 18, 19]",{}
29,ACO,16,2.508943382149712,8.41765437705908,7500,True,,"[4, 6, 9, 12, 18, 19, 17, 13, 16, 10, 14, 15, 11, 5, 3, 1, 7, 8, 2, 0]","{""alpha"": 1.0, ""beta"": 2.0, ""evaluation_budget"": 7500, ""evaporation"": 0.5, ""population"": 50}"
29,ACO×3,16,2.508943382149712,25.46247132704593,22500,True,ACO stream 1,"[4, 6, 9, 12, 18, 19, 17, 13, 16, 10, 14, 15, 11, 5, 3, 1, 7, 8, 2, 0]","{""candidate_lengths_km"": [2.5089433821497114, 2.5185469193175045, 2.5089433821497114], ""candidate_seeds"": [16, 36, 56], ""tie_tolerance_km"": 1e-12}"
29,DE,16,2.573918618870846,0.8539621159434319,7500,True,,"[0, 2, 8, 7, 5, 1, 3, 11, 15, 14, 10, 16, 13, 18, 19, 17, 12, 9, 4, 6]",{}
29,NN+2opt,16,2.4908832129936185,0.0069965290604159,614,True,,"[4, 6, 9, 12, 17, 19, 18, 13, 16, 10, 14, 15, 11, 5, 1, 3, 7, 8, 2, 0]",{}
29,PSO,16,3.3269666079286924,0.1228857840178534,7500,True,,"[9, 15, 11, 5, 1, 3, 7, 2, 0, 8, 14, 10, 16, 13, 18, 19, 17, 12, 6, 4]",{}
29,Portfolio,16,2.4908832129936185,9.401852753129788,23115,True,NN+2opt,"[4, 6, 9, 12, 17, 19, 18, 13, 16, 10, 14, 15, 11, 5, 1, 3, 7, 8, 2, 0]","{""candidate_evaluations"": {""ACO"": 7500, ""DE"": 7500, ""NN+2opt"": 614, ""PSO"": 7500, ""Raw"": 1}, ""candidate_lengths_km"": {""ACO"": 2.5089433821497114, ""DE"": 2.573918618870846, ""NN+2opt"": 2.4908832129936185, ""PSO"": 3.3269666079286924, ""Raw"": 5.906719773987185}, ""priority"": [""Raw"", ""NN+2opt"", ""ACO"", ""DE"", ""PSO""], ""tie_tolerance_km"": 1e-12}"
29,Raw,16,5.906719773987185,0.0003422310110181,1,True,,"[0, 1, 2, 3, 4, 5, 6, 7, 8, 9, 10, 11, 12, 13, 14, 15, 16, 17, 18, 19]",{}
29,ACO,17,2.5185469193175045,8.372307682060637,7500,True,,"[4, 6, 19, 17, 18, 12, 9, 13, 16, 10, 14, 15, 11, 5, 1, 3, 7, 8, 2, 0]","{""alpha"": 1.0, ""beta"": 2.0, ""evaluation_budget"": 7500, ""evaporation"": 0.5, ""population"": 50}"
29,ACO×3,17,2.4917912704064307,26.273882579174824,22500,True,ACO stream 3,"[4, 6, 9, 12, 17, 19, 18, 13, 16, 10, 14, 15, 11, 5, 3, 1, 7, 8, 2, 0]","{""candidate_lengths_km"": [2.5185469193175045, 2.5080353247368983, 2.4917912704064307], ""candidate_seeds"": [17, 37, 57], ""tie_tolerance_km"": 1e-12}"
29,DE,17,2.7093981246433816,0.8088200360070914,7500,True,,"[0, 2, 7, 8, 3, 1, 5, 11, 15, 14, 16, 10, 13, 9, 17, 19, 18, 12, 4, 6]",{}
29,NN+2opt,17,2.4908832129936185,0.006105559063144,614,True,,"[4, 6, 9, 12, 17, 19, 18, 13, 16, 10, 14, 15, 11, 5, 1, 3, 7, 8, 2, 0]",{}
29,PSO,17,3.9813367656856826,0.1105662119807675,7500,True,,"[19, 12, 0, 2, 8, 7, 3, 5, 15, 14, 9, 17, 18, 13, 16, 10, 11, 1, 6, 4]",{}
29,Portfolio,17,2.4908832129936185,9.298153532086872,23115,True,NN+2opt,"[4, 6, 9, 12, 17, 19, 18, 13, 16, 10, 14, 15, 11, 5, 1, 3, 7, 8, 2, 0]","{""candidate_evaluations"": {""ACO"": 7500, ""DE"": 7500, ""NN+2opt"": 614, ""PSO"": 7500, ""Raw"": 1}, ""candidate_lengths_km"": {""ACO"": 2.5185469193175045, ""DE"": 2.7093981246433816, ""NN+2opt"": 2.4908832129936185, ""PSO"": 3.9813367656856826, ""Raw"": 5.906719773987185}, ""priority"": [""Raw"", ""NN+2opt"", ""ACO"", ""DE"", ""PSO""], ""tie_tolerance_km"": 1e-12}"
29,Raw,17,5.906719773987185,0.00034579297062,1,True,,"[0, 1, 2, 3, 4, 5, 6, 7, 8, 9, 10, 11, 12, 13, 14, 15, 16, 17, 18, 19]",{}
29,ACO,18,2.4917912704064307,8.210667500970885,7500,True,,"[4, 6, 9, 12, 17, 19, 18, 13, 16, 10, 14, 15, 11, 5, 3, 1, 7, 8, 2, 0]","{""alpha"": 1.0, ""beta"": 2.0, ""evaluation_budget"": 7500, ""evaporation"": 0.5, ""population"": 50}"
29,ACO×3,18,2.4908832129936185,25.712180807022374,22500,True,ACO stream 2,"[4, 6, 9, 12, 17, 19, 18, 13, 16, 10, 14, 15, 11, 5, 1, 3, 7, 8, 2, 0]","{""candidate_lengths_km"": [2.4917912704064307, 2.4908832129936185, 2.5185469193175045], ""candidate_seeds"": [18, 38, 58], ""tie_tolerance_km"": 1e-12}"
29,DE,18,2.5439313955370766,0.8057147659128532,7500,True,,"[6, 4, 17, 19, 18, 12, 9, 13, 16, 10, 14, 15, 11, 5, 1, 3, 7, 8, 2, 0]",{}
29,NN+2opt,18,2.4908832129936185,0.0061537720030173,614,True,,"[4, 6, 9, 12, 17, 19, 18, 13, 16, 10, 14, 15, 11, 5, 1, 3, 7, 8, 2, 0]",{}
29,PSO,18,3.6136638124738623,0.1090684420196339,7500,True,,"[6, 9, 12, 0, 2, 1, 3, 5, 7, 8, 10, 16, 17, 19, 18, 14, 15, 11, 13, 4]",{}
29,Portfolio,18,2.4908832129936185,9.13197683787439,23115,True,NN+2opt,"[4, 6, 9, 12, 17, 19, 18, 13, 16, 10, 14, 15, 11, 5, 1, 3, 7, 8, 2, 0]","{""candidate_evaluations"": {""ACO"": 7500, ""DE"": 7500, ""NN+2opt"": 614, ""PSO"": 7500, ""Raw"": 1}, ""candidate_lengths_km"": {""ACO"": 2.4917912704064307, ""DE"": 2.5439313955370766, ""NN+2opt"": 2.4908832129936185, ""PSO"": 3.6136638124738623, ""Raw"": 5.906719773987185}, ""priority"": [""Raw"", ""NN+2opt"", ""ACO"", ""DE"", ""PSO""], ""tie_tolerance_km"": 1e-12}"
29,Raw,18,5.906719773987185,0.000364976003766,1,True,,"[0, 1, 2, 3, 4, 5, 6, 7, 8, 9, 10, 11, 12, 13, 14, 15, 16, 17, 18, 19]",{}
29,ACO,19,2.4917912704064307,8.601613970007747,7500,True,,"[4, 6, 9, 12, 17, 19, 18, 13, 16, 10, 14, 15, 11, 5, 3, 1, 7, 8, 2, 0]","{""alpha"": 1.0, ""beta"": 2.0, ""evaluation_budget"": 7500, ""evaporation"": 0.5, ""population"": 50}"
29,ACO×3,19,2.4917912704064307,25.479785812902264,22500,True,ACO stream 1,"[4, 6, 9, 12, 17, 19, 18, 13, 16, 10, 14, 15, 11, 5, 3, 1, 7, 8, 2, 0]","{""candidate_lengths_km"": [2.4917912704064307, 2.5089433821497114, 2.4917912704064307], ""candidate_seeds"": [19, 39, 59], ""tie_tolerance_km"": 1e-12}"
29,DE,19,3.102027167696184,0.8386830838862807,7500,True,,"[0, 2, 3, 5, 7, 14, 15, 11, 1, 8, 10, 16, 13, 4, 6, 9, 12, 17, 18, 19]",{}
29,NN+2opt,19,2.4908832129936185,0.0062622700352221,614,True,,"[4, 6, 9, 12, 17, 19, 18, 13, 16, 10, 14, 15, 11, 5, 1, 3, 7, 8, 2, 0]",{}
29,PSO,19,3.463977511671548,0.113038306008093,7500,True,,"[13, 14, 15, 7, 2, 1, 3, 5, 11, 16, 10, 8, 0, 4, 6, 9, 12, 17, 18, 19]",{}
29,Portfolio,19,2.4908832129936185,9.559942680876702,23115,True,NN+2opt,"[4, 6, 9, 12, 17, 19, 18, 13, 16, 10, 14, 15, 11, 5, 1, 3, 7, 8, 2, 0]","{""candidate_evaluations"": {""ACO"": 7500, ""DE"": 7500, ""NN+2opt"": 614, ""PSO"": 7500, ""Raw"": 1}, ""candidate_lengths_km"": {""ACO"": 2.4917912704064307, ""DE"": 3.1020271676961837, ""NN+2opt"": 2.4908832129936185, ""PSO"": 3.463977511671548, ""Raw"": 5.906719773987185}, ""priority"": [""Raw"", ""NN+2opt"", ""ACO"", ""DE"", ""PSO""], ""tie_tolerance_km"": 1e-12}"
29,Raw,19,5.906719773987185,0.000337334931828,1,True,,"[0, 1, 2, 3, 4, 5, 6, 7, 8, 9, 10, 11, 12, 13, 14, 15, 16, 17, 18, 19]",{}
30,ACO,0,1.9337416810526524,4.946715144906193,7500,True,,"[3, 7, 8, 10, 11, 9, 6, 5, 4, 1, 2, 0]","{""alpha"": 1.0, ""beta"": 2.0, ""evaluation_budget"": 7500, ""evaporation"": 0.5, ""population"": 50}"
30,ACO×3,0,1.9337416810526524,17.271165771991946,22500,True,ACO stream 1,"[3, 7, 8, 10, 11, 9, 6, 5, 4, 1, 2, 0]","{""candidate_lengths_km"": [1.9337416810526524, 1.955778070372509, 1.955778070372509], ""candidate_seeds"": [0, 20, 40], ""tie_tolerance_km"": 1e-12}"
30,DE,0,1.981382594395952,0.7847151099704206,7500,True,,"[3, 4, 9, 11, 10, 8, 7, 6, 5, 2, 1, 0]",{}
30,NN+2opt,0,1.940785341729279,0.0021412130445241,281,True,,"[0, 1, 2, 5, 6, 9, 11, 10, 8, 7, 4, 3]",{}
30,PSO,0,2.043866032762176,0.086677337065339,7500,True,,"[3, 8, 10, 11, 9, 7, 4, 6, 5, 2, 1, 0]",{}
30,Portfolio,0,1.9337416810526524,5.8204088230850175,22782,True,ACO,"[3, 7, 8, 10, 11, 9, 6, 5, 4, 1, 2, 0]","{""candidate_evaluations"": {""ACO"": 7500, ""DE"": 7500, ""NN+2opt"": 281, ""PSO"": 7500, ""Raw"": 1}, ""candidate_lengths_km"": {""ACO"": 1.9337416810526524, ""DE"": 1.9813825943959522, ""NN+2opt"": 1.940785341729279, ""PSO"": 2.0438660327621756, ""Raw"": 2.24965223122239}, ""priority"": [""Raw"", ""NN+2opt"", ""ACO"", ""DE"", ""PSO""], ""tie_tolerance_km"": 1e-12}"
30,Raw,0,2.24965223122239,0.0001513269962742,1,True,,"[0, 1, 2, 3, 4, 5, 6, 7, 8, 9, 10, 11]",{}
30,ACO,1,1.9298467885369197,4.873825726099312,7500,True,,"[0, 1, 2, 5, 4, 6, 9, 11, 10, 8, 7, 3]","{""alpha"": 1.0, ""beta"": 2.0, ""evaluation_budget"": 7500, ""evaporation"": 0.5, ""population"": 50}"
30,ACO×3,1,1.9298467885369197,14.87498976290226,22500,True,ACO stream 1,"[0, 1, 2, 5, 4, 6, 9, 11, 10, 8, 7, 3]","{""candidate_lengths_km"": [1.9298467885369193, 1.955778070372509, 1.955778070372509], ""candidate_seeds"": [1, 21, 41], ""tie_tolerance_km"": 1e-12}"
30,DE,1,1.9298467885369197,0.7848137529799715,7500,True,,"[3, 7, 8, 10, 11, 9, 6, 4, 5, 2, 1, 0]",{}
30,NN+2opt,1,1.940785341729279,0.0023349209222942,281,True,,"[0, 1, 2, 5, 6, 9, 11, 10, 8, 7, 4, 3]",{}
30,PSO,1,2.07044797933188,0.0865292899543419,7500,True,,"[7, 8, 10, 11, 9, 6, 5, 4, 3, 1, 2, 0]",{}
30,Portfolio,1,1.9298467885369197,5.747766860993579,22782,True,ACO,"[0, 1, 2, 5, 4, 6, 9, 11, 10, 8, 7, 3]","{""candidate_evaluations"": {""ACO"": 7500, ""DE"": 7500, ""NN+2opt"": 281, ""PSO"": 7500, ""Raw"": 1}, ""candidate_lengths_km"": {""ACO"": 1.9298467885369193, ""DE"": 1.9298467885369195, ""NN+2opt"": 1.940785341729279, ""PSO"": 2.07044797933188, ""Raw"": 2.24965223122239}, ""priority"": [""Raw"", ""NN+2opt"", ""ACO"", ""DE"", ""PSO""], ""tie_tolerance_km"": 1e-12}"
30,Raw,1,2.24965223122239,0.0002551289508119,1,True,,"[0, 1, 2, 3, 4, 5, 6, 7, 8, 9, 10, 11]",{}
30,ACO,2,1.9337416810526524,5.915319132967852,7500,True,,"[3, 7, 8, 10, 11, 9, 6, 5, 4, 1, 2, 0]","{""alpha"": 1.0, ""beta"": 2.0, ""evaluation_budget"": 7500, ""evaporation"": 0.5, ""population"": 50}"
30,ACO×3,2,1.9337416810526524,15.499658257002013,22500,True,ACO stream 1,"[3, 7, 8, 10, 11, 9, 6, 5, 4, 1, 2, 0]","{""candidate_lengths_km"": [1.9337416810526524, 1.9361459895210613, 1.9361459895210613], ""candidate_seeds"": [2, 22, 42], ""tie_tolerance_km"": 1e-12}"
30,DE,2,1.9407853417292795,0.7556170750176534,7500,True,,"[3, 4, 7, 8, 10, 11, 9, 6, 5, 2, 1, 0]",{}
30,NN+2opt,2,1.940785341729279,0.002102622995153,281,True,,"[0, 1, 2, 5, 6, 9, 11, 10, 8, 7, 4, 3]",{}
30,PSO,2,2.2551661552420628,0.0846084969816729,7500,True,,"[1, 7, 8, 10, 11, 9, 3, 4, 6, 5, 2, 0]",{}
30,Portfolio,2,1.9337416810526524,6.757816324941814,22782,True,ACO,"[3, 7, 8, 10, 11, 9, 6, 5, 4, 1, 2, 0]","{""candidate_evaluations"": {""ACO"": 7500, ""DE"": 7500, ""NN+2opt"": 281, ""PSO"": 7500, ""Raw"": 1}, ""candidate_lengths_km"": {""ACO"": 1.9337416810526524, ""DE"": 1.9407853417292793, ""NN+2opt"": 1.940785341729279, ""PSO"": 2.2551661552420628, ""Raw"": 2.24965223122239}, ""priority"": [""Raw"", ""NN+2opt"", ""ACO"", ""DE"", ""PSO""], ""tie_tolerance_km"": 1e-12}"
30,Raw,2,2.24965223122239,0.0001611689804121,1,True,,"[0, 1, 2, 3, 4, 5, 6, 7, 8, 9, 10, 11]",{}
30,ACO,3,1.935846346871392,5.026787912007421,7500,True,,"[0, 1, 2, 4, 5, 6, 9, 11, 10, 8, 7, 3]","{""alpha"": 1.0, ""beta"": 2.0, ""evaluation_budget"": 7500, ""evaporation"": 0.5, ""population"": 50}"
30,ACO×3,3,1.9337416810526524,14.900433739996515,22500,True,ACO stream 3,"[0, 2, 1, 4, 5, 6, 9, 11, 10, 8, 7, 3]","{""candidate_lengths_km"": [1.935846346871392, 1.9361459895210613, 1.9337416810526524], ""candidate_seeds"": [3, 23, 43], ""tie_tolerance_km"": 1e-12}"
30,DE,3,1.9298467885369197,0.8027108970563859,7500,True,,"[3, 7, 8, 10, 11, 9, 6, 4, 5, 2, 1, 0]",{}
30,NN+2opt,3,1.940785341729279,0.002132610999979,281,True,,"[0, 1, 2, 5, 6, 9, 11, 10, 8, 7, 4, 3]",{}
30,PSO,3,2.202303213928744,0.0869278389727696,7500,True,,"[1, 2, 5, 6, 4, 7, 8, 10, 11, 9, 3, 0]",{}
30,Portfolio,3,1.9298467885369197,5.9187232699478045,22782,True,DE,"[3, 7, 8, 10, 11, 9, 6, 4, 5, 2, 1, 0]","{""candidate_evaluations"": {""ACO"": 7500, ""DE"": 7500, ""NN+2opt"": 281, ""PSO"": 7500, ""Raw"": 1}, ""candidate_lengths_km"": {""ACO"": 1.935846346871392, ""DE"": 1.9298467885369195, ""NN+2opt"": 1.940785341729279, ""PSO"": 2.2023032139287437, ""Raw"": 2.24965223122239}, ""priority"": [""Raw"", ""NN+2opt"", ""ACO"", ""DE"", ""PSO""], ""tie_tolerance_km"": 1e-12}"
30,Raw,3,2.24965223122239,0.0001552440226078,1,True,,"[0, 1, 2, 3, 4, 5, 6, 7, 8, 9, 10, 11]",{}
30,ACO,4,1.936145989521061,4.975308337947354,7500,True,,"[3, 7, 8, 10, 11, 9, 6, 4, 5, 1, 2, 0]","{""alpha"": 1.0, ""beta"": 2.0, ""evaluation_budget"": 7500, ""evaporation"": 0.5, ""population"": 50}"
30,ACO×3,4,1.936145989521061,14.940493331989272,22500,True,ACO stream 1,"[3, 7, 8, 10, 11, 9, 6, 4, 5, 1, 2, 0]","{""candidate_lengths_km"": [1.9361459895210615, 1.9578827361912485, 1.955778070372509], ""candidate_seeds"": [4, 24, 44], ""tie_tolerance_km"": 1e-12}"
30,DE,4,1.9407853417292795,0.7876442900160328,7500,True,,"[3, 4, 7, 8, 10, 11, 9, 6, 5, 2, 1, 0]",{}
30,NN+2opt,4,1.940785341729279,0.0021157260052859,281,True,,"[0, 1, 2, 5, 6, 9, 11, 10, 8, 7, 4, 3]",{}
30,PSO,4,2.2479971658043665,0.0857582530006766,7500,True,,"[1, 2, 3, 4, 5, 6, 9, 11, 10, 8, 7, 0]",{}
30,Portfolio,4,1.936145989521061,5.850997215835378,22782,True,ACO,"[3, 7, 8, 10, 11, 9, 6, 4, 5, 1, 2, 0]","{""candidate_evaluations"": {""ACO"": 7500, ""DE"": 7500, ""NN+2opt"": 281, ""PSO"": 7500, ""Raw"": 1}, ""candidate_lengths_km"": {""ACO"": 1.9361459895210615, ""DE"": 1.9407853417292793, ""NN+2opt"": 1.940785341729279, ""PSO"": 2.2479971658043665, ""Raw"": 2.24965223122239}, ""priority"": [""Raw"", ""NN+2opt"", ""ACO"", ""DE"", ""PSO""], ""tie_tolerance_km"": 1e-12}"
30,Raw,4,2.24965223122239,0.0001631239429116,1,True,,"[0, 1, 2, 3, 4, 5, 6, 7, 8, 9, 10, 11]",{}
30,ACO,5,1.9298467885369197,4.804974848055281,7500,True,,"[0, 1, 2, 5, 4, 6, 9, 11, 10, 8, 7, 3]","{""alpha"": 1.0, ""beta"": 2.0, ""evaluation_budget"": 7500, ""evaporation"": 0.5, ""population"": 50}"
30,ACO×3,5,1.9298467885369197,14.541906667058356,22500,True,ACO stream 1,"[0, 1, 2, 5, 4, 6, 9, 11, 10, 8, 7, 3]","{""candidate_lengths_km"": [1.9298467885369193, 1.9337416810526524, 1.955778070372509], ""candidate_seeds"": [5, 25, 45], ""tie_tolerance_km"": 1e-12}"
30,DE,5,1.9298467885369197,0.7639607590390369,7500,True,,"[3, 7, 8, 10, 11, 9, 6, 4, 5, 2, 1, 0]",{}
30,NN+2opt,5,1.940785341729279,0.0021317520877346,281,True,,"[0, 1, 2, 5, 6, 9, 11, 10, 8, 7, 4, 3]",{}
30,PSO,5,2.786410180114424,0.0884289130335673,7500,True,,"[3, 10, 11, 9, 6, 5, 2, 0, 1, 4, 8, 7]",{}
30,Portfolio,5,1.9298467885369197,5.659667217172682,22782,True,ACO,"[0, 1, 2, 5, 4, 6, 9, 11, 10, 8, 7, 3]","{""candidate_evaluations"": {""ACO"": 7500, ""DE"": 7500, ""NN+2opt"": 281, ""PSO"": 7500, ""Raw"": 1}, ""candidate_lengths_km"": {""ACO"": 1.9298467885369193, ""DE"": 1.9298467885369195, ""NN+2opt"": 1.940785341729279, ""PSO"": 2.786410180114424, ""Raw"": 2.24965223122239}, ""priority"": [""Raw"", ""NN+2opt"", ""ACO"", ""DE"", ""PSO""], ""tie_tolerance_km"": 1e-12}"
30,Raw,5,2.24965223122239,0.0001626559533178,1,True,,"[0, 1, 2, 3, 4, 5, 6, 7, 8, 9, 10, 11]",{}
30,ACO,6,1.9337416810526524,4.844835438998416,7500,True,,"[3, 7, 8, 10, 11, 9, 6, 5, 4, 1, 2, 0]","{""alpha"": 1.0, ""beta"": 2.0, ""evaluation_budget"": 7500, ""evaporation"": 0.5, ""population"": 50}"
30,ACO×3,6,1.9337416810526524,14.487644407898188,22500,True,ACO stream 1,"[3, 7, 8, 10, 11, 9, 6, 5, 4, 1, 2, 0]","{""candidate_lengths_km"": [1.9337416810526524, 1.9361459895210613, 1.955778070372509], ""candidate_seeds"": [6, 26, 46], ""tie_tolerance_km"": 1e-12}"
30,DE,6,1.9298467885369197,0.7604992010165006,7500,True,,"[3, 7, 8, 10, 11, 9, 6, 4, 5, 2, 1, 0]",{}
30,NN+2opt,6,1.940785341729279,0.0021516650449484,281,True,,"[0, 1, 2, 5, 6, 9, 11, 10, 8, 7, 4, 3]",{}
30,PSO,6,1.992065349321848,0.0870428860653191,7500,True,,"[0, 2, 1, 3, 7, 8, 10, 11, 9, 6, 5, 4]",{}
30,Portfolio,6,1.9298467885369197,5.694694978184998,22782,True,DE,"[3, 7, 8, 10, 11, 9, 6, 4, 5, 2, 1, 0]","{""candidate_evaluations"": {""ACO"": 7500, ""DE"": 7500, ""NN+2opt"": 281, ""PSO"": 7500, ""Raw"": 1}, ""candidate_lengths_km"": {""ACO"": 1.9337416810526524, ""DE"": 1.9298467885369195, ""NN+2opt"": 1.940785341729279, ""PSO"": 1.992065349321848, ""Raw"": 2.24965223122239}, ""priority"": [""Raw"", ""NN+2opt"", ""ACO"", ""DE"", ""PSO""], ""tie_tolerance_km"": 1e-12}"
30,Raw,6,2.24965223122239,0.0001580230891704,1,True,,"[0, 1, 2, 3, 4, 5, 6, 7, 8, 9, 10, 11]",{}
30,ACO,7,1.9337416810526524,4.84387606207747,7500,True,,"[0, 2, 1, 4, 5, 6, 9, 11, 10, 8, 7, 3]","{""alpha"": 1.0, ""beta"": 2.0, ""evaluation_budget"": 7500, ""evaporation"": 0.5, ""population"": 50}"
30,ACO×3,7,1.9337416810526524,14.584272032021545,22500,True,ACO stream 1,"[0, 2, 1, 4, 5, 6, 9, 11, 10, 8, 7, 3]","{""candidate_lengths_km"": [1.9337416810526524, 1.9337416810526524, 1.955778070372509], ""candidate_seeds"": [7, 27, 47], ""tie_tolerance_km"": 1e-12}"
30,DE,7,1.9337416810526524,0.7712916639866307,7500,True,,"[3, 7, 8, 10, 11, 9, 6, 5, 4, 1, 2, 0]",{}
30,NN+2opt,7,1.940785341729279,0.0021129719680175,281,True,,"[0, 1, 2, 5, 6, 9, 11, 10, 8, 7, 4, 3]",{}
30,PSO,7,2.0191849709747984,0.083591439994052,7500,True,,"[0, 2, 1, 4, 3, 7, 8, 10, 11, 9, 6, 5]",{}
30,Portfolio,7,1.9337416810526524,5.701153925037943,22782,True,ACO,"[0, 2, 1, 4, 5, 6, 9, 11, 10, 8, 7, 3]","{""candidate_evaluations"": {""ACO"": 7500, ""DE"": 7500, ""NN+2opt"": 281, ""PSO"": 7500, ""Raw"": 1}, ""candidate_lengths_km"": {""ACO"": 1.9337416810526524, ""DE"": 1.9337416810526524, ""NN+2opt"": 1.940785341729279, ""PSO"": 2.0191849709747984, ""Raw"": 2.24965223122239}, ""priority"": [""Raw"", ""NN+2opt"", ""ACO"", ""DE"", ""PSO""], ""tie_tolerance_km"": 1e-12}"
30,Raw,7,2.24965223122239,0.0002738720504567,1,True,,"[0, 1, 2, 3, 4, 5, 6, 7, 8, 9, 10, 11]",{}
30,ACO,8,1.936145989521061,4.832036889041774,7500,True,,"[3, 7, 8, 10, 11, 9, 6, 4, 5, 1, 2, 0]","{""alpha"": 1.0, ""beta"": 2.0, ""evaluation_budget"": 7500, ""evaporation"": 0.5, ""population"": 50}"
30,ACO×3,8,1.935846346871392,14.6914857479278,22500,True,ACO stream 3,"[3, 7, 8, 10, 11, 9, 6, 5, 4, 2, 1, 0]","{""candidate_lengths_km"": [1.9361459895210615, 1.955778070372509, 1.935846346871392], ""candidate_seeds"": [8, 28, 48], ""tie_tolerance_km"": 1e-12}"
30,DE,8,1.9337416810526524,0.7498454169835895,7500,True,,"[3, 7, 8, 10, 11, 9, 6, 5, 4, 1, 2, 0]",{}
30,NN+2opt,8,1.940785341729279,0.0021127419313415,281,True,,"[0, 1, 2, 5, 6, 9, 11, 10, 8, 7, 4, 3]",{}
30,PSO,8,2.079897824482984,0.085173652973026,7500,True,,"[0, 1, 2, 3, 4, 5, 6, 9, 11, 10, 8, 7]",{}
30,Portfolio,8,1.9337416810526524,5.669330866890959,22782,True,DE,"[3, 7, 8, 10, 11, 9, 6, 5, 4, 1, 2, 0]","{""candidate_evaluations"": {""ACO"": 7500, ""DE"": 7500, ""NN+2opt"": 281, ""PSO"": 7500, ""Raw"": 1}, ""candidate_lengths_km"": {""ACO"": 1.9361459895210615, ""DE"": 1.9337416810526524, ""NN+2opt"": 1.940785341729279, ""PSO"": 2.079897824482984, ""Raw"": 2.24965223122239}, ""priority"": [""Raw"", ""NN+2opt"", ""ACO"", ""DE"", ""PSO""], ""tie_tolerance_km"": 1e-12}"
30,Raw,8,2.24965223122239,0.0001541969832032,1,True,,"[0, 1, 2, 3, 4, 5, 6, 7, 8, 9, 10, 11]",{}
30,ACO,9,1.9298467885369197,4.960194236948155,7500,True,,"[0, 1, 2, 5, 4, 6, 9, 11, 10, 8, 7, 3]","{""alpha"": 1.0, ""beta"": 2.0, ""evaluation_budget"": 7500, ""evaporation"": 0.5, ""population"": 50}"
30,ACO×3,9,1.9298467885369197,15.109472986892795,22500,True,ACO stream 1,"[0, 1, 2, 5, 4, 6, 9, 11, 10, 8, 7, 3]","{""candidate_lengths_km"": [1.9298467885369193, 1.955778070372509, 1.9361459895210613], ""candidate_seeds"": [9, 29, 49], ""tie_tolerance_km"": 1e-12}"
30,DE,9,1.9298467885369197,0.7827194550773129,7500,True,,"[3, 7, 8, 10, 11, 9, 6, 4, 5, 2, 1, 0]",{}
30,NN+2opt,9,1.940785341729279,0.0021832300117239,281,True,,"[0, 1, 2, 5, 6, 9, 11, 10, 8, 7, 4, 3]",{}
30,PSO,9,2.07044797933188,0.0850912500172853,7500,True,,"[0, 2, 1, 3, 4, 5, 6, 9, 11, 10, 8, 7]",{}
30,Portfolio,9,1.9298467885369197,5.830346772097983,22782,True,ACO,"[0, 1, 2, 5, 4, 6, 9, 11, 10, 8, 7, 3]","{""candidate_evaluations"": {""ACO"": 7500, ""DE"": 7500, ""NN+2opt"": 281, ""PSO"": 7500, ""Raw"": 1}, ""candidate_lengths_km"": {""ACO"": 1.9298467885369193, ""DE"": 1.9298467885369195, ""NN+2opt"": 1.940785341729279, ""PSO"": 2.07044797933188, ""Raw"": 2.24965223122239}, ""priority"": [""Raw"", ""NN+2opt"", ""ACO"", ""DE"", ""PSO""], ""tie_tolerance_km"": 1e-12}"
30,Raw,9,2.24965223122239,0.0001501180231571,1,True,,"[0, 1, 2, 3, 4, 5, 6, 7, 8, 9, 10, 11]",{}
30,ACO,10,1.936145989521061,4.853175001917407,7500,True,,"[0, 2, 1, 5, 4, 6, 9, 11, 10, 8, 7, 3]","{""alpha"": 1.0, ""beta"": 2.0, ""evaluation_budget"": 7500, ""evaporation"": 0.5, ""population"": 50}"
30,ACO×3,10,1.936145989521061,14.634049311978742,22500,True,ACO stream 1,"[0, 2, 1, 5, 4, 6, 9, 11, 10, 8, 7, 3]","{""candidate_lengths_km"": [1.9361459895210613, 1.9578827361912485, 1.940785341729279], ""candidate_seeds"": [10, 30, 50], ""tie_tolerance_km"": 1e-12}"
30,DE,10,1.9298467885369197,0.7916868870379403,7500,True,,"[3, 7, 8, 10, 11, 9, 6, 4, 5, 2, 1, 0]",{}
30,NN+2opt,10,1.940785341729279,0.0021614800207316,281,True,,"[0, 1, 2, 5, 6, 9, 11, 10, 8, 7, 4, 3]",{}
30,PSO,10,2.205993835825072,0.0873986459337174,7500,True,,"[10, 11, 9, 8, 7, 6, 5, 4, 3, 1, 2, 0]",{}
30,Portfolio,10,1.9298467885369197,5.734577151830308,22782,True,DE,"[3, 7, 8, 10, 11, 9, 6, 4, 5, 2, 1, 0]","{""candidate_evaluations"": {""ACO"": 7500, ""DE"": 7500, ""NN+2opt"": 281, ""PSO"": 7500, ""Raw"": 1}, ""candidate_lengths_km"": {""ACO"": 1.9361459895210613, ""DE"": 1.9298467885369195, ""NN+2opt"": 1.940785341729279, ""PSO"": 2.2059938358250717, ""Raw"": 2.24965223122239}, ""priority"": [""Raw"", ""NN+2opt"", ""ACO"", ""DE"", ""PSO""], ""tie_tolerance_km"": 1e-12}"
30,Raw,10,2.24965223122239,0.0001473149750381,1,True,,"[0, 1, 2, 3, 4, 5, 6, 7, 8, 9, 10, 11]",{}
30,ACO,11,1.9337416810526524,4.999680397915654,7500,True,,"[3, 7, 8, 10, 11, 9, 6, 5, 4, 1, 2, 0]","{""alpha"": 1.0, ""beta"": 2.0, ""evaluation_budget"": 7500, ""evaporation"": 0.5, ""population"": 50}"
30,ACO×3,11,1.9298467885369197,14.967127058887854,22500,True,ACO stream 2,"[0, 1, 2, 5, 4, 6, 9, 11, 10, 8, 7, 3]","{""candidate_lengths_km"": [1.9337416810526524, 1.9298467885369193, 1.9337416810526524], ""candidate_seeds"": [11, 31, 51], ""tie_tolerance_km"": 1e-12}"
30,DE,11,1.9954069579891391,0.7766362800030038,7500,True,,"[0, 1, 2, 5, 7, 8, 10, 11, 9, 6, 4, 3]",{}
30,NN+2opt,11,1.940785341729279,0.0021394689101725,281,True,,"[0, 1, 2, 5, 6, 9, 11, 10, 8, 7, 4, 3]",{}
30,PSO,11,2.093435549724925,0.087355897994712,7500,True,,"[3, 5, 6, 7, 8, 10, 11, 9, 4, 1, 2, 0]",{}
30,Portfolio,11,1.9337416810526524,5.865972007857636,22782,True,ACO,"[3, 7, 8, 10, 11, 9, 6, 5, 4, 1, 2, 0]","{""candidate_evaluations"": {""ACO"": 7500, ""DE"": 7500, ""NN+2opt"": 281, ""PSO"": 7500, ""Raw"": 1}, ""candidate_lengths_km"": {""ACO"": 1.9337416810526524, ""DE"": 1.9954069579891391, ""NN+2opt"": 1.940785341729279, ""PSO"": 2.0934355497249255, ""Raw"": 2.24965223122239}, ""priority"": [""Raw"", ""NN+2opt"", ""ACO"", ""DE"", ""PSO""], ""tie_tolerance_km"": 1e-12}"
30,Raw,11,2.24965223122239,0.0001519171055406,1,True,,"[0, 1, 2, 3, 4, 5, 6, 7, 8, 9, 10, 11]",{}
30,ACO,12,1.955778070372509,4.918076299945824,7500,True,,"[0, 2, 1, 4, 6, 5, 9, 11, 10, 8, 7, 3]","{""alpha"": 1.0, ""beta"": 2.0, ""evaluation_budget"": 7500, ""evaporation"": 0.5, ""population"": 50}"
30,ACO×3,12,1.9298467885369197,14.726127066882327,22500,True,ACO stream 2,"[0, 1, 2, 5, 4, 6, 9, 11, 10, 8, 7, 3]","{""candidate_lengths_km"": [1.955778070372509, 1.9298467885369193, 1.955778070372509], ""candidate_seeds"": [12, 32, 52], ""tie_tolerance_km"": 1e-12}"
30,DE,12,1.975575535867513,0.7701150779612362,7500,True,,"[3, 4, 7, 8, 11, 10, 9, 6, 5, 2, 1, 0]",{}
30,NN+2opt,12,1.940785341729279,0.0021237570326775,281,True,,"[0, 1, 2, 5, 6, 9, 11, 10, 8, 7, 4, 3]",{}
30,PSO,12,2.095769591334604,0.0858215909684076,7500,True,,"[0, 2, 5, 4, 6, 9, 11, 10, 8, 7, 3, 1]",{}
30,Portfolio,12,1.940785341729279,5.776298327720724,22782,True,NN+2opt,"[0, 1, 2, 5, 6, 9, 11, 10, 8, 7, 4, 3]","{""candidate_evaluations"": {""ACO"": 7500, ""DE"": 7500, ""NN+2opt"": 281, ""PSO"": 7500, ""Raw"": 1}, ""candidate_lengths_km"": {""ACO"": 1.955778070372509, ""DE"": 1.9755755358675133, ""NN+2opt"": 1.940785341729279, ""PSO"": 2.0957695913346037, ""Raw"": 2.24965223122239}, ""priority"": [""Raw"", ""NN+2opt"", ""ACO"", ""DE"", ""PSO""], ""tie_tolerance_km"": 1e-12}"
30,Raw,12,2.24965223122239,0.0001541388919577,1,True,,"[0, 1, 2, 3, 4, 5, 6, 7, 8, 9, 10, 11]",{}
30,ACO,13,1.9298467885369197,5.135270123952068,7500,True,,"[0, 1, 2, 5, 4, 6, 9, 11, 10, 8, 7, 3]","{""alpha"": 1.0, ""beta"": 2.0, ""evaluation_budget"": 7500, ""evaporation"": 0.5, ""population"": 50}"
30,ACO×3,13,1.9298467885369197,15.12974574987311,22500,True,ACO stream 1,"[0, 1, 2, 5, 4, 6, 9, 11, 10, 8, 7, 3]","{""candidate_lengths_km"": [1.9298467885369193, 1.9337416810526524, 1.955778070372509], ""candidate_seeds"": [13, 33, 53], ""tie_tolerance_km"": 1e-12}"
30,DE,13,1.9407853417292795,0.8086704460438341,7500,True,,"[3, 4, 7, 8, 10, 11, 9, 6, 5, 2, 1, 0]",{}
30,NN+2opt,13,1.940785341729279,0.0022851179819554,281,True,,"[0, 1, 2, 5, 6, 9, 11, 10, 8, 7, 4, 3]",{}
30,PSO,13,2.0972651752184928,0.0862823539646342,7500,True,,"[0, 1, 2, 5, 6, 4, 3, 7, 8, 10, 11, 9]",{}
30,Portfolio,13,1.9298467885369197,6.03267092385795,22782,True,ACO,"[0, 1, 2, 5, 4, 6, 9, 11, 10, 8, 7, 3]","{""candidate_evaluations"": {""ACO"": 7500, ""DE"": 7500, ""NN+2opt"": 281, ""PSO"": 7500, ""Raw"": 1}, ""candidate_lengths_km"": {""ACO"": 1.9298467885369193, ""DE"": 1.9407853417292793, ""NN+2opt"": 1.940785341729279, ""PSO"": 2.0972651752184928, ""Raw"": 2.24965223122239}, ""priority"": [""Raw"", ""NN+2opt"", ""ACO"", ""DE"", ""PSO""], ""tie_tolerance_km"": 1e-12}"
30,Raw,13,2.24965223122239,0.0001549610169604,1,True,,"[0, 1, 2, 3, 4, 5, 6, 7, 8, 9, 10, 11]",{}
30,ACO,14,1.936145989521061,5.180763712036423,7500,True,,"[3, 7, 8, 10, 11, 9, 6, 4, 5, 1, 2, 0]","{""alpha"": 1.0, ""beta"": 2.0, ""evaluation_budget"": 7500, ""evaporation"": 0.5, ""population"": 50}"
30,ACO×3,14,1.9337416810526524,15.310549265006555,22500,True,ACO stream 3,"[3, 7, 8, 10, 11, 9, 6, 5, 4, 1, 2, 0]","{""candidate_lengths_km"": [1.9361459895210615, 1.955778070372509, 1.9337416810526524], ""candidate_seeds"": [14, 34, 54], ""tie_tolerance_km"": 1e-12}"
30,DE,14,1.9298467885369197,0.8032805409748107,7500,True,,"[0, 1, 2, 5, 4, 6, 9, 11, 10, 8, 7, 3]",{}
30,NN+2opt,14,1.940785341729279,0.0028645190177485,281,True,,"[0, 1, 2, 5, 6, 9, 11, 10, 8, 7, 4, 3]",{}
30,PSO,14,2.079897824482984,0.0883676969679072,7500,True,,"[0, 1, 2, 3, 4, 5, 6, 9, 11, 10, 8, 7]",{}
30,Portfolio,14,1.9298467885369197,6.075436762068421,22782,True,DE,"[0, 1, 2, 5, 4, 6, 9, 11, 10, 8, 7, 3]","{""candidate_evaluations"": {""ACO"": 7500, ""DE"": 7500, ""NN+2opt"": 281, ""PSO"": 7500, ""Raw"": 1}, ""candidate_lengths_km"": {""ACO"": 1.9361459895210615, ""DE"": 1.9298467885369193, ""NN+2opt"": 1.940785341729279, ""PSO"": 2.079897824482984, ""Raw"": 2.24965223122239}, ""priority"": [""Raw"", ""NN+2opt"", ""ACO"", ""DE"", ""PSO""], ""tie_tolerance_km"": 1e-12}"
30,Raw,14,2.24965223122239,0.0001521829981356,1,True,,"[0, 1, 2, 3, 4, 5, 6, 7, 8, 9, 10, 11]",{}
30,ACO,15,1.936145989521061,5.117349811014719,7500,True,,"[0, 2, 1, 5, 4, 6, 9, 11, 10, 8, 7, 3]","{""alpha"": 1.0, ""beta"": 2.0, ""evaluation_budget"": 7500, ""evaporation"": 0.5, ""population"": 50}"
30,ACO×3,15,1.9337416810526524,15.265998109942302,22500,True,ACO stream 2,"[3, 7, 8, 10, 11, 9, 6, 5, 4, 1, 2, 0]","{""candidate_lengths_km"": [1.9361459895210613, 1.9337416810526524, 1.9361459895210613], ""candidate_seeds"": [15, 35, 55], ""tie_tolerance_km"": 1e-12}"
30,DE,15,1.9407853417292795,0.7937073520151898,7500,True,,"[3, 4, 7, 8, 10, 11, 9, 6, 5, 2, 1, 0]",{}
30,NN+2opt,15,1.940785341729279,0.0021501829614862,281,True,,"[0, 1, 2, 5, 6, 9, 11, 10, 8, 7, 4, 3]",{}
30,PSO,15,2.2171640179315872,0.0861776180099695,7500,True,,"[1, 2, 5, 6, 3, 7, 8, 10, 11, 9, 4, 0]",{}
30,Portfolio,15,1.936145989521061,5.999552566907369,22782,True,ACO,"[0, 2, 1, 5, 4, 6, 9, 11, 10, 8, 7, 3]","{""candidate_evaluations"": {""ACO"": 7500, ""DE"": 7500, ""NN+2opt"": 281, ""PSO"": 7500, ""Raw"": 1}, ""candidate_lengths_km"": {""ACO"": 1.9361459895210613, ""DE"": 1.9407853417292793, ""NN+2opt"": 1.940785341729279, ""PSO"": 2.2171640179315872, ""Raw"": 2.24965223122239}, ""priority"": [""Raw"", ""NN+2opt"", ""ACO"", ""DE"", ""PSO""], ""tie_tolerance_km"": 1e-12}"
30,Raw,15,2.24965223122239,0.0001592879416421,1,True,,"[0, 1, 2, 3, 4, 5, 6, 7, 8, 9, 10, 11]",{}
30,ACO,16,1.936145989521061,5.097417378099635,7500,True,,"[0, 2, 1, 5, 4, 6, 9, 11, 10, 8, 7, 3]","{""alpha"": 1.0, ""beta"": 2.0, ""evaluation_budget"": 7500, ""evaporation"": 0.5, ""population"": 50}"
30,ACO×3,16,1.935846346871392,15.203256377018988,22500,True,ACO stream 3,"[0, 1, 2, 4, 5, 6, 9, 11, 10, 8, 7, 3]","{""candidate_lengths_km"": [1.9361459895210613, 1.9578827361912485, 1.935846346871392], ""candidate_seeds"": [16, 36, 56], ""tie_tolerance_km"": 1e-12}"
30,DE,16,1.9337416810526524,0.828781877993606,7500,True,,"[3, 7, 8, 10, 11, 9, 6, 5, 4, 1, 2, 0]",{}
30,NN+2opt,16,1.940785341729279,0.0021611299598589,281,True,,"[0, 1, 2, 5, 6, 9, 11, 10, 8, 7, 4, 3]",{}
30,PSO,16,2.247997165804367,0.0905203549191355,7500,True,,"[0, 7, 8, 10, 11, 9, 6, 5, 4, 3, 2, 1]",{}
30,Portfolio,16,1.9337416810526524,6.019044560031034,22782,True,DE,"[3, 7, 8, 10, 11, 9, 6, 5, 4, 1, 2, 0]","{""candidate_evaluations"": {""ACO"": 7500, ""DE"": 7500, ""NN+2opt"": 281, ""PSO"": 7500, ""Raw"": 1}, ""candidate_lengths_km"": {""ACO"": 1.9361459895210613, ""DE"": 1.9337416810526524, ""NN+2opt"": 1.940785341729279, ""PSO"": 2.247997165804367, ""Raw"": 2.24965223122239}, ""priority"": [""Raw"", ""NN+2opt"", ""ACO"", ""DE"", ""PSO""], ""tie_tolerance_km"": 1e-12}"
30,Raw,16,2.24965223122239,0.0001559170195832,1,True,,"[0, 1, 2, 3, 4, 5, 6, 7, 8, 9, 10, 11]",{}
30,ACO,17,1.9298467885369197,6.704177124076523,7500,True,,"[0, 1, 2, 5, 4, 6, 9, 11, 10, 8, 7, 3]","{""alpha"": 1.0, ""beta"": 2.0, ""evaluation_budget"": 7500, ""evaporation"": 0.5, ""population"": 50}"
30,ACO×3,17,1.9298467885369197,16.36878057103604,22500,True,ACO stream 1,"[0, 1, 2, 5, 4, 6, 9, 11, 10, 8, 7, 3]","{""candidate_lengths_km"": [1.9298467885369193, 1.935846346871392, 1.9467712636633852], ""candidate_seeds"": [17, 37, 57], ""tie_tolerance_km"": 1e-12}"
30,DE,17,1.9298467885369197,1.244877664023079,7500,True,,"[3, 7, 8, 10, 11, 9, 6, 4, 5, 2, 1, 0]",{}
30,NN+2opt,17,1.940785341729279,0.0021627109963446,281,True,,"[0, 1, 2, 5, 6, 9, 11, 10, 8, 7, 4, 3]",{}
30,PSO,17,2.138942693365164,0.0854361610254272,7500,True,,"[6, 7, 8, 10, 11, 9, 5, 4, 3, 1, 2, 0]",{}
30,Portfolio,17,1.9298467885369197,8.036814978113398,22782,True,ACO,"[0, 1, 2, 5, 4, 6, 9, 11, 10, 8, 7, 3]","{""candidate_evaluations"": {""ACO"": 7500, ""DE"": 7500, ""NN+2opt"": 281, ""PSO"": 7500, ""Raw"": 1}, ""candidate_lengths_km"": {""ACO"": 1.9298467885369193, ""DE"": 1.9298467885369195, ""NN+2opt"": 1.940785341729279, ""PSO"": 2.1389426933651636, ""Raw"": 2.24965223122239}, ""priority"": [""Raw"", ""NN+2opt"", ""ACO"", ""DE"", ""PSO""], ""tie_tolerance_km"": 1e-12}"
30,Raw,17,2.24965223122239,0.0001527309650555,1,True,,"[0, 1, 2, 3, 4, 5, 6, 7, 8, 9, 10, 11]",{}
30,ACO,18,1.9298467885369197,5.039449671050534,7500,True,,"[3, 7, 8, 10, 11, 9, 6, 4, 5, 2, 1, 0]","{""alpha"": 1.0, ""beta"": 2.0, ""evaluation_budget"": 7500, ""evaporation"": 0.5, ""population"": 50}"
30,ACO×3,18,1.9298467885369197,15.036287464085037,22500,True,ACO stream 1,"[3, 7, 8, 10, 11, 9, 6, 4, 5, 2, 1, 0]","{""candidate_lengths_km"": [1.9298467885369195, 1.9298467885369193, 1.9361459895210613], ""candidate_seeds"": [18, 38, 58], ""tie_tolerance_km"": 1e-12}"
30,DE,18,1.9298467885369197,0.7994611640460789,7500,True,,"[3, 7, 8, 10, 11, 9, 6, 4, 5, 2, 1, 0]",{}
30,NN+2opt,18,1.940785341729279,0.0022928430698812,281,True,,"[0, 1, 2, 5, 6, 9, 11, 10, 8, 7, 4, 3]",{}
30,PSO,18,1.9298467885369197,0.0931099250447005,7500,True,,"[3, 7, 8, 10, 11, 9, 6, 4, 5, 2, 1, 0]",{}
30,Portfolio,18,1.9298467885369197,5.934484960162081,22782,True,ACO,"[3, 7, 8, 10, 11, 9, 6, 4, 5, 2, 1, 0]","{""candidate_evaluations"": {""ACO"": 7500, ""DE"": 7500, ""NN+2opt"": 281, ""PSO"": 7500, ""Raw"": 1}, ""candidate_lengths_km"": {""ACO"": 1.9298467885369195, ""DE"": 1.9298467885369195, ""NN+2opt"": 1.940785341729279, ""PSO"": 1.9298467885369195, ""Raw"": 2.24965223122239}, ""priority"": [""Raw"", ""NN+2opt"", ""ACO"", ""DE"", ""PSO""], ""tie_tolerance_km"": 1e-12}"
30,Raw,18,2.24965223122239,0.000163028948009,1,True,,"[0, 1, 2, 3, 4, 5, 6, 7, 8, 9, 10, 11]",{}
30,ACO,19,1.9337416810526524,5.115674710017629,7500,True,,"[0, 2, 1, 4, 5, 6, 9, 11, 10, 8, 7, 3]","{""alpha"": 1.0, ""beta"": 2.0, ""evaluation_budget"": 7500, ""evaporation"": 0.5, ""population"": 50}"
30,ACO×3,19,1.9298467885369197,15.075438675004987,22500,True,ACO stream 3,"[0, 1, 2, 5, 4, 6, 9, 11, 10, 8, 7, 3]","{""candidate_lengths_km"": [1.9337416810526524, 1.9361459895210613, 1.9298467885369193], ""candidate_seeds"": [19, 39, 59], ""tie_tolerance_km"": 1e-12}"
30,DE,19,1.9298467885369197,0.8710508060175925,7500,True,,"[3, 7, 8, 10, 11, 9, 6, 4, 5, 2, 1, 0]",{}
30,NN+2opt,19,1.940785341729279,0.0021713259629905,281,True,,"[0, 1, 2, 5, 6, 9, 11, 10, 8, 7, 4, 3]",{}
30,PSO,19,1.9298467885369197,0.0961201799800619,7500,True,,"[3, 7, 8, 10, 11, 9, 6, 4, 5, 2, 1, 0]",{}
30,Portfolio,19,1.9298467885369197,6.085178318899125,22782,True,DE,"[3, 7, 8, 10, 11, 9, 6, 4, 5, 2, 1, 0]","{""candidate_evaluations"": {""ACO"": 7500, ""DE"": 7500, ""NN+2opt"": 281, ""PSO"": 7500, ""Raw"": 1}, ""candidate_lengths_km"": {""ACO"": 1.9337416810526524, ""DE"": 1.9298467885369195, ""NN+2opt"": 1.940785341729279, ""PSO"": 1.9298467885369195, ""Raw"": 2.24965223122239}, ""priority"": [""Raw"", ""NN+2opt"", ""ACO"", ""DE"", ""PSO""], ""tie_tolerance_km"": 1e-12}"
30,Raw,19,2.24965223122239,0.00015292793978,1,True,,"[0, 1, 2, 3, 4, 5, 6, 7, 8, 9, 10, 11]",{}
